Workbook
Name DT.10: #REF!
Name DT.11: #REF!
Name vlookup: #REF!
Name 主小区MR详细信息AGPS: #REF!
Name 主小区MR详细信息全量室内外: #REF!

Sheet 导航
A1: 编号 | B1: 索引 | C1: 项目名称 | D1: 数据层级 | E1: 主题域 | F1: 表英文名 | G1: 表中文名 | H1: 数据描述 | I1: 汇聚维度 | J1: 数据时间粒度 | K1: 最小时间分区 | L1: 计算位置 | M1: 是否同步 | N1: 生命周期（存储周期单位：天） | O1: 前向表 | P1: 支撑应用/系统 | Q1: 新建/升级 新建(升级)：表结构与字段沿用原表，表名称调整 | R1: 备注 | S1: 同步数据库 | T1: 开发人员 | U1: 开发状态
A2: 0.1 | B2: =HYPERLINK("#"&A2&"!A1",A2) -> 0.1 | C2: 网络数据处理系统 | D2: 中间层 | E2: 质量稽核 | F2: dq_ods_4gdpi_http_e2e_telecom_q | G2: 4G_DPI_HTTP源数据接入质量稽核任务 | H2: 4G_DPI_HTTP源数据接入质量稽核任务 | I2: 省 | J2: 天 | K2: 天 | L2: 前置 | M2: 否 | N2: 30 | O2: ods_4gdpi_http_e2e_telecom_q | Q2: 升级
A3: 1 | B3: =HYPERLINK("#"&A3&"!A1",A3) -> 1 | C3: 网络数据处理系统 | D3: 整合层 | E3: / | F3: fact_lte_dpi_http_q | G3: 4G_DPI_http整合层15分钟表 | H3: =G3 -> 4G_DPI_http整合层15分钟表 | I3: 详单 | J3: 详单 | K3: 15分钟 | L3: 前置 | M3: 否 | N3: 3 | O3: ods_4gdpi_http_e2e_telecom_q|lte_cm_projdata_refactor|cfg_topweb_first_screen_host_list|cfg_http_status_type | Q3: 新建
A4: 2 | B4: =HYPERLINK("#"&A4&"!A1",A4) -> 2 | C4: 网络数据处理系统 | D4: 中间层 | E4: 数据感知 | F4: aggr_lte_dpi_http_base_q | G4: 4G_DPI_http基础维度15分钟表 | H4: =G4 -> 4G_DPI_http基础维度15分钟表 | I4: 用户|小区|app|apn|源IP类型 | J4: 15分钟 | K4: 15分钟 | L4: 前置 | M4: 是 | N4: 前置:7；核心:14 | O4: fact_lte_dpi_http_q | Q4: 新建
A5: 3 | B5: =HYPERLINK("#"&A5&"!A1",A5) -> 3 | C5: 网络数据处理系统 | D5: 中间层 | E5: 数据感知 | F5: aggr_lte_dpi_http_base_h | G5: 4G_DPI_http基础维度小时表 | H5: =G5 -> 4G_DPI_http基础维度小时表 | I5: 用户|小区|app|apn|源IP类型 | J5: 小时 | K5: 小时 | L5: 核心 | M5: / | N5: 14 | O5: aggr_lte_dpi_http_base_q | Q5: 新建
A6: 4 | B6: =HYPERLINK("#"&A6&"!A1",A6) -> 4 | C6: 网络数据处理系统 | D6: 中间层 | E6: 数据感知 | F6: aggr_lte_dpi_http_index_reduce_base_h | G6: 4G_DPI_http基础维度指标裁剪小时表 | H6: =G6 -> 4G_DPI_http基础维度指标裁剪小时表 | I6: 用户|小区|app|apn|源IP类型 | J6: 小时 | K6: 小时 | L6: 核心 | M6: / | N6: 14 | O6: aggr_lte_dpi_http_base_h | P6: 移动业务感知保障系统 | Q6: 新建(升级) | R6: 沿用共享移动业务感知保障系统表aggr_4gdpi_http_base_reduce_h表结构及字段名称
A7: 5 | B7: =HYPERLINK("#"&A7&"!A1",A7) -> 5 | C7: 网络数据处理系统 | D7: 中间层 | E7: 数据感知 | F7: aggr_lte_dpi_http_usrappcel_h | G7: 4G_DPI_http用户小区app维度小时表 | H7: =G7 -> 4G_DPI_http用户小区app维度小时表 | I7: 用户|小区|app | J7: 小时 | K7: 小时 | L7: 核心 | M7: / | N7: 14 | O7: aggr_lte_dpi_http_base_h | Q7: 新建
A8: 6 | B8: =HYPERLINK("#"&A8&"!A1",A8) -> 6 | C8: 网络数据处理系统 | D8: 中间层 | E8: 数据感知 | F8: aggr_lte_dpi_http_usrapp_h | G8: 4G_DPI_http用户app维度小时表 | H8: =G8 -> 4G_DPI_http用户app维度小时表 | I8: 用户|app | J8: 小时 | K8: 小时 | L8: 核心 | M8: / | N8: 14 | O8: aggr_lte_dpi_http_usrappcel_h | Q8: 新建
A9: 7 | B9: =HYPERLINK("#"&A9&"!A1",A9) -> 7 | C9: 网络数据处理系统 | D9: 中间层 | E9: 数据感知 | F9: aggr_lte_dpi_http_usrapp_d | G9: 4G_DPI_http用户app维度天表 | H9: =G9 -> 4G_DPI_http用户app维度天表 | I9: 用户|app | J9: 天 | K9: 天 | L9: 核心 | M9: / | N9: 30 | O9: aggr_lte_dpi_http_usrapp_h | Q9: 新建
A10: 8 | B10: =HYPERLINK("#"&A10&"!A1",A10) -> 8 | C10: 网络数据处理系统 | D10: 中间层 | E10: 数据感知 | F10: aggr_lte_iov_http_usrappcel_refactor_h | G10: 4G_DPI_http车联网用户小区app维度小时表 | H10: =G10 -> 4G_DPI_http车联网用户小区app维度小时表 | I10: 用户|小区|app | J10: 小时 | K10: 小时 | L10: 核心 | M10: / | N10: 14 | O10: aggr_lte_dpi_http_usrappcel_h|cfg_dpi_servicetype|cfg_iov_usr_list | P10: 5G定制网 | Q10: 新建(升级) | R10: 沿用共享给5G定制网表aggr_lte_iov_http_usrappcel_h表结构及字段名称
A11: 9 | B11: =HYPERLINK("#"&A11&"!A1",A11) -> 9 | C11: 网络数据处理系统 | D11: 中间层 | E11: 数据感知 | F11: aggr_lte_dpi_http_appcel_h | G11: 4G_DPI_http小区app维度小时表 | H11: =G11 -> 4G_DPI_http小区app维度小时表 | I11: 小区|app | J11: 小时 | K11: 小时 | L11: 核心 | M11: / | N11: 14 | O11: aggr_lte_dpi_http_usrappcel_h | Q11: 新建
A12: 10 | B12: =HYPERLINK("#"&A12&"!A1",A12) -> 10 | C12: 网络数据处理系统 | D12: 中间层 | E12: 数据感知 | F12: aggr_lte_dpi_http_appcel_d | G12: 4G_DPI_http小区app维度天表 | H12: =G12 -> 4G_DPI_http小区app维度天表 | I12: 小区|app | J12: 天 | K12: 天 | L12: 核心 | M12: / | N12: 30 | O12: aggr_lte_dpi_http_appcel_h | Q12: 新建
A13: 11 | B13: =HYPERLINK("#"&A13&"!A1",A13) -> 11 | C13: 网络数据处理系统 | D13: 中间层 | E13: 数据感知 | F13: aggr_lte_dpi_http_cel_d | G13: 4G_DPI_http小区维度天表 | H13: =G13 -> 4G_DPI_http小区维度天表 | I13: 小区 | J13: 天 | K13: 天 | L13: 核心 | M13: / | N13: 30 | O13: aggr_lte_dpi_http_appcel_d | Q13: 新建
A14: 12 | B14: =HYPERLINK("#"&A14&"!A1",A14) -> 12 | C14: 网络数据处理系统 | D14: 中间层 | E14: 数据感知 | F14: aggr_lte_dpi_web_appcel_h | G14: 4G_DPI_web小区app维度小时表 | H14: =G14 -> 4G_DPI_web小区app维度小时表 | I14: 小区|app | J14: 小时 | K14: 小时 | L14: 核心 | M14: / | N14: 14 | O14: aggr_lte_dpi_http_appcel_h | P14: 建维优 | Q14: 新建
A15: 13 | B15: =HYPERLINK("#"&A15&"!A1",A15) -> 13 | C15: 网络数据处理系统 | D15: 中间层 | E15: 数据感知 | F15: aggr_lte_dpi_web_appcel_d | G15: 4G_DPI_web小区app维度天表 | H15: =G15 -> 4G_DPI_web小区app维度天表 | I15: 小区|app | J15: 天 | K15: 天 | L15: 核心 | M15: / | N15: 30 | O15: aggr_lte_dpi_web_appcel_h | P15: 建维优 | Q15: 新建
A16: 14 | B16: =HYPERLINK("#"&A16&"!A1",A16) -> 14 | C16: 网络数据处理系统 | D16: 中间层 | E16: 数据感知 | F16: aggr_lte_dpi_web_cel_h | G16: 4G_DPI_web小区维度小时表 | H16: =G16 -> 4G_DPI_web小区维度小时表 | I16: 小区 | J16: 小时 | K16: 小时 | L16: 核心 | M16: / | N16: 14 | O16: aggr_lte_dpi_web_appcel_h | Q16: 新建
A17: 15 | B17: =HYPERLINK("#"&A17&"!A1",A17) -> 15 | C17: 网络数据处理系统 | D17: 中间层 | E17: 数据感知 | F17: aggr_lte_dpi_web_cel_d | G17: 4G_DPI_web小区维度天表 | H17: =G17 -> 4G_DPI_web小区维度天表 | I17: 小区 | J17: 天 | K17: 天 | L17: 核心 | M17: / | N17: 30 | O17: aggr_lte_dpi_web_cel_h | P17: 建维优 | Q17: 新建 | R17: 保留下来的字段沿用表aggr_4g_web_cel_e2e_d字段名称
A18: 16 | B18: =HYPERLINK("#"&A18&"!A1",A18) -> 16 | C18: 网络数据处理系统 | D18: 中间层 | E18: 数据感知 | F18: aggr_lte_dpi_im_appcel_h | G18: 4G_DPI_im小区app维度小时表 | H18: =G18 -> 4G_DPI_im小区app维度小时表 | I18: 小区|app | J18: 小时 | K18: 小时 | L18: 核心 | M18: / | N18: 14 | O18: aggr_lte_dpi_http_appcel_h | P18: 建维优 | Q18: 新建
A19: 17 | B19: =HYPERLINK("#"&A19&"!A1",A19) -> 17 | C19: 网络数据处理系统 | D19: 中间层 | E19: 数据感知 | F19: aggr_lte_dpi_im_appcel_d | G19: 4G_DPI_im小区app维度天表 | H19: =G19 -> 4G_DPI_im小区app维度天表 | I19: 小区|app | J19: 天 | K19: 天 | L19: 核心 | M19: / | N19: 30 | O19: aggr_lte_dpi_im_appcel_h | P19: 建维优 | Q19: 新建
A20: 18 | B20: =HYPERLINK("#"&A20&"!A1",A20) -> 18 | C20: 网络数据处理系统 | D20: 中间层 | E20: 数据感知 | F20: aggr_lte_dpi_im_cel_h | G20: 4G_DPI_im小区维度小时表 | H20: =G20 -> 4G_DPI_im小区维度小时表 | I20: 小区 | J20: 小时 | K20: 小时 | L20: 核心 | M20: / | N20: 14 | O20: aggr_lte_dpi_im_appcel_h | P20: 建维优 | Q20: 新建
A21: 19 | B21: =HYPERLINK("#"&A21&"!A1",A21) -> 19 | C21: 网络数据处理系统 | D21: 中间层 | E21: 数据感知 | F21: aggr_lte_dpi_im_cel_d | G21: 4G_DPI_im小区维度天表 | H21: =G21 -> 4G_DPI_im小区维度天表 | I21: 小区 | J21: 天 | K21: 天 | L21: 核心 | M21: / | N21: 30 | O21: aggr_lte_dpi_im_cel_h | P21: 建维优 | Q21: 新建 | R21: 保留下来的字段沿用表aggr_4g_im_cel_e2e_d字段名称
A22: 20 | B22: =HYPERLINK("#"&A22&"!A1",A22) -> 20 | C22: 网络数据处理系统 | D22: 中间层 | E22: 数据感知 | F22: aggr_lte_dpi_game_appcel_h | G22: 4G_DPI_game小区app维度小时表 | H22: =G22 -> 4G_DPI_game小区app维度小时表 | I22: 小区|app | J22: 小时 | K22: 小时 | L22: 核心 | M22: / | N22: 14 | O22: aggr_lte_dpi_http_appcel_h | P22: 建维优 | Q22: 新建
A23: 21 | B23: =HYPERLINK("#"&A23&"!A1",A23) -> 21 | C23: 网络数据处理系统 | D23: 中间层 | E23: 数据感知 | F23: aggr_lte_dpi_game_appcel_d | G23: 4G_DPI_game小区app维度天表 | H23: =G23 -> 4G_DPI_game小区app维度天表 | I23: 小区|app | J23: 天 | K23: 天 | L23: 核心 | M23: / | N23: 30 | O23: aggr_lte_dpi_game_appcel_h | P23: 建维优 | Q23: 新建 | T23: 张玉同 | U23: 已开发
A24: 22 | B24: =HYPERLINK("#"&A24&"!A1",A24) -> 22 | C24: 网络数据处理系统 | D24: 中间层 | E24: 数据感知 | F24: aggr_lte_dpi_game_cel_h | G24: 4G_DPI_game小区维度小时表 | H24: =G24 -> 4G_DPI_game小区维度小时表 | I24: 小区 | J24: 小时 | K24: 小时 | L24: 核心 | M24: / | N24: 14 | O24: aggr_lte_dpi_game_appcel_h | P24: 建维优 | Q24: 新建 | T24: 张玉同 | U24: 已开发
A25: 23 | B25: =HYPERLINK("#"&A25&"!A1",A25) -> 23 | C25: 网络数据处理系统 | D25: 中间层 | E25: 数据感知 | F25: aggr_lte_dpi_game_cel_d | G25: 4G_DPI_game小区维度天表 | H25: =G25 -> 4G_DPI_game小区维度天表 | I25: 小区 | J25: 天 | K25: 天 | L25: 核心 | M25: / | N25: 30 | O25: aggr_lte_dpi_game_cel_h | P25: 建维优 | Q25: 新建 | R25: 保留下来的字段沿用表aggr_4g_game_cel_e2e_d字段名称 | T25: 张玉同 | U25: 已开发
A26: 24 | B26: =HYPERLINK("#"&A26&"!A1",A26) -> 24 | C26: 网络数据处理系统 | D26: 中间层 | E26: 数据感知 | F26: aggr_lte_dpi_http_apptype_usrcel_h | G26: 4G_DPI_http协议app类型用户小区维度小时表 | H26: =G26 -> 4G_DPI_http协议app类型用户小区维度小时表 | I26: 用户|小区|app类型 | J26: 小时 | K26: 小时 | L26: 核心 | M26: / | N26: 14 | O26: aggr_lte_dpi_http_usrappcel_h | Q26: 新建 | T26: 张玉同 | U26: 已开发
A27: 25 | B27: =HYPERLINK("#"&A27&"!A1",A27) -> 25 | C27: 网络数据处理系统 | D27: 中间层 | E27: 数据感知 | F27: aggr_lte_dpi_web_usrcel_d | G27: 4G_DPI_web用户小区维度天表 | H27: =G27 -> 4G_DPI_web用户小区维度天表 | I27: 用户|小区 | J27: 天 | K27: 天 | L27: 核心 | M27: / | N27: 30 | O27: aggr_lte_dpi_http_apptype_usrcel_h | P27: 建维优 | Q27: 新建 | R27: 保留下来的字段沿用表aggr_4g_web_cel_e2e_d字段名称 | T27: 张玉同 | U27: 已开发
A28: 26 | B28: =HYPERLINK("#"&A28&"!A1",A28) -> 26 | C28: 网络数据处理系统 | D28: 中间层 | E28: 数据感知 | F28: aggr_lte_dpi_web_usr_h | G28: 4G_DPI_web用户小区维度天表 | H28: =G28 -> 4G_DPI_web用户小区维度天表 | I28: 用户|小区 | J28: 天 | K28: 天 | L28: 核心 | M28: / | N28: 14 | O28: aggr_lte_dpi_http_apptype_usrcel_h | P28: 建维优 | Q28: 新建 | T28: 张玉同 | U28: 已开发
A29: 27 | B29: =HYPERLINK("#"&A29&"!A1",A29) -> 27 | C29: 网络数据处理系统 | D29: 中间层 | E29: 数据感知 | F29: aggr_lte_dpi_web_usr_d | G29: 4G_DPI_web用户维度天表 | H29: =G29 -> 4G_DPI_web用户维度天表 | I29: 用户 | J29: 天 | K29: 天 | L29: 核心 | M29: / | N29: 30 | O29: aggr_lte_dpi_web_usr_h | P29: 建维优 | Q29: 新建 | R29: 保留下来的字段沿用表aggr_4g_web_cel_e2e_d字段名称 | T29: 张玉同 | U29: 已开发
A30: 28 | B30: =HYPERLINK("#"&A30&"!A1",A30) -> 28 | C30: 网络数据处理系统 | D30: 中间层 | E30: 数据感知 | F30: aggr_lte_dpi_im_usrcel_d | G30: 4G_DPI_im用户小区维度天表 | H30: =G30 -> 4G_DPI_im用户小区维度天表 | I30: 用户|小区 | J30: 天 | K30: 天 | L30: 核心 | M30: / | N30: 30 | O30: aggr_lte_dpi_http_apptype_usrcel_h | P30: 建维优 | Q30: 新建 | R30: 保留下来的字段沿用表aggr_4g_im_cel_e2e_d字段名称 | T30: 张玉同 | U30: 已开发
A31: 29 | B31: =HYPERLINK("#"&A31&"!A1",A31) -> 29 | C31: 网络数据处理系统 | D31: 中间层 | E31: 数据感知 | F31: aggr_lte_dpi_im_usr_h | G31: 4G_DPI_im用户小区维度天表 | H31: =G31 -> 4G_DPI_im用户小区维度天表 | I31: 用户|小区 | J31: 天 | K31: 天 | L31: 核心 | M31: / | N31: 14 | O31: aggr_lte_dpi_http_apptype_usrcel_h | P31: 建维优 | Q31: 新建 | T31: 张玉同 | U31: 已开发
A32: 30 | B32: =HYPERLINK("#"&A32&"!A1",A32) -> 30 | C32: 网络数据处理系统 | D32: 中间层 | E32: 数据感知 | F32: aggr_lte_dpi_im_usr_d | G32: 4G_DPI_im用户维度天表 | H32: =G32 -> 4G_DPI_im用户维度天表 | I32: 用户 | J32: 天 | K32: 天 | L32: 核心 | M32: / | N32: 30 | O32: aggr_lte_dpi_im_usr_h | P32: 建维优 | Q32: 新建 | R32: 保留下来的字段沿用表aggr_4g_im_cel_e2e_d字段名称 | T32: 张玉同 | U32: 已开发
A33: 31 | B33: =HYPERLINK("#"&A33&"!A1",A33) -> 31 | C33: 网络数据处理系统 | D33: 中间层 | E33: 数据感知 | F33: aggr_lte_wechat_payment_usrcel_d | G33: 4G微信支付用户小区天表 | H33: =G33 -> 4G微信支付用户小区天表 | I33: 用户|小区 | J33: 天 | K33: 天 | L33: 核心 | M33: / | N33: 30 | O33: aggr_lte_dpi_im_usrcel_d | P33: 建维优 | Q33: 新建(升级) | R33: 沿用表aggr_lte_wechat_scan_code_payment_noc_usrcel_d表结构与字段名称 | T33: 张玉同 | U33: 已开发
A34: 33 | B34: =HYPERLINK("#"&A34&"!A1",A34) -> 33 | C34: 网络数据处理系统 | D34: 中间层 | E34: 数据感知 | F34: aggr_lte_dpi_game_usrcel_d | G34: 4G_DPI_game用户小区维度天表 | H34: =G34 -> 4G_DPI_game用户小区维度天表 | I34: 用户|小区 | J34: 天 | K34: 天 | L34: 核心 | M34: / | N34: 30 | O34: aggr_lte_dpi_http_apptype_usrcel_h | P34: 建维优 | Q34: 新建 | R34: 保留下来的字段沿用表aggr_4g_game_cel_e2e_d字段名称 | T34: 张玉同 | U34: 已开发
A35: 34 | B35: =HYPERLINK("#"&A35&"!A1",A35) -> 34 | C35: 网络数据处理系统 | D35: 中间层 | E35: 数据感知 | F35: aggr_lte_dpi_game_usr_h | G35: 4G_DPI_game用户小区维度天表 | H35: =G35 -> 4G_DPI_game用户小区维度天表 | I35: 用户|小区 | J35: 天 | K35: 天 | L35: 核心 | M35: / | N35: 14 | O35: aggr_lte_dpi_http_apptype_usrcel_h | P35: 建维优 | Q35: 新建 | T35: 张玉同 | U35: 已开发
A36: 35 | B36: =HYPERLINK("#"&A36&"!A1",A36) -> 35 | C36: 网络数据处理系统 | D36: 中间层 | E36: 数据感知 | F36: aggr_lte_dpi_game_usr_d | G36: 4G_DPI_game用户维度天表 | H36: =G36 -> 4G_DPI_game用户维度天表 | I36: 用户 | J36: 天 | K36: 天 | L36: 核心 | M36: / | N36: 30 | O36: aggr_lte_dpi_game_usrcel_d | P36: 建维优 | Q36: 新建 | R36: 保留下来的字段沿用表aggr_4g_game_cel_e2e_d字段名称 | T36: 张玉同 | U36: 已开发
A37: 36 | B37: =HYPERLINK("#"&A37&"!A1",A37) -> 36 | C37: 网络数据处理系统 | D37: 中间层 | E37: 数据感知 | F37: aggr_lte_dpi_web_index_reduce_cel_d | G37: 4G_DPI_web小区维度指标裁剪天表 | H37: =G37 -> 4G_DPI_web小区维度指标裁剪天表 | I37: 小区 | J37: 天 | K37: 天 | L37: 核心 | M37: / | N37: 30 | O37: aggr_lte_dpi_web_cel_d | P37: 核心系统(CEM感知) | Q37: 新建(升级) | R37: 对应共享给核心系统的aggr_lteci_web_qoekqi_day，保留下来的字段按照现网名称设计 | T37: 张玉同 | U37: 已开发
A38: 37 | B38: =HYPERLINK("#"&A38&"!A1",A38) -> 37 | C38: 网络数据处理系统 | D38: 中间层 | E38: 数据感知 | F38: aggr_lte_dpi_im_index_reduce_cel_d | G38: 4G_DPI_im小区维度指标裁剪天表 | H38: =G38 -> 4G_DPI_im小区维度指标裁剪天表 | I38: 小区 | J38: 天 | K38: 天 | L38: 核心 | M38: / | N38: 30 | O38: aggr_lte_dpi_im_cel_d | P38: 核心系统(CEM感知) | Q38: 新建(升级) | R38: 对应共享给核心系统的aggr_lteci_im_qoekqi_day，保留下来的字段按照现网名称设计 | T38: 张玉同 | U38: 已开发
A39: 38 | B39: =HYPERLINK("#"&A39&"!A1",A39) -> 38 | C39: 网络数据处理系统 | D39: 中间层 | E39: 数据感知 | F39: aggr_lte_dpi_game_index_reduce_cel_d | G39: 4G_DPI_game小区维度指标裁剪天表 | H39: =G39 -> 4G_DPI_game小区维度指标裁剪天表 | I39: 小区 | J39: 天 | K39: 天 | L39: 核心 | M39: / | N39: 30 | O39: aggr_lte_dpi_game_cel_d | P39: 核心系统(CEM感知) | Q39: 新建(升级) | R39: 对应共享给核心系统的aggr_lteci_game_qoekqi_day，保留下来的字段按照现网名称设计 | T39: 张玉同 | U39: 已开发
A40: 39 | B40: =HYPERLINK("#"&A40&"!A1",A40) -> 39 | C40: 网络数据处理系统 | D40: 中间层 | E40: 数据感知 | F40: aggr_lte_dpi_web_index_reduce_usr_d | G40: 4G_DPI_web用户维度指标裁剪天表 | H40: =G40 -> 4G_DPI_web用户维度指标裁剪天表 | I40: 用户 | J40: 天 | K40: 天 | L40: 核心 | M40: / | N40: 30 | O40: aggr_lte_dpi_web_usr_d | P40: 核心系统(CEM感知) | Q40: 新建(升级) | R40: 对应共享给核心系统的aggr_user_web_qoekqi_day，保留下来的字段按照现网名称设计 | T40: 张玉同 | U40: 已开发
A41: 40 | B41: =HYPERLINK("#"&A41&"!A1",A41) -> 40 | C41: 网络数据处理系统 | D41: 中间层 | E41: 数据感知 | F41: aggr_lte_dpi_im_index_reduce_usr_d | G41: 4G_DPI_im用户维度指标裁剪天表 | H41: =G41 -> 4G_DPI_im用户维度指标裁剪天表 | I41: 用户 | J41: 天 | K41: 天 | L41: 核心 | M41: / | N41: 30 | O41: aggr_lte_dpi_im_usr_d | P41: 核心系统(CEM感知) | Q41: 新建(升级) | R41: 对应共享给核心系统的aggr_user_im_qoekqi_day，保留下来的字段按照现网名称设计 | T41: 张玉同 | U41: 已开发
A42: 41 | B42: =HYPERLINK("#"&A42&"!A1",A42) -> 41 | C42: 网络数据处理系统 | D42: 中间层 | E42: 数据感知 | F42: aggr_lte_dpi_game_index_reduce_usr_d | G42: 4G_DPI_game用户维度指标裁剪天表 | H42: =G42 -> 4G_DPI_game用户维度指标裁剪天表 | I42: 用户 | J42: 天 | K42: 天 | L42: 核心 | M42: / | N42: 30 | O42: aggr_lte_dpi_game_usr_d | P42: 核心系统(CEM感知) | Q42: 新建(升级) | R42: 对应共享给核心系统的aggr_user_game_qoekqi_day，保留下来的字段按照现网名称设计 | T42: 张玉同 | U42: 已开发
A43: 42 | B43: =HYPERLINK("#"&A43&"!A1",A43) -> 42 | C43: 网络数据处理系统 | D43: 中间层 | E43: 数据感知 | F43: aggr_lte_dpi_http_apptype_usrappcel_q | G43: 4G_DPI_app类型用户小区app维度15分钟表 | H43: =G43 -> 4G_DPI_app类型用户小区app维度15分钟表 | I43: 用户|小区|app | J43: 15分钟 | K43: 15分钟 | L43: 核心 | M43: / | N43: 14 | O43: aggr_lte_dpi_http_base_q | Q43: 新建 | T43: 张玉同 | U43: 已开发
A44: 43 | B44: =HYPERLINK("#"&A44&"!A1",A44) -> 43 | C44: 网络数据处理系统 | D44: 中间层 | E44: 数据感知 | F44: aggr_lte_dpi_web_usrappcel_q | G44: 4G_DPI_web类型用户小区app维度15分钟表 | H44: =G44 -> 4G_DPI_web类型用户小区app维度15分钟表 | I44: 用户|小区|app | J44: 15分钟 | K44: 15分钟 | L44: 核心 | M44: / | N44: 14 | O44: aggr_lte_dpi_http_apptype_usrappcel_q | Q44: 新建 | T44: 张玉同 | U44: 已开发
A45: 44 | B45: =HYPERLINK("#"&A45&"!A1",A45) -> 44 | C45: 网络数据处理系统 | D45: 中间层 | E45: 数据感知 | F45: aggr_lte_dpi_im_usrappcel_q | G45: 4G_DPI_im类型用户小区app维度15分钟表 | H45: =G45 -> 4G_DPI_im类型用户小区app维度15分钟表 | I45: 用户|小区|app | J45: 15分钟 | K45: 15分钟 | L45: 核心 | M45: / | N45: 14 | O45: aggr_lte_dpi_http_apptype_usrappcel_q | Q45: 新建 | T45: 张玉同 | U45: 已开发
A46: 45 | B46: =HYPERLINK("#"&A46&"!A1",A46) -> 45 | C46: 网络数据处理系统 | D46: 中间层 | E46: 数据感知 | F46: aggr_lte_dpi_game_usrappcel_q | G46: 4G_DPI_game类型用户小区app维度15分钟表 | H46: =G46 -> 4G_DPI_game类型用户小区app维度15分钟表 | I46: 用户|小区|app | J46: 15分钟 | K46: 15分钟 | L46: 核心 | M46: / | N46: 14 | O46: aggr_lte_dpi_http_apptype_usrappcel_q | Q46: 新建 | T46: 张玉同 | U46: 已开发
A47: 46 | B47: =HYPERLINK("#"&A47&"!A1",A47) -> 46 | C47: 网络数据处理系统 | D47: 中间层 | E47: 数据感知 | F47: aggr_lte_web_usrappcelarea_refactor_d | G47: 4G_web类型用户小区区域app维度天表 | H47: =G47 -> 4G_web类型用户小区区域app维度天表 | I47: 用户|小区|区域|app | J47: 15分钟 | K47: 天 | L47: 核心 | M47: / | N47: 30 | O47: aggr_lte_usrareatime_cel_refactor_d|aggr_nr_dpi_web_usrappcel_q|aggr_lte_dpi_web_usrappcel_q | P47: 建维优 | Q47: 新建(升级) | R47: 只上线用户级感知13省份，沿用表aggr_lte_usrarea_web_cel_d表结构与字段名称 | T47: 张玉同 | U47: 已开发
A48: 47 | B48: =HYPERLINK("#"&A48&"!A1",A48) -> 47 | C48: 网络数据处理系统 | D48: 中间层 | E48: 数据感知 | F48: aggr_lte_im_usrappcelarea_refactor_d | G48: 4G_im类型用户小区区域app维度天表 | H48: =G48 -> 4G_im类型用户小区区域app维度天表 | I48: 用户|小区|区域|app | J48: 15分钟 | K48: 天 | L48: 核心 | M48: / | N48: 30 | O48: aggr_lte_usrareatime_cel_refactor_d|aggr_nr_dpi_im_usrappcel_q|aggr_lte_dpi_im_usrappcel_q | P48: 建维优 | Q48: 新建(升级) | R48: 只上线用户级感知13省份，沿用表aggr_lte_usrarea_im_cel_d表结构与字段名称 | T48: 张玉同 | U48: 已开发
A49: 48 | B49: =HYPERLINK("#"&A49&"!A1",A49) -> 48 | C49: 网络数据处理系统 | D49: 中间层 | E49: 数据感知 | F49: aggr_lte_game_usrappcelarea_refactor_d | G49: 4G_game类型用户小区区域app维度天表 | H49: =G49 -> 4G_game类型用户小区区域app维度天表 | I49: 用户|小区|区域|app | J49: 15分钟 | K49: 天 | L49: 核心 | M49: / | N49: 30 | O49: aggr_lte_usrareatime_cel_refactor_d|aggr_nr_dpi_game_usrappcel_q|aggr_lte_dpi_game_usrappcel_q | P49: 建维优 | Q49: 新建(升级) | R49: 只上线用户级感知13省份，沿用表aggr_lte_usrarea_game_cel_d表结构与字段名称 | T49: 张玉同 | U49: 已开发
A50: 49 | B50: =HYPERLINK("#"&A50&"!A1",A50) -> 49 | C50: 网络数据处理系统 | D50: 中间层 | E50: 高铁优化 | F50: aggr_lte_web_highspeedrail_usrcel_h | G50: 高铁4G web业务用户小区小时表 | H50: =G50 -> 高铁4G web业务用户小区小时表 | I50: 用户|小区 | J50: 小时 | K50: 小时 | L50: 核心 | M50: / | N50: 14 | O50: aggr_highspeedrail_usrlist_d|aggr_lte_dpi_web_usrappcel_q | Q50: 新建(升级) | R50: 沿用表aggr_lte_highspeedrail_web_base_h表结构与字段名称 | T50: 张玉同 | U50: 已开发
A51: 50 | B51: =HYPERLINK("#"&A51&"!A1",A51) -> 50 | C51: 网络数据处理系统 | D51: 中间层 | E51: 高铁优化 | F51: aggr_lte_web_highspeedrail_cel_d | G51: 高铁4G web业务小区天表 | H51: =G51 -> 高铁4G web业务小区天表 | I51: 小区 | J51: 天 | K51: 天 | L51: 核心 | M51: / | N51: 30 | O51: aggr_lte_web_highspeedrail_usrcel_h | P51: 建维优 | Q51: 新建(升级) | R51: 沿用表aggr_lte_highspeedrail_web_cel_d表结构与字段名称 | T51: 张玉同 | U51: 已开发
A52: 0.2 | B52: =HYPERLINK("#"&A52&"!A1",A52) -> 0.2 | C52: 网络数据处理系统 | D52: 中间层 | E52: 质量稽核 | F52: dq_ods_4gdpi_video_e2e_telecom_q | G52: 4G_DPI_VIDEO源数据接入质量稽核任务 | H52: 4G_DPI_VIDEO源数据接入质量稽核任务 | I52: 省 | J52: 天 | K52: 天 | L52: 前置 | M52: 否 | N52: 30 | O52: ods_4gdpi_video_e2e_telecom_q | Q52: 升级 | T52: 张玉同 | U52: 已开发
A53: 51 | B53: =HYPERLINK("#"&A53&"!A1",A53) -> 51 | C53: 网络数据处理系统 | D53: 整合层 | E53: / | F53: fact_lte_dpi_video_q | G53: 4G_DPI_video整合层15分钟表 | H53: =G53 -> 4G_DPI_video整合层15分钟表 | I53: 详单 | J53: 详单 | K53: 15分钟 | L53: 前置 | M53: 否 | N53: 3 | O53: ods_4gdpi_video_e2e_telecom_q|lte_cm_projdata_refactor | Q53: 新建 | T53: 张玉同 | U53: 已开发
A54: 52 | B54: =HYPERLINK("#"&A54&"!A1",A54) -> 52 | C54: 网络数据处理系统 | D54: 中间层 | E54: 数据感知 | F54: aggr_lte_dpi_video_base_q | G54: 4G_DPI_video基础维度15分钟表 | H54: =G54 -> 4G_DPI_video基础维度15分钟表 | I54: 用户|小区|app|apn|源IP类型 | J54: 15分钟 | K54: 15分钟 | L54: 前置 | M54: 是 | N54: 前置:7；核心:14 | O54: fact_lte_dpi_video_q | Q54: 新建 | T54: 张玉同 | U54: 已开发
A55: 53 | B55: =HYPERLINK("#"&A55&"!A1",A55) -> 53 | C55: 网络数据处理系统 | D55: 中间层 | E55: 数据感知 | F55: aggr_lte_dpi_video_base_h | G55: 4G_DPI_video基础维度小时表 | H55: =G55 -> 4G_DPI_video基础维度小时表 | I55: 用户|小区|app|apn|源IP类型 | J55: 15分钟 | K55: 15分钟 | L55: 核心 | M55: / | N55: 14 | O55: aggr_lte_dpi_video_base_q | Q55: 新建 | T55: 张玉同 | U55: 已开发
A56: 54 | B56: =HYPERLINK("#"&A56&"!A1",A56) -> 54 | C56: 网络数据处理系统 | D56: 中间层 | E56: 数据感知 | F56: aggr_lte_dpi_video_index_reduce_base_h | G56: 4G_DPI_video基础维度指标裁剪小时表 | H56: =G56 -> 4G_DPI_video基础维度指标裁剪小时表 | I56: 用户|小区|app|apn|源IP类型 | J56: 小时 | K56: 小时 | L56: 核心 | M56: / | N56: 14 | O56: aggr_lte_dpi_video_base_h | P56: 移动业务感知保障系统 | Q56: 新建 | R56: 沿用共享给移动业务感知保障系统的表aggr_4g_video_usrappcel_e2e_h字段名称，但表结构存在变化 | T56: 张玉同 | U56: 已开发
A57: 55 | B57: =HYPERLINK("#"&A57&"!A1",A57) -> 55 | C57: 网络数据处理系统 | D57: 中间层 | E57: 数据感知 | F57: aggr_lte_dpi_video_usrappcel_h | G57: 4G_DPI_video用户小区app维度小时表 | H57: =G57 -> 4G_DPI_video用户小区app维度小时表 | I57: 用户|小区|app | J57: 小时 | K57: 小时 | L57: 核心 | M57: / | N57: 14 | O57: aggr_lte_dpi_video_base_h | Q57: 新建 | T57: 张玉同 | U57: 已开发
A58: 56 | B58: =HYPERLINK("#"&A58&"!A1",A58) -> 56 | C58: 网络数据处理系统 | D58: 中间层 | E58: 数据感知 | F58: aggr_lte_iov_video_usrappcel_refactor_h | G58: 4G_DPI_video车联网用户小区app维度小时表 | H58: =G58 -> 4G_DPI_video车联网用户小区app维度小时表 | I58: 用户|小区|app | J58: 小时 | K58: 小时 | L58: 核心 | M58: / | N58: 14 | O58: aggr_lte_dpi_video_usrappcel_h|cfg_dpi_servicetype|cfg_iov_usr_list | P58: 5G定制网 | Q58: 新建(升级) | R58: 沿用共享给5G定制网表aggr_lte_iov_video_usrappcel_h表结构及字段名称 | T58: 张玉同 | U58: 已开发
A59: 57 | B59: =HYPERLINK("#"&A59&"!A1",A59) -> 57 | C59: 网络数据处理系统 | D59: 中间层 | E59: 数据感知 | F59: aggr_lte_dpi_video_usrapp_h | G59: 4G_DPI_video用户app维度小时表 | H59: =G59 -> 4G_DPI_video用户app维度小时表 | I59: 用户|app | J59: 小时 | K59: 小时 | L59: 核心 | M59: / | N59: 14 | O59: aggr_lte_dpi_video_usrappcel_h | Q59: 新建 | T59: 张玉同 | U59: 已开发
A60: 58 | B60: =HYPERLINK("#"&A60&"!A1",A60) -> 58 | C60: 网络数据处理系统 | D60: 中间层 | E60: 数据感知 | F60: aggr_lte_dpi_video_usrapp_d | G60: 4G_DPI_video用户app维度天表 | H60: =G60 -> 4G_DPI_video用户app维度天表 | I60: 用户|app | J60: 天 | K60: 天 | L60: 核心 | M60: / | N60: 30 | O60: aggr_lte_dpi_video_usrapp_h | Q60: 新建 | T60: 张玉同 | U60: 已开发
A61: 59 | B61: =HYPERLINK("#"&A61&"!A1",A61) -> 59 | C61: 网络数据处理系统 | D61: 中间层 | E61: 数据感知 | F61: aggr_lte_dpi_major_business_usrapp_d | G61: 4G_DPI_四大业务用户app维度天表 | H61: =G61 -> 4G_DPI_四大业务用户app维度天表 | I61: 用户|app | J61: 天 | K61: 天 | L61: 核心 | M61: / | N61: 30 | O61: aggr_lte_dpi_http_usrapp_d|aggr_lte_dpi_video_usrapp_d|cfg_dpi_servicetype | P61: 建维优 | Q61: 新建 | T61: 张玉同 | U61: 已开发
A62: 60 | B62: =HYPERLINK("#"&A62&"!A1",A62) -> 60 | C62: 网络数据处理系统 | D62: 中间层 | E62: 数据感知 | F62: aggr_lte_dpi_video_appcel_h | G62: 4G_DPI_video小区app维度小时表 | H62: =G62 -> 4G_DPI_video小区app维度小时表 | I62: 小区|app | J62: 小时 | K62: 小时 | L62: 核心 | M62: / | N62: 14 | O62: aggr_lte_dpi_video_usrappcel_h | P62: 建维优 | Q62: 新建 | T62: 张玉同 | U62: 已开发
A63: 61 | B63: =HYPERLINK("#"&A63&"!A1",A63) -> 61 | C63: 网络数据处理系统 | D63: 中间层 | E63: 数据感知 | F63: aggr_lte_dpi_video_appcel_d | G63: 4G_DPI_video小区app维度天表 | H63: =G63 -> 4G_DPI_video小区app维度天表 | I63: 小区|app | J63: 天 | K63: 天 | L63: 核心 | M63: / | N63: 30 | O63: aggr_lte_dpi_video_appcel_h | P63: 建维优 | Q63: 新建 | T63: 张玉同 | U63: 已开发
A64: 62 | B64: =HYPERLINK("#"&A64&"!A1",A64) -> 62 | C64: 网络数据处理系统 | D64: 中间层 | E64: 数据感知 | F64: aggr_lte_dpi_video_cel_h | G64: 4G_DPI_video小区维度小时表 | H64: =G64 -> 4G_DPI_video小区维度小时表 | I64: 小区 | J64: 小时 | K64: 小时 | L64: 核心 | M64: / | N64: 14 | O64: aggr_lte_dpi_video_appcel_h | Q64: 新建 | T64: 张玉同 | U64: 已开发
A65: 63 | B65: =HYPERLINK("#"&A65&"!A1",A65) -> 63 | C65: 网络数据处理系统 | D65: 中间层 | E65: 数据感知 | F65: aggr_lte_dpi_video_cel_d | G65: 4G_DPI_video小区维度天表 | H65: =G65 -> 4G_DPI_video小区维度天表 | I65: 小区 | J65: 天 | K65: 天 | L65: 核心 | M65: / | N65: 30 | O65: aggr_lte_dpi_video_cel_h | P65: 建维优 | Q65: 新建 | R65: 保留下来的字段沿用表aggr_4g_video_cel_e2e_d字段名称 | T65: 张玉同 | U65: 已开发
A66: 64 | B66: =HYPERLINK("#"&A66&"!A1",A66) -> 64 | C66: 网络数据处理系统 | D66: 中间层 | E66: 数据感知 | F66: aggr_lte_dpi_video_usrcel_h | G66: 4G_DPI_video用户小区维度小时表 | H66: =G66 -> 4G_DPI_video用户小区维度小时表 | I66: 用户|小区 | J66: 小时 | K66: 小时 | L66: 核心 | M66: / | N66: 14 | O66: aggr_lte_dpi_video_usrappcel_h | P66: 建维优 | Q66: 新建 | T66: 张玉同 | U66: 已开发
A67: 65 | B67: =HYPERLINK("#"&A67&"!A1",A67) -> 65 | C67: 网络数据处理系统 | D67: 中间层 | E67: 数据感知 | F67: aggr_lte_dpi_video_usrcel_d | G67: 4G_DPI_video用户小区维度天表 | H67: =G67 -> 4G_DPI_video用户小区维度天表 | I67: 用户|小区 | J67: 天 | K67: 天 | L67: 核心 | M67: / | N67: 30 | O67: aggr_lte_dpi_video_usrcel_h | P67: 建维优 | Q67: 新建 | T67: 张玉同 | U67: 已开发
A68: 66 | B68: =HYPERLINK("#"&A68&"!A1",A68) -> 66 | C68: 网络数据处理系统 | D68: 中间层 | E68: 数据感知 | F68: aggr_lte_dpi_video_usr_h | G68: 4G_DPI_video用户维度小时表 | H68: =G68 -> 4G_DPI_video用户维度小时表 | I68: 用户 | J68: 小时 | K68: 小时 | L68: 核心 | M68: / | N68: 14 | O68: aggr_lte_dpi_video_usrcel_h | P68: 建维优 | Q68: 新建 | T68: 张玉同 | U68: 已开发
A69: 67 | B69: =HYPERLINK("#"&A69&"!A1",A69) -> 67 | C69: 网络数据处理系统 | D69: 中间层 | E69: 数据感知 | F69: aggr_lte_dpi_video_usr_d | G69: 4G_DPI_video用户维度天表 | H69: =G69 -> 4G_DPI_video用户维度天表 | I69: 用户 | J69: 天 | K69: 天 | L69: 核心 | M69: / | N69: 30 | O69: aggr_lte_dpi_video_usr_h | P69: 建维优 | Q69: 新建 | T69: 张玉同 | U69: 已开发
A70: 68 | B70: =HYPERLINK("#"&A70&"!A1",A70) -> 68 | C70: 网络数据处理系统 | D70: 中间层 | E70: 数据感知 | F70: aggr_lte_dpi_video_index_reduce_cel_d | G70: 4G_DPI_video小区维度指标裁剪天表 | H70: =G70 -> 4G_DPI_video小区维度指标裁剪天表 | I70: 小区 | J70: 天 | K70: 天 | L70: 核心 | M70: / | N70: 30 | O70: aggr_lte_dpi_video_cel_d | P70: 核心系统(CEM感知) | Q70: 新建(升级) | R70: 对应共享给核心系统的aggr_lteci_video_qoekqi_day，保留下来的字段按照现网名称设计 | T70: 张玉同 | U70: 已开发
A71: 69 | B71: =HYPERLINK("#"&A71&"!A1",A71) -> 69 | C71: 网络数据处理系统 | D71: 中间层 | E71: 数据感知 | F71: aggr_lte_dpi_video_index_reduce_usr_d | G71: 4G_DPI_video用户维度指标裁剪天表 | H71: =G71 -> 4G_DPI_video用户维度指标裁剪天表 | I71: 用户 | J71: 天 | K71: 天 | L71: 核心 | M71: / | N71: 30 | O71: aggr_lte_dpi_video_usr_d | P71: 核心系统(CEM感知) | Q71: 新建(升级) | R71: 对应共享给核心系统的aggr_user_video_qoekqi_day，保留下来的字段按照现网名称设计 | T71: 张玉同 | U71: 已开发
A72: 70 | B72: =HYPERLINK("#"&A72&"!A1",A72) -> 70 | C72: 网络数据处理系统 | D72: 中间层 | E72: 数据感知 | F72: aggr_lte_dpi_video_usrappcel_q | G72: 4G_DPI_video用户小区app维度15分钟表 | H72: =G72 -> 4G_DPI_video用户小区app维度15分钟表 | I72: 用户|小区|app | J72: 小时 | K72: 小时 | L72: 核心 | M72: / | N72: 14 | O72: aggr_lte_dpi_video_base_q | Q72: 新建 | T72: 张玉同 | U72: 已开发
A73: 71 | B73: =HYPERLINK("#"&A73&"!A1",A73) -> 71 | C73: 网络数据处理系统 | D73: 中间层 | E73: 数据感知 | F73: aggr_lte_video_usrappcelarea_refactor_d | G73: 4G_video类型用户小区区域app维度天表 | H73: =G73 -> 4G_video类型用户小区区域app维度天表 | I73: 用户|小区|区域|app | J73: 15分钟 | K73: 天 | L73: 核心 | M73: / | N73: 30 | O73: aggr_lte_usrareatime_cel_refactor_d|aggr_nr_dpi_video_usrappcel_q|aggr_lte_dpi_video_usrappcel_q | P73: 建维优 | Q73: 新建(升级) | R73: 只上线用户级感知13省份，沿用表aggr_lte_usrarea_video_cel_d表结构与字段名称 | T73: 张玉同 | U73: 已开发
A74: 72 | B74: =HYPERLINK("#"&A74&"!A1",A74) -> 72 | C74: 网络数据处理系统 | D74: 中间层 | E74: 高铁优化 | F74: aggr_lte_video_highspeedrail_usrcel_h | G74: 高铁4G video业务用户小区小时表 | H74: =G74 -> 高铁4G video业务用户小区小时表 | I74: 用户|小区 | J74: 小时 | K74: 小时 | L74: 核心 | M74: / | N74: 14 | O74: aggr_highspeedrail_usrlist_d|aggr_lte_dpi_video_usrappcel_q | Q74: 新建(升级) | R74: 沿用表aggr_lte_highspeedrail_video_base_h表结构与字段名称 | T74: 张玉同 | U74: 已开发
A75: 73 | B75: =HYPERLINK("#"&A75&"!A1",A75) -> 73 | C75: 网络数据处理系统 | D75: 中间层 | E75: 高铁优化 | F75: aggr_lte_video_highspeedrail_cel_d | G75: 高铁4G video业务小区天表 | H75: =G75 -> 高铁4G video业务小区天表 | I75: 小区 | J75: 天 | K75: 天 | L75: 核心 | M75: / | N75: 30 | O75: aggr_lte_video_highspeedrail_usrcel_h | P75: 建维优 | Q75: 新建(升级) | R75: 沿用表aggr_lte_highspeedrail_video_cel_d表结构与字段名称 | T75: 张玉同 | U75: 已开发
A76: 74 | B76: =HYPERLINK("#"&A76&"!A1",A76) -> 74 | C76: 网络数据处理系统 | D76: 中间层 | E76: 质量稽核 | F76: aggr_lte_dpi_mr_pm_cm_cel_d | G76: 4G DPI/MR/CM/PM小区清单天表 | H76: =G76 -> 4G DPI/MR/CM/PM小区清单天表 | I76: 小区 | J76: 天 | K76: 天 | L76: 核心 | M76: / | N76: 30 | O76: fact_pm_nr_lceldu_d|fact_nr_cm_projdata|aggr_nr_coverage_cel_refactor_d|aggr_nr_dpi_n1n2_cel_d|aggr_nr_dpi_http_cel_d|aggr_nr_dpi_https_cel_d|aggr_nr_dpi_video_cel_d|aggr_nr_dpi_dns_cel_d | Q76: 新建 | R76: 对应现网表dq_datasouce_4g_cell_check_list_d | T76: 张玉同 | U76: 已开发
A77: 75 | B77: =HYPERLINK("#"&A77&"!A1",A77) -> 75 | C77: 网络数据处理系统 | D77: 中间层 | E77: 质量稽核 | F77: aggr_4g_core_cellnum_audit_d | G77: 4G核心网数据小区数及小区上报率统计 | H77: =G77 -> 4G核心网数据小区数及小区上报率统计 | I77: 省 | J77: 天 | K77: 天 | L77: 核心 | M77: / | N77: 30 | O77: aggr_lte_dpi_mr_pm_cm_cel_d | Q77: 升级 | R77: 先不上线，待割接时直接升级 | T77: 张玉同 | U77: 已开发
A78: 76 | B78: =HYPERLINK("#"&A78&"!A1",A78) -> 76 | C78: 网络数据处理系统 | D78: 中间层 | E78: 质量稽核 | F78: aggr_4g_wireless_cellnum_audit_d | G78: 4G各类无线数据小区数及小区上报率统计 | H78: =G78 -> 4G各类无线数据小区数及小区上报率统计 | I78: 省|厂家 | J78: 天 | K78: 天 | L78: 核心 | M78: / | N78: 30 | O78: aggr_lte_dpi_mr_pm_cm_cel_d | Q78: 升级 | R78: 先不上线，待割接时直接升级 | T78: 张玉同 | U78: 已开发
A79: 77 | B79: =HYPERLINK("#"&A79&"!A1",A79) -> 77 | C79: 网络数据处理系统 | D79: 中间层 | E79: 质量稽核 | F79: dq_datasouce_4g_no_cell_list_d | G79: 4G各类数据未上报小区清单 | H79: =G79 -> 4G各类数据未上报小区清单 | I79: 小区 | J79: 天 | K79: 天 | L79: 核心 | M79: / | N79: 30 | O79: aggr_lte_dpi_mr_pm_cm_cel_d | Q79: 升级 | R79: 先不上线，待割接时直接升级 | T79: 张玉同 | U79: 已开发

Sheet 1
B1: =HYPERLINK("#导航!a2","返回") -> 返回
B3: 目标表基本信息描述
B4: 主题域 | C4: 目标表英文名 | D4: 目标表中文名 | E4: 数据频度 | F4: 模型主键 | G4: 数据描述 | H4: 推送数据库
B5: / | C5: fact_lte_dpi_http_q | D5: 4G_DPI_http整合层15分钟表 | E5: quarter
B7: 源表基本信息描述
B8: 来源系统 | C8: 源表英文名 | D8: 源表中文名 | E8: 别名 | F8: 任务描述 | G8: 备注 | H8: 是否主表
C9: ods_4gdpi_http_e2e_telecom_q | D9: 4G_DPI_http贴源层详单表 | E9: A | H9: 是
C10: lte_cm_projdata_refactor | D10: 4G电联工参 | E10: B | G10: A.cellkey=B.reportcellkey
C11: cfg_topweb_first_screen_host_list | D11: TOP网址首屏时延分析URL配置表 | E11: C | G11: A.host=C.host
C12: cfg_http_status_type | D12: http-status状态码表 | E12: D | G12: A.httpstatus=D.status_code
B14: 详细字段信息
B15: 详细字段信息
B16: PDM字段英文名 | C16: PDM字段类型 | D16: PDM字段中文名（说明） | E16: 源表名 | F16: 源字段英文名 | G16: 算法加工逻辑 | H16: 关联与过滤条件 | I16: 备注 | J16: 字段属性 | K16: 单位 | L16: 取值范围
B17: interface | C17: string | D17: 接口类型：1、S1-U，4、S11，6、S5/S8，100、N3 | E17: A | F17: interface | G17: 直取 | J17: 详单 | K17: 无 | L17: 无
B18: imsi | C18: string | D18: 国际移动用户识别码 | E18: A | F18: imsi | G18: 直取 | J18: 详单 | K18: 无 | L18: 无
B19: msisdn | C19: string | D19: 用户号码 | E19: A | G19: regexp_replace(trim(msisdn),'^86','') | J19: 详单 | K19: 无 | L19: 无
B20: imei | C20: string | D20: 国际移动设备识别码 | E20: A | F20: imei | G20: 直取 | J20: 详单 | K20: 无 | L20: 无
B21: apn | C21: string | D21: 网络接入技术 | E21: A | F21: apn | G21: 直取 | J21: 详单 | K21: 无 | L21: 无
B22: destinationip | C22: string | D22: 用户访问的目标 IPv4或IPv6 地址 | E22: A | F22: destinationip | G22: 直取 | J22: 详单 | K22: 无 | L22: 无
B23: destinationport | C23: int | D23: 用户访问的目标端口号 | E23: A | F23: destinationport | G23: 直取 | J23: 详单 | K23: 无 | L23: 无
B24: sourceip | C24: string | D24: 用户访问外部网络时使用的 IPv4 或 IPv6 地址 | E24: A | F24: sourceip | G24: 直取 | J24: 详单 | K24: 无 | L24: 无
B25: sourceport | C25: int | D25: 用户访问外部网络时使用的端口号 | E25: A | F25: sourceport | G25: 直取 | J25: 详单 | K25: 无 | L25: 无
B26: sgwip | C26: string | D26: SGW的IPv4或IPv6 地址 | E26: A | F26: sgwip | G26: 直取 | J26: 详单 | K26: 无 | L26: 无
B27: mmeip | C27: string | D27: MME的IPv4或IPv6地址 | E27: A | F27: mmeip | G27: 直取 | J27: 详单 | K27: 无 | L27: 无
B28: pgwip | C28: string | D28: PGW的IPv4或IPv6地址 | E28: A | F28: pgwip | G28: 直取 | J28: 详单 | K28: 无 | L28: 无
B29: ecgi | C29: string | D29: 小区唯一标识 | E29: A | F29: ecgi | G29: 直取 | I29: ecgi： 460-11-4992624 | J29: 详单 | K29: 无 | L29: 无
B30: tai | C30: string | D30: 跟踪区标识 | E30: A | F30: tai | G30: 直取 | I30: tai：460-11-48502 | J30: 详单 | K30: 无 | L30: 无
B31: visitedplmnid | C31: string | D31: 拜访网络标识 | E31: A | F31: visitedplmnid | G31: 直取 | J31: 详单 | K31: 无 | L31: 无
B32: rattype | C32: int | D32: 无线接入类型 | E32: A | F32: rattype | G32: 直取 | J32: 详单 | K32: 无 | L32: 无
B33: protocolid | C33: int | D33: 协议类型 | E33: A | F33: protocolid | G33: 直取 | J33: 详单 | K33: 无 | L33: 无
B34: servicetype | C34: string | D34: 业务应用分类ID | E34: A | G34: case when destination_url like '%short.pay.weixin.qq.com%' then 88888888 else servicetype end | J34: 详单 | K34: 无 | L34: 无
B35: starttime | C35: string | D35: 格式为"yyyy-MM-dd HH:mm:sss"的日期时间 | E35: A | F35: starttime | G35: 直取 | J35: 详单 | K35: 无 | L35: 无
B36: endtime | C36: string | D36: 格式为"yyyy-MM-dd HH:mm:sss"的日期时间 | E36: A | F36: endtime | G36: 直取 | J36: 详单 | K36: 无 | L36: 无
B37: duration | C37: bigint | D37: 业务时长 | E37: A | F37: duration | G37: 直取 | J37: 详单 | K37: 无 | L37: 无
B38: inputoctets | C38: bigint | D38: 发给用户的业务字节数 | E38: A | F38: inputoctets | G38: 直取 | J38: 详单 | K38: 无 | L38: 无
B39: outputoctets | C39: bigint | D39: 用户发出的业务字节数 | E39: A | F39: outputoctets | G39: 直取 | J39: 详单 | K39: 无 | L39: 无
B40: inputpacket | C40: bigint | D40: 发给用户的业务数据包数量 | E40: A | F40: inputpacket | G40: 直取 | J40: 详单 | K40: 无 | L40: 无
B41: outputpacket | C41: bigint | D41: 用户发出的业务数据包数量 | E41: A | F41: outputpacket | G41: 直取 | J41: 详单 | K41: 无 | L41: 无
B42: pdnconnectionid | C42: bigint | D42: PDN 连接的ID标识号 | E42: A | F42: pdnconnectionid | G42: 直取 | J42: 详单 | K42: 无 | L42: 无
B43: bearerid | C43: bigint | D43: 承载标识号 | E43: A | F43: bearerid | G43: 直取 | J43: 详单 | K43: 无 | L43: 无
B44: bearerqos | C44: bigint | D44: 承载QoS | E44: A | F44: bearerqos | G44: 直取 | J44: 详单 | K44: 无 | L44: 无
B45: recordclosecause | C45: bigint | D45: 记录关闭原因。采集设备自动生成，数字编号（0： session 释放； 1：业务应用结束； 2：业务应用等待超时； 3：用户位置变化； 4：用户接入方式变化） | E45: A | F45: recordclosecause | G45: 直取 | J45: 详单 | K45: 无 | L45: 无
B46: enbip | C46: bigint | D46: ENB的IPv4或IPv6地址 | E46: A | F46: enbip | G46: 直取 | J46: 详单 | K46: 无 | L46: 无
... B118: transactions | C118: bigint | D118: 同一个流中的事务计数 | E118: A | F118: transactions | G118: 直取 | J118: 详单 | K118: 无 | L118: 无
B119: cellkey | C119: bigint | D119: 小区cellkey | E119: A | G119: concat(floor(cast(split(ecgi, '-')[2] as int)/256),"_",cast(split(ecgi, '-')[2] as int)%256) | J119: 详单 | K119: 无 | L119: 无
B120: citycode | C120: int | D120: 地市编码 | E120: B | F120: citycode | G120: 关联工参回填 | J120: 详单 | K120: 无 | L120: 无
B121: districtcode | C121: int | D121: 区县编码 | E121: B | F121: districtcode | G121: 关联工参回填 | J121: 详单 | K121: 无 | L121: 无
B122: province | C122: string | D122: 省名称 | E122: B | F122: province | G122: 关联工参回填 | J122: 详单 | K122: 无 | L122: 无
B123: city | C123: string | D123: 地市名称 | E123: B | F123: city | G123: 关联工参回填 | J123: 详单 | K123: 无 | L123: 无
B124: district | C124: string | D124: 区县名称 | E124: B | F124: district | G124: 关联工参回填 | J124: 详单 | K124: 无 | L124: 无
B125: http_req_cnt | C125: bigint | D125: http请求次数 | E125: A | G125: case when httpstatus is not null then 1 else 0 end | J125: 详单 | K125: 无 | L125: 1,0
B126: http_succ_cnt | C126: bigint | D126: http请求成功次数 | E126: A | G126: case when httpstatus>0 and httpstatus<400 then 1 else 0 end | J126: 详单 | K126: 无 | L126: 1,0
B127: http_complete_cnt | C127: bigint | D127: http请求完成次数 | E127: A | G127: case when httpstatus>0 and httpstatus<400 and lastpacktime>0 then 1 else 0 end | J127: 详单 | K127: 无 | L127: 1,0
B128: dnsresponse_delay | C128: bigint | D128: DNS响应时延 | E128: A | G128: case when dnsquerytime>0 and dnsresponsetime>dnsquerytime and dnsresponsetime - dnsquerytime < 30000 then dnsresponsetime - dnsquerytime else null end | I128: 现网算法（无明显变更）：case when dnsquerytime>0 and dnsresponsetime>0 and (dnsresponsetime-dnsquerytime)>=0 and (dnsresponsetime-dnsquerytime) <30000 then dnsresponsetime-dnsquerytime else 0 end | J128: 详单 | K128: ms | L128: (0,30000)
B129: syntime_dnsresponse_delay | C129: bigint | D129: DNS建立完成到TCP握手时延 | E129: A | G129: case when dnsresponsetime>0 and syntime>dnsresponsetime and syntime-dnsresponse<50000 then syntime-dnsresponsetime else null end | I129: 现网算法（算法存在变更）：null | J129: 详单 | K129: ms | L129: (0,50000)
B130: tcpsetupdelay | C130: bigint | D130: TCP建立时延 | E130: A | G130: case when tcpsetupresponsedelay >0 and tcpsetupackdelay >0 and (tcpsetupresponsedelay+tcpsetupackdelay) <50000 then tcpsetupresponsedelay+tcpsetupackdelay else null end | I130: 现网算法（无明显变更）：tcp_resp_delay+tcp_ack_delay | J130: 详单 | K130: ms | L130: (0,50000)
B131: httpwebrspdelay | C131: bigint | D131: 网页首包时延，也叫网页响应时延 | E131: A | G131: case when dnsquerytime>0 and firstresptime>dnsquerytime and firstresptime - dnsquerytime<100000 then firstresptime - dnsquerytime when syntime>0 and firstresptime>syntime and (firstresptime - syntime) <100000 then (firstresptime - syntime) else null end | I131: 现网算法（算法存在变更）：case when DNSQueryTime >0 and FirstPacketTime>DNSQueryTime then FirstPacketTime-DNSQueryTime when SYNtime >0 and FirstPacketTime>SYNtime then FirstPacketTime-SYNtime else null end as httpwebrspdelay | J131: 详单 | K131: ms | L131: (0,10000)
B132: httpwebdspdelay | C132: bigint | D132: 网页显示时延，也叫网页完整打开时延 | E132: A | G132: case when dnsquerytime>0 and lastpacktime>dnsquerytime and lastpacktime - dnsquerytime<30000 then lastpacktime - dnsquerytime when syntime > 0 and lastpacktime > syntime and lastpacktime - syntime < 30000 then lastpacktime-syntime else null end | I132: 现网算法（无明显变更）：case when DNSQueryTime>0 and Lastpacktime>DNSQueryTime then Lastpacktime-DNSQueryTime when syntime>0 and Lastpacktime>SYNtime then Lastpacktime-SYNtime else null end as httpwebdspdelay | J132: 详单 | K132: ms | L132: (0,10000)
B133: httpwebscreendelay | C133: bigint | D133: 网页首屏时延 | E133: A | G133: case when dnsquerytime>0 and firstscreenfintime>dnsquerytime and firstscreenfintime - dnsquerytime<100000 then firstscreenfintime - dnsquerytime when syntime >0 and firstscreenfintime>syntime and firstscreenfintime-syntime<100000 then firstscreenfintime-syntime else null end | I133: 现网算法（无明显变更）：case when DNSQueryTime >0 and FirstScreenFinTime>DNSQueryTime then FirstScreenFinTime-DNSQueryTime when SYNtime>0 and FirstScreenFinTime>SYNtime then FirstScreenFinTime-SYNtime else null end as httpwebscreendelay | J133: 详单 | K133: ms | L133: (0,10000)
B134: is_topweb_first_screen_host | C134: int | D134: 是否用于计算首屏时延的主流网址（1：是；0：否） | E134: C | G134: 通过host关联C表，能关联上则取1，否则取0 | J134: 详单 | K134: 无 | L134: 1,0
B135: sourceip_type | C135: string | D135: 用户访问外部网络时使用的IP类型（IPv4/IPv6） | E135: A | G135: 根据sourceip回填属于IPV6/IPV4 | I135: case when sourceip regexp '^((25[0-5]|2[0-4]\\d|[01]?\\d\\d?)\\.){3}(25[0-5]|2[0-4]\\d|[01]?\\d\\d?)$' then 'ipv4' when sourceip regexp '^([\\da-fA-F]{1,4}:){7}[\\da-fA-F]{1,4}$' then 'ipv6' else '' end as sourceip_type | J135: 详单 | K135: 无 | L135: ipv4,ipv6
B136: business_type | C136: string | D136: 业务类型（im、web、game、video、other） | E136: A | G136: 1、先将微信扫码业务置为88888888，再分类 case when ((servicetype>=01000101 and servicetype<01999901) or (servicetype>=04000100 and servicetype<04999901) or (servicetype = 88888888)) and (servicetype not in (01000212,01004600,01001300)) then 'im' when ((servicetype>=13000100 and servicetype<13999901) or (servicetype>=16000100 and servicetype<16999901) or (servicetype>=10000101 and servicetype<10999901) or (servicetype>=07000100 and servicetype<07999901) or (servicetype>=19000100 and servicetype<19999901) or (servicetype>=09000101 and servicetype<09999901) or (servicetype>=06000101 and servicetype<06999901) or (servicetype>=08000101 and servicetype<08999901) or (servicetype>=11000101 and servicetype<11999901) or (servicetype>=14000101 and servicetype<14999901) or (servicetype>=17000101 and servicetype<17999901) or (servicetype>=18000101 and servicetype<18999901)) and (servicetyp not in (09000101,09000601,09000701,09000801,09001800,09001900,09002000,09001202,01000212,01001300,01004600,09000603)) then 'web' when servicetype>=05000100 and servicetype<05999901 then 'game' when (servicetype>=02000101 and servicetype<02999901) then 'video' else 'other' end | J136: 详单 | K136: 无 | L136: im,web,game,video,other
B137: is_abnormal | C137: int | D137: 是否质差话单 | E137: A | G137: case when (tcpsetupresponsedelay>= 110 and tcpsetupresponsedelay<50000) or (tcpsetupackdelay>=110 and tcpsetupackdelay<50000) or ultcp_retranspacket/outputpacket>=0.15 or dltcp_retranspacket/inputpacket>=0.15 then 1 else 0 end | J137: 详单 | K137: 无 | L137: 1,0
B138: is_core_delimit | C138: int | D138: 是否核心网问题 | E138: A | G138: case when (tcpsetupresponsedelay>=110 and tcpsetupresponsedelay<50000) or ultcp_retranspacket/outputpacket>0.15 then 1 else 0 end | J138: 详单 | K138: 无 | L138: 1,0
B139: is_wireless_delimit | C139: int | D139: 是否无线网络问题 | E139: A | G139: case when (tcpsetupackdelay>=110 and tcpsetupackdelay<50000) or dltcp_retranspacket/inputpacket>0.15 then 1 else 0 end | J139: 详单 | K139: 无 | L139: 1,0
B140: is_usr_delimit | C140: int | D140: 是否用户问题 | E140: D | G140: A表与D表关联，取D表problem_demarcation。 case when problem_demarcation='用户' then 1 else 0 end | J140: 详单 | K140: 无 | L140: 1,0
B141: is_sp_delimit | C141: int | D141: 是否sp服务器问题 | E141: D | G141: A表与D表关联，取D表problem_demarcation。 case when problem_demarcation='SP服务商' then 1 else 0 end | J141: 详单 | K141: 无 | L141: 1,0
B142: httpstatus_position | C142: string | D142: http状态码原因定位 | E142: D | F142: problem_position | G142: 直取 | J142: 详单 | K142: 无 | L142: 无
B143: p_provincecode | C143: int | D143: 省分区
B144: p_date | C144: string | D144: 天分区
B145: p_hour | C145: int | D145: 小时分区
B146: p_quarter | C146: int | D146: 15分钟分区

Sheet 2
B1: =HYPERLINK("#导航!a2","返回") -> 返回
B3: 目标表基本信息描述
B4: 主题域 | C4: 目标表英文名 | D4: 目标表中文名 | E4: 数据频度 | F4: 模型主键 | G4: 数据描述 | H4: 推送数据库
B5: 数据感知 | C5: aggr_lte_dpi_http_base_q | D5: 4G_DPI_http基础维度15分钟表 | E5: quarter
B7: 源表基本信息描述
B8: 来源系统 | C8: 源表英文名 | D8: 源表中文名 | E8: 别名 | F8: 任务描述 | G8: 备注 | H8: 是否主表
C9: fact_lte_dpi_http_q | D9: 4G_DPI_http整合层15分钟表 | E9: A | H9: 是
B11: 详细字段信息
B12: 详细字段信息
B13: PDM字段英文名 | C13: PDM字段类型 | D13: PDM字段中文名（说明） | E13: 源表名 | F13: 源字段英文名 | G13: 算法加工逻辑 | H13: 关联与过滤条件 | I13: 备注 | J13: 字段属性 | K13: 单位 | L13: 取值范围
B14: day | C14: string | D14: 日期 | E14: A | F14: p_date | G14: 直取 | J14: 维度 | K14: 无 | L14: yyyy-mm-dd
B15: hour | C15: int | D15: 小时 | E15: A | F15: p_hour | G15: 直取 | J15: 维度 | K15: 无 | L15: 0~23
B16: quarter | C16: int | D16: 15分钟 | E16: A | F16: p_quarter | G16: 直取 | J16: 维度 | K16: 无 | L16: 0~3
B17: interface | C17: int | D17: 接口类型 | E17: A | F17: interface | G17: 直取 | J17: 维度 | K17: 无 | L17: <=101
B18: rattype | C18: int | D18: 网络类型（4G：6；5G：10） | E18: A | F18: rattype | G18: 直取 | J18: 维度 | K18: 无 | L18: 6,10
B19: provincecode | C19: int | D19: 省编码 | E19: A | F19: p_provincecode | G19: 直取 | J19: 维度 | K19: 无 | L19: 6位数编码
B20: citycode | C20: int | D20: 市编码 | E20: A | F20: citycode | G20: 直取 | J20: 维度 | K20: 无 | L20: 6位数编码
B21: districtcode | C21: int | D21: 区编码 | E21: A | F21: districtcode | G21: 直取 | J21: 维度 | K21: 无 | L21: 6位数编码
B22: province | C22: string | D22: 省名称 | E22: A | F22: province | G22: 直取 | J22: 维度 | K22: 无 | L22: 无
B23: city | C23: string | D23: 地市名称 | E23: A | F23: city | G23: 直取 | J23: 维度 | K23: 无 | L23: 无
B24: district | C24: string | D24: 区县名称 | E24: A | F24: district | G24: 直取 | J24: 维度 | K24: 无 | L24: 无
B25: cellkey | C25: string | D25: 小区cellkey | E25: A | F25: cellkey | G25: 直取 | J25: 维度 | K25: 无 | L25: 无
... B29: apn | C29: string | D29: 网络接入技术 | E29: A | F29: apn | G29: 直取 | J29: 维度 | K29: 无 | L29: 无
B30: sgwip | C30: string | D30: SGW在GTP-U上的IP地址 | E30: A | F30: =B30 -> sgwip | G30: 直取 | J30: 维度 | K30: 无 | L30: 无
B31: mmeip | C31: string | D31: MME在GTP-C上的IP地址 | E31: A | F31: =B31 -> mmeip | G31: 直取 | J31: 维度 | K31: 无 | L31: 无
B32: pgwip | C32: string | D32: 用户在GTP-U和PMIPv6会话时使用的PGW IP地址。如[RFC 2002]定义 | E32: A | F32: =B32 -> pgwip | G32: 直取 | J32: 维度 | K32: 无 | L32: 无
B33: servicetype | C33: string | D33: 业务应用 | E33: A | F33: servicetype | G33: 直取 | J33: 维度 | K33: 无 | L33: 无
B34: business_type | C34: string | D34: 业务类型（im、web、game、video、other） | E34: A | F34: business_type | G34: 直取 | J34: 维度 | K34: 无 | L34: im,web,game,video,other
B35: enbip | C35: string | D35: ENB的IPv4或IPv6地址 | E35: A | F35: =B35 -> enbip | G35: 直取 | J35: 维度 | K35: 无 | L35: 无
B36: home_province | C36: string | D36: 归属省份 | E36: A | F36: home_province | G36: 直取 | J36: 维度 | K36: 无 | L36: 6位数编码
B37: l4protocol | C37: int | D37: L4协议类型： 0：TCP；1：UDP | E37: A | F37: l4protocol | G37: 直取 | J37: 维度 | K37: 无 | L37: 0,1
B38: bearer_qci | C38: int | D38: 当前业务流所属承载的QCI。 | E38: A | F38: =B38 -> bearer_qci | G38: 直取 | J38: 维度 | K38: 无 | L38: 无
B39: sourceip_type | C39: string | D39: 用户访问外部网络时使用的IP类型（IPv4/IPv6） | E39: A | F39: sourceip_type | G39: 直取 | J39: 维度 | K39: 无 | L39: 无
B40: httpstatus | C40: int | D40: http状态码 | E40: A | F40: httpstatus | G40: 直取 | J40: 维度 | K40: 无 | L40: 无
B41: is_core_delimit | C41: int | D41: 是否核心网问题 | E41: A | F41: is_core_delimit | G41: 直取 | J41: 维度 | K41: 无 | L41: 0,1
B42: is_wireless_delimit | C42: int | D42: 是否无线网络问题 | E42: A | F42: is_wireless_delimit | G42: 直取 | J42: 维度 | K42: 无 | L42: 0,1
B43: is_usr_delimit | C43: int | D43: 是否用户问题 | E43: A | F43: is_usr_delimit | G43: 直取 | J43: 维度 | K43: 无 | L43: 0,1
B44: is_sp_delimit | C44: int | D44: 是否sp服务器问题 | E44: A | F44: is_sp_delimit | G44: 直取 | J44: 维度 | K44: 无 | L44: 0,1
B45: httpstatus_position | C45: string | D45: http状态码原因定位 | E45: A | F45: httpstatus_position | G45: 直取 | J45: 维度 | K45: 无 | L45: 0,1
B46: abnormal_cnt | C46: bigint | D46: 质差话单数量 | E46: A | G46: sum(is_abnormal) | J46: 指标 | K46: 无 | L46: >=0
B47: record_cnt | C47: bigint | D47: 记录数 | E47: A | G47: count(1) | J47: 指标 | K47: 无 | L47: >=0
B48: speedlimit_cnt | C48: bigint | D48: 限速记录数 | E48: A | G48: sum(case when (ue_ambr_ul>0 and ue_ambr_ul<5000) or (ue_ambr_dl>0 and ue_ambr_dl<5000) then 1 else 0 end) | J48: 指标 | K48: 无 | L48: >=0
B49: duration | C49: bigint | D49: 持续时间，单位毫秒 | E49: A | G49: sum(duration) | J49: 指标 | K49: ms | L49: >=0
B50: outputoctets | C50: bigint | D50: 上行流量(byte) | E50: A | G50: sum(outputoctets) | J50: 指标 | K50: byte | L50: >=0
B51: inputoctets | C51: bigint | D51: 下行流量(byte) | E51: A | G51: sum(inputoctets) | J51: 指标 | K51: byte | L51: >=0
B52: outputoctets_above500 | C52: bigint | D52: 上行大包业务流量(>=500KB) | E52: A | G52: sum(case when outputoctets>=500*1024 then outputoctets else 0 end) | J52: 指标 | K52: byte | L52: >=0
B53: outputoctets_above500_cnt | C53: bigint | D53: 上行大包条数(>=500KB) | E53: A | G53: sum(case when outputoctets>=500*1024 then 1 else 0 end) | J53: 指标 | K53: 无 | L53: >=0
B54: outputoctets_above500_highdelay_cnt | C54: bigint | D54: 上行大包高时延条数（>100ms） | E54: A | G54: sum(case when outputoctets>=500*1024 and tcpsetupresponsedelay>100 then 1 else 0 end) | J54: 指标 | K54: 无 | L54: >=0
B55: inputoctets_above500 | C55: bigint | D55: 下行大包业务流量(>=500KB) | E55: A | G55: sum(case when inputoctets>=500*1024 then inputoctets else 0 end) | J55: 指标 | K55: byte | L55: >=0
B56: inputoctets_above500_cnt | C56: bigint | D56: 下行大包条数(>=500KB) | E56: A | G56: sum(case when inputoctets>=500*1024 then 1 else 0 end) | J56: 指标 | K56: 无 | L56: >=0
B57: inputoctets_above500_highdelay_cnt | C57: bigint | D57: 下行大包高时延条数（>100ms） | E57: A | G57: sum(case when inputoctets>=500*1024 and tcpsetupackdelay>100 then 1 else 0 end) | J57: 指标 | K57: 无 | L57: >=0
... B150: wellgamedelay_cnt | C150: bigint | D150: 游戏交互时延良好次数 | E150: A | G150: sum(case when tcpsetupdelay>100 and tcpsetupdelay<=120 then 1 else 0 end) | J150: 指标 | K150: 无 | L150: >=0
B151: min_starttime | C151: string | D151: 最小开始时间 | E151: A | G151: min(starttime) | I151: 20250415101139 | J151: 指标 | K151: 无 | L151: >0
B152: max_endtime | C152: string | D152: 最大结束时间 | E152: A | G152: max(endtime) | I152: 20250415101024 | J152: 指标 | K152: 无 | L152: >0
B153: p_provincecode | C153: int | D153: 省分区
B154: p_date | C154: string | D154: 天分区
B155: p_hour | C155: int | D155: 小时分区
B156: p_quarter | C156: int | D156: 15分钟分区

Sheet 3
B1: =HYPERLINK("#导航!a2","返回") -> 返回
B3: 目标表基本信息描述
B4: 主题域 | C4: 目标表英文名 | D4: 目标表中文名 | E4: 数据频度 | F4: 模型主键 | G4: 数据描述 | H4: 推送数据库
B5: 数据感知 | C5: aggr_lte_dpi_http_base_h | D5: 4G_DPI_http基础维度小时表 | E5: hour
B7: 源表基本信息描述
B8: 来源系统 | C8: 源表英文名 | D8: 源表中文名 | E8: 别名 | F8: 任务描述 | G8: 备注 | H8: 是否主表
C9: aggr_lte_dpi_http_base_q | D9: 4G_DPI_http基础维度15分钟表 | E9: A | H9: 是
B11: 详细字段信息
B12: 详细字段信息
B13: PDM字段英文名 | C13: PDM字段类型 | D13: PDM字段中文名（说明） | E13: 源表名 | F13: 源字段英文名 | G13: 算法加工逻辑 | H13: 关联与过滤条件 | I13: 备注 | J13: 字段属性 | K13: 单位 | L13: 取值范围
B14: day | C14: string | D14: 日期 | E14: A | F14: p_date | G14: 直取 | J14: 维度 | K14: 无 | L14: yyyy-mm-dd
B15: hour | C15: int | D15: 小时 | E15: A | F15: p_hour | G15: 直取 | J15: 维度 | K15: 无 | L15: 0~23
B16: interface | C16: int | D16: 接口类型 | E16: A | F16: interface | G16: 直取 | J16: 维度 | K16: 无 | L16: <=101
B17: rattype | C17: int | D17: 网络类型（4G：6；5G：10） | E17: A | F17: rattype | G17: 直取 | J17: 维度 | K17: 无 | L17: 6,10
B18: provincecode | C18: int | D18: 省编码 | E18: A | F18: p_provincecode | G18: 直取 | J18: 维度 | K18: 无 | L18: 6位数编码
B19: citycode | C19: int | D19: 市编码 | E19: A | F19: citycode | G19: 直取 | J19: 维度 | K19: 无 | L19: 6位数编码
B20: districtcode | C20: int | D20: 区编码 | E20: A | F20: districtcode | G20: 直取 | J20: 维度 | K20: 无 | L20: 6位数编码
B21: province | C21: string | D21: 省名称 | E21: A | F21: province | G21: 直取 | J21: 维度 | K21: 无 | L21: 无
B22: city | C22: string | D22: 地市名称 | E22: A | F22: city | G22: 直取 | J22: 维度 | K22: 无 | L22: 无
B23: district | C23: string | D23: 区县名称 | E23: A | F23: district | G23: 直取 | J23: 维度 | K23: 无 | L23: 无
B24: cellkey | C24: string | D24: 小区cellkey | E24: A | F24: cellkey | G24: 直取 | J24: 维度 | K24: 无 | L24: 无
B25: imsi | C25: string | D25: 用户imsi | E25: A | F25: imsi | G25: 直取 | J25: 维度 | K25: 无 | L25: 无
... B28: apn | C28: string | D28: 网络接入技术 | E28: A | F28: apn | G28: 直取 | J28: 维度 | K28: 无 | L28: 无
B29: sgwip | C29: string | D29: SGW在GTP-U上的IP地址 | E29: A | F29: =B29 -> sgwip | G29: 直取 | J29: 维度 | K29: 无 | L29: 无
B30: mmeip | C30: string | D30: MME在GTP-C上的IP地址 | E30: A | F30: =B30 -> mmeip | G30: 直取 | J30: 维度 | K30: 无 | L30: 无
B31: pgwip | C31: string | D31: 用户在GTP-U和PMIPv6会话时使用的PGW IP地址。如[RFC 2002]定义 | E31: A | F31: =B31 -> pgwip | G31: 直取 | J31: 维度 | K31: 无 | L31: 无
B32: servicetype | C32: string | D32: 业务应用 | E32: A | F32: servicetype | G32: 直取 | J32: 维度 | K32: 无 | L32: 无
B33: business_type | C33: string | D33: 业务类型（im、web、game、video、other） | E33: A | F33: business_type | G33: 直取 | J33: 维度 | K33: 无 | L33: im,web,game,video,other
B34: enbip | C34: string | D34: ENB的IPv4或IPv6地址 | E34: A | F34: =B34 -> enbip | G34: 直取 | J34: 维度 | K34: 无 | L34: 无
B35: home_province | C35: string | D35: 归属省份 | E35: A | F35: home_province | G35: 直取 | J35: 维度 | K35: 无 | L35: 6位数编码
B36: l4protocol | C36: int | D36: L4协议类型： 0：TCP；1：UDP | E36: A | F36: l4protocol | G36: 直取 | J36: 维度 | K36: 无 | L36: 0,1
B37: bearer_qci | C37: int | D37: 当前业务流所属承载的QCI。 | E37: A | F37: =B37 -> bearer_qci | G37: 直取 | J37: 维度 | K37: 无 | L37: 无
B38: sourceip_type | C38: string | D38: 用户访问外部网络时使用的IP类型（IPv4/IPv6） | E38: A | F38: sourceip_type | G38: 直取 | J38: 维度 | K38: 无 | L38: 无
B39: httpstatus | C39: int | D39: http状态码 | E39: A | F39: httpstatus | G39: 直取 | J39: 维度 | K39: 无 | L39: 无
B40: is_core_delimit | C40: int | D40: 是否核心网问题 | E40: A | F40: is_core_delimit | G40: 直取 | J40: 维度 | K40: 无 | L40: 0,1
B41: is_wireless_delimit | C41: int | D41: 是否无线网络问题 | E41: A | F41: is_wireless_delimit | G41: 直取 | J41: 维度 | K41: 无 | L41: 0,1
B42: is_usr_delimit | C42: int | D42: 是否用户问题 | E42: A | F42: is_usr_delimit | G42: 直取 | J42: 维度 | K42: 无 | L42: 0,1
B43: is_sp_delimit | C43: int | D43: 是否sp服务器问题 | E43: A | F43: is_sp_delimit | G43: 直取 | J43: 维度 | K43: 无 | L43: 0,1
B44: httpstatus_position | C44: string | D44: http状态码原因定位 | E44: A | F44: httpstatus_position | G44: 直取 | J44: 维度 | K44: 无 | L44: 0,1
B45: abnormal_cnt | C45: bigint | D45: 质差话单数量 | E45: A | G45: sum(abnormal_cnt) | J45: 指标 | K45: 无 | L45: >=0
B46: record_cnt | C46: bigint | D46: 记录数 | E46: A | G46: sum(record_cnt) | J46: 指标 | K46: 无 | L46: >=0
B47: speedlimit_cnt | C47: bigint | D47: 限速记录数 | E47: A | G47: sum(speedlimit_cnt) | J47: 指标 | K47: 无 | L47: >=0
B48: duration | C48: bigint | D48: 持续时间，单位毫秒 | E48: A | G48: sum(duration) | J48: 指标 | K48: ms | L48: >=0
B49: outputoctets | C49: bigint | D49: 上行流量(byte) | E49: A | G49: sum(outputoctets) | J49: 指标 | K49: byte | L49: >=0
B50: inputoctets | C50: bigint | D50: 下行流量(byte) | E50: A | G50: sum(inputoctets) | J50: 指标 | K50: byte | L50: >=0
B51: outputoctets_above500 | C51: bigint | D51: 上行大包业务流量(>=500KB) | E51: A | G51: sum(outputoctets_above500) | J51: 指标 | K51: byte | L51: >=0
B52: outputoctets_above500_cnt | C52: bigint | D52: 上行大包条数(>=500KB) | E52: A | G52: sum(outputoctets_above500_cnt) | J52: 指标 | K52: 无 | L52: >=0
B53: outputoctets_above500_highdelay_cnt | C53: bigint | D53: 上行大包高时延条数（>100ms） | E53: A | G53: sum(outputoctets_above500_highdelay_cnt) | J53: 指标 | K53: 无 | L53: >=0
B54: inputoctets_above500 | C54: bigint | D54: 下行大包业务流量(>=500KB) | E54: A | G54: sum(inputoctets_above500) | J54: 指标 | K54: byte | L54: >=0
B55: inputoctets_above500_cnt | C55: bigint | D55: 下行大包条数(>=500KB) | E55: A | G55: sum(inputoctets_above500_cnt) | J55: 指标 | K55: 无 | L55: >=0
B56: inputoctets_above500_highdelay_cnt | C56: bigint | D56: 下行大包高时延条数（>100ms） | E56: A | G56: sum(inputoctets_above500_highdelay_cnt) | J56: 指标 | K56: 无 | L56: >=0
... B149: wellgamedelay_cnt | C149: bigint | D149: 游戏交互时延良好次数 | E149: A | G149: sum(wellgamedelay_cnt) | J149: 指标 | K149: 无 | L149: >=0
B150: min_starttime | C150: string | D150: 最小开始时间 | E150: A | G150: min(min_starttime) | I150: 20250415101139 | J150: 指标 | K150: 无 | L150: >0
B151: max_endtime | C151: string | D151: 最大结束时间 | E151: A | G151: max(max_endtime) | I151: 20250415101024 | J151: 指标 | K151: 无 | L151: >0
B152: p_provincecode | C152: int | D152: 省分区
B153: p_date | C153: string | D153: 天分区
B154: p_hour | C154: int | D154: 小时分区

Sheet 4
B1: =HYPERLINK("#导航!a2","返回") -> 返回
B3: 目标表基本信息描述
B4: 主题域 | C4: 目标表英文名 | D4: 目标表中文名 | E4: 数据频度 | F4: 模型主键 | G4: 数据描述 | H4: 推送数据库
B5: 数据感知 | C5: aggr_lte_dpi_http_index_reduce_base_h | D5: 4G_DPI_http基础维度指标裁剪小时表 | E5: hour
B7: 源表基本信息描述
B8: 来源系统 | C8: 源表英文名 | D8: 源表中文名 | E8: 别名 | F8: 任务描述 | G8: 备注 | H8: 是否主表
C9: aggr_lte_dpi_http_base_h | D9: 4G_DPI_http基础维度小时表 | E9: A | H9: 是
B11: 详细字段信息
B12: 详细字段信息
B13: PDM字段英文名 | C13: PDM字段类型 | D13: PDM字段中文名（说明） | E13: 源表名 | F13: 源字段英文名 | G13: 算法加工逻辑 | H13: 关联与过滤条件 | I13: 备注 | J13: 字段属性 | K13: 单位 | L13: 取值范围
B14: day | C14: string | D14: 上报时间，具体到天 | E14: A | F14: p_date | G14: 直取 | J14: 维度 | K14: 无 | L14: yyyy-mm-dd
B15: hour | C15: int | D15: 记录所在的小时 | E15: A | F15: p_hour | G15: 直取 | J15: 维度 | K15: 无 | L15: 0~23
B16: provincecode | C16: int | D16: 拜访地省份 | E16: A | F16: p_provincecode | G16: 直取 | J16: 维度 | K16: 无 | L16: 6位数编码
B17: citycode | C17: int | D17: 拜访地地市 | E17: A | F17: citycode | G17: 直取 | J17: 维度 | K17: 无 | L17: 6位数编码
B18: home_province | C18: int | D18: 漫入用户的归属地省份 | E18: A | F18: home_province | G18: 直取 | J18: 维度 | K18: 无 | L18: 6位数编码
B19: interface | C19: int | D19: 接口类型1：s1-u；6、S5/S8；7：s2a | E19: A | F19: interface | G19: 直取 | J19: 维度 | K19: 无 | L19: <=101
B20: rattype | C20: int | D20: 无线接入类型 | E20: A | F20: rattype | G20: 直取 | J20: 维度 | K20: 无 | L20: 6,10
B21: enodebid | C21: bigint | D21: 4G eNodeBID/5G gNBID | E21: A | G21: split(cellkey,"_")[0] | J21: 维度 | K21: 无 | L21: 无
B22: cellid | C22: bigint | D22: 小区ID | E22: A | G22: split(cellkey,"_")[1] | J22: 维度 | K22: 无 | L22: 无
B23: cellkey | C23: string | D23: 小区cellkey | E23: A | F23: cellkey | G23: 直取 | J23: 维度 | K23: 无 | L23: 无
B24: imsi | C24: string | D24: 永久用户标识，永久用户标识。4G 填写用户IMSI。 | E24: A | F24: imsi | G24: 直取 | J24: 维度 | K24: 无 | L24: 无
B25: msisdn | C25: string | D25: MS International PSTN/ISDN Number (ISDN) | E25: A | F25: msisdn | G25: 直取 | J25: 维度 | K25: 无 | L25: 无
B26: sourceip_type | C26: string | D26: 用户访问外部网络时使用的IP类型（IPv4/IPv6） | E26: A | F26: sourceip_type | G26: 直取 | J26: 维度 | K26: 无 | L26: 无
B27: imei | C27: string | D27: 终端imei | E27: A | F27: imei | G27: 直取 | J27: 维度 | K27: 无 | L27: 无
B28: sgwip | C28: string | D28: SGWIP | E28: A | F28: sgwip | G28: 直取 | J28: 维度 | K28: 无 | L28: 无
B29: enbip | C29: string | D29: ENB的IPv4或IPv6地址 | E29: A | F29: enbip | G29: 直取 | J29: 维度 | K29: 无 | L29: 无
B30: apn | C30: string | D30: 网络接入标识 | E30: A | F30: apn | G30: 直取 | J30: 维度 | K30: 无 | L30: 无
B31: servicetype | C31: int | D31: 业务应用 | E31: A | F31: servicetype | G31: 直取 | J31: 维度 | K31: 无 | L31: 无
B32: outputoctets_sum | C32: bigint | D32: 上行流量(byte) | E32: A | G32: sum(outputoctets) | J32: 指标 | K32: byte | L32: >=0
B33: inputoctets_sum | C33: bigint | D33: 下行流量(byte) | E33: A | G33: sum(inputoctets) | J33: 指标 | K33: byte | L33: >=0
B34: outputoctets_above500_sum | C34: bigint | D34: 上行流量(byte)-大于500KB | E34: A | G34: sum(outputoctets_above500) | J34: 指标 | K34: byte | L34: >=0
B35: outputoctets_above500_cnt_sum | C35: bigint | D35: 上行大包条数(>=500KB) | E35: A | G35: sum(outputoctets_above500_cnt) | J35: 指标 | K35: 无 | L35: >=0
B36: outputoctets_above500_highdelay_sum | C36: bigint | D36: 上行大包高时延条数（>100ms） | E36: A | G36: sum(outputoctets_above500_highdelay_cnt) | J36: 指标 | K36: 无 | L36: >=0
B37: inputoctets_above500_sum | C37: bigint | D37: 下行流量(byte)-大于500KB | E37: A | G37: sum(inputoctets_above500) | J37: 指标 | K37: byte | L37: >=0
B38: inputoctets_above500_cnt_sum | C38: bigint | D38: 下行大包条数(>=500KB) | E38: A | G38: sum(inputoctets_above500_cnt) | J38: 指标 | K38: 无 | L38: >=0
B39: inputoctets_above500_highdelay_sum | C39: bigint | D39: 下行大包高时延条数（>100ms） | E39: A | G39: sum(inputoctets_above500_highdelay_cnt) | J39: 指标 | K39: 无 | L39: >=0
B40: inputpacket_sum | C40: bigint | D40: 发给用户的业务数据包数量 | E40: A | G40: sum(inputpacket) | J40: 指标 | K40: 无 | L40: >=0
B41: outputpacket_sum | C41: bigint | D41: 用户发出的业务数据包数量 | E41: A | G41: sum(outputpacket) | J41: 指标 | K41: 无 | L41: >=0
B42: ultcpreorderingpacket_sum | C42: bigint | D42: 上行TCP乱序报文数，L4协议，非TCP传输时，此字段填0 | E42: A | G42: sum(ultcpreorderingpacket) | J42: 指标 | K42: 无 | L42: >=0
B43: dltcpreorderingpacket_sum | C43: bigint | D43: 下行TCP乱序报文数，非TCP传输时，此字段填0 | E43: A | G43: sum(dltcpreorderingpacket) | J43: 指标 | K43: 无 | L43: >=0
... B120: http_510_cnt | C120: bigint | D120: HTTP结果为510次数 | E120: A | G120: sum(case when httpstatus = 510 then http_req_cnt else 0 end) | J120: 指标 | K120: 无 | L120: >=0
B121: p_provincecode | C121: int | D121: 省分区
B122: p_date | C122: string | D122: 天分区
B123: p_hour | C123: int | D123: 小时分区

Sheet 5
B1: =HYPERLINK("#导航!a2","返回") -> 返回
B3: 目标表基本信息描述
B4: 主题域 | C4: 目标表英文名 | D4: 目标表中文名 | E4: 数据频度 | F4: 模型主键 | G4: 数据描述 | H4: 推送数据库
B5: 数据感知 | C5: aggr_lte_dpi_http_usrappcel_h | D5: 4G_DPI_http用户小区app维度小时表 | E5: hour
B7: 源表基本信息描述
B8: 来源系统 | C8: 源表英文名 | D8: 源表中文名 | E8: 别名 | F8: 任务描述 | G8: 备注 | H8: 是否主表
C9: aggr_lte_dpi_http_base_h | D9: 4G_DPI_http基础维度小时表 | E9: A | H9: 是
B11: 详细字段信息
B12: 详细字段信息
B13: PDM字段英文名 | C13: PDM字段类型 | D13: PDM字段中文名（说明） | E13: 源表名 | F13: 源字段英文名 | G13: 算法加工逻辑 | H13: 关联与过滤条件 | I13: 备注 | J13: 字段属性 | K13: 单位 | L13: 取值范围
B14: day | C14: string | D14: 日期 | E14: A | F14: p_date | G14: 直取 | J14: 维度 | K14: 无 | L14: yyyy-mm-dd
B15: hour | C15: int | D15: 小时 | E15: A | F15: p_hour | G15: 直取 | J15: 维度 | K15: 无 | L15: 0~23
B16: interface | C16: int | D16: 接口类型 | E16: A | F16: interface | G16: 直取 | J16: 维度 | K16: 无 | L16: <=101
B17: rattype | C17: int | D17: 网络类型（4G：6；5G：10） | E17: A | F17: rattype | G17: 直取 | J17: 维度 | K17: 无 | L17: 6,10
B18: provincecode | C18: int | D18: 省编码 | E18: A | F18: p_provincecode | G18: 直取 | J18: 维度 | K18: 无 | L18: 6位数编码
B19: citycode | C19: int | D19: 市编码 | E19: A | F19: citycode | G19: 直取 | J19: 维度 | K19: 无 | L19: 6位数编码
B20: districtcode | C20: int | D20: 区编码 | E20: A | F20: districtcode | G20: 直取 | J20: 维度 | K20: 无 | L20: 6位数编码
B21: province | C21: string | D21: 省名称 | E21: A | F21: province | G21: 直取 | J21: 维度 | K21: 无 | L21: 无
B22: city | C22: string | D22: 地市名称 | E22: A | F22: city | G22: 直取 | J22: 维度 | K22: 无 | L22: 无
B23: district | C23: string | D23: 区县名称 | E23: A | F23: district | G23: 直取 | J23: 维度 | K23: 无 | L23: 无
B24: cellkey | C24: string | D24: 小区cellkey | E24: A | F24: cellkey | G24: 直取 | J24: 维度 | K24: 无 | L24: 无
B25: imsi | C25: string | D25: 用户imsi | E25: A | F25: imsi | G25: 直取 | J25: 维度 | K25: 无 | L25: 无
... B30: home_province | C30: string | D30: 归属省份 | E30: A | F30: home_province | G30: 直取 | J30: 维度 | K30: 无 | L30: 6位数编码
B31: abnormal_cnt | C31: bigint | D31: 质差话单数量 | E31: A | G31: sum(abnormal_cnt) | J31: 指标 | K31: 无 | L31: >=0
B32: record_cnt | C32: bigint | D32: 记录数 | E32: A | G32: sum(record_cnt) | J32: 指标 | K32: 无 | L32: >=0
B33: speedlimit_cnt | C33: bigint | D33: 限速记录数 | E33: A | G33: sum(speedlimit_cnt) | J33: 指标 | K33: 无 | L33: >=0
B34: duration | C34: bigint | D34: 持续时间，单位毫秒 | E34: A | G34: sum(duration) | J34: 指标 | K34: ms | L34: >=0
B35: outputoctets | C35: bigint | D35: 上行流量(byte) | E35: A | G35: sum(outputoctets) | J35: 指标 | K35: byte | L35: >=0
B36: inputoctets | C36: bigint | D36: 下行流量(byte) | E36: A | G36: sum(inputoctets) | J36: 指标 | K36: byte | L36: >=0
B37: outputoctets_above500 | C37: bigint | D37: 上行大包业务流量(>=500KB) | E37: A | G37: sum(outputoctets_above500) | J37: 指标 | K37: byte | L37: >=0
B38: outputoctets_above500_cnt | C38: bigint | D38: 上行大包条数(>=500KB) | E38: A | G38: sum(outputoctets_above500_cnt) | J38: 指标 | K38: 无 | L38: >=0
B39: outputoctets_above500_highdelay_cnt | C39: bigint | D39: 上行大包高时延条数（>100ms） | E39: A | G39: sum(outputoctets_above500_highdelay_cnt) | J39: 指标 | K39: 无 | L39: >=0
B40: inputoctets_above500 | C40: bigint | D40: 下行大包业务流量(>=500KB) | E40: A | G40: sum(inputoctets_above500) | J40: 指标 | K40: byte | L40: >=0
B41: inputoctets_above500_cnt | C41: bigint | D41: 下行大包条数(>=500KB) | E41: A | G41: sum(inputoctets_above500_cnt) | J41: 指标 | K41: 无 | L41: >=0
B42: inputoctets_above500_highdelay_cnt | C42: bigint | D42: 下行大包高时延条数（>100ms） | E42: A | G42: sum(inputoctets_above500_highdelay_cnt) | J42: 指标 | K42: 无 | L42: >=0
... B132: wellgamedelay_cnt | C132: bigint | D132: 游戏交互时延良好次数 | E132: A | G132: sum(wellgamedelay_cnt) | J132: 指标 | K132: 无 | L132: >=0
B133: min_starttime | C133: string | D133: 最小开始时间 | E133: A | G133: min(min_starttime) | I133: 20250415101139 | J133: 指标 | K133: 无 | L133: >0
B134: max_endtime | C134: string | D134: 最大结束时间 | E134: A | G134: max(max_endtime) | I134: 20250415101024 | J134: 指标 | K134: 无 | L134: >0
B135: p_provincecode | C135: int | D135: 省分区
B136: p_date | C136: string | D136: 天分区
B137: p_hour | C137: int | D137: 小时分区

Sheet 6
B1: =HYPERLINK("#导航!a2","返回") -> 返回
B3: 目标表基本信息描述
B4: 主题域 | C4: 目标表英文名 | D4: 目标表中文名 | E4: 数据频度 | F4: 模型主键 | G4: 数据描述 | H4: 推送数据库
B5: 数据感知 | C5: aggr_lte_dpi_http_usrapp_h | D5: 4G_DPI_http用户app维度小时表 | E5: hour
B7: 源表基本信息描述
B8: 来源系统 | C8: 源表英文名 | D8: 源表中文名 | E8: 别名 | F8: 任务描述 | G8: 备注 | H8: 是否主表
C9: aggr_lte_dpi_http_usrappcel_h | D9: 4G_DPI_http用户小区app维度小时表 | E9: A | H9: 是
B11: 详细字段信息
B12: 详细字段信息
B13: PDM字段英文名 | C13: PDM字段类型 | D13: PDM字段中文名（说明） | E13: 源表名 | F13: 源字段英文名 | G13: 算法加工逻辑 | H13: 关联与过滤条件 | I13: 备注 | J13: 字段属性 | K13: 单位 | L13: 取值范围
B14: day | C14: string | D14: 日期 | E14: A | F14: p_date | G14: 直取 | J14: 维度 | K14: 无 | L14: yyyy-mm-dd
B15: hour | C15: int | D15: 小时 | E15: A | F15: p_hour | G15: 直取 | J15: 维度 | K15: 无 | L15: 0~23
B16: interface | C16: int | D16: 接口类型 | E16: A | F16: interface | G16: 直取 | J16: 维度 | K16: 无 | L16: <=101
B17: rattype | C17: int | D17: 网络类型（4G：6；5G：10） | E17: A | F17: rattype | G17: 直取 | J17: 维度 | K17: 无 | L17: 6,10
B18: provincecode | C18: int | D18: 省编码 | E18: A | F18: p_provincecode | G18: 直取 | J18: 维度 | K18: 无 | L18: 6位数编码
B19: citycode | C19: int | D19: 市编码 | E19: A | F19: citycode | G19: 直取 | J19: 维度 | K19: 无 | L19: 6位数编码
B20: districtcode | C20: int | D20: 区编码 | E20: A | F20: districtcode | G20: 直取 | J20: 维度 | K20: 无 | L20: 6位数编码
B21: province | C21: string | D21: 省名称 | E21: A | F21: province | G21: 直取 | J21: 维度 | K21: 无 | L21: 无
B22: city | C22: string | D22: 地市名称 | E22: A | F22: city | G22: 直取 | J22: 维度 | K22: 无 | L22: 无
B23: district | C23: string | D23: 区县名称 | E23: A | F23: district | G23: 直取 | J23: 维度 | K23: 无 | L23: 无
B24: imsi | C24: string | D24: 用户imsi | E24: A | F24: imsi | G24: 直取 | J24: 维度 | K24: 无 | L24: 无
B25: msisdn | C25: string | D25: 用户号码 | E25: A | F25: msisdn | G25: 直取 | J25: 维度 | K25: 无 | L25: 无
... B29: home_province | C29: string | D29: 归属省份 | E29: A | F29: home_province | G29: 直取 | J29: 维度 | K29: 无 | L29: 6位数编码
B30: abnormal_cnt | C30: bigint | D30: 质差话单数量 | E30: A | G30: sum(abnormal_cnt) | J30: 指标 | K30: 无 | L30: >=0
B31: record_cnt | C31: bigint | D31: 记录数 | E31: A | G31: sum(record_cnt) | J31: 指标 | K31: 无 | L31: >=0
B32: speedlimit_cnt | C32: bigint | D32: 限速记录数 | E32: A | G32: sum(speedlimit_cnt) | J32: 指标 | K32: 无 | L32: >=0
B33: duration | C33: bigint | D33: 持续时间，单位毫秒 | E33: A | G33: sum(duration) | J33: 指标 | K33: ms | L33: >=0
B34: outputoctets | C34: bigint | D34: 上行流量(byte) | E34: A | G34: sum(outputoctets) | J34: 指标 | K34: byte | L34: >=0
B35: inputoctets | C35: bigint | D35: 下行流量(byte) | E35: A | G35: sum(inputoctets) | J35: 指标 | K35: byte | L35: >=0
B36: outputoctets_above500 | C36: bigint | D36: 上行大包业务流量(>=500KB) | E36: A | G36: sum(outputoctets_above500) | J36: 指标 | K36: byte | L36: >=0
B37: outputoctets_above500_cnt | C37: bigint | D37: 上行大包条数(>=500KB) | E37: A | G37: sum(outputoctets_above500_cnt) | J37: 指标 | K37: 无 | L37: >=0
B38: outputoctets_above500_highdelay_cnt | C38: bigint | D38: 上行大包高时延条数（>100ms） | E38: A | G38: sum(outputoctets_above500_highdelay_cnt) | J38: 指标 | K38: 无 | L38: >=0
B39: inputoctets_above500 | C39: bigint | D39: 下行大包业务流量(>=500KB) | E39: A | G39: sum(inputoctets_above500) | J39: 指标 | K39: byte | L39: >=0
B40: inputoctets_above500_cnt | C40: bigint | D40: 下行大包条数(>=500KB) | E40: A | G40: sum(inputoctets_above500_cnt) | J40: 指标 | K40: 无 | L40: >=0
B41: inputoctets_above500_highdelay_cnt | C41: bigint | D41: 下行大包高时延条数（>100ms） | E41: A | G41: sum(inputoctets_above500_highdelay_cnt) | J41: 指标 | K41: 无 | L41: >=0
... B131: wellgamedelay_cnt | C131: bigint | D131: 游戏交互时延良好次数 | E131: A | G131: sum(wellgamedelay_cnt) | J131: 指标 | K131: 无 | L131: >=0
B132: min_starttime | C132: string | D132: 最小开始时间 | E132: A | G132: min(min_starttime) | I132: 20250415101139 | J132: 指标 | K132: 无 | L132: >0
B133: max_endtime | C133: string | D133: 最大结束时间 | E133: A | G133: max(max_endtime) | I133: 20250415101024 | J133: 指标 | K133: 无 | L133: >0
B134: p_provincecode | C134: int | D134: 省分区
B135: p_date | C135: string | D135: 天分区
B136: p_hour | C136: int | D136: 小时分区

Sheet 7
B1: =HYPERLINK("#导航!a2","返回") -> 返回
B3: 目标表基本信息描述
B4: 主题域 | C4: 目标表英文名 | D4: 目标表中文名 | E4: 数据频度 | F4: 模型主键 | G4: 数据描述 | H4: 推送数据库
B5: 数据感知 | C5: aggr_lte_dpi_http_usrapp_d | D5: 4G_DPI_http用户app维度天表 | E5: day
B7: 源表基本信息描述
B8: 来源系统 | C8: 源表英文名 | D8: 源表中文名 | E8: 别名 | F8: 任务描述 | G8: 备注 | H8: 是否主表
C9: aggr_lte_dpi_http_usrapp_h | D9: 4G_DPI_http用户app维度小时表 | E9: A | H9: 是
B11: 详细字段信息
B12: 详细字段信息
B13: PDM字段英文名 | C13: PDM字段类型 | D13: PDM字段中文名（说明） | E13: 源表名 | F13: 源字段英文名 | G13: 算法加工逻辑 | H13: 关联与过滤条件 | I13: 备注 | J13: 字段属性 | K13: 单位 | L13: 取值范围
B14: day | C14: string | D14: 日期 | E14: A | F14: p_date | G14: 直取 | J14: 维度 | K14: 无 | L14: yyyy-mm-dd
B15: interface | C15: int | D15: 接口类型 | E15: A | F15: interface | G15: 直取 | J15: 维度 | K15: 无 | L15: <=101
B16: rattype | C16: int | D16: 网络类型（4G：6；5G：10） | E16: A | F16: rattype | G16: 直取 | J16: 维度 | K16: 无 | L16: 6,10
B17: provincecode | C17: int | D17: 省编码 | E17: A | F17: p_provincecode | G17: 直取 | J17: 维度 | K17: 无 | L17: 6位数编码
B18: citycode | C18: int | D18: 市编码 | E18: A | F18: citycode | G18: 直取 | J18: 维度 | K18: 无 | L18: 6位数编码
B19: districtcode | C19: int | D19: 区编码 | E19: A | F19: districtcode | G19: 直取 | J19: 维度 | K19: 无 | L19: 6位数编码
B20: province | C20: string | D20: 省名称 | E20: A | F20: province | G20: 直取 | J20: 维度 | K20: 无 | L20: 无
B21: city | C21: string | D21: 地市名称 | E21: A | F21: city | G21: 直取 | J21: 维度 | K21: 无 | L21: 无
B22: district | C22: string | D22: 区县名称 | E22: A | F22: district | G22: 直取 | J22: 维度 | K22: 无 | L22: 无
B23: imsi | C23: string | D23: 用户imsi | E23: A | F23: imsi | G23: 直取 | J23: 维度 | K23: 无 | L23: 无
B24: msisdn | C24: string | D24: 用户号码 | E24: A | F24: msisdn | G24: 直取 | J24: 维度 | K24: 无 | L24: 无
B25: imei | C25: string | D25: 用户终端 | E25: A | F25: imei | G25: 直取 | J25: 维度 | K25: 无 | L25: 无
... B28: home_province | C28: string | D28: 归属省份 | E28: A | F28: home_province | G28: 直取 | J28: 维度 | K28: 无 | L28: 6位数编码
B29: abnormal_cnt | C29: bigint | D29: 质差话单数量 | E29: A | G29: sum(abnormal_cnt) | J29: 指标 | K29: 无 | L29: >=0
B30: record_cnt | C30: bigint | D30: 记录数 | E30: A | G30: sum(record_cnt) | J30: 指标 | K30: 无 | L30: >=0
B31: speedlimit_cnt | C31: bigint | D31: 限速记录数 | E31: A | G31: sum(speedlimit_cnt) | J31: 指标 | K31: 无 | L31: >=0
B32: duration | C32: bigint | D32: 持续时间，单位毫秒 | E32: A | G32: sum(duration) | J32: 指标 | K32: ms | L32: >=0
B33: outputoctets | C33: bigint | D33: 上行流量(byte) | E33: A | G33: sum(outputoctets) | J33: 指标 | K33: byte | L33: >=0
B34: inputoctets | C34: bigint | D34: 下行流量(byte) | E34: A | G34: sum(inputoctets) | J34: 指标 | K34: byte | L34: >=0
B35: outputoctets_above500 | C35: bigint | D35: 上行大包业务流量(>=500KB) | E35: A | G35: sum(outputoctets_above500) | J35: 指标 | K35: byte | L35: >=0
B36: outputoctets_above500_cnt | C36: bigint | D36: 上行大包条数(>=500KB) | E36: A | G36: sum(outputoctets_above500_cnt) | J36: 指标 | K36: 无 | L36: >=0
B37: outputoctets_above500_highdelay_cnt | C37: bigint | D37: 上行大包高时延条数（>100ms） | E37: A | G37: sum(outputoctets_above500_highdelay_cnt) | J37: 指标 | K37: 无 | L37: >=0
B38: inputoctets_above500 | C38: bigint | D38: 下行大包业务流量(>=500KB) | E38: A | G38: sum(inputoctets_above500) | J38: 指标 | K38: byte | L38: >=0
B39: inputoctets_above500_cnt | C39: bigint | D39: 下行大包条数(>=500KB) | E39: A | G39: sum(inputoctets_above500_cnt) | J39: 指标 | K39: 无 | L39: >=0
B40: inputoctets_above500_highdelay_cnt | C40: bigint | D40: 下行大包高时延条数（>100ms） | E40: A | G40: sum(inputoctets_above500_highdelay_cnt) | J40: 指标 | K40: 无 | L40: >=0
... B130: wellgamedelay_cnt | C130: bigint | D130: 游戏交互时延良好次数 | E130: A | G130: sum(wellgamedelay_cnt) | J130: 指标 | K130: 无 | L130: >=0
B131: min_starttime | C131: string | D131: 最小开始时间 | E131: A | G131: min(min_starttime) | I131: 20250415101139 | J131: 指标 | K131: 无 | L131: >0
B132: max_endtime | C132: string | D132: 最大结束时间 | E132: A | G132: max(max_endtime) | I132: 20250415101024 | J132: 指标 | K132: 无 | L132: >0
B133: p_provincecode | C133: int | D133: 省分区
B134: p_date | C134: string | D134: 天分区

Sheet 8
B1: =HYPERLINK("#导航!a2","返回") -> 返回
B3: 目标表基本信息描述
B4: 主题域 | C4: 目标表英文名 | D4: 目标表中文名 | E4: 数据频度 | F4: 模型主键 | G4: 数据描述 | H4: 推送数据库
B5: 数据感知 | C5: aggr_lte_iov_http_usrappcel_refactor_h | D5: 4G_DPI_http车联网用户小区app维度小时表 | E5: hour
B7: 源表基本信息描述
B8: 来源系统 | C8: 源表英文名 | D8: 源表中文名 | E8: 别名 | F8: 任务描述 | G8: 备注 | H8: 是否主表
C9: aggr_lte_dpi_http_usrappcel_h | D9: 4G_DPI_http用户小区app维度小时表 | E9: A | H9: 是
C10: cfg_dpi_servicetype | D10: DPI业务码表 | E10: B | F10: A left join B，关联条件：A.servicetype = B.servicetype
C11: cfg_iov_usr_list | D11: 车联网用户清单配置表 | E11: C | F11: A inner join C，关联条件：A.msisdn = C.msisdn
B13: 详细字段信息
B14: 详细字段信息
B15: PDM字段英文名 | C15: PDM字段类型 | D15: PDM字段中文名（说明） | E15: 源表名 | F15: 源字段英文名 | G15: 算法加工逻辑 | H15: 关联与过滤条件 | I15: 备注 | J15: 字段属性 | K15: 单位 | L15: 取值范围
B16: day | C16: string | D16: 日期 | E16: A | F16: p_date | G16: 直取 | J16: 维度 | K16: 无 | L16: 无
B17: hour | C17: int | D17: 小时 | E17: A | F17: p_hour | G17: 直取 | J17: 维度 | K17: 无 | L17: 无
B18: provincecode | C18: int | D18: 省编码 | E18: A | F18: p_provincecode | G18: 直取 | J18: 维度 | K18: 无 | L18: 无
B19: citycode | C19: int | D19: 市编码 | E19: A | F19: citycode | G19: 直取 | J19: 维度 | K19: 无 | L19: 无
B20: districtcode | C20: int | D20: 区县编码 | E20: A | F20: districtcode | G20: 直取 | J20: 维度 | K20: 无 | L20: 无
B21: cellkey | C21: string | D21: 小区唯一标识："小区基站号"_"小区编号" | E21: A | F21: cellkey | G21: 直取 | J21: 维度 | K21: 无 | L21: 无
B22: imsi | C22: string | D22: 国际移动用户识别码 | E22: A | F22: imsi | G22: 直取 | J22: 维度 | K22: 无 | L22: 无
B23: msisdn | C23: string | D23: 用户号码 | E23: A | F23: msisdn | G23: 直取 | J23: 维度 | K23: 无 | L23: 无
B24: imei | C24: string | D24: 终端识别码 | E24: A | F24: imei | G24: 直取 | J24: 维度 | K24: 无 | L24: 无
B25: servicetype | C25: string | D25: 业务应用分类ID | E25: A | F25: servicetype | G25: 直取 | J25: 维度 | K25: 无 | L25: 无
B26: app_type | C26: string | D26: 业务应用大类 | E26: A | G26: substr(servicetype,1,2) | J26: 维度 | K26: 无 | L26: 无
B27: app_name | C27: string | D27: 业务名称 | E27: B | F27: servicetype_name | G27: 直取 | J27: 维度 | K27: 无 | L27: 无
B28: min_starttime | C28: string | D28: 最小开始时间 | E28: A | G28: min(min_starttime) | J28: 指标 | K28: 无 | L28: 无
B29: max_endtime | C29: string | D29: 最大结束时间 | E29: A | G29: max(max_endtime) | J29: 指标 | K29: 无 | L29: 无
B30: total_cnt | C30: bigint | D30: 总话单数 | E30: A | G30: sum(record_cnt) | J30: 指标 | K30: 无 | L30: >=0
B31: abnormal_cnt | C31: bigint | D31: 总质差话单数 | E31: A | G31: sum(abnormal_cnt) | J31: 指标 | K31: 无 | L31: >=0
B32: abnormal_rate | C32: double | D32: 总质差话单占比 | E32: A | G32: sum(abnormal_cnt)/sum(record_cnt) | J32: 指标 | K32: 无 | L32: [0,1]
B33: duration | C33: bigint | D33: 业务时长(ms) | E33: A | G33: sum(duration) | J33: 指标 | K33: ms | L33: >=0
B34: flux | C34: bigint | D34: 业务流量(byte) | E34: A | G34: sum(nvl(outputoctets,0)+nvl(inputoctets,0)) | J34: 指标 | K34: byte | L34: >=0
B35: p_provincecode | C35: int | D35: 省分区
B36: p_date | C36: string | D36: 天分区
B37: p_hour | C37: int | D37: 小时分区

Sheet 9
B1: =HYPERLINK("#导航!a2","返回") -> 返回
B3: 目标表基本信息描述
B4: 主题域 | C4: 目标表英文名 | D4: 目标表中文名 | E4: 数据频度 | F4: 模型主键 | G4: 数据描述 | H4: 推送数据库
B5: 数据感知 | C5: aggr_lte_dpi_http_appcel_h | D5: 4G_DPI_http小区app维度小时表 | E5: hour
B7: 源表基本信息描述
B8: 来源系统 | C8: 源表英文名 | D8: 源表中文名 | E8: 别名 | F8: 任务描述 | G8: 备注 | H8: 是否主表
C9: aggr_lte_dpi_http_usrappcel_h | D9: 4G_DPI_http用户小区app维度小时表 | E9: A | H9: 是
B11: 详细字段信息
B12: 详细字段信息
B13: PDM字段英文名 | C13: PDM字段类型 | D13: PDM字段中文名（说明） | E13: 源表名 | F13: 源字段英文名 | G13: 算法加工逻辑 | H13: 关联与过滤条件 | I13: 备注 | J13: 字段属性 | K13: 单位 | L13: 取值范围
B14: day | C14: string | D14: 日期 | E14: A | F14: p_date | G14: 直取 | J14: 维度 | K14: 无 | L14: yyyy-mm-dd
B15: hour | C15: int | D15: 小时 | E15: A | F15: p_hour | G15: 直取 | J15: 维度 | K15: 无 | L15: 0~23
B16: interface | C16: int | D16: 接口类型 | E16: A | F16: interface | G16: 直取 | J16: 维度 | K16: 无 | L16: <=101
B17: rattype | C17: int | D17: 网络类型（4G：6；5G：10） | E17: A | F17: rattype | G17: 直取 | J17: 维度 | K17: 无 | L17: 6,10
B18: provincecode | C18: int | D18: 省编码 | E18: A | F18: p_provincecode | G18: 直取 | J18: 维度 | K18: 无 | L18: 6位数编码
B19: citycode | C19: int | D19: 市编码 | E19: A | F19: citycode | G19: 直取 | J19: 维度 | K19: 无 | L19: 6位数编码
B20: districtcode | C20: int | D20: 区编码 | E20: A | F20: districtcode | G20: 直取 | J20: 维度 | K20: 无 | L20: 6位数编码
B21: province | C21: string | D21: 省名称 | E21: A | F21: province | G21: 直取 | J21: 维度 | K21: 无 | L21: 无
B22: city | C22: string | D22: 地市名称 | E22: A | F22: city | G22: 直取 | J22: 维度 | K22: 无 | L22: 无
B23: district | C23: string | D23: 区县名称 | E23: A | F23: district | G23: 直取 | J23: 维度 | K23: 无 | L23: 无
B24: cellkey | C24: string | D24: 小区cellkey | E24: A | F24: cellkey | G24: 直取 | J24: 维度 | K24: 无 | L24: 无
B25: servicetype | C25: string | D25: 业务应用 | E25: A | F25: servicetype | G25: 直取 | J25: 维度 | K25: 无 | L25: 无
B26: business_type | C26: string | D26: 业务类型（im、web、game、video、other） | E26: A | F26: business_type | G26: 直取 | J26: 维度 | K26: 无 | L26: im,web,game,video,other
B27: abnormal_cnt | C27: bigint | D27: 质差话单数量 | E27: A | G27: sum(abnormal_cnt) | J27: 指标 | K27: 无 | L27: >=0
B28: record_cnt | C28: bigint | D28: 记录数 | E28: A | G28: sum(record_cnt) | J28: 指标 | K28: 无 | L28: >=0
B29: speedlimit_cnt | C29: bigint | D29: 限速记录数 | E29: A | G29: sum(speedlimit_cnt) | J29: 指标 | K29: 无 | L29: >=0
B30: duration | C30: bigint | D30: 持续时间，单位毫秒 | E30: A | G30: sum(duration) | J30: 指标 | K30: ms | L30: >=0
B31: outputoctets | C31: bigint | D31: 上行流量(byte) | E31: A | G31: sum(outputoctets) | J31: 指标 | K31: byte | L31: >=0
B32: inputoctets | C32: bigint | D32: 下行流量(byte) | E32: A | G32: sum(inputoctets) | J32: 指标 | K32: byte | L32: >=0
B33: outputoctets_above500 | C33: bigint | D33: 上行大包业务流量(>=500KB) | E33: A | G33: sum(outputoctets_above500) | J33: 指标 | K33: byte | L33: >=0
B34: outputoctets_above500_cnt | C34: bigint | D34: 上行大包条数(>=500KB) | E34: A | G34: sum(outputoctets_above500_cnt) | J34: 指标 | K34: 无 | L34: >=0
B35: outputoctets_above500_highdelay_cnt | C35: bigint | D35: 上行大包高时延条数（>100ms） | E35: A | G35: sum(outputoctets_above500_highdelay_cnt) | J35: 指标 | K35: 无 | L35: >=0
B36: inputoctets_above500 | C36: bigint | D36: 下行大包业务流量(>=500KB) | E36: A | G36: sum(inputoctets_above500) | J36: 指标 | K36: byte | L36: >=0
B37: inputoctets_above500_cnt | C37: bigint | D37: 下行大包条数(>=500KB) | E37: A | G37: sum(inputoctets_above500_cnt) | J37: 指标 | K37: 无 | L37: >=0
B38: inputoctets_above500_highdelay_cnt | C38: bigint | D38: 下行大包高时延条数（>100ms） | E38: A | G38: sum(inputoctets_above500_highdelay_cnt) | J38: 指标 | K38: 无 | L38: >=0
... B128: wellgamedelay_cnt | C128: bigint | D128: 游戏交互时延良好次数 | E128: A | G128: sum(wellgamedelay_cnt) | J128: 指标 | K128: 无 | L128: >=0
B129: min_starttime | C129: string | D129: 最小开始时间 | E129: A | G129: min(min_starttime) | I129: 20250415101139 | J129: 指标 | K129: 无 | L129: >0
B130: max_endtime | C130: string | D130: 最大结束时间 | E130: A | G130: max(max_endtime) | I130: 20250415101024 | J130: 指标 | K130: 无 | L130: >0
B131: p_provincecode | C131: int | D131: 省分区
B132: p_date | C132: string | D132: 天分区
B133: p_hour | C133: int | D133: 小时分区

Sheet 10
B1: =HYPERLINK("#导航!a2","返回") -> 返回
B3: 目标表基本信息描述
B4: 主题域 | C4: 目标表英文名 | D4: 目标表中文名 | E4: 数据频度 | F4: 模型主键 | G4: 数据描述 | H4: 推送数据库
B5: 数据感知 | C5: aggr_lte_dpi_http_appcel_d | D5: 4G_DPI_http小区app维度天表 | E5: day
B7: 源表基本信息描述
B8: 来源系统 | C8: 源表英文名 | D8: 源表中文名 | E8: 别名 | F8: 任务描述 | G8: 备注 | H8: 是否主表
C9: aggr_lte_dpi_http_appcel_h | D9: 4G_DPI_http小区app维度小时表 | E9: A | H9: 是
B11: 详细字段信息
B12: 详细字段信息
B13: PDM字段英文名 | C13: PDM字段类型 | D13: PDM字段中文名（说明） | E13: 源表名 | F13: 源字段英文名 | G13: 算法加工逻辑 | H13: 关联与过滤条件 | I13: 备注 | J13: 字段属性 | K13: 单位 | L13: 取值范围
B14: day | C14: string | D14: 日期 | E14: A | F14: p_date | G14: 直取 | J14: 维度 | K14: 无 | L14: yyyy-mm-dd
B15: interface | C15: int | D15: 接口类型 | E15: A | F15: interface | G15: 直取 | J15: 维度 | K15: 无 | L15: <=101
B16: rattype | C16: int | D16: 网络类型（4G：6；5G：10） | E16: A | F16: rattype | G16: 直取 | J16: 维度 | K16: 无 | L16: 6,10
B17: provincecode | C17: int | D17: 省编码 | E17: A | F17: p_provincecode | G17: 直取 | J17: 维度 | K17: 无 | L17: 6位数编码
B18: citycode | C18: int | D18: 市编码 | E18: A | F18: citycode | G18: 直取 | J18: 维度 | K18: 无 | L18: 6位数编码
B19: districtcode | C19: int | D19: 区编码 | E19: A | F19: districtcode | G19: 直取 | J19: 维度 | K19: 无 | L19: 6位数编码
B20: province | C20: string | D20: 省名称 | E20: A | F20: province | G20: 直取 | J20: 维度 | K20: 无 | L20: 无
B21: city | C21: string | D21: 地市名称 | E21: A | F21: city | G21: 直取 | J21: 维度 | K21: 无 | L21: 无
B22: district | C22: string | D22: 区县名称 | E22: A | F22: district | G22: 直取 | J22: 维度 | K22: 无 | L22: 无
B23: cellkey | C23: string | D23: 小区cellkey | E23: A | F23: cellkey | G23: 直取 | J23: 维度 | K23: 无 | L23: 无
B24: servicetype | C24: string | D24: 业务应用 | E24: A | F24: servicetype | G24: 直取 | J24: 维度 | K24: 无 | L24: 无
B25: business_type | C25: string | D25: 业务类型（im、web、game、video、other） | E25: A | F25: business_type | G25: 直取 | J25: 维度 | K25: 无 | L25: im,web,game,video,other
B26: abnormal_cnt | C26: bigint | D26: 质差话单数量 | E26: A | G26: sum(abnormal_cnt) | J26: 指标 | K26: 无 | L26: >=0
B27: record_cnt | C27: bigint | D27: 记录数 | E27: A | G27: sum(record_cnt) | J27: 指标 | K27: 无 | L27: >=0
B28: speedlimit_cnt | C28: bigint | D28: 限速记录数 | E28: A | G28: sum(speedlimit_cnt) | J28: 指标 | K28: 无 | L28: >=0
B29: duration | C29: bigint | D29: 持续时间，单位毫秒 | E29: A | G29: sum(duration) | J29: 指标 | K29: ms | L29: >=0
B30: outputoctets | C30: bigint | D30: 上行流量(byte) | E30: A | G30: sum(outputoctets) | J30: 指标 | K30: byte | L30: >=0
B31: inputoctets | C31: bigint | D31: 下行流量(byte) | E31: A | G31: sum(inputoctets) | J31: 指标 | K31: byte | L31: >=0
B32: outputoctets_above500 | C32: bigint | D32: 上行大包业务流量(>=500KB) | E32: A | G32: sum(outputoctets_above500) | J32: 指标 | K32: byte | L32: >=0
B33: outputoctets_above500_cnt | C33: bigint | D33: 上行大包条数(>=500KB) | E33: A | G33: sum(outputoctets_above500_cnt) | J33: 指标 | K33: 无 | L33: >=0
B34: outputoctets_above500_highdelay_cnt | C34: bigint | D34: 上行大包高时延条数（>100ms） | E34: A | G34: sum(outputoctets_above500_highdelay_cnt) | J34: 指标 | K34: 无 | L34: >=0
B35: inputoctets_above500 | C35: bigint | D35: 下行大包业务流量(>=500KB) | E35: A | G35: sum(inputoctets_above500) | J35: 指标 | K35: byte | L35: >=0
B36: inputoctets_above500_cnt | C36: bigint | D36: 下行大包条数(>=500KB) | E36: A | G36: sum(inputoctets_above500_cnt) | J36: 指标 | K36: 无 | L36: >=0
B37: inputoctets_above500_highdelay_cnt | C37: bigint | D37: 下行大包高时延条数（>100ms） | E37: A | G37: sum(inputoctets_above500_highdelay_cnt) | J37: 指标 | K37: 无 | L37: >=0
... B127: wellgamedelay_cnt | C127: bigint | D127: 游戏交互时延良好次数 | E127: A | G127: sum(wellgamedelay_cnt) | J127: 指标 | K127: 无 | L127: >=0
B128: p_provincecode | C128: int | D128: 省分区
B129: p_date | C129: string | D129: 天分区

Sheet 11
B1: =HYPERLINK("#导航!a2","返回") -> 返回
B3: 目标表基本信息描述
B4: 主题域 | C4: 目标表英文名 | D4: 目标表中文名 | E4: 数据频度 | F4: 模型主键 | G4: 数据描述 | H4: 推送数据库
B5: 数据感知 | C5: aggr_lte_dpi_http_cel_d | D5: 4G_DPI_http小区维度天表 | E5: day
B7: 源表基本信息描述
B8: 来源系统 | C8: 源表英文名 | D8: 源表中文名 | E8: 别名 | F8: 任务描述 | G8: 备注 | H8: 是否主表
C9: aggr_lte_dpi_http_appcel_d | D9: 4G_DPI_http小区app维度天表 | E9: A | H9: 是
B11: 详细字段信息
B12: 详细字段信息
B13: PDM字段英文名 | C13: PDM字段类型 | D13: PDM字段中文名（说明） | E13: 源表名 | F13: 源字段英文名 | G13: 算法加工逻辑 | H13: 关联与过滤条件 | I13: 备注 | J13: 字段属性 | K13: 单位 | L13: 取值范围
B14: day | C14: string | D14: 日期 | E14: A | F14: p_date | G14: 直取 | J14: 维度 | K14: 无 | L14: yyyy-mm-dd
B15: interface | C15: int | D15: 接口类型 | E15: A | F15: interface | G15: 直取 | J15: 维度 | K15: 无 | L15: <=101
B16: rattype | C16: int | D16: 网络类型（4G：6；5G：10） | E16: A | F16: rattype | G16: 直取 | J16: 维度 | K16: 无 | L16: 6,10
B17: provincecode | C17: int | D17: 省编码 | E17: A | F17: p_provincecode | G17: 直取 | J17: 维度 | K17: 无 | L17: 6位数编码
B18: citycode | C18: int | D18: 市编码 | E18: A | F18: citycode | G18: 直取 | J18: 维度 | K18: 无 | L18: 6位数编码
B19: districtcode | C19: int | D19: 区编码 | E19: A | F19: districtcode | G19: 直取 | J19: 维度 | K19: 无 | L19: 6位数编码
B20: province | C20: string | D20: 省名称 | E20: A | F20: province | G20: 直取 | J20: 维度 | K20: 无 | L20: 无
B21: city | C21: string | D21: 地市名称 | E21: A | F21: city | G21: 直取 | J21: 维度 | K21: 无 | L21: 无
B22: district | C22: string | D22: 区县名称 | E22: A | F22: district | G22: 直取 | J22: 维度 | K22: 无 | L22: 无
B23: cellkey | C23: string | D23: 小区cellkey | E23: A | F23: cellkey | G23: 直取 | J23: 维度 | K23: 无 | L23: 无
B24: abnormal_cnt | C24: bigint | D24: 质差话单数量 | E24: A | G24: sum(abnormal_cnt) | J24: 指标 | K24: 无 | L24: >=0
B25: record_cnt | C25: bigint | D25: 记录数 | E25: A | G25: sum(record_cnt) | J25: 指标 | K25: 无 | L25: >=0
B26: speedlimit_cnt | C26: bigint | D26: 限速记录数 | E26: A | G26: sum(speedlimit_cnt) | J26: 指标 | K26: 无 | L26: >=0
B27: duration | C27: bigint | D27: 持续时间，单位毫秒 | E27: A | G27: sum(duration) | J27: 指标 | K27: ms | L27: >=0
B28: outputoctets | C28: bigint | D28: 上行流量(byte) | E28: A | G28: sum(outputoctets) | J28: 指标 | K28: byte | L28: >=0
B29: inputoctets | C29: bigint | D29: 下行流量(byte) | E29: A | G29: sum(inputoctets) | J29: 指标 | K29: byte | L29: >=0
B30: outputoctets_above500 | C30: bigint | D30: 上行大包业务流量(>=500KB) | E30: A | G30: sum(outputoctets_above500) | J30: 指标 | K30: byte | L30: >=0
B31: outputoctets_above500_cnt | C31: bigint | D31: 上行大包条数(>=500KB) | E31: A | G31: sum(outputoctets_above500_cnt) | J31: 指标 | K31: 无 | L31: >=0
B32: outputoctets_above500_highdelay_cnt | C32: bigint | D32: 上行大包高时延条数（>100ms） | E32: A | G32: sum(outputoctets_above500_highdelay_cnt) | J32: 指标 | K32: 无 | L32: >=0
B33: inputoctets_above500 | C33: bigint | D33: 下行大包业务流量(>=500KB) | E33: A | G33: sum(inputoctets_above500) | J33: 指标 | K33: byte | L33: >=0
B34: inputoctets_above500_cnt | C34: bigint | D34: 下行大包条数(>=500KB) | E34: A | G34: sum(inputoctets_above500_cnt) | J34: 指标 | K34: 无 | L34: >=0
B35: inputoctets_above500_highdelay_cnt | C35: bigint | D35: 下行大包高时延条数（>100ms） | E35: A | G35: sum(inputoctets_above500_highdelay_cnt) | J35: 指标 | K35: 无 | L35: >=0
... B125: wellgamedelay_cnt | C125: bigint | D125: 游戏交互时延良好次数 | E125: A | G125: sum(wellgamedelay_cnt) | J125: 指标 | K125: 无 | L125: >=0
B126: p_provincecode | C126: int | D126: 省分区
B127: p_date | C127: string | D127: 天分区

Sheet 12
B1: =HYPERLINK("#导航!a2","返回") -> 返回
B3: 目标表基本信息描述
B4: 主题域 | C4: 目标表英文名 | D4: 目标表中文名 | E4: 数据频度 | F4: 模型主键 | G4: 数据描述 | H4: 推送数据库
B5: 数据感知 | C5: aggr_lte_dpi_web_appcel_h | D5: 4G_DPI_web小区app维度小时表 | E5: hour
B7: 源表基本信息描述
B8: 来源系统 | C8: 源表英文名 | D8: 源表中文名 | E8: 别名 | F8: 任务描述 | G8: 备注 | H8: 是否主表
C9: aggr_lte_dpi_http_appcel_h | D9: 4G_DPI_http小区app维度小时表 | E9: A | G9: 过滤条件：business_type='web' | H9: 是
B11: 详细字段信息
B12: 详细字段信息
B13: PDM字段英文名 | C13: PDM字段类型 | D13: PDM字段中文名（说明） | E13: 源表名 | F13: 源字段英文名 | G13: 算法加工逻辑 | H13: 关联与过滤条件 | I13: 备注 | J13: 字段属性 | K13: 单位 | L13: 取值范围
B14: day | C14: string | D14: 日期 | E14: A | F14: p_date | G14: 直取 | J14: 维度 | K14: 无 | L14: yyyy-mm-dd
B15: hour | C15: int | D15: 小时 | E15: A | F15: p_hour | G15: 直取 | J15: 维度 | K15: 无 | L15: 0~23
B16: interface | C16: int | D16: 接口类型 | E16: A | F16: interface | G16: 直取 | J16: 维度 | K16: 无 | L16: <=101
B17: rattype | C17: int | D17: 网络类型（4G：6；5G：10） | E17: A | F17: rattype | G17: 直取 | J17: 维度 | K17: 无 | L17: 6,10
B18: provincecode | C18: int | D18: 省编码 | E18: A | F18: p_provincecode | G18: 直取 | J18: 维度 | K18: 无 | L18: 6位数编码
B19: citycode | C19: int | D19: 市编码 | E19: A | F19: citycode | G19: 直取 | J19: 维度 | K19: 无 | L19: 6位数编码
B20: districtcode | C20: int | D20: 区编码 | E20: A | F20: districtcode | G20: 直取 | J20: 维度 | K20: 无 | L20: 6位数编码
B21: province | C21: string | D21: 省名称 | E21: A | F21: province | G21: 直取 | J21: 维度 | K21: 无 | L21: 无
B22: city | C22: string | D22: 地市名称 | E22: A | F22: city | G22: 直取 | J22: 维度 | K22: 无 | L22: 无
B23: district | C23: string | D23: 区县名称 | E23: A | F23: district | G23: 直取 | J23: 维度 | K23: 无 | L23: 无
B24: cellkey | C24: string | D24: 小区cellkey | E24: A | F24: cellkey | G24: 直取 | J24: 维度 | K24: 无 | L24: 无
B25: servicetype | C25: string | D25: 业务应用 | E25: A | F25: servicetype | G25: 直取 | J25: 维度 | K25: 无 | L25: 无
B26: abnormal_cnt | C26: bigint | D26: 质差话单数量 | E26: A | G26: sum(abnormal_cnt) | J26: 指标 | K26: 无 | L26: >=0
B27: record_cnt | C27: bigint | D27: 记录数 | E27: A | G27: sum(record_cnt) | J27: 指标 | K27: 无 | L27: >=0
B28: speedlimit_cnt | C28: bigint | D28: 限速记录数 | E28: A | G28: sum(speedlimit_cnt) | J28: 指标 | K28: 无 | L28: >=0
B29: duration | C29: bigint | D29: 持续时间，单位毫秒 | E29: A | G29: sum(duration) | J29: 指标 | K29: ms | L29: >=0
B30: outputoctets | C30: bigint | D30: 上行流量(byte) | E30: A | G30: sum(outputoctets) | J30: 指标 | K30: byte | L30: >=0
B31: inputoctets | C31: bigint | D31: 下行流量(byte) | E31: A | G31: sum(inputoctets) | J31: 指标 | K31: byte | L31: >=0
B32: outputoctets_above500 | C32: bigint | D32: 上行大包业务流量(>=500KB) | E32: A | G32: sum(outputoctets_above500) | J32: 指标 | K32: byte | L32: >=0
B33: outputoctets_above500_cnt | C33: bigint | D33: 上行大包条数(>=500KB) | E33: A | G33: sum(outputoctets_above500_cnt) | J33: 指标 | K33: 无 | L33: >=0
B34: outputoctets_above500_highdelay_cnt | C34: bigint | D34: 上行大包高时延条数（>100ms） | E34: A | G34: sum(outputoctets_above500_highdelay_cnt) | J34: 指标 | K34: 无 | L34: >=0
B35: inputoctets_above500 | C35: bigint | D35: 下行大包业务流量(>=500KB) | E35: A | G35: sum(inputoctets_above500) | J35: 指标 | K35: byte | L35: >=0
B36: inputoctets_above500_cnt | C36: bigint | D36: 下行大包条数(>=500KB) | E36: A | G36: sum(inputoctets_above500_cnt) | J36: 指标 | K36: 无 | L36: >=0
B37: inputoctets_above500_highdelay_cnt | C37: bigint | D37: 下行大包高时延条数（>100ms） | E37: A | G37: sum(inputoctets_above500_highdelay_cnt) | J37: 指标 | K37: 无 | L37: >=0
... B124: wellcmpltdelay_cnt | C124: bigint | D124: 打开时延良好次数 | E124: A | G124: sum(wellcmpltdelay_cnt) | J124: 指标 | K124: 无 | L124: >=0
B125: p_provincecode | C125: int | D125: 省分区
B126: p_date | C126: string | D126: 天分区
B127: p_hour | C127: int | D127: 小时分区

Sheet 13
B1: =HYPERLINK("#导航!a2","返回") -> 返回
B3: 目标表基本信息描述
B4: 主题域 | C4: 目标表英文名 | D4: 目标表中文名 | E4: 数据频度 | F4: 模型主键 | G4: 数据描述 | H4: 推送数据库
B5: 数据感知 | C5: aggr_lte_dpi_web_appcel_d | D5: 4G_DPI_web小区app维度天表 | E5: day
B7: 源表基本信息描述
B8: 来源系统 | C8: 源表英文名 | D8: 源表中文名 | E8: 别名 | F8: 任务描述 | G8: 备注 | H8: 是否主表
C9: aggr_lte_dpi_web_appcel_h | D9: 4G_DPI_web小区app维度小时表 | E9: A | H9: 是
B11: 详细字段信息
B12: 详细字段信息
B13: PDM字段英文名 | C13: PDM字段类型 | D13: PDM字段中文名（说明） | E13: 源表名 | F13: 源字段英文名 | G13: 算法加工逻辑 | H13: 关联与过滤条件 | I13: 备注 | J13: 字段属性 | K13: 单位 | L13: 取值范围
B14: day | C14: string | D14: 日期 | E14: A | F14: p_date | G14: 直取 | J14: 维度 | K14: 无 | L14: yyyy-mm-dd
B15: interface | C15: int | D15: 接口类型 | E15: A | F15: interface | G15: 直取 | J15: 维度 | K15: 无 | L15: <=101
B16: rattype | C16: int | D16: 网络类型（4G：6；5G：10） | E16: A | F16: rattype | G16: 直取 | J16: 维度 | K16: 无 | L16: 6,10
B17: provincecode | C17: int | D17: 省编码 | E17: A | F17: p_provincecode | G17: 直取 | J17: 维度 | K17: 无 | L17: 6位数编码
B18: citycode | C18: int | D18: 市编码 | E18: A | F18: citycode | G18: 直取 | J18: 维度 | K18: 无 | L18: 6位数编码
B19: districtcode | C19: int | D19: 区编码 | E19: A | F19: districtcode | G19: 直取 | J19: 维度 | K19: 无 | L19: 6位数编码
B20: province | C20: string | D20: 省名称 | E20: A | F20: province | G20: 直取 | J20: 维度 | K20: 无 | L20: 无
B21: city | C21: string | D21: 地市名称 | E21: A | F21: city | G21: 直取 | J21: 维度 | K21: 无 | L21: 无
B22: district | C22: string | D22: 区县名称 | E22: A | F22: district | G22: 直取 | J22: 维度 | K22: 无 | L22: 无
B23: cellkey | C23: string | D23: 小区cellkey | E23: A | F23: cellkey | G23: 直取 | J23: 维度 | K23: 无 | L23: 无
B24: servicetype | C24: string | D24: 业务应用 | E24: A | F24: servicetype | G24: 直取 | J24: 维度 | K24: 无 | L24: 无
B25: abnormal_cnt | C25: bigint | D25: 质差话单数量 | E25: A | G25: sum(abnormal_cnt) | J25: 指标 | K25: 无 | L25: >=0
B26: record_cnt | C26: bigint | D26: 记录数 | E26: A | G26: sum(record_cnt) | J26: 指标 | K26: 无 | L26: >=0
B27: speedlimit_cnt | C27: bigint | D27: 限速记录数 | E27: A | G27: sum(speedlimit_cnt) | J27: 指标 | K27: 无 | L27: >=0
B28: duration | C28: bigint | D28: 持续时间，单位毫秒 | E28: A | G28: sum(duration) | J28: 指标 | K28: ms | L28: >=0
B29: outputoctets | C29: bigint | D29: 上行流量(byte) | E29: A | G29: sum(outputoctets) | J29: 指标 | K29: byte | L29: >=0
B30: inputoctets | C30: bigint | D30: 下行流量(byte) | E30: A | G30: sum(inputoctets) | J30: 指标 | K30: byte | L30: >=0
B31: outputoctets_above500 | C31: bigint | D31: 上行大包业务流量(>=500KB) | E31: A | G31: sum(outputoctets_above500) | J31: 指标 | K31: byte | L31: >=0
B32: outputoctets_above500_cnt | C32: bigint | D32: 上行大包条数(>=500KB) | E32: A | G32: sum(outputoctets_above500_cnt) | J32: 指标 | K32: 无 | L32: >=0
B33: outputoctets_above500_highdelay_cnt | C33: bigint | D33: 上行大包高时延条数（>100ms） | E33: A | G33: sum(outputoctets_above500_highdelay_cnt) | J33: 指标 | K33: 无 | L33: >=0
B34: inputoctets_above500 | C34: bigint | D34: 下行大包业务流量(>=500KB) | E34: A | G34: sum(inputoctets_above500) | J34: 指标 | K34: byte | L34: >=0
B35: inputoctets_above500_cnt | C35: bigint | D35: 下行大包条数(>=500KB) | E35: A | G35: sum(inputoctets_above500_cnt) | J35: 指标 | K35: 无 | L35: >=0
B36: inputoctets_above500_highdelay_cnt | C36: bigint | D36: 下行大包高时延条数（>100ms） | E36: A | G36: sum(inputoctets_above500_highdelay_cnt) | J36: 指标 | K36: 无 | L36: >=0
... B123: wellcmpltdelay_cnt | C123: bigint | D123: 打开时延良好次数 | E123: A | G123: sum(wellcmpltdelay_cnt) | J123: 指标 | K123: 无 | L123: >=0
B124: p_provincecode | C124: int | D124: 省分区
B125: p_date | C125: string | D125: 天分区

Sheet 14
B1: =HYPERLINK("#导航!a2","返回") -> 返回
B3: 目标表基本信息描述
B4: 主题域 | C4: 目标表英文名 | D4: 目标表中文名 | E4: 数据频度 | F4: 模型主键 | G4: 数据描述 | H4: 推送数据库
B5: 数据感知 | C5: aggr_lte_dpi_web_cel_h | D5: 4G_DPI_web小区维度小时表 | E5: hour
B7: 源表基本信息描述
B8: 来源系统 | C8: 源表英文名 | D8: 源表中文名 | E8: 别名 | F8: 任务描述 | G8: 备注 | H8: 是否主表
C9: aggr_lte_dpi_web_appcel_h | D9: 4G_DPI_web小区app维度小时表 | E9: A | H9: 是
B11: 详细字段信息
B12: 详细字段信息
B13: PDM字段英文名 | C13: PDM字段类型 | D13: PDM字段中文名（说明） | E13: 源表名 | F13: 源字段英文名 | G13: 算法加工逻辑 | H13: 关联与过滤条件 | I13: 备注 | J13: 字段属性 | K13: 单位 | L13: 取值范围
B14: day | C14: string | D14: 日期 | E14: A | F14: p_date | G14: 直取 | J14: 维度 | K14: 无 | L14: yyyy-mm-dd
B15: hour | C15: int | D15: 小时 | E15: A | F15: p_hour | G15: 直取 | J15: 维度 | K15: 无 | L15: 0~23
B16: interface | C16: int | D16: 接口类型 | E16: A | F16: interface | G16: 直取 | J16: 维度 | K16: 无 | L16: <=101
B17: rattype | C17: int | D17: 网络类型（4G：6；5G：10） | E17: A | F17: rattype | G17: 直取 | J17: 维度 | K17: 无 | L17: 6,10
B18: provincecode | C18: int | D18: 省编码 | E18: A | F18: p_provincecode | G18: 直取 | J18: 维度 | K18: 无 | L18: 6位数编码
B19: citycode | C19: int | D19: 市编码 | E19: A | F19: citycode | G19: 直取 | J19: 维度 | K19: 无 | L19: 6位数编码
B20: districtcode | C20: int | D20: 区编码 | E20: A | F20: districtcode | G20: 直取 | J20: 维度 | K20: 无 | L20: 6位数编码
B21: province | C21: string | D21: 省名称 | E21: A | F21: province | G21: 直取 | J21: 维度 | K21: 无 | L21: 无
B22: city | C22: string | D22: 地市名称 | E22: A | F22: city | G22: 直取 | J22: 维度 | K22: 无 | L22: 无
B23: district | C23: string | D23: 区县名称 | E23: A | F23: district | G23: 直取 | J23: 维度 | K23: 无 | L23: 无
B24: cellkey | C24: string | D24: 小区cellkey | E24: A | F24: cellkey | G24: 直取 | J24: 维度 | K24: 无 | L24: 无
B25: abnormal_cnt | C25: bigint | D25: 质差话单数量 | E25: A | G25: sum(abnormal_cnt) | J25: 指标 | K25: 无 | L25: >=0
B26: record_cnt | C26: bigint | D26: 记录数 | E26: A | G26: sum(record_cnt) | J26: 指标 | K26: 无 | L26: >=0
B27: speedlimit_cnt | C27: bigint | D27: 限速记录数 | E27: A | G27: sum(speedlimit_cnt) | J27: 指标 | K27: 无 | L27: >=0
B28: duration | C28: bigint | D28: 持续时间，单位毫秒 | E28: A | G28: sum(duration) | J28: 指标 | K28: ms | L28: >=0
B29: outputoctets | C29: bigint | D29: 上行流量(byte) | E29: A | G29: sum(outputoctets) | J29: 指标 | K29: byte | L29: >=0
B30: inputoctets | C30: bigint | D30: 下行流量(byte) | E30: A | G30: sum(inputoctets) | J30: 指标 | K30: byte | L30: >=0
B31: outputoctets_above500 | C31: bigint | D31: 上行大包业务流量(>=500KB) | E31: A | G31: sum(outputoctets_above500) | J31: 指标 | K31: byte | L31: >=0
B32: outputoctets_above500_cnt | C32: bigint | D32: 上行大包条数(>=500KB) | E32: A | G32: sum(outputoctets_above500_cnt) | J32: 指标 | K32: 无 | L32: >=0
B33: outputoctets_above500_highdelay_cnt | C33: bigint | D33: 上行大包高时延条数（>100ms） | E33: A | G33: sum(outputoctets_above500_highdelay_cnt) | J33: 指标 | K33: 无 | L33: >=0
B34: inputoctets_above500 | C34: bigint | D34: 下行大包业务流量(>=500KB) | E34: A | G34: sum(inputoctets_above500) | J34: 指标 | K34: byte | L34: >=0
B35: inputoctets_above500_cnt | C35: bigint | D35: 下行大包条数(>=500KB) | E35: A | G35: sum(inputoctets_above500_cnt) | J35: 指标 | K35: 无 | L35: >=0
B36: inputoctets_above500_highdelay_cnt | C36: bigint | D36: 下行大包高时延条数（>100ms） | E36: A | G36: sum(inputoctets_above500_highdelay_cnt) | J36: 指标 | K36: 无 | L36: >=0
... B123: wellcmpltdelay_cnt | C123: bigint | D123: 打开时延良好次数 | E123: A | G123: sum(wellcmpltdelay_cnt) | J123: 指标 | K123: 无 | L123: >=0
B124: p_provincecode | C124: int | D124: 省分区
B125: p_date | C125: string | D125: 天分区
B126: p_hour | C126: int | D126: 小时分区

Sheet 15
B1: =HYPERLINK("#导航!a2","返回") -> 返回
B3: 目标表基本信息描述
B4: 主题域 | C4: 目标表英文名 | D4: 目标表中文名 | E4: 数据频度 | F4: 模型主键 | G4: 数据描述 | H4: 推送数据库
B5: 数据感知 | C5: aggr_lte_dpi_web_cel_d | D5: 4G_DPI_web小区维度天表 | E5: day
B7: 源表基本信息描述
B8: 来源系统 | C8: 源表英文名 | D8: 源表中文名 | E8: 别名 | F8: 任务描述 | G8: 备注 | H8: 是否主表
C9: aggr_lte_dpi_web_cel_h | D9: 4G_DPI_web小区维度小时表 | E9: A | H9: 是
B11: 详细字段信息
B12: 详细字段信息
B13: PDM字段英文名 | C13: PDM字段类型 | D13: PDM字段中文名（说明） | E13: 源表名 | F13: 源字段英文名 | G13: 算法加工逻辑 | H13: 关联与过滤条件 | I13: 备注 | J13: 字段属性 | K13: 单位 | L13: 取值范围
B14: day | C14: string | D14: 日期 | E14: A | F14: p_date | G14: 直取 | J14: 维度 | K14: 无 | L14: yyyy-mm-dd
B15: interface | C15: int | D15: 接口类型 | E15: A | F15: interface | G15: 直取 | J15: 维度 | K15: 无 | L15: <=101
B16: rattype | C16: int | D16: 网络类型（4G：6；5G：10） | E16: A | F16: rattype | G16: 直取 | J16: 维度 | K16: 无 | L16: 6,10
B17: provincecode | C17: int | D17: 省编码 | E17: A | F17: p_provincecode | G17: 直取 | J17: 维度 | K17: 无 | L17: 6位数编码
B18: citycode | C18: int | D18: 市编码 | E18: A | F18: citycode | G18: 直取 | J18: 维度 | K18: 无 | L18: 6位数编码
B19: districtcode | C19: int | D19: 区编码 | E19: A | F19: districtcode | G19: 直取 | J19: 维度 | K19: 无 | L19: 6位数编码
B20: province | C20: string | D20: 省名称 | E20: A | F20: province | G20: 直取 | J20: 维度 | K20: 无 | L20: 无
B21: city | C21: string | D21: 地市名称 | E21: A | F21: city | G21: 直取 | J21: 维度 | K21: 无 | L21: 无
B22: district | C22: string | D22: 区县名称 | E22: A | F22: district | G22: 直取 | J22: 维度 | K22: 无 | L22: 无
B23: cellkey | C23: string | D23: 小区cellkey | E23: A | F23: cellkey | G23: 直取 | J23: 维度 | K23: 无 | L23: 无
B24: abnormal_cnt | C24: bigint | D24: 质差话单数量 | E24: A | G24: sum(abnormal_cnt) | J24: 指标 | K24: 无 | L24: >=0
B25: abnormal_cnt_max | C25: bigint | D25: 异常话单最大小时对应异常话单数量 | E25: A | G25: max(abnormal_cnt) | J25: 指标 | K25: 无 | L25: >=0
B26: record_cnt | C26: bigint | D26: 记录数 | E26: A | G26: sum(record_cnt) | J26: 指标 | K26: 无 | L26: >=0
B27: speedlimit_cnt | C27: bigint | D27: 限速记录数 | E27: A | G27: sum(speedlimit_cnt) | J27: 指标 | K27: 无 | L27: >=0
B28: duration_sum | C28: bigint | D28: 持续时间，单位毫秒 | E28: A | G28: sum(duration) | J28: 指标 | K28: ms | L28: >=0
B29: outputoctets_sum | C29: bigint | D29: 上行流量(byte) | E29: A | G29: sum(outputoctets) | J29: 指标 | K29: byte | L29: >=0
B30: inputoctets_sum | C30: bigint | D30: 下行流量(byte) | E30: A | G30: sum(inputoctets) | J30: 指标 | K30: byte | L30: >=0
B31: outputoctets_above500 | C31: bigint | D31: 上行大包业务流量(>=500KB) | E31: A | G31: sum(outputoctets_above500) | J31: 指标 | K31: byte | L31: >=0
B32: outputoctets_above500_cnt | C32: bigint | D32: 上行大包条数(>=500KB) | E32: A | G32: sum(outputoctets_above500_cnt) | J32: 指标 | K32: 无 | L32: >=0
B33: outputoctets_above500_highdelay_cnt | C33: bigint | D33: 上行大包高时延条数（>100ms） | E33: A | G33: sum(outputoctets_above500_highdelay_cnt) | J33: 指标 | K33: 无 | L33: >=0
B34: inputoctets_above500 | C34: bigint | D34: 下行大包业务流量(>=500KB) | E34: A | G34: sum(inputoctets_above500) | J34: 指标 | K34: byte | L34: >=0
B35: inputoctets_above500_cnt | C35: bigint | D35: 下行大包条数(>=500KB) | E35: A | G35: sum(inputoctets_above500_cnt) | J35: 指标 | K35: 无 | L35: >=0
... B123: times_wellcmpltdelay | C123: bigint | D123: 打开时延良好次数 | E123: A | G123: sum(wellcmpltdelay_cnt) | J123: 指标 | K123: 无 | L123: >=0
B124: p_provincecode | C124: int | D124: 省分区
B125: p_date | C125: string | D125: 天分区

Sheet 16
B1: =HYPERLINK("#导航!a2","返回") -> 返回
B3: 目标表基本信息描述
B4: 主题域 | C4: 目标表英文名 | D4: 目标表中文名 | E4: 数据频度 | F4: 模型主键 | G4: 数据描述 | H4: 推送数据库
B5: 数据感知 | C5: aggr_lte_dpi_im_appcel_h | D5: 4G_DPI_im小区app维度小时表 | E5: hour
B7: 源表基本信息描述
B8: 来源系统 | C8: 源表英文名 | D8: 源表中文名 | E8: 别名 | F8: 任务描述 | G8: 备注 | H8: 是否主表
C9: aggr_lte_dpi_http_appcel_h | D9: 4G_DPI_http小区app维度小时表 | E9: A | G9: 过滤条件：business_type='im' | H9: 是
B11: 详细字段信息
B12: 详细字段信息
B13: PDM字段英文名 | C13: PDM字段类型 | D13: PDM字段中文名（说明） | E13: 源表名 | F13: 源字段英文名 | G13: 算法加工逻辑 | H13: 关联与过滤条件 | I13: 备注 | J13: 字段属性 | K13: 单位 | L13: 取值范围
B14: day | C14: string | D14: 日期 | E14: A | F14: p_date | G14: 直取 | J14: 维度 | K14: 无 | L14: yyyy-mm-dd
B15: hour | C15: int | D15: 小时 | E15: A | F15: p_hour | G15: 直取 | J15: 维度 | K15: 无 | L15: 0~23
B16: interface | C16: int | D16: 接口类型 | E16: A | F16: interface | G16: 直取 | J16: 维度 | K16: 无 | L16: <=101
B17: rattype | C17: int | D17: 网络类型（4G：6；5G：10） | E17: A | F17: rattype | G17: 直取 | J17: 维度 | K17: 无 | L17: 6,10
B18: provincecode | C18: int | D18: 省编码 | E18: A | F18: p_provincecode | G18: 直取 | J18: 维度 | K18: 无 | L18: 6位数编码
B19: citycode | C19: int | D19: 市编码 | E19: A | F19: citycode | G19: 直取 | J19: 维度 | K19: 无 | L19: 6位数编码
B20: districtcode | C20: int | D20: 区编码 | E20: A | F20: districtcode | G20: 直取 | J20: 维度 | K20: 无 | L20: 6位数编码
B21: province | C21: string | D21: 省名称 | E21: A | F21: province | G21: 直取 | J21: 维度 | K21: 无 | L21: 无
B22: city | C22: string | D22: 地市名称 | E22: A | F22: city | G22: 直取 | J22: 维度 | K22: 无 | L22: 无
B23: district | C23: string | D23: 区县名称 | E23: A | F23: district | G23: 直取 | J23: 维度 | K23: 无 | L23: 无
B24: cellkey | C24: string | D24: 小区cellkey | E24: A | F24: cellkey | G24: 直取 | J24: 维度 | K24: 无 | L24: 无
B25: servicetype | C25: string | D25: 业务应用 | E25: A | F25: servicetype | G25: 直取 | J25: 维度 | K25: 无 | L25: 无
B26: abnormal_cnt | C26: bigint | D26: 质差话单数量 | E26: A | G26: sum(abnormal_cnt) | J26: 指标 | K26: 无 | L26: >=0
B27: record_cnt | C27: bigint | D27: 记录数 | E27: A | G27: sum(record_cnt) | J27: 指标 | K27: 无 | L27: >=0
B28: speedlimit_cnt | C28: bigint | D28: 限速记录数 | E28: A | G28: sum(speedlimit_cnt) | J28: 指标 | K28: 无 | L28: >=0
B29: duration | C29: bigint | D29: 持续时间，单位毫秒 | E29: A | G29: sum(duration) | J29: 指标 | K29: ms | L29: >=0
B30: outputoctets | C30: bigint | D30: 上行流量(byte) | E30: A | G30: sum(outputoctets) | J30: 指标 | K30: byte | L30: >=0
B31: inputoctets | C31: bigint | D31: 下行流量(byte) | E31: A | G31: sum(inputoctets) | J31: 指标 | K31: byte | L31: >=0
B32: outputoctets_above500 | C32: bigint | D32: 上行大包业务流量(>=500KB) | E32: A | G32: sum(outputoctets_above500) | J32: 指标 | K32: byte | L32: >=0
B33: outputoctets_above500_cnt | C33: bigint | D33: 上行大包条数(>=500KB) | E33: A | G33: sum(outputoctets_above500_cnt) | J33: 指标 | K33: 无 | L33: >=0
B34: outputoctets_above500_highdelay_cnt | C34: bigint | D34: 上行大包高时延条数（>100ms） | E34: A | G34: sum(outputoctets_above500_highdelay_cnt) | J34: 指标 | K34: 无 | L34: >=0
B35: inputoctets_above500 | C35: bigint | D35: 下行大包业务流量(>=500KB) | E35: A | G35: sum(inputoctets_above500) | J35: 指标 | K35: byte | L35: >=0
B36: inputoctets_above500_cnt | C36: bigint | D36: 下行大包条数(>=500KB) | E36: A | G36: sum(inputoctets_above500_cnt) | J36: 指标 | K36: 无 | L36: >=0
B37: inputoctets_above500_highdelay_cnt | C37: bigint | D37: 下行大包高时延条数（>100ms） | E37: A | G37: sum(inputoctets_above500_highdelay_cnt) | J37: 指标 | K37: 无 | L37: >=0
... B115: xdr_suc_cnt_sum | C115: bigint | D115: xdr成功条数 | E115: A | G115: sum(xdr_suc_cnt_sum) | J115: 指标 | K115: 无 | L115: >=0
B116: p_provincecode | C116: int | D116: 省分区
B117: p_date | C117: string | D117: 天分区
B118: p_hour | C118: int | D118: 小时分区

Sheet 17
B1: =HYPERLINK("#导航!a2","返回") -> 返回
B3: 目标表基本信息描述
B4: 主题域 | C4: 目标表英文名 | D4: 目标表中文名 | E4: 数据频度 | F4: 模型主键 | G4: 数据描述 | H4: 推送数据库
B5: 数据感知 | C5: aggr_lte_dpi_im_appcel_d | D5: 4G_DPI_im小区app维度天表 | E5: day
B7: 源表基本信息描述
B8: 来源系统 | C8: 源表英文名 | D8: 源表中文名 | E8: 别名 | F8: 任务描述 | G8: 备注 | H8: 是否主表
C9: aggr_lte_dpi_im_appcel_h | D9: 4G_DPI_im小区app维度小时表 | E9: A | H9: 是
B11: 详细字段信息
B12: 详细字段信息
B13: PDM字段英文名 | C13: PDM字段类型 | D13: PDM字段中文名（说明） | E13: 源表名 | F13: 源字段英文名 | G13: 算法加工逻辑 | H13: 关联与过滤条件 | I13: 备注 | J13: 字段属性 | K13: 单位 | L13: 取值范围
B14: day | C14: string | D14: 日期 | E14: A | F14: p_date | G14: 直取 | J14: 维度 | K14: 无 | L14: yyyy-mm-dd
B15: interface | C15: int | D15: 接口类型 | E15: A | F15: interface | G15: 直取 | J15: 维度 | K15: 无 | L15: <=101
B16: rattype | C16: int | D16: 网络类型（4G：6；5G：10） | E16: A | F16: rattype | G16: 直取 | J16: 维度 | K16: 无 | L16: 6,10
B17: provincecode | C17: int | D17: 省编码 | E17: A | F17: p_provincecode | G17: 直取 | J17: 维度 | K17: 无 | L17: 6位数编码
B18: citycode | C18: int | D18: 市编码 | E18: A | F18: citycode | G18: 直取 | J18: 维度 | K18: 无 | L18: 6位数编码
B19: districtcode | C19: int | D19: 区编码 | E19: A | F19: districtcode | G19: 直取 | J19: 维度 | K19: 无 | L19: 6位数编码
B20: province | C20: string | D20: 省名称 | E20: A | F20: province | G20: 直取 | J20: 维度 | K20: 无 | L20: 无
B21: city | C21: string | D21: 地市名称 | E21: A | F21: city | G21: 直取 | J21: 维度 | K21: 无 | L21: 无
B22: district | C22: string | D22: 区县名称 | E22: A | F22: district | G22: 直取 | J22: 维度 | K22: 无 | L22: 无
B23: cellkey | C23: string | D23: 小区cellkey | E23: A | F23: cellkey | G23: 直取 | J23: 维度 | K23: 无 | L23: 无
B24: servicetype | C24: string | D24: 业务应用 | E24: A | F24: servicetype | G24: 直取 | J24: 维度 | K24: 无 | L24: 无
B25: abnormal_cnt | C25: bigint | D25: 质差话单数量 | E25: A | G25: sum(abnormal_cnt) | J25: 指标 | K25: 无 | L25: >=0
B26: record_cnt | C26: bigint | D26: 记录数 | E26: A | G26: sum(record_cnt) | J26: 指标 | K26: 无 | L26: >=0
B27: speedlimit_cnt | C27: bigint | D27: 限速记录数 | E27: A | G27: sum(speedlimit_cnt) | J27: 指标 | K27: 无 | L27: >=0
B28: duration | C28: bigint | D28: 持续时间，单位毫秒 | E28: A | G28: sum(duration) | J28: 指标 | K28: ms | L28: >=0
B29: outputoctets | C29: bigint | D29: 上行流量(byte) | E29: A | G29: sum(outputoctets) | J29: 指标 | K29: byte | L29: >=0
B30: inputoctets | C30: bigint | D30: 下行流量(byte) | E30: A | G30: sum(inputoctets) | J30: 指标 | K30: byte | L30: >=0
B31: outputoctets_above500 | C31: bigint | D31: 上行大包业务流量(>=500KB) | E31: A | G31: sum(outputoctets_above500) | J31: 指标 | K31: byte | L31: >=0
B32: outputoctets_above500_cnt | C32: bigint | D32: 上行大包条数(>=500KB) | E32: A | G32: sum(outputoctets_above500_cnt) | J32: 指标 | K32: 无 | L32: >=0
B33: outputoctets_above500_highdelay_cnt | C33: bigint | D33: 上行大包高时延条数（>100ms） | E33: A | G33: sum(outputoctets_above500_highdelay_cnt) | J33: 指标 | K33: 无 | L33: >=0
B34: inputoctets_above500 | C34: bigint | D34: 下行大包业务流量(>=500KB) | E34: A | G34: sum(inputoctets_above500) | J34: 指标 | K34: byte | L34: >=0
B35: inputoctets_above500_cnt | C35: bigint | D35: 下行大包条数(>=500KB) | E35: A | G35: sum(inputoctets_above500_cnt) | J35: 指标 | K35: 无 | L35: >=0
B36: inputoctets_above500_highdelay_cnt | C36: bigint | D36: 下行大包高时延条数（>100ms） | E36: A | G36: sum(inputoctets_above500_highdelay_cnt) | J36: 指标 | K36: 无 | L36: >=0
... B114: xdr_suc_cnt_sum | C114: bigint | D114: xdr成功条数 | E114: A | G114: sum(xdr_suc_cnt_sum) | J114: 指标 | K114: 无 | L114: >=0
B115: p_provincecode | C115: int | D115: 省分区
B116: p_date | C116: string | D116: 天分区

Sheet 18
B1: =HYPERLINK("#导航!a2","返回") -> 返回
B3: 目标表基本信息描述
B4: 主题域 | C4: 目标表英文名 | D4: 目标表中文名 | E4: 数据频度 | F4: 模型主键 | G4: 数据描述 | H4: 推送数据库
B5: 数据感知 | C5: aggr_lte_dpi_im_cel_h | D5: 4G_DPI_im小区维度小时表 | E5: hour
B7: 源表基本信息描述
B8: 来源系统 | C8: 源表英文名 | D8: 源表中文名 | E8: 别名 | F8: 任务描述 | G8: 备注 | H8: 是否主表
C9: aggr_lte_dpi_im_appcel_h | D9: 4G_DPI_im小区app维度小时表 | E9: A | H9: 是
B11: 详细字段信息
B12: 详细字段信息
B13: PDM字段英文名 | C13: PDM字段类型 | D13: PDM字段中文名（说明） | E13: 源表名 | F13: 源字段英文名 | G13: 算法加工逻辑 | H13: 关联与过滤条件 | I13: 备注 | J13: 字段属性 | K13: 单位 | L13: 取值范围
B14: day | C14: string | D14: 日期 | E14: A | F14: p_date | G14: 直取 | J14: 维度 | K14: 无 | L14: yyyy-mm-dd
B15: hour | C15: int | D15: 小时 | E15: A | F15: p_hour | G15: 直取 | J15: 维度 | K15: 无 | L15: 0~23
B16: interface | C16: int | D16: 接口类型 | E16: A | F16: interface | G16: 直取 | J16: 维度 | K16: 无 | L16: <=101
B17: rattype | C17: int | D17: 网络类型（4G：6；5G：10） | E17: A | F17: rattype | G17: 直取 | J17: 维度 | K17: 无 | L17: 6,10
B18: provincecode | C18: int | D18: 省编码 | E18: A | F18: p_provincecode | G18: 直取 | J18: 维度 | K18: 无 | L18: 6位数编码
B19: citycode | C19: int | D19: 市编码 | E19: A | F19: citycode | G19: 直取 | J19: 维度 | K19: 无 | L19: 6位数编码
B20: districtcode | C20: int | D20: 区编码 | E20: A | F20: districtcode | G20: 直取 | J20: 维度 | K20: 无 | L20: 6位数编码
B21: province | C21: string | D21: 省名称 | E21: A | F21: province | G21: 直取 | J21: 维度 | K21: 无 | L21: 无
B22: city | C22: string | D22: 地市名称 | E22: A | F22: city | G22: 直取 | J22: 维度 | K22: 无 | L22: 无
B23: district | C23: string | D23: 区县名称 | E23: A | F23: district | G23: 直取 | J23: 维度 | K23: 无 | L23: 无
B24: cellkey | C24: string | D24: 小区cellkey | E24: A | F24: cellkey | G24: 直取 | J24: 维度 | K24: 无 | L24: 无
B25: abnormal_cnt | C25: bigint | D25: 质差话单数量 | E25: A | G25: sum(abnormal_cnt) | J25: 指标 | K25: 无 | L25: >=0
B26: record_cnt | C26: bigint | D26: 记录数 | E26: A | G26: sum(record_cnt) | J26: 指标 | K26: 无 | L26: >=0
B27: speedlimit_cnt | C27: bigint | D27: 限速记录数 | E27: A | G27: sum(speedlimit_cnt) | J27: 指标 | K27: 无 | L27: >=0
B28: duration | C28: bigint | D28: 持续时间，单位毫秒 | E28: A | G28: sum(duration) | J28: 指标 | K28: ms | L28: >=0
B29: outputoctets | C29: bigint | D29: 上行流量(byte) | E29: A | G29: sum(outputoctets) | J29: 指标 | K29: byte | L29: >=0
B30: inputoctets | C30: bigint | D30: 下行流量(byte) | E30: A | G30: sum(inputoctets) | J30: 指标 | K30: byte | L30: >=0
B31: outputoctets_above500 | C31: bigint | D31: 上行大包业务流量(>=500KB) | E31: A | G31: sum(outputoctets_above500) | J31: 指标 | K31: byte | L31: >=0
B32: outputoctets_above500_cnt | C32: bigint | D32: 上行大包条数(>=500KB) | E32: A | G32: sum(outputoctets_above500_cnt) | J32: 指标 | K32: 无 | L32: >=0
B33: outputoctets_above500_highdelay_cnt | C33: bigint | D33: 上行大包高时延条数（>100ms） | E33: A | G33: sum(outputoctets_above500_highdelay_cnt) | J33: 指标 | K33: 无 | L33: >=0
B34: inputoctets_above500 | C34: bigint | D34: 下行大包业务流量(>=500KB) | E34: A | G34: sum(inputoctets_above500) | J34: 指标 | K34: byte | L34: >=0
B35: inputoctets_above500_cnt | C35: bigint | D35: 下行大包条数(>=500KB) | E35: A | G35: sum(inputoctets_above500_cnt) | J35: 指标 | K35: 无 | L35: >=0
B36: inputoctets_above500_highdelay_cnt | C36: bigint | D36: 下行大包高时延条数（>100ms） | E36: A | G36: sum(inputoctets_above500_highdelay_cnt) | J36: 指标 | K36: 无 | L36: >=0
... B114: xdr_suc_cnt_sum | C114: bigint | D114: xdr成功条数 | E114: A | G114: sum(xdr_suc_cnt_sum) | J114: 指标 | K114: 无 | L114: >=0
B115: p_provincecode | C115: int | D115: 省分区
B116: p_date | C116: string | D116: 天分区
B117: p_hour | C117: int | D117: 小时分区

Sheet 19
B1: =HYPERLINK("#导航!a2","返回") -> 返回
B3: 目标表基本信息描述
B4: 主题域 | C4: 目标表英文名 | D4: 目标表中文名 | E4: 数据频度 | F4: 模型主键 | G4: 数据描述 | H4: 推送数据库
B5: 数据感知 | C5: aggr_lte_dpi_im_cel_d | D5: 4G_DPI_im小区维度天表 | E5: day
B7: 源表基本信息描述
B8: 来源系统 | C8: 源表英文名 | D8: 源表中文名 | E8: 别名 | F8: 任务描述 | G8: 备注 | H8: 是否主表
C9: aggr_lte_dpi_im_cel_h | D9: 4G_DPI_im小区维度小时表 | E9: A | H9: 是
B11: 详细字段信息
B12: 详细字段信息
B13: PDM字段英文名 | C13: PDM字段类型 | D13: PDM字段中文名（说明） | E13: 源表名 | F13: 源字段英文名 | G13: 算法加工逻辑 | H13: 关联与过滤条件 | I13: 备注 | J13: 字段属性 | K13: 单位 | L13: 取值范围
B14: day | C14: string | D14: 日期 | E14: A | F14: p_date | G14: 直取 | J14: 维度 | K14: 无 | L14: yyyy-mm-dd
B15: interface | C15: int | D15: 接口类型 | E15: A | F15: interface | G15: 直取 | J15: 维度 | K15: 无 | L15: <=101
B16: rattype | C16: int | D16: 网络类型（4G：6；5G：10） | E16: A | F16: rattype | G16: 直取 | J16: 维度 | K16: 无 | L16: 6,10
B17: provincecode | C17: int | D17: 省编码 | E17: A | F17: p_provincecode | G17: 直取 | J17: 维度 | K17: 无 | L17: 6位数编码
B18: citycode | C18: int | D18: 市编码 | E18: A | F18: citycode | G18: 直取 | J18: 维度 | K18: 无 | L18: 6位数编码
B19: districtcode | C19: int | D19: 区编码 | E19: A | F19: districtcode | G19: 直取 | J19: 维度 | K19: 无 | L19: 6位数编码
B20: province | C20: string | D20: 省名称 | E20: A | F20: province | G20: 直取 | J20: 维度 | K20: 无 | L20: 无
B21: city | C21: string | D21: 地市名称 | E21: A | F21: city | G21: 直取 | J21: 维度 | K21: 无 | L21: 无
B22: district | C22: string | D22: 区县名称 | E22: A | F22: district | G22: 直取 | J22: 维度 | K22: 无 | L22: 无
B23: cellkey | C23: string | D23: 小区cellkey | E23: A | F23: cellkey | G23: 直取 | J23: 维度 | K23: 无 | L23: 无
B24: abnormal_cnt | C24: bigint | D24: 质差话单数量 | E24: A | G24: sum(abnormal_cnt) | J24: 指标 | K24: 无 | L24: >=0
B25: abnormal_cnt_max | C25: bigint | D25: 异常话单最大小时对应异常话单数量 | E25: A | G25: max(abnormal_cnt) | J25: 指标 | K25: 无 | L25: >=0
B26: record_cnt | C26: bigint | D26: 记录数 | E26: A | G26: sum(record_cnt) | J26: 指标 | K26: 无 | L26: >=0
B27: speedlimit_cnt | C27: bigint | D27: 限速记录数 | E27: A | G27: sum(speedlimit_cnt) | J27: 指标 | K27: 无 | L27: >=0
B28: duration_sum | C28: bigint | D28: 持续时间，单位毫秒 | E28: A | G28: sum(duration) | J28: 指标 | K28: ms | L28: >=0
B29: outputoctets_sum | C29: bigint | D29: 上行流量(byte) | E29: A | G29: sum(outputoctets) | J29: 指标 | K29: byte | L29: >=0
B30: inputoctets_sum | C30: bigint | D30: 下行流量(byte) | E30: A | G30: sum(inputoctets) | J30: 指标 | K30: byte | L30: >=0
B31: outputoctets_above500 | C31: bigint | D31: 上行大包业务流量(>=500KB) | E31: A | G31: sum(outputoctets_above500) | J31: 指标 | K31: byte | L31: >=0
B32: outputoctets_above500_cnt | C32: bigint | D32: 上行大包条数(>=500KB) | E32: A | G32: sum(outputoctets_above500_cnt) | J32: 指标 | K32: 无 | L32: >=0
B33: outputoctets_above500_highdelay_cnt | C33: bigint | D33: 上行大包高时延条数（>100ms） | E33: A | G33: sum(outputoctets_above500_highdelay_cnt) | J33: 指标 | K33: 无 | L33: >=0
B34: inputoctets_above500 | C34: bigint | D34: 下行大包业务流量(>=500KB) | E34: A | G34: sum(inputoctets_above500) | J34: 指标 | K34: byte | L34: >=0
B35: inputoctets_above500_cnt | C35: bigint | D35: 下行大包条数(>=500KB) | E35: A | G35: sum(inputoctets_above500_cnt) | J35: 指标 | K35: 无 | L35: >=0
... B114: xdr_suc_cnt_sum | C114: bigint | D114: xdr成功条数 | E114: A | G114: sum(xdr_suc_cnt_sum) | J114: 指标 | K114: 无 | L114: >=0
B115: p_provincecode | C115: int | D115: 省分区
B116: p_provincecode | C116: string | D116: 天分区

Sheet 20
B1: =HYPERLINK("#导航!a2","返回") -> 返回
B3: 目标表基本信息描述
B4: 主题域 | C4: 目标表英文名 | D4: 目标表中文名 | E4: 数据频度 | F4: 模型主键 | G4: 数据描述 | H4: 推送数据库
B5: 数据感知 | C5: aggr_lte_dpi_game_appcel_h | D5: 4G_DPI_game小区app维度小时表 | E5: hour
B7: 源表基本信息描述
B8: 来源系统 | C8: 源表英文名 | D8: 源表中文名 | E8: 别名 | F8: 任务描述 | G8: 备注 | H8: 是否主表
C9: aggr_lte_dpi_http_appcel_h | D9: 4G_DPI_http小区app维度小时表 | E9: A | G9: 过滤条件：business_type='game' | H9: 是
B11: 详细字段信息
B12: 详细字段信息
B13: PDM字段英文名 | C13: PDM字段类型 | D13: PDM字段中文名（说明） | E13: 源表名 | F13: 源字段英文名 | G13: 算法加工逻辑 | H13: 关联与过滤条件 | I13: 备注 | J13: 字段属性 | K13: 单位 | L13: 取值范围
B14: day | C14: string | D14: 日期 | E14: A | F14: p_date | G14: 直取 | J14: 维度 | K14: 无 | L14: yyyy-mm-dd
B15: hour | C15: int | D15: 小时 | E15: A | F15: p_hour | G15: 直取 | J15: 维度 | K15: 无 | L15: 0~23
B16: interface | C16: int | D16: 接口类型 | E16: A | F16: interface | G16: 直取 | J16: 维度 | K16: 无 | L16: <=101
B17: rattype | C17: int | D17: 网络类型（4G：6；5G：10） | E17: A | F17: rattype | G17: 直取 | J17: 维度 | K17: 无 | L17: 6,10
B18: provincecode | C18: int | D18: 省编码 | E18: A | F18: p_provincecode | G18: 直取 | J18: 维度 | K18: 无 | L18: 6位数编码
B19: citycode | C19: int | D19: 市编码 | E19: A | F19: citycode | G19: 直取 | J19: 维度 | K19: 无 | L19: 6位数编码
B20: districtcode | C20: int | D20: 区编码 | E20: A | F20: districtcode | G20: 直取 | J20: 维度 | K20: 无 | L20: 6位数编码
B21: province | C21: string | D21: 省名称 | E21: A | F21: province | G21: 直取 | J21: 维度 | K21: 无 | L21: 无
B22: city | C22: string | D22: 地市名称 | E22: A | F22: city | G22: 直取 | J22: 维度 | K22: 无 | L22: 无
B23: district | C23: string | D23: 区县名称 | E23: A | F23: district | G23: 直取 | J23: 维度 | K23: 无 | L23: 无
B24: cellkey | C24: string | D24: 小区cellkey | E24: A | F24: cellkey | G24: 直取 | J24: 维度 | K24: 无 | L24: 无
B25: servicetype | C25: string | D25: 业务应用 | E25: A | F25: servicetype | G25: 直取 | J25: 维度 | K25: 无 | L25: 无
B26: abnormal_cnt | C26: bigint | D26: 质差话单数量 | E26: A | G26: sum(abnormal_cnt) | J26: 指标 | K26: 无 | L26: >=0
B27: record_cnt | C27: bigint | D27: 记录数 | E27: A | G27: sum(record_cnt) | J27: 指标 | K27: 无 | L27: >=0
B28: speedlimit_cnt | C28: bigint | D28: 限速记录数 | E28: A | G28: sum(speedlimit_cnt) | J28: 指标 | K28: 无 | L28: >=0
B29: duration | C29: bigint | D29: 持续时间，单位毫秒 | E29: A | G29: sum(duration) | J29: 指标 | K29: ms | L29: >=0
B30: outputoctets | C30: bigint | D30: 上行流量(byte) | E30: A | G30: sum(outputoctets) | J30: 指标 | K30: byte | L30: >=0
B31: inputoctets | C31: bigint | D31: 下行流量(byte) | E31: A | G31: sum(inputoctets) | J31: 指标 | K31: byte | L31: >=0
B32: outputoctets_above500 | C32: bigint | D32: 上行大包业务流量(>=500KB) | E32: A | G32: sum(outputoctets_above500) | J32: 指标 | K32: byte | L32: >=0
B33: outputoctets_above500_cnt | C33: bigint | D33: 上行大包条数(>=500KB) | E33: A | G33: sum(outputoctets_above500_cnt) | J33: 指标 | K33: 无 | L33: >=0
B34: outputoctets_above500_highdelay_cnt | C34: bigint | D34: 上行大包高时延条数（>100ms） | E34: A | G34: sum(outputoctets_above500_highdelay_cnt) | J34: 指标 | K34: 无 | L34: >=0
B35: inputoctets_above500 | C35: bigint | D35: 下行大包业务流量(>=500KB) | E35: A | G35: sum(inputoctets_above500) | J35: 指标 | K35: byte | L35: >=0
B36: inputoctets_above500_cnt | C36: bigint | D36: 下行大包条数(>=500KB) | E36: A | G36: sum(inputoctets_above500_cnt) | J36: 指标 | K36: 无 | L36: >=0
B37: inputoctets_above500_highdelay_cnt | C37: bigint | D37: 下行大包高时延条数（>100ms） | E37: A | G37: sum(inputoctets_above500_highdelay_cnt) | J37: 指标 | K37: 无 | L37: >=0
... B114: wellgamedelay_cnt | C114: bigint | D114: 游戏交互时延良好次数 | E114: A | G114: sum(wellgamedelay_cnt) | J114: 指标 | K114: 无 | L114: >=0
B115: p_provincecode | C115: int | D115: 省分区
B116: p_date | C116: string | D116: 天分区
B117: p_hour | C117: int | D117: 小时分区

Sheet 21
B1: =HYPERLINK("#导航!a2","返回") -> 返回
B3: 目标表基本信息描述
B4: 主题域 | C4: 目标表英文名 | D4: 目标表中文名 | E4: 数据频度 | F4: 模型主键 | G4: 数据描述 | H4: 推送数据库
B5: 数据感知 | C5: aggr_lte_dpi_game_appcel_d | D5: 4G_DPI_game小区app维度天表 | E5: day
B7: 源表基本信息描述
B8: 来源系统 | C8: 源表英文名 | D8: 源表中文名 | E8: 别名 | F8: 任务描述 | G8: 备注 | H8: 是否主表
C9: aggr_lte_dpi_game_appcel_h | D9: 4G_DPI_game小区app维度小时表 | E9: A | H9: 是
B11: 详细字段信息
B12: 详细字段信息
B13: PDM字段英文名 | C13: PDM字段类型 | D13: PDM字段中文名（说明） | E13: 源表名 | F13: 源字段英文名 | G13: 算法加工逻辑 | H13: 关联与过滤条件 | I13: 备注 | J13: 字段属性 | K13: 单位 | L13: 取值范围
B14: day | C14: string | D14: 日期 | E14: A | F14: p_date | G14: 直取 | J14: 维度 | K14: 无 | L14: yyyy-mm-dd
B15: interface | C15: int | D15: 接口类型 | E15: A | F15: interface | G15: 直取 | J15: 维度 | K15: 无 | L15: <=101
B16: rattype | C16: int | D16: 网络类型（4G：6；5G：10） | E16: A | F16: rattype | G16: 直取 | J16: 维度 | K16: 无 | L16: 6,10
B17: provincecode | C17: int | D17: 省编码 | E17: A | F17: p_provincecode | G17: 直取 | J17: 维度 | K17: 无 | L17: 6位数编码
B18: citycode | C18: int | D18: 市编码 | E18: A | F18: citycode | G18: 直取 | J18: 维度 | K18: 无 | L18: 6位数编码
B19: districtcode | C19: int | D19: 区编码 | E19: A | F19: districtcode | G19: 直取 | J19: 维度 | K19: 无 | L19: 6位数编码
B20: province | C20: string | D20: 省名称 | E20: A | F20: province | G20: 直取 | J20: 维度 | K20: 无 | L20: 无
B21: city | C21: string | D21: 地市名称 | E21: A | F21: city | G21: 直取 | J21: 维度 | K21: 无 | L21: 无
B22: district | C22: string | D22: 区县名称 | E22: A | F22: district | G22: 直取 | J22: 维度 | K22: 无 | L22: 无
B23: cellkey | C23: string | D23: 小区cellkey | E23: A | F23: cellkey | G23: 直取 | J23: 维度 | K23: 无 | L23: 无
B24: servicetype | C24: string | D24: 业务应用 | E24: A | F24: servicetype | G24: 直取 | J24: 维度 | K24: 无 | L24: 无
B25: abnormal_cnt | C25: bigint | D25: 质差话单数量 | E25: A | G25: sum(abnormal_cnt) | J25: 指标 | K25: 无 | L25: >=0
B26: record_cnt | C26: bigint | D26: 记录数 | E26: A | G26: sum(record_cnt) | J26: 指标 | K26: 无 | L26: >=0
B27: speedlimit_cnt | C27: bigint | D27: 限速记录数 | E27: A | G27: sum(speedlimit_cnt) | J27: 指标 | K27: 无 | L27: >=0
B28: duration | C28: bigint | D28: 持续时间，单位毫秒 | E28: A | G28: sum(duration) | J28: 指标 | K28: ms | L28: >=0
B29: outputoctets | C29: bigint | D29: 上行流量(byte) | E29: A | G29: sum(outputoctets) | J29: 指标 | K29: byte | L29: >=0
B30: inputoctets | C30: bigint | D30: 下行流量(byte) | E30: A | G30: sum(inputoctets) | J30: 指标 | K30: byte | L30: >=0
B31: outputoctets_above500 | C31: bigint | D31: 上行大包业务流量(>=500KB) | E31: A | G31: sum(outputoctets_above500) | J31: 指标 | K31: byte | L31: >=0
B32: outputoctets_above500_cnt | C32: bigint | D32: 上行大包条数(>=500KB) | E32: A | G32: sum(outputoctets_above500_cnt) | J32: 指标 | K32: 无 | L32: >=0
B33: outputoctets_above500_highdelay_cnt | C33: bigint | D33: 上行大包高时延条数（>100ms） | E33: A | G33: sum(outputoctets_above500_highdelay_cnt) | J33: 指标 | K33: 无 | L33: >=0
B34: inputoctets_above500 | C34: bigint | D34: 下行大包业务流量(>=500KB) | E34: A | G34: sum(inputoctets_above500) | J34: 指标 | K34: byte | L34: >=0
B35: inputoctets_above500_cnt | C35: bigint | D35: 下行大包条数(>=500KB) | E35: A | G35: sum(inputoctets_above500_cnt) | J35: 指标 | K35: 无 | L35: >=0
B36: inputoctets_above500_highdelay_cnt | C36: bigint | D36: 下行大包高时延条数（>100ms） | E36: A | G36: sum(inputoctets_above500_highdelay_cnt) | J36: 指标 | K36: 无 | L36: >=0
... B113: wellgamedelay_cnt | C113: bigint | D113: 游戏交互时延良好次数 | E113: A | G113: sum(wellgamedelay_cnt) | J113: 指标 | K113: 无 | L113: >=0
B114: p_provincecode | C114: int | D114: 省分区
B115: p_date | C115: string | D115: 天分区

Sheet 22
B1: =HYPERLINK("#导航!a2","返回") -> 返回
B3: 目标表基本信息描述
B4: 主题域 | C4: 目标表英文名 | D4: 目标表中文名 | E4: 数据频度 | F4: 模型主键 | G4: 数据描述 | H4: 推送数据库
B5: 数据感知 | C5: aggr_lte_dpi_game_cel_h | D5: 4G_DPI_game小区维度小时表 | E5: hour
B7: 源表基本信息描述
B8: 来源系统 | C8: 源表英文名 | D8: 源表中文名 | E8: 别名 | F8: 任务描述 | G8: 备注 | H8: 是否主表
C9: aggr_lte_dpi_game_appcel_h | D9: 4G_DPI_game小区app维度小时表 | E9: A | H9: 是
B11: 详细字段信息
B12: 详细字段信息
B13: PDM字段英文名 | C13: PDM字段类型 | D13: PDM字段中文名（说明） | E13: 源表名 | F13: 源字段英文名 | G13: 算法加工逻辑 | H13: 关联与过滤条件 | I13: 备注 | J13: 字段属性 | K13: 单位 | L13: 取值范围
B14: day | C14: string | D14: 日期 | E14: A | F14: p_date | G14: 直取 | J14: 维度 | K14: 无 | L14: yyyy-mm-dd
B15: hour | C15: int | D15: 小时 | E15: A | F15: p_hour | G15: 直取 | J15: 维度 | K15: 无 | L15: 0~23
B16: interface | C16: int | D16: 接口类型 | E16: A | F16: interface | G16: 直取 | J16: 维度 | K16: 无 | L16: <=101
B17: rattype | C17: int | D17: 网络类型（4G：6；5G：10） | E17: A | F17: rattype | G17: 直取 | J17: 维度 | K17: 无 | L17: 6,10
B18: provincecode | C18: int | D18: 省编码 | E18: A | F18: p_provincecode | G18: 直取 | J18: 维度 | K18: 无 | L18: 6位数编码
B19: citycode | C19: int | D19: 市编码 | E19: A | F19: citycode | G19: 直取 | J19: 维度 | K19: 无 | L19: 6位数编码
B20: districtcode | C20: int | D20: 区编码 | E20: A | F20: districtcode | G20: 直取 | J20: 维度 | K20: 无 | L20: 6位数编码
B21: province | C21: string | D21: 省名称 | E21: A | F21: province | G21: 直取 | J21: 维度 | K21: 无 | L21: 无
B22: city | C22: string | D22: 地市名称 | E22: A | F22: city | G22: 直取 | J22: 维度 | K22: 无 | L22: 无
B23: district | C23: string | D23: 区县名称 | E23: A | F23: district | G23: 直取 | J23: 维度 | K23: 无 | L23: 无
B24: cellkey | C24: string | D24: 小区cellkey | E24: A | F24: cellkey | G24: 直取 | J24: 维度 | K24: 无 | L24: 无
B25: abnormal_cnt | C25: bigint | D25: 质差话单数量 | E25: A | G25: sum(abnormal_cnt) | J25: 指标 | K25: 无 | L25: >=0
B26: record_cnt | C26: bigint | D26: 记录数 | E26: A | G26: sum(record_cnt) | J26: 指标 | K26: 无 | L26: >=0
B27: speedlimit_cnt | C27: bigint | D27: 限速记录数 | E27: A | G27: sum(speedlimit_cnt) | J27: 指标 | K27: 无 | L27: >=0
B28: duration | C28: bigint | D28: 持续时间，单位毫秒 | E28: A | G28: sum(duration) | J28: 指标 | K28: ms | L28: >=0
B29: outputoctets | C29: bigint | D29: 上行流量(byte) | E29: A | G29: sum(outputoctets) | J29: 指标 | K29: byte | L29: >=0
B30: inputoctets | C30: bigint | D30: 下行流量(byte) | E30: A | G30: sum(inputoctets) | J30: 指标 | K30: byte | L30: >=0
B31: outputoctets_above500 | C31: bigint | D31: 上行大包业务流量(>=500KB) | E31: A | G31: sum(outputoctets_above500) | J31: 指标 | K31: byte | L31: >=0
B32: outputoctets_above500_cnt | C32: bigint | D32: 上行大包条数(>=500KB) | E32: A | G32: sum(outputoctets_above500_cnt) | J32: 指标 | K32: 无 | L32: >=0
B33: outputoctets_above500_highdelay_cnt | C33: bigint | D33: 上行大包高时延条数（>100ms） | E33: A | G33: sum(outputoctets_above500_highdelay_cnt) | J33: 指标 | K33: 无 | L33: >=0
B34: inputoctets_above500 | C34: bigint | D34: 下行大包业务流量(>=500KB) | E34: A | G34: sum(inputoctets_above500) | J34: 指标 | K34: byte | L34: >=0
B35: inputoctets_above500_cnt | C35: bigint | D35: 下行大包条数(>=500KB) | E35: A | G35: sum(inputoctets_above500_cnt) | J35: 指标 | K35: 无 | L35: >=0
B36: inputoctets_above500_highdelay_cnt | C36: bigint | D36: 下行大包高时延条数（>100ms） | E36: A | G36: sum(inputoctets_above500_highdelay_cnt) | J36: 指标 | K36: 无 | L36: >=0
... B113: wellgamedelay_cnt | C113: bigint | D113: 游戏交互时延良好次数 | E113: A | G113: sum(wellgamedelay_cnt) | J113: 指标 | K113: 无 | L113: >=0
B114: p_provincecode | C114: int | D114: 省分区
B115: p_date | C115: string | D115: 天分区
B116: p_hour | C116: int | D116: 小时分区

Sheet 23
B1: =HYPERLINK("#导航!a2","返回") -> 返回
B3: 目标表基本信息描述
B4: 主题域 | C4: 目标表英文名 | D4: 目标表中文名 | E4: 数据频度 | F4: 模型主键 | G4: 数据描述 | H4: 推送数据库
B5: 数据感知 | C5: aggr_lte_dpi_game_cel_d | D5: 4G_DPI_game小区维度天表 | E5: day
B7: 源表基本信息描述
B8: 来源系统 | C8: 源表英文名 | D8: 源表中文名 | E8: 别名 | F8: 任务描述 | G8: 备注 | H8: 是否主表
C9: aggr_lte_dpi_game_cel_h | D9: 4G_DPI_game小区维度小时表 | E9: A | H9: 是
B11: 详细字段信息
B12: 详细字段信息
B13: PDM字段英文名 | C13: PDM字段类型 | D13: PDM字段中文名（说明） | E13: 源表名 | F13: 源字段英文名 | G13: 算法加工逻辑 | H13: 关联与过滤条件 | I13: 备注 | J13: 字段属性 | K13: 单位 | L13: 取值范围
B14: day | C14: string | D14: 日期 | E14: A | F14: p_date | G14: 直取 | J14: 维度 | K14: 无 | L14: yyyy-mm-dd
B15: interface | C15: int | D15: 接口类型 | E15: A | F15: interface | G15: 直取 | J15: 维度 | K15: 无 | L15: <=101
B16: rattype | C16: int | D16: 网络类型（4G：6；5G：10） | E16: A | F16: rattype | G16: 直取 | J16: 维度 | K16: 无 | L16: 6,10
B17: provincecode | C17: int | D17: 省编码 | E17: A | F17: p_provincecode | G17: 直取 | J17: 维度 | K17: 无 | L17: 6位数编码
B18: citycode | C18: int | D18: 市编码 | E18: A | F18: citycode | G18: 直取 | J18: 维度 | K18: 无 | L18: 6位数编码
B19: districtcode | C19: int | D19: 区编码 | E19: A | F19: districtcode | G19: 直取 | J19: 维度 | K19: 无 | L19: 6位数编码
B20: province | C20: string | D20: 省名称 | E20: A | F20: province | G20: 直取 | J20: 维度 | K20: 无 | L20: 无
B21: city | C21: string | D21: 地市名称 | E21: A | F21: city | G21: 直取 | J21: 维度 | K21: 无 | L21: 无
B22: district | C22: string | D22: 区县名称 | E22: A | F22: district | G22: 直取 | J22: 维度 | K22: 无 | L22: 无
B23: cellkey | C23: string | D23: 小区cellkey | E23: A | F23: cellkey | G23: 直取 | J23: 维度 | K23: 无 | L23: 无
B24: abnormal_cnt | C24: bigint | D24: 质差话单数量 | E24: A | G24: sum(abnormal_cnt) | J24: 指标 | K24: 无 | L24: >=0
B25: abnormal_cnt_max | C25: bigint | D25: 异常话单最大小时对应异常话单数量 | E25: A | G25: max(abnormal_cnt) | J25: 指标 | K25: 无 | L25: >=0
B26: record_cnt | C26: bigint | D26: 记录数 | E26: A | G26: sum(record_cnt) | J26: 指标 | K26: 无 | L26: >=0
B27: speedlimit_cnt | C27: bigint | D27: 限速记录数 | E27: A | G27: sum(speedlimit_cnt) | J27: 指标 | K27: 无 | L27: >=0
B28: duration_sum | C28: bigint | D28: 持续时间，单位毫秒 | E28: A | G28: sum(duration) | J28: 指标 | K28: ms | L28: >=0
B29: outputoctets_sum | C29: bigint | D29: 上行流量(byte) | E29: A | G29: sum(outputoctets) | J29: 指标 | K29: byte | L29: >=0
B30: inputoctets_sum | C30: bigint | D30: 下行流量(byte) | E30: A | G30: sum(inputoctets) | J30: 指标 | K30: byte | L30: >=0
B31: outputoctets_above500 | C31: bigint | D31: 上行大包业务流量(>=500KB) | E31: A | G31: sum(outputoctets_above500) | J31: 指标 | K31: byte | L31: >=0
B32: outputoctets_above500_cnt | C32: bigint | D32: 上行大包条数(>=500KB) | E32: A | G32: sum(outputoctets_above500_cnt) | J32: 指标 | K32: 无 | L32: >=0
B33: outputoctets_above500_highdelay_cnt | C33: bigint | D33: 上行大包高时延条数（>100ms） | E33: A | G33: sum(outputoctets_above500_highdelay_cnt) | J33: 指标 | K33: 无 | L33: >=0
B34: inputoctets_above500 | C34: bigint | D34: 下行大包业务流量(>=500KB) | E34: A | G34: sum(inputoctets_above500) | J34: 指标 | K34: byte | L34: >=0
B35: inputoctets_above500_cnt | C35: bigint | D35: 下行大包条数(>=500KB) | E35: A | G35: sum(inputoctets_above500_cnt) | J35: 指标 | K35: 无 | L35: >=0
... B113: times_wellgamedelay | C113: bigint | D113: 游戏交互时延良好次数 | E113: A | G113: sum(wellgamedelay_cnt) | J113: 指标 | K113: 无 | L113: >=0
B114: p_provincecode | C114: int | D114: 省分区
B115: p_date | C115: string | D115: 天分区

Sheet 24
B1: =HYPERLINK("#导航!a2","返回") -> 返回
B3: 目标表基本信息描述
B4: 主题域 | C4: 目标表英文名 | D4: 目标表中文名 | E4: 数据频度 | F4: 模型主键 | G4: 数据描述 | H4: 推送数据库
B5: 数据感知 | C5: aggr_lte_dpi_http_apptype_usrcel_h | D5: 4G_DPI_http协议app类型用户小区维度小时表 | E5: hour
B7: 源表基本信息描述
B8: 来源系统 | C8: 源表英文名 | D8: 源表中文名 | E8: 别名 | F8: 任务描述 | G8: 备注 | H8: 是否主表
C9: aggr_lte_dpi_http_usrappcel_h | D9: 4G_DPI_http用户小区app维度小时表 | E9: A | H9: 是
B11: 详细字段信息
B12: 详细字段信息
B13: PDM字段英文名 | C13: PDM字段类型 | D13: PDM字段中文名（说明） | E13: 源表名 | F13: 源字段英文名 | G13: 算法加工逻辑 | H13: 关联与过滤条件 | I13: 备注 | J13: 字段属性 | K13: 单位 | L13: 取值范围
B14: day | C14: string | D14: 日期 | E14: A | F14: p_date | G14: 直取 | J14: 维度 | K14: 无 | L14: yyyy-mm-dd
B15: hour | C15: int | D15: 小时 | E15: A | F15: p_hour | G15: 直取 | J15: 维度 | K15: 无 | L15: 0~23
B16: interface | C16: int | D16: 接口类型 | E16: A | F16: interface | G16: 直取 | J16: 维度 | K16: 无 | L16: <=101
B17: rattype | C17: int | D17: 网络类型（4G：6；5G：10） | E17: A | F17: rattype | G17: 直取 | J17: 维度 | K17: 无 | L17: 6,10
B18: provincecode | C18: int | D18: 省编码 | E18: A | F18: p_provincecode | G18: 直取 | J18: 维度 | K18: 无 | L18: 6位数编码
B19: citycode | C19: int | D19: 市编码 | E19: A | F19: citycode | G19: 直取 | J19: 维度 | K19: 无 | L19: 6位数编码
B20: districtcode | C20: int | D20: 区编码 | E20: A | F20: districtcode | G20: 直取 | J20: 维度 | K20: 无 | L20: 6位数编码
B21: province | C21: string | D21: 省名称 | E21: A | F21: province | G21: 直取 | J21: 维度 | K21: 无 | L21: 无
B22: city | C22: string | D22: 地市名称 | E22: A | F22: city | G22: 直取 | J22: 维度 | K22: 无 | L22: 无
B23: district | C23: string | D23: 区县名称 | E23: A | F23: district | G23: 直取 | J23: 维度 | K23: 无 | L23: 无
B24: cellkey | C24: string | D24: 小区cellkey | E24: A | F24: cellkey | G24: 直取 | J24: 维度 | K24: 无 | L24: 无
B25: imsi | C25: string | D25: 用户imsi | E25: A | F25: imsi | G25: 直取 | J25: 维度 | K25: 无 | L25: 无
... B30: home_province | C30: string | D30: 归属省份 | E30: A | F30: home_province | G30: 直取 | J30: 维度 | K30: 无 | L30: 6位数编码
B31: abnormal_cnt | C31: bigint | D31: 质差话单数量 | E31: A | G31: sum(abnormal_cnt) | J31: 指标 | K31: 无 | L31: >=0
B32: record_cnt | C32: bigint | D32: 记录数 | E32: A | G32: sum(record_cnt) | J32: 指标 | K32: 无 | L32: >=0
B33: speedlimit_cnt | C33: bigint | D33: 限速记录数 | E33: A | G33: sum(speedlimit_cnt) | J33: 指标 | K33: 无 | L33: >=0
B34: duration | C34: bigint | D34: 持续时间，单位毫秒 | E34: A | G34: sum(duration) | J34: 指标 | K34: ms | L34: >=0
B35: outputoctets | C35: bigint | D35: 上行流量(byte) | E35: A | G35: sum(outputoctets) | J35: 指标 | K35: byte | L35: >=0
B36: inputoctets | C36: bigint | D36: 下行流量(byte) | E36: A | G36: sum(inputoctets) | J36: 指标 | K36: byte | L36: >=0
B37: outputoctets_above500 | C37: bigint | D37: 上行大包业务流量(>=500KB) | E37: A | G37: sum(outputoctets_above500) | J37: 指标 | K37: byte | L37: >=0
B38: outputoctets_above500_cnt | C38: bigint | D38: 上行大包条数(>=500KB) | E38: A | G38: sum(outputoctets_above500_cnt) | J38: 指标 | K38: 无 | L38: >=0
B39: outputoctets_above500_highdelay_cnt | C39: bigint | D39: 上行大包高时延条数（>100ms） | E39: A | G39: sum(outputoctets_above500_highdelay_cnt) | J39: 指标 | K39: 无 | L39: >=0
B40: inputoctets_above500 | C40: bigint | D40: 下行大包业务流量(>=500KB) | E40: A | G40: sum(inputoctets_above500) | J40: 指标 | K40: byte | L40: >=0
B41: inputoctets_above500_cnt | C41: bigint | D41: 下行大包条数(>=500KB) | E41: A | G41: sum(inputoctets_above500_cnt) | J41: 指标 | K41: 无 | L41: >=0
B42: inputoctets_above500_highdelay_cnt | C42: bigint | D42: 下行大包高时延条数（>100ms） | E42: A | G42: sum(inputoctets_above500_highdelay_cnt) | J42: 指标 | K42: 无 | L42: >=0
... B132: wellgamedelay_cnt | C132: bigint | D132: 游戏交互时延良好次数 | E132: A | G132: sum(wellgamedelay_cnt) | J132: 指标 | K132: 无 | L132: >=0
B133: min_starttime | C133: string | D133: 最小开始时间 | E133: A | G133: min(min_starttime) | I133: 20250415101139 | J133: 指标 | K133: 无 | L133: >0
B134: max_endtime | C134: string | D134: 最大结束时间 | E134: A | G134: max(max_endtime) | I134: 20250415101024 | J134: 指标 | K134: 无 | L134: >0
B135: p_provincecode | C135: int | D135: 省分区
B136: p_date | C136: string | D136: 天分区
B137: p_hour | C137: int | D137: 小时分区

Sheet 25
B1: =HYPERLINK("#导航!a2","返回") -> 返回
B3: 目标表基本信息描述
B4: 主题域 | C4: 目标表英文名 | D4: 目标表中文名 | E4: 数据频度 | F4: 模型主键 | G4: 数据描述 | H4: 推送数据库
B5: 数据感知 | C5: aggr_lte_dpi_web_usrcel_d | D5: 4G_DPI_web用户小区维度天表 | E5: day
B7: 源表基本信息描述
B8: 来源系统 | C8: 源表英文名 | D8: 源表中文名 | E8: 别名 | F8: 任务描述 | G8: 备注 | H8: 是否主表
C9: aggr_lte_dpi_http_apptype_usrcel_h | D9: 4G_DPI_http协议app类型用户小区维度小时表 | E9: A | G9: 过滤条件：business_type='web' | H9: 是
B11: 详细字段信息
B12: 详细字段信息
B13: PDM字段英文名 | C13: PDM字段类型 | D13: PDM字段中文名（说明） | E13: 源表名 | F13: 源字段英文名 | G13: 算法加工逻辑 | H13: 关联与过滤条件 | I13: 备注 | J13: 字段属性 | K13: 单位 | L13: 取值范围
B14: day | C14: string | D14: 日期 | E14: A | F14: p_date | G14: 直取 | J14: 维度 | K14: 无 | L14: yyyy-mm-dd
B15: interface | C15: int | D15: 接口类型 | E15: A | F15: interface | G15: 直取 | J15: 维度 | K15: 无 | L15: <=101
B16: rattype | C16: int | D16: 网络类型（4G：6；5G：10） | E16: A | F16: rattype | G16: 直取 | J16: 维度 | K16: 无 | L16: 6,10
B17: provincecode | C17: int | D17: 省编码 | E17: A | F17: p_provincecode | G17: 直取 | J17: 维度 | K17: 无 | L17: 6位数编码
B18: citycode | C18: int | D18: 市编码 | E18: A | F18: citycode | G18: 直取 | J18: 维度 | K18: 无 | L18: 6位数编码
B19: districtcode | C19: int | D19: 区编码 | E19: A | F19: districtcode | G19: 直取 | J19: 维度 | K19: 无 | L19: 6位数编码
B20: province | C20: string | D20: 省名称 | E20: A | F20: province | G20: 直取 | J20: 维度 | K20: 无 | L20: 无
B21: city | C21: string | D21: 地市名称 | E21: A | F21: city | G21: 直取 | J21: 维度 | K21: 无 | L21: 无
B22: district | C22: string | D22: 区县名称 | E22: A | F22: district | G22: 直取 | J22: 维度 | K22: 无 | L22: 无
B23: cellkey | C23: string | D23: 小区cellkey | E23: A | F23: cellkey | G23: 直取 | J23: 维度 | K23: 无 | L23: 无
B24: imsi | C24: string | D24: 用户imsi | E24: A | F24: imsi | G24: 直取 | J24: 维度 | K24: 无 | L24: 无
B25: msisdn | C25: string | D25: 用户号码 | E25: A | F25: msisdn | G25: 直取 | J25: 维度 | K25: 无 | L25: 无
... B27: home_province | C27: string | D27: 归属省份 | E27: A | F27: home_province | G27: 直取 | J27: 维度 | K27: 无 | L27: 6位数编码
B28: abnormal_cnt | C28: bigint | D28: 质差话单数量 | E28: A | G28: sum(abnormal_cnt) | J28: 指标 | K28: 无 | L28: >=0
B29: record_cnt | C29: bigint | D29: 记录数 | E29: A | G29: sum(record_cnt) | J29: 指标 | K29: 无 | L29: >=0
B30: speedlimit_cnt | C30: bigint | D30: 限速记录数 | E30: A | G30: sum(speedlimit_cnt) | J30: 指标 | K30: 无 | L30: >=0
B31: duration_sum | C31: bigint | D31: 持续时间，单位毫秒 | E31: A | G31: sum(duration) | J31: 指标 | K31: ms | L31: >=0
B32: outputoctets_sum | C32: bigint | D32: 上行流量(byte) | E32: A | G32: sum(outputoctets) | J32: 指标 | K32: byte | L32: >=0
B33: inputoctets_sum | C33: bigint | D33: 下行流量(byte) | E33: A | G33: sum(inputoctets) | J33: 指标 | K33: byte | L33: >=0
B34: outputoctets_above500 | C34: bigint | D34: 上行大包业务流量(>=500KB) | E34: A | G34: sum(outputoctets_above500) | J34: 指标 | K34: byte | L34: >=0
B35: outputoctets_above500_cnt | C35: bigint | D35: 上行大包条数(>=500KB) | E35: A | G35: sum(outputoctets_above500_cnt) | J35: 指标 | K35: 无 | L35: >=0
B36: outputoctets_above500_highdelay_cnt | C36: bigint | D36: 上行大包高时延条数（>100ms） | E36: A | G36: sum(outputoctets_above500_highdelay_cnt) | J36: 指标 | K36: 无 | L36: >=0
B37: inputoctets_above500 | C37: bigint | D37: 下行大包业务流量(>=500KB) | E37: A | G37: sum(inputoctets_above500) | J37: 指标 | K37: byte | L37: >=0
B38: inputoctets_above500_cnt | C38: bigint | D38: 下行大包条数(>=500KB) | E38: A | G38: sum(inputoctets_above500_cnt) | J38: 指标 | K38: 无 | L38: >=0
B39: inputoctets_above500_highdelay_cnt | C39: bigint | D39: 下行大包高时延条数（>100ms） | E39: A | G39: sum(inputoctets_above500_highdelay_cnt) | J39: 指标 | K39: 无 | L39: >=0
... B126: times_wellcmpltdelay | C126: bigint | D126: 打开时延良好次数 | E126: A | G126: sum(wellcmpltdelay_cnt) | J126: 指标 | K126: 无 | L126: >=0
B127: p_provincecode | C127: int | D127: 省分区
B128: p_date | C128: string | D128: 天分区

Sheet 26
B1: =HYPERLINK("#导航!a2","返回") -> 返回
B3: 目标表基本信息描述
B4: 主题域 | C4: 目标表英文名 | D4: 目标表中文名 | E4: 数据频度 | F4: 模型主键 | G4: 数据描述 | H4: 推送数据库
B5: 数据感知 | C5: aggr_lte_dpi_web_usr_h | D5: 4G_DPI_web用户维度小时表 | E5: 小时
B7: 源表基本信息描述
B8: 来源系统 | C8: 源表英文名 | D8: 源表中文名 | E8: 别名 | F8: 任务描述 | G8: 备注 | H8: 是否主表
C9: aggr_lte_dpi_http_apptype_usrcel_h | D9: 4G_DPI_http协议app类型用户小区维度小时表 | E9: A | G9: 过滤条件：business_type='web' | H9: 是
B11: 详细字段信息
B12: 详细字段信息
B13: PDM字段英文名 | C13: PDM字段类型 | D13: PDM字段中文名（说明） | E13: 源表名 | F13: 源字段英文名 | G13: 算法加工逻辑 | H13: 关联与过滤条件 | I13: 备注 | J13: 字段属性 | K13: 单位 | L13: 取值范围
B14: day | C14: string | D14: 日期 | E14: A | F14: p_date | G14: 直取 | J14: 维度 | K14: 无 | L14: yyyy-mm-dd
B15: hour | C15: int | D15: 小时 | E15: A | F15: p_hour | G15: 直取 | J15: 维度 | K15: 无 | L15: 0~23
B16: interface | C16: int | D16: 接口类型 | E16: A | F16: interface | G16: 直取 | J16: 维度 | K16: 无 | L16: <=101
B17: rattype | C17: int | D17: 网络类型（4G：6；5G：10） | E17: A | F17: rattype | G17: 直取 | J17: 维度 | K17: 无 | L17: 6,10
B18: provincecode | C18: int | D18: 省编码 | E18: A | F18: p_provincecode | G18: 直取 | J18: 维度 | K18: 无 | L18: 6位数编码
B19: citycode | C19: int | D19: 市编码 | E19: A | F19: citycode | G19: 直取 | J19: 维度 | K19: 无 | L19: 6位数编码
B20: districtcode | C20: int | D20: 区编码 | E20: A | F20: districtcode | G20: 直取 | J20: 维度 | K20: 无 | L20: 6位数编码
B21: province | C21: string | D21: 省名称 | E21: A | F21: province | G21: 直取 | J21: 维度 | K21: 无 | L21: 无
B22: city | C22: string | D22: 地市名称 | E22: A | F22: city | G22: 直取 | J22: 维度 | K22: 无 | L22: 无
B23: district | C23: string | D23: 区县名称 | E23: A | F23: district | G23: 直取 | J23: 维度 | K23: 无 | L23: 无
B24: imsi | C24: string | D24: 用户imsi | E24: A | F24: imsi | G24: 直取 | J24: 维度 | K24: 无 | L24: 无
B25: msisdn | C25: string | D25: 用户号码 | E25: A | F25: msisdn | G25: 直取 | J25: 维度 | K25: 无 | L25: 无
... B27: home_province | C27: string | D27: 归属省份 | E27: A | F27: home_province | G27: 直取 | J27: 维度 | K27: 无 | L27: 6位数编码
B28: abnormal_cnt | C28: bigint | D28: 质差话单数量 | E28: A | G28: sum(abnormal_cnt) | J28: 指标 | K28: 无 | L28: >=0
B29: record_cnt | C29: bigint | D29: 记录数 | E29: A | G29: sum(record_cnt) | J29: 指标 | K29: 无 | L29: >=0
B30: speedlimit_cnt | C30: bigint | D30: 限速记录数 | E30: A | G30: sum(speedlimit_cnt) | J30: 指标 | K30: 无 | L30: >=0
B31: duration | C31: bigint | D31: 持续时间，单位毫秒 | E31: A | G31: sum(duration) | J31: 指标 | K31: ms | L31: >=0
B32: outputoctets | C32: bigint | D32: 上行流量(byte) | E32: A | G32: sum(outputoctets) | J32: 指标 | K32: byte | L32: >=0
B33: inputoctets | C33: bigint | D33: 下行流量(byte) | E33: A | G33: sum(inputoctets) | J33: 指标 | K33: byte | L33: >=0
B34: outputoctets_above500 | C34: bigint | D34: 上行大包业务流量(>=500KB) | E34: A | G34: sum(outputoctets_above500) | J34: 指标 | K34: byte | L34: >=0
B35: outputoctets_above500_cnt | C35: bigint | D35: 上行大包条数(>=500KB) | E35: A | G35: sum(outputoctets_above500_cnt) | J35: 指标 | K35: 无 | L35: >=0
B36: outputoctets_above500_highdelay_cnt | C36: bigint | D36: 上行大包高时延条数（>100ms） | E36: A | G36: sum(outputoctets_above500_highdelay_cnt) | J36: 指标 | K36: 无 | L36: >=0
B37: inputoctets_above500 | C37: bigint | D37: 下行大包业务流量(>=500KB) | E37: A | G37: sum(inputoctets_above500) | J37: 指标 | K37: byte | L37: >=0
B38: inputoctets_above500_cnt | C38: bigint | D38: 下行大包条数(>=500KB) | E38: A | G38: sum(inputoctets_above500_cnt) | J38: 指标 | K38: 无 | L38: >=0
B39: inputoctets_above500_highdelay_cnt | C39: bigint | D39: 下行大包高时延条数（>100ms） | E39: A | G39: sum(inputoctets_above500_highdelay_cnt) | J39: 指标 | K39: 无 | L39: >=0
... B126: wellcmpltdelay_cnt | C126: bigint | D126: 打开时延良好次数 | E126: A | G126: sum(wellcmpltdelay_cnt) | J126: 指标 | K126: 无 | L126: >=0
B127: p_provincecode | C127: int | D127: 省分区
B128: p_date | C128: string | D128: 天分区
B129: p_hour | C129: int | D129: 小时分区

Sheet 27
B1: =HYPERLINK("#导航!a2","返回") -> 返回
B3: 目标表基本信息描述
B4: 主题域 | C4: 目标表英文名 | D4: 目标表中文名 | E4: 数据频度 | F4: 模型主键 | G4: 数据描述 | H4: 推送数据库
B5: 数据感知 | C5: aggr_lte_dpi_web_usr_d | D5: 4G_DPI_web用户维度天表 | E5: day
B7: 源表基本信息描述
B8: 来源系统 | C8: 源表英文名 | D8: 源表中文名 | E8: 别名 | F8: 任务描述 | G8: 备注 | H8: 是否主表
C9: aggr_lte_dpi_web_usr_h | D9: 4G_DPI_web用户维度小时表 | E9: A | H9: 是
B11: 详细字段信息
B12: 详细字段信息
B13: PDM字段英文名 | C13: PDM字段类型 | D13: PDM字段中文名（说明） | E13: 源表名 | F13: 源字段英文名 | G13: 算法加工逻辑 | H13: 关联与过滤条件 | I13: 备注 | J13: 字段属性 | K13: 单位 | L13: 取值范围
B14: day | C14: string | D14: 日期 | E14: A | F14: p_date | G14: 直取 | J14: 维度 | K14: 无 | L14: yyyy-mm-dd
B15: interface | C15: int | D15: 接口类型 | E15: A | F15: interface | G15: 直取 | J15: 维度 | K15: 无 | L15: <=101
B16: rattype | C16: int | D16: 网络类型（4G：6；5G：10） | E16: A | F16: rattype | G16: 直取 | J16: 维度 | K16: 无 | L16: 6,10
B17: provincecode | C17: int | D17: 省编码 | E17: A | F17: p_provincecode | G17: 直取 | J17: 维度 | K17: 无 | L17: 6位数编码
B18: citycode | C18: int | D18: 市编码 | E18: A | F18: citycode | G18: 直取 | J18: 维度 | K18: 无 | L18: 6位数编码
B19: districtcode | C19: int | D19: 区编码 | E19: A | F19: districtcode | G19: 直取 | J19: 维度 | K19: 无 | L19: 6位数编码
B20: province | C20: string | D20: 省名称 | E20: A | F20: province | G20: 直取 | J20: 维度 | K20: 无 | L20: 无
B21: city | C21: string | D21: 地市名称 | E21: A | F21: city | G21: 直取 | J21: 维度 | K21: 无 | L21: 无
B22: district | C22: string | D22: 区县名称 | E22: A | F22: district | G22: 直取 | J22: 维度 | K22: 无 | L22: 无
B23: imsi | C23: string | D23: 用户imsi | E23: A | F23: imsi | G23: 直取 | J23: 维度 | K23: 无 | L23: 无
B24: msisdn | C24: string | D24: 用户号码 | E24: A | F24: msisdn | G24: 直取 | J24: 维度 | K24: 无 | L24: 无
B25: imei | C25: string | D25: 用户终端 | E25: A | F25: imei | G25: 直取 | J25: 维度 | K25: 无 | L25: 无
B26: home_province | C26: string | D26: 归属省份 | E26: A | F26: home_province | G26: 直取 | J26: 维度 | K26: 无 | L26: 6位数编码
B27: abnormal_cnt | C27: bigint | D27: 质差话单数量 | E27: A | G27: sum(abnormal_cnt) | J27: 指标 | K27: 无 | L27: >=0
B28: record_cnt | C28: bigint | D28: 记录数 | E28: A | G28: sum(record_cnt) | J28: 指标 | K28: 无 | L28: >=0
B29: speedlimit_cnt | C29: bigint | D29: 限速记录数 | E29: A | G29: sum(speedlimit_cnt) | J29: 指标 | K29: 无 | L29: >=0
B30: duration_sum | C30: bigint | D30: 持续时间，单位毫秒 | E30: A | G30: sum(duration) | J30: 指标 | K30: ms | L30: >=0
B31: outputoctets_sum | C31: bigint | D31: 上行流量(byte) | E31: A | G31: sum(outputoctets) | J31: 指标 | K31: byte | L31: >=0
B32: inputoctets_sum | C32: bigint | D32: 下行流量(byte) | E32: A | G32: sum(inputoctets) | J32: 指标 | K32: byte | L32: >=0
B33: outputoctets_above500 | C33: bigint | D33: 上行大包业务流量(>=500KB) | E33: A | G33: sum(outputoctets_above500) | J33: 指标 | K33: byte | L33: >=0
B34: outputoctets_above500_cnt | C34: bigint | D34: 上行大包条数(>=500KB) | E34: A | G34: sum(outputoctets_above500_cnt) | J34: 指标 | K34: 无 | L34: >=0
B35: outputoctets_above500_highdelay_cnt | C35: bigint | D35: 上行大包高时延条数（>100ms） | E35: A | G35: sum(outputoctets_above500_highdelay_cnt) | J35: 指标 | K35: 无 | L35: >=0
B36: inputoctets_above500 | C36: bigint | D36: 下行大包业务流量(>=500KB) | E36: A | G36: sum(inputoctets_above500) | J36: 指标 | K36: byte | L36: >=0
B37: inputoctets_above500_cnt | C37: bigint | D37: 下行大包条数(>=500KB) | E37: A | G37: sum(inputoctets_above500_cnt) | J37: 指标 | K37: 无 | L37: >=0
B38: inputoctets_above500_highdelay_cnt | C38: bigint | D38: 下行大包高时延条数（>100ms） | E38: A | G38: sum(inputoctets_above500_highdelay_cnt) | J38: 指标 | K38: 无 | L38: >=0
... B125: times_wellcmpltdelay | C125: bigint | D125: 打开时延良好次数 | E125: A | G125: sum(wellcmpltdelay_cnt) | J125: 指标 | K125: 无 | L125: >=0
B126: p_provincecode | C126: int | D126: 省分区
B127: p_date | C127: string | D127: 天分区

Sheet 28
B1: =HYPERLINK("#导航!a2","返回") -> 返回
B3: 目标表基本信息描述
B4: 主题域 | C4: 目标表英文名 | D4: 目标表中文名 | E4: 数据频度 | F4: 模型主键 | G4: 数据描述 | H4: 推送数据库
B5: 数据感知 | C5: aggr_lte_dpi_im_usrcel_d | D5: 4G_DPI_im用户小区维度天表 | E5: day
B7: 源表基本信息描述
B8: 来源系统 | C8: 源表英文名 | D8: 源表中文名 | E8: 别名 | F8: 任务描述 | G8: 备注 | H8: 是否主表
C9: aggr_lte_dpi_http_apptype_usrcel_h | D9: 4G_DPI_http协议app类型用户小区维度小时表 | E9: A | G9: 过滤条件：business_type='im' or is_wechat_payment=1 | H9: 是
B11: 详细字段信息
B12: 详细字段信息
B13: PDM字段英文名 | C13: PDM字段类型 | D13: PDM字段中文名（说明） | E13: 源表名 | F13: 源字段英文名 | G13: 算法加工逻辑 | H13: 关联与过滤条件 | I13: 备注 | J13: 字段属性 | K13: 单位 | L13: 取值范围
B14: day | C14: string | D14: 日期 | E14: A | F14: p_date | G14: 直取 | J14: 维度 | K14: 无 | L14: yyyy-mm-dd
B15: interface | C15: int | D15: 接口类型 | E15: A | F15: interface | G15: 直取 | J15: 维度 | K15: 无 | L15: <=101
B16: rattype | C16: int | D16: 网络类型（4G：6；5G：10） | E16: A | F16: rattype | G16: 直取 | J16: 维度 | K16: 无 | L16: 6,10
B17: provincecode | C17: int | D17: 省编码 | E17: A | F17: p_provincecode | G17: 直取 | J17: 维度 | K17: 无 | L17: 6位数编码
B18: citycode | C18: int | D18: 市编码 | E18: A | F18: citycode | G18: 直取 | J18: 维度 | K18: 无 | L18: 6位数编码
B19: districtcode | C19: int | D19: 区编码 | E19: A | F19: districtcode | G19: 直取 | J19: 维度 | K19: 无 | L19: 6位数编码
B20: province | C20: string | D20: 省名称 | E20: A | F20: province | G20: 直取 | J20: 维度 | K20: 无 | L20: 无
B21: city | C21: string | D21: 地市名称 | E21: A | F21: city | G21: 直取 | J21: 维度 | K21: 无 | L21: 无
B22: district | C22: string | D22: 区县名称 | E22: A | F22: district | G22: 直取 | J22: 维度 | K22: 无 | L22: 无
B23: cellkey | C23: string | D23: 小区cellkey | E23: A | F23: cellkey | G23: 直取 | J23: 维度 | K23: 无 | L23: 无
B24: imsi | C24: string | D24: 用户imsi | E24: A | F24: imsi | G24: 直取 | J24: 维度 | K24: 无 | L24: 无
B25: msisdn | C25: string | D25: 用户号码 | E25: A | F25: msisdn | G25: 直取 | J25: 维度 | K25: 无 | L25: 无
... B28: home_province | C28: string | D28: 归属省份 | E28: A | F28: home_province | G28: 直取 | J28: 维度 | K28: 无 | L28: 6位数编码
B29: abnormal_cnt | C29: bigint | D29: 质差话单数量 | E29: A | G29: sum(abnormal_cnt) | J29: 指标 | K29: 无 | L29: >=0
B30: record_cnt | C30: bigint | D30: 记录数 | E30: A | G30: sum(record_cnt) | J30: 指标 | K30: 无 | L30: >=0
B31: speedlimit_cnt | C31: bigint | D31: 限速记录数 | E31: A | G31: sum(speedlimit_cnt) | J31: 指标 | K31: 无 | L31: >=0
B32: duration_sum | C32: bigint | D32: 持续时间，单位毫秒 | E32: A | G32: sum(duration) | J32: 指标 | K32: ms | L32: >=0
B33: outputoctets_sum | C33: bigint | D33: 上行流量(byte) | E33: A | G33: sum(outputoctets) | J33: 指标 | K33: byte | L33: >=0
B34: inputoctets_sum | C34: bigint | D34: 下行流量(byte) | E34: A | G34: sum(inputoctets) | J34: 指标 | K34: byte | L34: >=0
B35: outputoctets_above500 | C35: bigint | D35: 上行大包业务流量(>=500KB) | E35: A | G35: sum(outputoctets_above500) | J35: 指标 | K35: byte | L35: >=0
B36: outputoctets_above500_cnt | C36: bigint | D36: 上行大包条数(>=500KB) | E36: A | G36: sum(outputoctets_above500_cnt) | J36: 指标 | K36: 无 | L36: >=0
B37: outputoctets_above500_highdelay_cnt | C37: bigint | D37: 上行大包高时延条数（>100ms） | E37: A | G37: sum(outputoctets_above500_highdelay_cnt) | J37: 指标 | K37: 无 | L37: >=0
B38: inputoctets_above500 | C38: bigint | D38: 下行大包业务流量(>=500KB) | E38: A | G38: sum(inputoctets_above500) | J38: 指标 | K38: byte | L38: >=0
B39: inputoctets_above500_cnt | C39: bigint | D39: 下行大包条数(>=500KB) | E39: A | G39: sum(inputoctets_above500_cnt) | J39: 指标 | K39: 无 | L39: >=0
B40: inputoctets_above500_highdelay_cnt | C40: bigint | D40: 下行大包高时延条数（>100ms） | E40: A | G40: sum(inputoctets_above500_highdelay_cnt) | J40: 指标 | K40: 无 | L40: >=0
... B118: xdr_suc_cnt_sum | C118: bigint | D118: xdr成功条数 | E118: A | G118: sum(xdr_suc_cnt_sum) | J118: 指标 | K118: 无 | L118: >=0
B119: p_provincecode | C119: int | D119: 省分区
B120: p_date | C120: string | D120: 天分区

Sheet 29
B1: =HYPERLINK("#导航!a2","返回") -> 返回
B3: 目标表基本信息描述
B4: 主题域 | C4: 目标表英文名 | D4: 目标表中文名 | E4: 数据频度 | F4: 模型主键 | G4: 数据描述 | H4: 推送数据库
B5: 数据感知 | C5: aggr_lte_dpi_im_usr_h | D5: 4G_DPI_im用户小区维度天表 | E5: hour
B7: 源表基本信息描述
B8: 来源系统 | C8: 源表英文名 | D8: 源表中文名 | E8: 别名 | F8: 任务描述 | G8: 备注 | H8: 是否主表
C9: aggr_lte_dpi_http_apptype_usrcel_h | D9: 4G_DPI_http协议app类型用户小区维度小时表 | E9: A | G9: 过滤条件：business_type='im' or is_wechat_payment=1 | H9: 是
B11: 详细字段信息
B12: 详细字段信息
B13: PDM字段英文名 | C13: PDM字段类型 | D13: PDM字段中文名（说明） | E13: 源表名 | F13: 源字段英文名 | G13: 算法加工逻辑 | H13: 关联与过滤条件 | I13: 备注 | J13: 字段属性 | K13: 单位 | L13: 取值范围
B14: day | C14: string | D14: 日期 | E14: A | F14: p_date | G14: 直取 | J14: 维度 | K14: 无 | L14: yyyy-mm-dd
B15: hour | C15: int | D15: 小时 | E15: A | F15: p_hour | G15: 直取 | J15: 维度 | K15: 无 | L15: 0~23
B16: interface | C16: int | D16: 接口类型 | E16: A | F16: interface | G16: 直取 | J16: 维度 | K16: 无 | L16: <=101
B17: rattype | C17: int | D17: 网络类型（4G：6；5G：10） | E17: A | F17: rattype | G17: 直取 | J17: 维度 | K17: 无 | L17: 6,10
B18: provincecode | C18: int | D18: 省编码 | E18: A | F18: p_provincecode | G18: 直取 | J18: 维度 | K18: 无 | L18: 6位数编码
B19: citycode | C19: int | D19: 市编码 | E19: A | F19: citycode | G19: 直取 | J19: 维度 | K19: 无 | L19: 6位数编码
B20: districtcode | C20: int | D20: 区编码 | E20: A | F20: districtcode | G20: 直取 | J20: 维度 | K20: 无 | L20: 6位数编码
B21: province | C21: string | D21: 省名称 | E21: A | F21: province | G21: 直取 | J21: 维度 | K21: 无 | L21: 无
B22: city | C22: string | D22: 地市名称 | E22: A | F22: city | G22: 直取 | J22: 维度 | K22: 无 | L22: 无
B23: district | C23: string | D23: 区县名称 | E23: A | F23: district | G23: 直取 | J23: 维度 | K23: 无 | L23: 无
B24: imsi | C24: string | D24: 用户imsi | E24: A | F24: imsi | G24: 直取 | J24: 维度 | K24: 无 | L24: 无
B25: msisdn | C25: string | D25: 用户号码 | E25: A | F25: msisdn | G25: 直取 | J25: 维度 | K25: 无 | L25: 无
... B27: home_province | C27: string | D27: 归属省份 | E27: A | F27: home_province | G27: 直取 | J27: 维度 | K27: 无 | L27: 6位数编码
B28: abnormal_cnt | C28: bigint | D28: 质差话单数量 | E28: A | G28: sum(abnormal_cnt) | J28: 指标 | K28: 无 | L28: >=0
B29: record_cnt | C29: bigint | D29: 记录数 | E29: A | G29: sum(record_cnt) | J29: 指标 | K29: 无 | L29: >=0
B30: speedlimit_cnt | C30: bigint | D30: 限速记录数 | E30: A | G30: sum(speedlimit_cnt) | J30: 指标 | K30: 无 | L30: >=0
B31: duration | C31: bigint | D31: 持续时间，单位毫秒 | E31: A | G31: sum(duration) | J31: 指标 | K31: ms | L31: >=0
B32: outputoctets | C32: bigint | D32: 上行流量(byte) | E32: A | G32: sum(outputoctets) | J32: 指标 | K32: byte | L32: >=0
B33: inputoctets | C33: bigint | D33: 下行流量(byte) | E33: A | G33: sum(inputoctets) | J33: 指标 | K33: byte | L33: >=0
B34: outputoctets_above500 | C34: bigint | D34: 上行大包业务流量(>=500KB) | E34: A | G34: sum(outputoctets_above500) | J34: 指标 | K34: byte | L34: >=0
B35: outputoctets_above500_cnt | C35: bigint | D35: 上行大包条数(>=500KB) | E35: A | G35: sum(outputoctets_above500_cnt) | J35: 指标 | K35: 无 | L35: >=0
B36: outputoctets_above500_highdelay_cnt | C36: bigint | D36: 上行大包高时延条数（>100ms） | E36: A | G36: sum(outputoctets_above500_highdelay_cnt) | J36: 指标 | K36: 无 | L36: >=0
B37: inputoctets_above500 | C37: bigint | D37: 下行大包业务流量(>=500KB) | E37: A | G37: sum(inputoctets_above500) | J37: 指标 | K37: byte | L37: >=0
B38: inputoctets_above500_cnt | C38: bigint | D38: 下行大包条数(>=500KB) | E38: A | G38: sum(inputoctets_above500_cnt) | J38: 指标 | K38: 无 | L38: >=0
B39: inputoctets_above500_highdelay_cnt | C39: bigint | D39: 下行大包高时延条数（>100ms） | E39: A | G39: sum(inputoctets_above500_highdelay_cnt) | J39: 指标 | K39: 无 | L39: >=0
... B117: xdr_suc_cnt_sum | C117: bigint | D117: xdr成功条数 | E117: A | G117: sum(xdr_suc_cnt_sum) | J117: 指标 | K117: 无 | L117: >=0
B118: p_provincecode | C118: int | D118: 省分区
B119: p_date | C119: string | D119: 天分区
B120: p_hour | C120: int | D120: 小时分区

Sheet 30
B1: =HYPERLINK("#导航!a2","返回") -> 返回
B3: 目标表基本信息描述
B4: 主题域 | C4: 目标表英文名 | D4: 目标表中文名 | E4: 数据频度 | F4: 模型主键 | G4: 数据描述 | H4: 推送数据库
B5: 数据感知 | C5: aggr_lte_dpi_im_usr_d | D5: 4G_DPI_im用户维度天表 | E5: day
B7: 源表基本信息描述
B8: 来源系统 | C8: 源表英文名 | D8: 源表中文名 | E8: 别名 | F8: 任务描述 | G8: 备注 | H8: 是否主表
C9: aggr_lte_dpi_im_usr_h | D9: 4G_DPI_im用户小区维度天表 | E9: A | H9: 是
B11: 详细字段信息
B12: 详细字段信息
B13: PDM字段英文名 | C13: PDM字段类型 | D13: PDM字段中文名（说明） | E13: 源表名 | F13: 源字段英文名 | G13: 算法加工逻辑 | H13: 关联与过滤条件 | I13: 备注 | J13: 字段属性 | K13: 单位 | L13: 取值范围
B14: day | C14: string | D14: 日期 | E14: A | F14: p_date | G14: 直取 | J14: 维度 | K14: 无 | L14: yyyy-mm-dd
B15: interface | C15: int | D15: 接口类型 | E15: A | F15: interface | G15: 直取 | J15: 维度 | K15: 无 | L15: <=101
B16: rattype | C16: int | D16: 网络类型（4G：6；5G：10） | E16: A | F16: rattype | G16: 直取 | J16: 维度 | K16: 无 | L16: 6,10
B17: provincecode | C17: int | D17: 省编码 | E17: A | F17: p_provincecode | G17: 直取 | J17: 维度 | K17: 无 | L17: 6位数编码
B18: citycode | C18: int | D18: 市编码 | E18: A | F18: citycode | G18: 直取 | J18: 维度 | K18: 无 | L18: 6位数编码
B19: districtcode | C19: int | D19: 区编码 | E19: A | F19: districtcode | G19: 直取 | J19: 维度 | K19: 无 | L19: 6位数编码
B20: province | C20: string | D20: 省名称 | E20: A | F20: province | G20: 直取 | J20: 维度 | K20: 无 | L20: 无
B21: city | C21: string | D21: 地市名称 | E21: A | F21: city | G21: 直取 | J21: 维度 | K21: 无 | L21: 无
B22: district | C22: string | D22: 区县名称 | E22: A | F22: district | G22: 直取 | J22: 维度 | K22: 无 | L22: 无
B23: imsi | C23: string | D23: 用户imsi | E23: A | F23: imsi | G23: 直取 | J23: 维度 | K23: 无 | L23: 无
B24: msisdn | C24: string | D24: 用户号码 | E24: A | F24: msisdn | G24: 直取 | J24: 维度 | K24: 无 | L24: 无
B25: imei | C25: string | D25: 用户终端 | E25: A | F25: imei | G25: 直取 | J25: 维度 | K25: 无 | L25: 无
B26: home_province | C26: string | D26: 归属省份 | E26: A | F26: home_province | G26: 直取 | J26: 维度 | K26: 无 | L26: 6位数编码
B27: abnormal_cnt | C27: bigint | D27: 质差话单数量 | E27: A | G27: sum(abnormal_cnt) | J27: 指标 | K27: 无 | L27: >=0
B28: record_cnt | C28: bigint | D28: 记录数 | E28: A | G28: sum(record_cnt) | J28: 指标 | K28: 无 | L28: >=0
B29: speedlimit_cnt | C29: bigint | D29: 限速记录数 | E29: A | G29: sum(speedlimit_cnt) | J29: 指标 | K29: 无 | L29: >=0
B30: duration_sum | C30: bigint | D30: 持续时间，单位毫秒 | E30: A | G30: sum(duration) | J30: 指标 | K30: ms | L30: >=0
B31: outputoctets_sum | C31: bigint | D31: 上行流量(byte) | E31: A | G31: sum(outputoctets) | J31: 指标 | K31: byte | L31: >=0
B32: inputoctets_sum | C32: bigint | D32: 下行流量(byte) | E32: A | G32: sum(inputoctets) | J32: 指标 | K32: byte | L32: >=0
B33: outputoctets_above500 | C33: bigint | D33: 上行大包业务流量(>=500KB) | E33: A | G33: sum(outputoctets_above500) | J33: 指标 | K33: byte | L33: >=0
B34: outputoctets_above500_cnt | C34: bigint | D34: 上行大包条数(>=500KB) | E34: A | G34: sum(outputoctets_above500_cnt) | J34: 指标 | K34: 无 | L34: >=0
B35: outputoctets_above500_highdelay_cnt | C35: bigint | D35: 上行大包高时延条数（>100ms） | E35: A | G35: sum(outputoctets_above500_highdelay_cnt) | J35: 指标 | K35: 无 | L35: >=0
B36: inputoctets_above500 | C36: bigint | D36: 下行大包业务流量(>=500KB) | E36: A | G36: sum(inputoctets_above500) | J36: 指标 | K36: byte | L36: >=0
B37: inputoctets_above500_cnt | C37: bigint | D37: 下行大包条数(>=500KB) | E37: A | G37: sum(inputoctets_above500_cnt) | J37: 指标 | K37: 无 | L37: >=0
B38: inputoctets_above500_highdelay_cnt | C38: bigint | D38: 下行大包高时延条数（>100ms） | E38: A | G38: sum(inputoctets_above500_highdelay_cnt) | J38: 指标 | K38: 无 | L38: >=0
... B116: xdr_suc_cnt_sum | C116: bigint | D116: xdr成功条数 | E116: A | G116: sum(xdr_suc_cnt_sum) | J116: 指标 | K116: 无 | L116: >=0
B117: p_provincecode | C117: int | D117: 省分区
B118: p_date | C118: string | D118: 天分区

Sheet 31
B1: =HYPERLINK("#导航!a2","返回") -> 返回
B3: 目标表基本信息描述
B4: 主题域 | C4: 目标表英文名 | D4: 目标表中文名 | E4: 数据频度 | F4: 模型主键 | G4: 数据描述 | H4: 推送数据库
B5: 数据感知 | C5: aggr_lte_wechat_payment_usrcel_d | D5: 4G微信支付用户小区天表 | E5: day
B7: 源表基本信息描述
B8: 来源系统 | C8: 源表英文名 | D8: 源表中文名 | E8: 别名 | F8: 任务描述 | G8: 备注 | H8: 是否主表
C9: aggr_lte_dpi_im_usrcel_d | D9: 4G_DPI_im用户小区维度天表 | E9: A | G9: 过滤条件：is_wechat_payment = 1 | H9: 是
C10: lte_cm_projdata_refactor | D10: 4G电联工参 | E10: B1 | G10: 按照reportcellkey去重
B12: 详细字段信息
B13: 详细字段信息
B14: PDM字段英文名 | C14: PDM字段类型 | D14: PDM字段中文名（说明） | E14: 源表名 | F14: 源字段英文名 | G14: 算法加工逻辑 | H14: 关联与过滤条件 | I14: 备注 | J14: 字段属性 | K14: 单位 | L14: 取值范围
B15: day | C15: string | D15: 上报时间，具体到天 | E15: A | F15: p_date | G15: 直取 | J15: 维度 | K15: 无 | L15: yyyy-mm-dd
B16: enodebid | C16: int | D16: 基站标识 | E16: A | F16: split(cellkey,"_")[0] | G16: split(cellkey,"_")[0] | J16: 维度 | K16: 无 | L16: 无
B17: cellid | C17: string | D17: 小区ID | E17: A | F17: split(cellkey,"_")[1] | G17: split(cellkey,"_")[1] | J17: 维度 | K17: 无 | L17: 无
B18: msisdn | C18: string | D18: 用户号码 | E18: A | F18: msisdn | G18: 直取 | J18: 维度 | K18: 无 | L18: 无
B19: cellkey | C19: string | D19: 小区cellkey | E19: A | F19: cellkey | G19: 直取 | J19: 维度 | K19: 无 | L19: 无
B20: cellname | C20: string | D20: 小区名称 | E20: B | F20: cellname | G20: 关联工参回填 | J20: 维度 | K20: 无 | L20: 无
B21: provincecode | C21: string | D21: 省ID | E21: A | F21: provincecode | G21: 直取 | J21: 维度 | K21: 无 | L21: 6位数编码
B22: province | C22: string | D22: 省名称 | E22: A | F22: province | G22: 直取 | J22: 维度 | K22: 无 | L22: 无
B23: citycode | C23: string | D23: 地市ID | E23: A | F23: citycode | G23: 直取 | J23: 维度 | K23: 无 | L23: 6位数编码
B24: city | C24: string | D24: 地市名称 | E24: A | F24: city | G24: 直取 | J24: 维度 | K24: 无 | L24: 无
B25: districtcode | C25: int | D25: 区县ID | E25: A | F25: districtcode | G25: 直取 | J25: 维度 | K25: 无 | L25: 6位数编码
B26: district | C26: string | D26: 区县名称 | E26: A | F26: district | G26: 直取 | J26: 维度 | K26: 无 | L26: 无
B27: scan_code_num | C27: bigint | D27: 微信支付扫码次数 | E27: A | G27: sum(record_cnt) | J27: 指标 | K27: 次 | L27: >=0
B28: duration_sum | C28: double | D28: 总时延（ms） | E28: A | G28: sum(duration_sum) | J28: 指标 | K28: ms | L28: >=0
B29: duration_avg | C29: double | D29: 平均时延（ms） | E29: A | G29: sum(duration_sum)/sum(record_cnt) | J29: 指标 | K29: ms | L29: >=0
B30: tcpsetupackdelay_sum | C30: double | D30: TCP二三次握手总时延（ms） | E30: A | G30: sum(tcpsetupackdelay_avg*tcpsetupackdelay_cnt) | J30: 指标 | K30: ms | L30: >=0
B31: tcpsetupackdelay_avg | C31: double | D31: TCP二三次握手时延（ms） | E31: A | G31: sum(tcpsetupackdelay_avg*tcpsetupackdelay_cnt)/sum(tcpsetupackdelay_cnt) | J31: 指标 | K31: ms | L31: >=0
B32: ultcp_retranspacket_sum | C32: bigint | D32: 上行TCP重传报文数 | E32: A | G32: sum(ultcp_retranspacket_sum) | J32: 指标 | K32: 无 | L32: >=0
B33: dltcp_retranspacket_sum | C33: bigint | D33: 下行TCP重传报文数 | E33: A | G33: sum(dltcp_retranspacket_sum) | J33: 指标 | K33: 无 | L33: >=0
B34: ultcpreorderingpacket_sum | C34: bigint | D34: 上行TCP乱序报文数 | E34: A | G34: sum(ultcpreorderingpacket_sum) | J34: 指标 | K34: 无 | L34: >=0
B35: dltcpreorderingpacket_sum | C35: bigint | D35: 下行TCP乱序报文数 | E35: A | G35: sum(dltcpreorderingpacket_sum) | J35: 指标 | K35: 无 | L35: >=0
B36: outputpacket_sum | C36: bigint | D36: 用户发出的业务数据包数量 | E36: A | G36: sum(outputpacket_sum) | J36: 指标 | K36: 无 | L36: >=0
B37: inputpacket_sum | C37: bigint | D37: 发给用户的业务数据包数量 | E37: A | G37: sum(inputpacket_sum) | J37: 指标 | K37: 无 | L37: >=0
B38: ultcp_retrans_rate | C38: double | D38: 上行重传率 | E38: A | G38: sum(ultcp_retranspacket_sum)/sum(outputpacket_sum) | J38: 指标 | K38: 无 | L38: [0,1]
... B41: dltcpreordering_rate | C41: double | D41: 下行乱序率 | E41: A | G41: sum(dltcpreorderingpacket_sum)/sum(inputpacket_sum) | J41: 指标 | K41: 无 | L41: [0,1]
B42: p_provincecode | C42: int | D42: 省分区
B43: p_date | C43: string | D43: 天分区

Sheet 33
B1: =HYPERLINK("#导航!a2","返回") -> 返回
B3: 目标表基本信息描述
B4: 主题域 | C4: 目标表英文名 | D4: 目标表中文名 | E4: 数据频度 | F4: 模型主键 | G4: 数据描述 | H4: 推送数据库
B5: 数据感知 | C5: aggr_lte_dpi_game_usrcel_d | D5: 4G_DPI_game用户小区维度天表 | E5: day
B7: 源表基本信息描述
B8: 来源系统 | C8: 源表英文名 | D8: 源表中文名 | E8: 别名 | F8: 任务描述 | G8: 备注 | H8: 是否主表
C9: aggr_lte_dpi_http_apptype_usrcel_h | D9: 4G_DPI_http协议app类型用户小区维度小时表 | E9: A | G9: 过滤条件：business_type='game' | H9: 是
B11: 详细字段信息
B12: 详细字段信息
B13: PDM字段英文名 | C13: PDM字段类型 | D13: PDM字段中文名（说明） | E13: 源表名 | F13: 源字段英文名 | G13: 算法加工逻辑 | H13: 关联与过滤条件 | I13: 备注 | J13: 字段属性 | K13: 单位 | L13: 取值范围
B14: day | C14: string | D14: 日期 | E14: A | F14: p_date | G14: 直取 | J14: 维度 | K14: 无 | L14: yyyy-mm-dd
B15: interface | C15: int | D15: 接口类型 | E15: A | F15: interface | G15: 直取 | J15: 维度 | K15: 无 | L15: <=101
B16: rattype | C16: int | D16: 网络类型（4G：6；5G：10） | E16: A | F16: rattype | G16: 直取 | J16: 维度 | K16: 无 | L16: 6,10
B17: provincecode | C17: int | D17: 省编码 | E17: A | F17: p_provincecode | G17: 直取 | J17: 维度 | K17: 无 | L17: 6位数编码
B18: citycode | C18: int | D18: 市编码 | E18: A | F18: citycode | G18: 直取 | J18: 维度 | K18: 无 | L18: 6位数编码
B19: districtcode | C19: int | D19: 区编码 | E19: A | F19: districtcode | G19: 直取 | J19: 维度 | K19: 无 | L19: 6位数编码
B20: province | C20: string | D20: 省名称 | E20: A | F20: province | G20: 直取 | J20: 维度 | K20: 无 | L20: 无
B21: city | C21: string | D21: 地市名称 | E21: A | F21: city | G21: 直取 | J21: 维度 | K21: 无 | L21: 无
B22: district | C22: string | D22: 区县名称 | E22: A | F22: district | G22: 直取 | J22: 维度 | K22: 无 | L22: 无
B23: cellkey | C23: string | D23: 小区cellkey | E23: A | F23: cellkey | G23: 直取 | J23: 维度 | K23: 无 | L23: 无
B24: imsi | C24: string | D24: 用户imsi | E24: A | F24: imsi | G24: 直取 | J24: 维度 | K24: 无 | L24: 无
B25: msisdn | C25: string | D25: 用户号码 | E25: A | F25: msisdn | G25: 直取 | J25: 维度 | K25: 无 | L25: 无
... B27: home_province | C27: string | D27: 归属省份 | E27: A | F27: home_province | G27: 直取 | J27: 维度 | K27: 无 | L27: 6位数编码
B28: abnormal_cnt | C28: bigint | D28: 质差话单数量 | E28: A | G28: sum(abnormal_cnt) | J28: 指标 | K28: 无 | L28: >=0
B29: record_cnt | C29: bigint | D29: 记录数 | E29: A | G29: sum(record_cnt) | J29: 指标 | K29: 无 | L29: >=0
B30: speedlimit_cnt | C30: bigint | D30: 限速记录数 | E30: A | G30: sum(speedlimit_cnt) | J30: 指标 | K30: 无 | L30: >=0
B31: duration_sum | C31: bigint | D31: 持续时间，单位毫秒 | E31: A | G31: sum(duration) | J31: 指标 | K31: ms | L31: >=0
B32: outputoctets_sum | C32: bigint | D32: 上行流量(byte) | E32: A | G32: sum(outputoctets) | J32: 指标 | K32: byte | L32: >=0
B33: inputoctets_sum | C33: bigint | D33: 下行流量(byte) | E33: A | G33: sum(inputoctets) | J33: 指标 | K33: byte | L33: >=0
B34: outputoctets_above500 | C34: bigint | D34: 上行大包业务流量(>=500KB) | E34: A | G34: sum(outputoctets_above500) | J34: 指标 | K34: byte | L34: >=0
B35: outputoctets_above500_cnt | C35: bigint | D35: 上行大包条数(>=500KB) | E35: A | G35: sum(outputoctets_above500_cnt) | J35: 指标 | K35: 无 | L35: >=0
B36: outputoctets_above500_highdelay_cnt | C36: bigint | D36: 上行大包高时延条数（>100ms） | E36: A | G36: sum(outputoctets_above500_highdelay_cnt) | J36: 指标 | K36: 无 | L36: >=0
B37: inputoctets_above500 | C37: bigint | D37: 下行大包业务流量(>=500KB) | E37: A | G37: sum(inputoctets_above500) | J37: 指标 | K37: byte | L37: >=0
B38: inputoctets_above500_cnt | C38: bigint | D38: 下行大包条数(>=500KB) | E38: A | G38: sum(inputoctets_above500_cnt) | J38: 指标 | K38: 无 | L38: >=0
B39: inputoctets_above500_highdelay_cnt | C39: bigint | D39: 下行大包高时延条数（>100ms） | E39: A | G39: sum(inputoctets_above500_highdelay_cnt) | J39: 指标 | K39: 无 | L39: >=0
... B116: times_wellgamedelay | C116: bigint | D116: 游戏交互时延良好次数 | E116: A | G116: sum(wellgamedelay_cnt) | J116: 指标 | K116: 无 | L116: >=0
B117: p_provincecode | C117: int | D117: 省分区
B118: p_date | C118: string | D118: 天分区

Sheet 34
B1: =HYPERLINK("#导航!a2","返回") -> 返回
B3: 目标表基本信息描述
B4: 主题域 | C4: 目标表英文名 | D4: 目标表中文名 | E4: 数据频度 | F4: 模型主键 | G4: 数据描述 | H4: 推送数据库
B5: 数据感知 | C5: aggr_lte_dpi_game_usr_h | D5: 4G_DPI_game用户小区维度天表 | E5: hour
B7: 源表基本信息描述
B8: 来源系统 | C8: 源表英文名 | D8: 源表中文名 | E8: 别名 | F8: 任务描述 | G8: 备注 | H8: 是否主表
C9: aggr_lte_dpi_http_apptype_usrcel_h | D9: 4G_DPI_http协议app类型用户小区维度小时表 | E9: A | G9: 过滤条件：business_type='game' | H9: 是
B11: 详细字段信息
B12: 详细字段信息
B13: PDM字段英文名 | C13: PDM字段类型 | D13: PDM字段中文名（说明） | E13: 源表名 | F13: 源字段英文名 | G13: 算法加工逻辑 | H13: 关联与过滤条件 | I13: 备注 | J13: 字段属性 | K13: 单位 | L13: 取值范围
B14: day | C14: string | D14: 日期 | E14: A | F14: p_date | G14: 直取 | J14: 维度 | K14: 无 | L14: yyyy-mm-dd
B15: interface | C15: int | D15: 接口类型 | E15: A | F15: interface | G15: 直取 | J15: 维度 | K15: 无 | L15: <=101
B16: rattype | C16: int | D16: 网络类型（4G：6；5G：10） | E16: A | F16: rattype | G16: 直取 | J16: 维度 | K16: 无 | L16: 6,10
B17: provincecode | C17: int | D17: 省编码 | E17: A | F17: p_provincecode | G17: 直取 | J17: 维度 | K17: 无 | L17: 6位数编码
B18: citycode | C18: int | D18: 市编码 | E18: A | F18: citycode | G18: 直取 | J18: 维度 | K18: 无 | L18: 6位数编码
B19: districtcode | C19: int | D19: 区编码 | E19: A | F19: districtcode | G19: 直取 | J19: 维度 | K19: 无 | L19: 6位数编码
B20: province | C20: string | D20: 省名称 | E20: A | F20: province | G20: 直取 | J20: 维度 | K20: 无 | L20: 无
B21: city | C21: string | D21: 地市名称 | E21: A | F21: city | G21: 直取 | J21: 维度 | K21: 无 | L21: 无
B22: district | C22: string | D22: 区县名称 | E22: A | F22: district | G22: 直取 | J22: 维度 | K22: 无 | L22: 无
B23: imsi | C23: string | D23: 用户imsi | E23: A | F23: imsi | G23: 直取 | J23: 维度 | K23: 无 | L23: 无
B24: msisdn | C24: string | D24: 用户号码 | E24: A | F24: msisdn | G24: 直取 | J24: 维度 | K24: 无 | L24: 无
B25: imei | C25: string | D25: 用户终端 | E25: A | F25: imei | G25: 直取 | J25: 维度 | K25: 无 | L25: 无
B26: home_province | C26: string | D26: 归属省份 | E26: A | F26: home_province | G26: 直取 | J26: 维度 | K26: 无 | L26: 6位数编码
B27: abnormal_cnt | C27: bigint | D27: 质差话单数量 | E27: A | G27: sum(abnormal_cnt) | J27: 指标 | K27: 无 | L27: >=0
B28: record_cnt | C28: bigint | D28: 记录数 | E28: A | G28: sum(record_cnt) | J28: 指标 | K28: 无 | L28: >=0
B29: speedlimit_cnt | C29: bigint | D29: 限速记录数 | E29: A | G29: sum(speedlimit_cnt) | J29: 指标 | K29: 无 | L29: >=0
B30: duration | C30: bigint | D30: 持续时间，单位毫秒 | E30: A | G30: sum(duration) | J30: 指标 | K30: ms | L30: >=0
B31: outputoctets | C31: bigint | D31: 上行流量(byte) | E31: A | G31: sum(outputoctets) | J31: 指标 | K31: byte | L31: >=0
B32: inputoctets | C32: bigint | D32: 下行流量(byte) | E32: A | G32: sum(inputoctets) | J32: 指标 | K32: byte | L32: >=0
B33: outputoctets_above500 | C33: bigint | D33: 上行大包业务流量(>=500KB) | E33: A | G33: sum(outputoctets_above500) | J33: 指标 | K33: byte | L33: >=0
B34: outputoctets_above500_cnt | C34: bigint | D34: 上行大包条数(>=500KB) | E34: A | G34: sum(outputoctets_above500_cnt) | J34: 指标 | K34: 无 | L34: >=0
B35: outputoctets_above500_highdelay_cnt | C35: bigint | D35: 上行大包高时延条数（>100ms） | E35: A | G35: sum(outputoctets_above500_highdelay_cnt) | J35: 指标 | K35: 无 | L35: >=0
B36: inputoctets_above500 | C36: bigint | D36: 下行大包业务流量(>=500KB) | E36: A | G36: sum(inputoctets_above500) | J36: 指标 | K36: byte | L36: >=0
B37: inputoctets_above500_cnt | C37: bigint | D37: 下行大包条数(>=500KB) | E37: A | G37: sum(inputoctets_above500_cnt) | J37: 指标 | K37: 无 | L37: >=0
B38: inputoctets_above500_highdelay_cnt | C38: bigint | D38: 下行大包高时延条数（>100ms） | E38: A | G38: sum(inputoctets_above500_highdelay_cnt) | J38: 指标 | K38: 无 | L38: >=0
... B115: wellgamedelay_cnt | C115: bigint | D115: 游戏交互时延良好次数 | E115: A | G115: sum(wellgamedelay_cnt) | J115: 指标 | K115: 无 | L115: >=0
B116: p_provincecode | C116: int | D116: 省分区
B117: p_date | C117: string | D117: 天分区
B118: p_hour | C118: int | D118: 小时分区

Sheet 35
B1: =HYPERLINK("#导航!a2","返回") -> 返回
B3: 目标表基本信息描述
B4: 主题域 | C4: 目标表英文名 | D4: 目标表中文名 | E4: 数据频度 | F4: 模型主键 | G4: 数据描述 | H4: 推送数据库
B5: 数据感知 | C5: aggr_lte_dpi_game_usr_d | D5: 4G_DPI_game用户维度天表 | E5: day
B7: 源表基本信息描述
B8: 来源系统 | C8: 源表英文名 | D8: 源表中文名 | E8: 别名 | F8: 任务描述 | G8: 备注 | H8: 是否主表
C9: aggr_lte_dpi_game_usrcel_d | D9: 4G_DPI_game用户小区维度天表 | E9: A | H9: 是
B11: 详细字段信息
B12: 详细字段信息
B13: PDM字段英文名 | C13: PDM字段类型 | D13: PDM字段中文名（说明） | E13: 源表名 | F13: 源字段英文名 | G13: 算法加工逻辑 | H13: 关联与过滤条件 | I13: 备注 | J13: 字段属性 | K13: 单位 | L13: 取值范围
B14: day | C14: string | D14: 日期 | E14: A | F14: p_date | G14: 直取 | J14: 维度 | K14: 无 | L14: yyyy-mm-dd
B15: interface | C15: int | D15: 接口类型 | E15: A | F15: interface | G15: 直取 | J15: 维度 | K15: 无 | L15: <=101
B16: rattype | C16: int | D16: 网络类型（4G：6；5G：10） | E16: A | F16: rattype | G16: 直取 | J16: 维度 | K16: 无 | L16: 6,10
B17: provincecode | C17: int | D17: 省编码 | E17: A | F17: p_provincecode | G17: 直取 | J17: 维度 | K17: 无 | L17: 6位数编码
B18: citycode | C18: int | D18: 市编码 | E18: A | F18: citycode | G18: 直取 | J18: 维度 | K18: 无 | L18: 6位数编码
B19: districtcode | C19: int | D19: 区编码 | E19: A | F19: districtcode | G19: 直取 | J19: 维度 | K19: 无 | L19: 6位数编码
B20: province | C20: string | D20: 省名称 | E20: A | F20: province | G20: 直取 | J20: 维度 | K20: 无 | L20: 无
B21: city | C21: string | D21: 地市名称 | E21: A | F21: city | G21: 直取 | J21: 维度 | K21: 无 | L21: 无
B22: district | C22: string | D22: 区县名称 | E22: A | F22: district | G22: 直取 | J22: 维度 | K22: 无 | L22: 无
B23: imsi | C23: string | D23: 用户imsi | E23: A | F23: imsi | G23: 直取 | J23: 维度 | K23: 无 | L23: 无
B24: msisdn | C24: string | D24: 用户号码 | E24: A | F24: msisdn | G24: 直取 | J24: 维度 | K24: 无 | L24: 无
B25: imei | C25: string | D25: 用户终端 | E25: A | F25: imei | G25: 直取 | J25: 维度 | K25: 无 | L25: 无
B26: home_province | C26: string | D26: 归属省份 | E26: A | F26: home_province | G26: 直取 | J26: 维度 | K26: 无 | L26: 6位数编码
B27: abnormal_cnt | C27: bigint | D27: 质差话单数量 | E27: A | G27: sum(abnormal_cnt) | J27: 指标 | K27: 无 | L27: >=0
B28: record_cnt | C28: bigint | D28: 记录数 | E28: A | G28: sum(record_cnt) | J28: 指标 | K28: 无 | L28: >=0
B29: speedlimit_cnt | C29: bigint | D29: 限速记录数 | E29: A | G29: sum(speedlimit_cnt) | J29: 指标 | K29: 无 | L29: >=0
B30: duration_sum | C30: bigint | D30: 持续时间，单位毫秒 | E30: A | G30: sum(duration) | J30: 指标 | K30: ms | L30: >=0
B31: outputoctets_sum | C31: bigint | D31: 上行流量(byte) | E31: A | G31: sum(outputoctets) | J31: 指标 | K31: byte | L31: >=0
B32: inputoctets_sum | C32: bigint | D32: 下行流量(byte) | E32: A | G32: sum(inputoctets) | J32: 指标 | K32: byte | L32: >=0
B33: outputoctets_above500 | C33: bigint | D33: 上行大包业务流量(>=500KB) | E33: A | G33: sum(outputoctets_above500) | J33: 指标 | K33: byte | L33: >=0
B34: outputoctets_above500_cnt | C34: bigint | D34: 上行大包条数(>=500KB) | E34: A | G34: sum(outputoctets_above500_cnt) | J34: 指标 | K34: 无 | L34: >=0
B35: outputoctets_above500_highdelay_cnt | C35: bigint | D35: 上行大包高时延条数（>100ms） | E35: A | G35: sum(outputoctets_above500_highdelay_cnt) | J35: 指标 | K35: 无 | L35: >=0
B36: inputoctets_above500 | C36: bigint | D36: 下行大包业务流量(>=500KB) | E36: A | G36: sum(inputoctets_above500) | J36: 指标 | K36: byte | L36: >=0
B37: inputoctets_above500_cnt | C37: bigint | D37: 下行大包条数(>=500KB) | E37: A | G37: sum(inputoctets_above500_cnt) | J37: 指标 | K37: 无 | L37: >=0
B38: inputoctets_above500_highdelay_cnt | C38: bigint | D38: 下行大包高时延条数（>100ms） | E38: A | G38: sum(inputoctets_above500_highdelay_cnt) | J38: 指标 | K38: 无 | L38: >=0
... B115: times_wellgamedelay | C115: bigint | D115: 游戏交互时延良好次数 | E115: A | G115: sum(wellgamedelay_cnt) | J115: 指标 | K115: 无 | L115: >=0
B116: p_provincecode | C116: int | D116: 省分区
B117: p_date | C117: string | D117: 天分区

Sheet 36
B1: =HYPERLINK("#导航!a2","返回") -> 返回
B3: 目标表基本信息描述
B4: 主题域 | C4: 目标表英文名 | D4: 目标表中文名 | E4: 数据频度 | F4: 模型主键 | G4: 数据描述 | H4: 推送数据库
B5: 数据感知 | C5: aggr_lte_dpi_web_index_reduce_cel_d | D5: 4G_DPI_web小区维度指标裁剪天表 | E5: day
B7: 源表基本信息描述
B8: 来源系统 | C8: 源表英文名 | D8: 源表中文名 | E8: 别名 | F8: 任务描述 | G8: 备注 | H8: 是否主表
C9: aggr_lte_dpi_web_cel_d | D9: 4G_DPI_web小区维度天表 | E9: A | H9: 是
B11: 详细字段信息
B12: 详细字段信息
B13: PDM字段英文名 | C13: PDM字段类型 | D13: PDM字段中文名（说明） | E13: 源表名 | F13: 源字段英文名 | G13: 算法加工逻辑 | H13: 关联与过滤条件 | I13: 备注 | J13: 字段属性 | K13: 单位 | L13: 取值范围
B14: clttime | C14: timestamp | D14: 上报时间 | E14: A | F14: p_date | G14: p_date | J14: 维度 | K14: 无 | L14: yyyy-mm-dd
B15: enodebid | C15: bigint | D15: 基站ID | E15: A | F15: split(cellkey,"_")[0] | G15: split(cellkey,"_")[0] | J15: 维度 | K15: 无 | L15: 无
B16: cellid | C16: bigint | D16: 小区ID | E16: A | F16: split(cellkey,"_")[1] | G16: split(cellkey,"_")[1] | J16: 维度 | K16: 无 | L16: 无
B17: rat | C17: tinyint | D17: 无线接入类型 | E17: A | F17: rattype | G17: 直取 | J17: 维度 | K17: 无 | L17: 6
B18: province | C18: int | D18: 省 | E18: A | F18: p_provincecode | G18: 直取 | J18: 维度 | K18: 无 | L18: 6位数编码
B19: city | C19: int | D19: 市 | E19: A | F19: citycode | G19: 直取 | J19: 维度 | K19: 无 | L19: 6位数编码
B20: area | C20: int | D20: 拜访地区县 | E20: A | F20: districtcode | G20: 直取 | J20: 维度 | K20: 无 | L20: 6位数编码
B21: qoe_httpweb | C21: int | D21: Web浏览业务的qoe | E21: A | G21: 10000 - 10000*(sum(nvl(abnormal_cnt,0))/sum(nvl(record_cnt,0))) | J21: 指标 | K21: 无 | L21: [0,10000]
B22: times | C22: int | D22: 业务次数 | E22: A | G22: sum(record_cnt) | J22: 指标 | K22: 无 | L22: >0
B23: uplink_flux | C23: int | D23: 上行流量 | E23: A | G23: sum(outputoctets_sum/1024) | J23: 指标 | K23: KB | L23: >0
B24: downlink_flux | C24: int | D24: 下行流量 | E24: A | G24: sum(inputoctets_sum/1024) | J24: 指标 | K24: KB | L24: >0
B25: utimeusage | C25: bigint | D25: 实际产生上行流量的时长 | E25: A | G25: sum(duration_sum/1000) | J25: 指标 | K25: s | L25: >=0
B26: dtimeusage | C26: bigint | D26: 实际产生下行流量的时长 | E26: A | G26: sum(duration_sum/1000) | J26: 指标 | K26: s | L26: >=0
B27: duration | C27: int | D27: 业务时长 | E27: A | G27: sum(duration_sum/1000) | J27: 指标 | K27: s | L27: >=0
B28: uplink_kbps | C28: int | D28: 上行流速 | E28: A | G28: sum(ul_flux_throughput)/sum(ul_duration_throughput) | J28: 指标 | K28: kbps | L28: >0
B29: downlink_kbps | C29: int | D29: 下行流速 | E29: A | G29: sum(dl_flux_throughput)/sum(dl_duration_throughput) | J29: 指标 | K29: kbps | L29: >0
B30: kqi_httpwebrsprate | C30: int | D30: 网页响应成功率 | E30: A | G30: 1000*sum(nvl(httpwebrspcount,0))/sum(nvl(httpwebreqcount,0)) | J30: 指标 | K30: 无 | L30: [0,1000]
B31: kqi_httpwebrspdelay | C31: int | D31: 网页响应时延 | E31: A | G31: sum(httpwebrspdelay_avg*httpwebrspdelay_cnt)/sum(httpwebrspdelay_cnt) | J31: 指标 | K31: ms | L31: >0
B32: kqi_httpwebcmpltrate | C32: int | D32: 网页显示成功率 | E32: A | G32: 1000*sum(nvl(httpwebdspcount,0))/sum(nvl(httpwebreqcount,0)) | J32: 指标 | K32: 无 | L32: [0,1000]
... B53: times_wellcmpltdelay | C53: bigint | D53: 打开时延良好次数 | E53: A | G53: sum(times_wellcmpltdelay) | J53: 指标 | K53: ms | L53: >=0
B54: p_provincecode | C54: int | D54: 省分区
B55: p_date | C55: string | D55: 天分区

Sheet 37
B1: =HYPERLINK("#导航!a2","返回") -> 返回
B3: 目标表基本信息描述
B4: 主题域 | C4: 目标表英文名 | D4: 目标表中文名 | E4: 数据频度 | F4: 模型主键 | G4: 数据描述 | H4: 推送数据库
B5: 数据感知 | C5: aggr_lte_dpi_im_index_reduce_cel_d | D5: 4G_DPI_im小区维度指标裁剪天表 | E5: day
B7: 源表基本信息描述
B8: 来源系统 | C8: 源表英文名 | D8: 源表中文名 | E8: 别名 | F8: 任务描述 | G8: 备注 | H8: 是否主表
C9: aggr_lte_dpi_im_cel_d | D9: 4G_DPI_im小区维度天表 | E9: A | H9: 是
B11: 详细字段信息
B12: 详细字段信息
B13: PDM字段英文名 | C13: PDM字段类型 | D13: PDM字段中文名（说明） | E13: 源表名 | F13: 源字段英文名 | G13: 算法加工逻辑 | H13: 关联与过滤条件 | I13: 备注 | J13: 字段属性 | K13: 单位 | L13: 取值范围
B14: clttime | C14: timestamp | D14: 上报时间 | E14: A | F14: p_date | G14: p_date | J14: 维度 | K14: 无 | L14: yyyy-mm-dd
B15: enodebid | C15: bigint | D15: 基站ID | E15: A | F15: split(cellkey,"_")[0] | G15: split(cellkey,"_")[0] | J15: 维度 | K15: 无 | L15: 无
B16: cellid | C16: bigint | D16: 小区ID | E16: A | F16: split(cellkey,"_")[1] | G16: split(cellkey,"_")[1] | J16: 维度 | K16: 无 | L16: 无
B17: rat | C17: tinyint | D17: 接入类型 | E17: A | F17: rattype | G17: 直取 | J17: 维度 | K17: 无 | L17: 6
B18: province | C18: int | D18: 省名称 | E18: A | F18: p_provincecode | G18: 直取 | J18: 维度 | K18: 无 | L18: 6位数编码
B19: city | C19: int | D19: 市名称 | E19: A | F19: citycode | G19: 直取 | J19: 维度 | K19: 无 | L19: 6位数编码
B20: area | C20: int | D20: 区编码 | E20: A | F20: districtcode | G20: 直取 | J20: 维度 | K20: 无 | L20: 6位数编码
B21: qoe_im | C21: int | D21: im业务的qoe | E21: A | G21: 10000 - 10000*(sum(nvl(abnormal_cnt,0))/sum(nvl(record_cnt,0))) | J21: 指标 | K21: 无 | L21: [0,10000]
B22: times | C22: int | D22: 业务次数 | E22: A | G22: sum(record_cnt) | J22: 指标 | K22: 无 | L22: >0
B23: uplink_flux | C23: int | D23: 上行流量 | E23: A | G23: sum(outputoctets_sum/1024) | J23: 指标 | K23: KB | L23: >0
B24: downlink_flux | C24: int | D24: 下行流量 | E24: A | G24: sum(inputoctets_sum/1024) | J24: 指标 | K24: KB | L24: >0
B25: utimeusage | C25: bigint | D25: 实际产生上行流量的时长 | E25: A | G25: sum(duration_sum/1000) | J25: 指标 | K25: s | L25: >=0
B26: dtimeusage | C26: bigint | D26: 实际产生下行流量的时长 | E26: A | G26: sum(duration_sum/1000) | J26: 指标 | K26: s | L26: >=0
B27: duration | C27: int | D27: 持续时长 | E27: A | G27: sum(duration_sum/1000) | J27: 指标 | K27: s | L27: >=0
B28: uplink_kbps | C28: int | D28: 上行流速 | E28: A | G28: sum(ul_flux_throughput)/sum(ul_duration_throughput) | J28: 指标 | K28: kbps | L28: >0
B29: downlink_kbps | C29: int | D29: 下行流速 | E29: A | G29: sum(dl_flux_throughput)/sum(dl_duration_throughput) | J29: 指标 | K29: kbps | L29: >0
B30: kqi_imsentrate | C30: int | D30: 消息发送成功率 | E30: A | G30: 1000*sum(nvl(httpwebrspcount,0))/sum(nvl(httpwebreqcount,0)) | J30: 指标 | K30: 无 | L30: [0,1000]
B31: kqi_imsentdelay | C31: int | D31: 消息发送时延 | E31: A | G31: sum(httpwebdspdelay_avg*httpwebdspdelay_cnt)/sum(httpwebdspdelay_cnt) | J31: 指标 | K31: ms | L31: >0
B32: kqi_imrecvrate | C32: int | D32: 消息接收成功率 | E32: A | G32: 1000*sum(nvl(httpwebrspcount,0))/sum(nvl(httpwebreqcount,0)) | J32: 指标 | K32: 无 | L32: [0,1000]
... B37: times_inferiorsentrate | C37: bigint | D37: 消息发送成功率劣质次数 | E37: A | G37: sum(nvl(httpwebreqcount,0)-nvl(httpwebrspcount,0)) | J37: 指标 | K37: 无 | L37: >=0
B38: times_wellsentrate | C38: bigint | D38: 消息发送成功率良好次数 | E38: A | G38: 置0 | J38: 指标 | K38: 无 | L38: 0
B39: p_provincecode | C39: int | D39: 省分区
B40: p_provincecode | C40: string | D40: 天分区

Sheet 38
B1: =HYPERLINK("#导航!a2","返回") -> 返回
B3: 目标表基本信息描述
B4: 主题域 | C4: 目标表英文名 | D4: 目标表中文名 | E4: 数据频度 | F4: 模型主键 | G4: 数据描述 | H4: 推送数据库
B5: 数据感知 | C5: aggr_lte_dpi_game_index_reduce_cel_d | D5: 4G_DPI_game小区维度指标裁剪天表 | E5: day
B7: 源表基本信息描述
B8: 来源系统 | C8: 源表英文名 | D8: 源表中文名 | E8: 别名 | F8: 任务描述 | G8: 备注 | H8: 是否主表
C9: aggr_lte_dpi_game_cel_d | D9: 4G_DPI_game小区维度天表 | E9: A | H9: 是
B11: 详细字段信息
B12: 详细字段信息
B13: PDM字段英文名 | C13: PDM字段类型 | D13: PDM字段中文名（说明） | E13: 源表名 | F13: 源字段英文名 | G13: 算法加工逻辑 | H13: 关联与过滤条件 | I13: 备注 | J13: 字段属性 | K13: 单位 | L13: 取值范围
B14: clttime | C14: timestamp | D14: 上报时间 | E14: A | F14: p_date | G14: 直取 | J14: 维度 | K14: 无 | L14: yyyy-mm-dd
B15: enodebid | C15: bigint | D15: 基站ID | E15: A | F15: split(cellkey,"_")[0] | G15: split(cellkey,"_")[0] | J15: 维度 | K15: 无 | L15: 无
B16: cellid | C16: bigint | D16: 小区ID | E16: A | F16: split(cellkey,"_")[1] | G16: split(cellkey,"_")[1] | J16: 维度 | K16: 无 | L16: 无
B17: rat | C17: tinyint | D17: 接入类型 | E17: A | F17: rattype | G17: 直取 | J17: 维度 | K17: 无 | L17: 无
B18: province | C18: int | D18: 省名称 | E18: A | F18: p_provincecode | G18: 直取 | J18: 维度 | K18: 无 | L18: 6位数编码
B19: city | C19: int | D19: 市名称 | E19: A | F19: citycode | G19: 直取 | J19: 维度 | K19: 无 | L19: 6位数编码
B20: area | C20: int | D20: 区编码 | E20: A | F20: districtcode | G20: 直取 | J20: 维度 | K20: 无 | L20: 6位数编码
B21: qoe_game | C21: int | D21: 游戏的qoe | E21: A | G21: 10000 - 10000*(sum(nvl(abnormal_cnt,0))/sum(nvl(record_cnt,0))) | J21: 指标 | K21: 无 | L21: [0,10000]
B22: gamereq | C22: bigint | D22: 游戏请求次数 | E22: A | G22: sum(record_cnt) | J22: 指标 | K22: 无 | L22: >0
B23: gamedelay | C23: bigint | D23: 游戏交互时延(多次业务的交互时延之和) | E23: A | G23: sum(tcpsetupdelay_avg*tcpsetupdelay_cnt) | J23: 指标 | K23: ms | L23: >0
B24: uplink_flux | C24: int | D24: 上行流量 | E24: A | G24: sum(outputoctets_sum/1024) | J24: 指标 | K24: KB | L24: >0
B25: downlink_flux | C25: int | D25: 下行流量 | E25: A | G25: sum(inputoctets_sum/1024) | J25: 指标 | K25: KB | L25: >0
B26: utimeusage | C26: bigint | D26: 实际产生上行流量的时长 | E26: A | G26: sum(duration_sum/1000) | J26: 指标 | K26: s | L26: >=0
B27: dtimeusage | C27: bigint | D27: 实际产生下行流量的时长 | E27: A | G27: sum(duration_sum/1000) | J27: 指标 | K27: s | L27: >=0
B28: duration | C28: int | D28: 持续时长 | E28: A | G28: sum(duration_sum/1000) | J28: 指标 | K28: s | L28: >=0
B29: uplink_kbps | C29: int | D29: 上行流速 | E29: A | G29: sum(ul_flux_throughput)/sum(ul_duration_throughput) | J29: 指标 | K29: kbps | L29: >0
B30: downlink_kbps | C30: int | D30: 下行流速 | E30: A | G30: sum(dl_flux_throughput)/sum(dl_duration_throughput) | J30: 指标 | K30: kbps | L30: >0
B31: times_abnormals | C31: bigint | D31: 异常话单次数 | E31: A | G31: sum(abnormal_cnt) | J31: 指标 | K31: 无 | L31: >=0
B32: denisity | C32: int | D32: 异常密度 | E32: A | G32: sum(abnormal_cnt_max) | J32: 指标 | K32: 无 | L32: >=0
... B35: times_wellgamedelay | C35: bigint | D35: 游戏交互时延良好次数 | E35: A | G35: sum(wellgamedelay_cnt) | J35: 指标 | K35: 无 | L35: >=0
B36: p_provincecode | C36: int | D36: 省分区
B37: p_date | C37: string | D37: 天分区

Sheet 39
B1: =HYPERLINK("#导航!a2","返回") -> 返回
B3: 目标表基本信息描述
B4: 主题域 | C4: 目标表英文名 | D4: 目标表中文名 | E4: 数据频度 | F4: 模型主键 | G4: 数据描述 | H4: 推送数据库
B5: 数据感知 | C5: aggr_lte_dpi_web_index_reduce_usr_d | D5: 4G_DPI_web用户维度指标裁剪天表 | E5: day
B7: 源表基本信息描述
B8: 来源系统 | C8: 源表英文名 | D8: 源表中文名 | E8: 别名 | F8: 任务描述 | G8: 备注 | H8: 是否主表
C9: aggr_lte_dpi_web_usr_d | D9: 4G_DPI_web用户维度天表 | E9: A | H9: 是
B11: 详细字段信息
B12: 详细字段信息
B13: PDM字段英文名 | C13: PDM字段类型 | D13: PDM字段中文名（说明） | E13: 源表名 | F13: 源字段英文名 | G13: 算法加工逻辑 | H13: 关联与过滤条件 | I13: 备注 | J13: 字段属性 | K13: 单位 | L13: 取值范围
B14: clttime | C14: timestamp | D14: 上报时间 | E14: A | F14: p_date | G14: 直取 | J14: 维度 | K14: 无 | L14: yyyy-mm-dd
B15: imsi | C15: string | D15: 国际移动用户识别码 | E15: A | F15: imsi | G15: 直取 | J15: 维度 | K15: 无 | L15: 无
B16: msisdn | C16: string | D16: 用户号码 | E16: A | F16: msisdn | G16: 直取 | J16: 维度 | K16: 无 | L16: 无
B17: tacid | C17: bigint | D17: 终端类型标识 | E17: A | F17: substr(imei,1,8) | G17: substr(imei,1,8) | J17: 维度 | K17: 无 | L17: 无
B18: rat | C18: tinyint | D18: 无线接入类型 | E18: A | F18: rattype | G18: 直取 | J18: 维度 | K18: 无 | L18: 6
B19: province | C19: int | D19: 省 | E19: A | F19: p_provincecode | J19: 维度 | K19: 无 | L19: 6位数编码
B20: city | C20: int | D20: 市 | E20: A | F20: citycode | J20: 维度 | K20: 无 | L20: 6位数编码
B21: area | C21: int | D21: 拜访地区县 | E21: A | F21: districtcode | J21: 维度 | K21: 无 | L21: 6位数编码
B22: qoe_httpweb | C22: int | D22: Web浏览业务的qoe | E22: A | G22: 10000 - 10000*(sum(nvl(abnormal_cnt,0))/sum(nvl(record_cnt,0))) | J22: 指标 | K22: 无 | L22: [0,10000]
B23: times | C23: int | D23: 业务次数 | E23: A | G23: sum(record_cnt) | J23: 指标 | K23: 无 | L23: >0
B24: uplink_flux | C24: int | D24: 上行流量 | E24: A | G24: sum(outputoctets_sum/1024) | J24: 指标 | K24: KB | L24: >0
B25: downlink_flux | C25: int | D25: 下行流量 | E25: A | G25: sum(inputoctets_sum/1024) | J25: 指标 | K25: KB | L25: >0
B26: utimeusage | C26: bigint | D26: 实际产生上行流量的时长 | E26: A | G26: sum(duration_sum/1000) | J26: 指标 | K26: s | L26: >=0
B27: dtimeusage | C27: bigint | D27: 实际产生下行流量的时长 | E27: A | G27: sum(duration_sum/1000) | J27: 指标 | K27: s | L27: >=0
B28: duration | C28: int | D28: 业务时长 | E28: A | G28: sum(duration_sum/1000) | J28: 指标 | K28: s | L28: >=0
B29: uplink_kbps | C29: int | D29: 上行流速 | E29: A | G29: sum(ul_flux_throughput)/sum(ul_duration_throughput) | J29: 指标 | K29: kbps | L29: >0
B30: downlink_kbps | C30: int | D30: 下行流速 | E30: A | G30: sum(dl_flux_throughput)/sum(dl_duration_throughput) | J30: 指标 | K30: kbps | L30: >0
B31: kqi_httpwebrsprate | C31: double | D31: 网页响应成功率 | E31: A | G31: 1000*sum(nvl(httpwebrspcount,0))/sum(nvl(httpwebreqcount,0)) | J31: 指标 | K31: 无 | L31: [0,1000]
B32: kqi_httpwebrspdelay | C32: int | D32: 网页响应时延 | E32: A | G32: sum(httpwebrspdelay_avg*httpwebrspdelay_cnt)/sum(httpwebrspdelay_cnt) | J32: 指标 | K32: ms | L32: >0
B33: kqi_httpwebcmpltrate | C33: double | D33: 网页显示成功率 | E33: A | G33: 1000*sum(nvl(httpwebdspcount,0))/sum(nvl(httpwebreqcount,0)) | J33: 指标 | K33: 无 | L33: [0,1000]
... B48: denisity | C48: int | D48: 异常密度 | E48: A | G48: sum(abnormal_cnt_max) | J48: 指标 | K48: 无 | L48: >=0
B49: p_provincecode | C49: int | D49: 省分区
B50: p_date | C50: string | D50: 天分区

Sheet 40
B1: =HYPERLINK("#导航!a2","返回") -> 返回
B3: 目标表基本信息描述
B4: 主题域 | C4: 目标表英文名 | D4: 目标表中文名 | E4: 数据频度 | F4: 模型主键 | G4: 数据描述 | H4: 推送数据库
B5: 数据感知 | C5: aggr_lte_dpi_im_index_reduce_usr_d | D5: 4G_DPI_im用户维度指标裁剪天表 | E5: day
B7: 源表基本信息描述
B8: 来源系统 | C8: 源表英文名 | D8: 源表中文名 | E8: 别名 | F8: 任务描述 | G8: 备注 | H8: 是否主表
C9: aggr_lte_dpi_im_usr_d | D9: 4G_DPI_im用户维度天表 | E9: A | H9: 是
B11: 详细字段信息
B12: 详细字段信息
B13: PDM字段英文名 | C13: PDM字段类型 | D13: PDM字段中文名（说明） | E13: 源表名 | F13: 源字段英文名 | G13: 算法加工逻辑 | H13: 关联与过滤条件 | I13: 备注 | J13: 字段属性 | K13: 单位 | L13: 取值范围
B14: clttime | C14: timestamp | D14: 上报时间 | E14: A | F14: p_date | G14: 直取 | J14: 维度 | K14: 无 | L14: yyyy-mm-dd
B15: imsi | C15: string | D15: 国际移动用户识别码 | E15: A | F15: imsi | G15: 直取 | J15: 维度 | K15: 无 | L15: 无
B16: msisdn | C16: string | D16: 用户号码 | E16: A | F16: msisdn | G16: 直取 | J16: 维度 | K16: 无 | L16: 无
B17: tacid | C17: bigint | D17: 终端类型标识 | E17: A | F17: substr(imei,1,8) | G17: substr(imei,1,8) | J17: 维度 | K17: 无 | L17: 无
B18: rat | C18: tinyint | D18: 无线接入类型 | E18: A | F18: rattype | G18: 直取 | J18: 维度 | K18: 无 | L18: 6
B19: province | C19: int | D19: 省 | E19: A | F19: p_provincecode | J19: 维度 | K19: 无 | L19: 6位数编码
B20: city | C20: int | D20: 市 | E20: A | F20: citycode | J20: 维度 | K20: 无 | L20: 6位数编码
B21: area | C21: int | D21: 拜访地区县 | E21: A | F21: districtcode | J21: 维度 | K21: 无 | L21: 6位数编码
B22: qoe_im | C22: int | D22: im业务的qoe | E22: A | G22: 10000 - 10000*(sum(nvl(abnormal_cnt,0))/sum(nvl(record_cnt,0))) | J22: 指标 | K22: 无 | L22: [0,10000]
B23: times | C23: int | D23: 业务次数 | E23: A | G23: sum(record_cnt) | J23: 指标 | K23: 无 | L23: >0
B24: uplink_flux | C24: int | D24: 上行流量 | E24: A | G24: sum(outputoctets_sum/1024) | J24: 指标 | K24: KB | L24: >0
B25: downlink_flux | C25: int | D25: 下行流量 | E25: A | G25: sum(inputoctets_sum/1024) | J25: 指标 | K25: KB | L25: >0
B26: utimeusage | C26: bigint | D26: 实际产生上行流量的时长 | E26: A | G26: sum(duration_sum/1000) | J26: 指标 | K26: s | L26: >=0
B27: dtimeusage | C27: bigint | D27: 实际产生下行流量的时长 | E27: A | G27: sum(duration_sum/1000) | J27: 指标 | K27: s | L27: >=0
B28: duration | C28: int | D28: 持续时长 | E28: A | G28: sum(duration_sum/1000) | J28: 指标 | K28: s | L28: >=0
B29: uplink_kbps | C29: int | D29: 上行流速 | E29: A | G29: sum(ul_flux_throughput)/sum(ul_duration_throughput) | J29: 指标 | K29: kbps | L29: >0
B30: downlink_kbps | C30: int | D30: 下行流速 | E30: A | G30: sum(dl_flux_throughput)/sum(dl_duration_throughput) | J30: 指标 | K30: kbps | L30: >0
B31: kqi_imsentrate | C31: int | D31: 消息发送成功率 | E31: A | G31: 1000*sum(nvl(httpwebrspcount,0))/sum(nvl(httpwebreqcount,0)) | J31: 指标 | K31: 无 | L31: [0,1000]
B32: kqi_imsentdelay | C32: int | D32: 消息发送时延 | E32: A | G32: sum(httpwebdspdelay_avg*httpwebdspdelay_cnt)/sum(httpwebdspdelay_cnt) | J32: 指标 | K32: ms | L32: >0
B33: kqi_imrecvrate | C33: int | D33: 消息接收成功率 | E33: A | G33: 1000*sum(nvl(httpwebrspcount,0))/sum(nvl(httpwebreqcount,0)) | J33: 指标 | K33: 无 | L33: [0,1000]
... B36: denisity | C36: int | D36: 异常密度 | E36: A | G36: sum(abnormal_cnt_max) | J36: 指标 | K36: 无 | L36: >=0
B37: p_provincecode | C37: int | D37: 省分区
B38: p_provincecode | C38: string | D38: 天分区

Sheet 41
B1: =HYPERLINK("#导航!a2","返回") -> 返回
B3: 目标表基本信息描述
B4: 主题域 | C4: 目标表英文名 | D4: 目标表中文名 | E4: 数据频度 | F4: 模型主键 | G4: 数据描述 | H4: 推送数据库
B5: 数据感知 | C5: aggr_lte_dpi_game_index_reduce_usr_d | D5: 4G_DPI_game用户维度指标裁剪天表 | E5: day
B7: 源表基本信息描述
B8: 来源系统 | C8: 源表英文名 | D8: 源表中文名 | E8: 别名 | F8: 任务描述 | G8: 备注 | H8: 是否主表
C9: aggr_lte_dpi_game_usr_d | D9: 4G_DPI_game用户维度天表 | E9: A | H9: 是
B11: 详细字段信息
B12: 详细字段信息
B13: PDM字段英文名 | C13: PDM字段类型 | D13: PDM字段中文名（说明） | E13: 源表名 | F13: 源字段英文名 | G13: 算法加工逻辑 | H13: 关联与过滤条件 | I13: 备注 | J13: 字段属性 | K13: 单位 | L13: 取值范围
B14: clttime | C14: timestamp | D14: 上报时间 | E14: A | F14: p_date | G14: 直取 | J14: 维度 | K14: 无 | L14: yyyy-mm-dd
B15: imsi | C15: string | D15: 国际移动用户识别码 | E15: A | F15: imsi | G15: 直取 | J15: 维度 | K15: 无 | L15: 无
B16: msisdn | C16: string | D16: 用户号码 | E16: A | F16: msisdn | G16: 直取 | J16: 维度 | K16: 无 | L16: 无
B17: tacid | C17: string | D17: 终端类型标识 | E17: A | F17: substr(imei,1,8) | G17: substr(imei,1,8) | J17: 维度 | K17: 无 | L17: 无
B18: rat | C18: tinyint | D18: 接入类型 | E18: A | F18: rattype | G18: 直取 | H18: rat | I18: =H18=B18 -> TRUE | J18: 维度 | K18: 无 | L18: 无
B19: province | C19: int | D19: 省名称 | E19: A | F19: p_provincecode | G19: 直取 | H19: province | I19: =H19=B19 -> TRUE | J19: 维度 | K19: 无 | L19: 6位数编码
B20: city | C20: int | D20: 市名称 | E20: A | F20: citycode | G20: 直取 | H20: city | I20: =H20=B20 -> TRUE | J20: 维度 | K20: 无 | L20: 6位数编码
B21: area | C21: int | D21: 区编码 | E21: A | F21: districtcode | G21: 直取 | H21: area | I21: =H21=B21 -> TRUE | J21: 维度 | K21: 无 | L21: 6位数编码
B22: qoe_game | C22: int | D22: 游戏的qoe | E22: A | G22: 10000 - 10000*(sum(nvl(abnormal_cnt,0))/sum(nvl(record_cnt,0))) | H22: qoe_game | I22: =H22=B22 -> TRUE | J22: 指标 | K22: 无 | L22: [0,10000]
B23: gamereq | C23: bigint | D23: 游戏请求次数 | E23: A | G23: sum(record_cnt) | H23: gamereq | I23: =H23=B23 -> TRUE | J23: 指标 | K23: 无 | L23: >0
B24: gamedelay | C24: bigint | D24: 游戏交互时延(多次业务的交互时延之和) | E24: A | G24: sum(tcpsetupdelay_avg*tcpsetupdelay_cnt) | H24: gamedelay | I24: =H24=B24 -> TRUE | J24: 指标 | K24: ms | L24: >0
B25: uflux | C25: int | D25: 上行流量 | E25: A | G25: sum(outputoctets_sum) | H25: uflux | I25: =H25=B25 -> TRUE | J25: 指标 | K25: byte | L25: >0
B26: dflux | C26: int | D26: 下行流量 | E26: A | G26: sum(inputoctets_sum) | H26: dflux | I26: =H26=B26 -> TRUE | J26: 指标 | K26: byte | L26: >0
B27: utimeusage | C27: bigint | D27: 实际产生上行流量的时长 | E27: A | G27: sum(duration_sum) | H27: utimeusage | I27: =H27=B27 -> TRUE | J27: 指标 | K27: ms | L27: >0
B28: dtimeusage | C28: bigint | D28: 实际产生下行流量的时长 | E28: A | G28: sum(duration_sum) | H28: dtimeusage | I28: =H28=B28 -> TRUE | J28: 指标 | K28: ms | L28: >0
B29: timeusage | C29: int | D29: 持续时长 | E29: A | G29: sum(duration_sum) | H29: timeusage | I29: =H29=B29 -> TRUE | J29: 指标 | K29: ms | L29: >0
B30: times_abnormals | C30: bigint | D30: 异常话单次数 | E30: A | G30: sum(abnormal_cnt) | H30: times_abnormals | I30: =H30=B30 -> TRUE | J30: 指标 | K30: 无 | L30: >=0
B31: denisity | C31: int | D31: 异常密度 | E31: A | G31: sum(abnormal_cnt_max) | H31: denisity | I31: =H31=B31 -> TRUE | J31: 指标 | K31: 无 | L31: >=0
B32: times_excellentgamedelay | C32: bigint | D32: 游戏交互时延优秀次数 | E32: A | G32: sum(excellentgamedelay_cnt) | H32: times_excellentgamedelay | I32: =H32=B32 -> TRUE | J32: 指标 | K32: 无 | L32: >=0
B33: times_inferiorgamedelay | C33: bigint | D33: 游戏交互时延劣质次数 | E33: A | G33: sum(inferiorgamedelay_cnt) | H33: times_inferiorgamedelay | I33: =H33=B33 -> TRUE | J33: 指标 | K33: 无 | L33: >=0
B34: times_wellgamedelay | C34: bigint | D34: 游戏交互时延良好次数 | E34: A | G34: sum(wellgamedelay_cnt) | H34: times_wellgamedelay | I34: =H34=B34 -> TRUE | J34: 指标 | K34: 无 | L34: >=0
B35: p_provincecode | C35: int | D35: 省分区
B36: p_date | C36: string | D36: 天分区

Sheet 42
B1: =HYPERLINK("#导航!a2","返回") -> 返回
B3: 目标表基本信息描述
B4: 主题域 | C4: 目标表英文名 | D4: 目标表中文名 | E4: 数据频度 | F4: 模型主键 | G4: 数据描述 | H4: 推送数据库
B5: 数据感知 | C5: aggr_lte_dpi_http_apptype_usrappcel_q | D5: 4G_DPI_app类型用户小区app维度15分钟表 | E5: quarter
B7: 源表基本信息描述
B8: 来源系统 | C8: 源表英文名 | D8: 源表中文名 | E8: 别名 | F8: 任务描述 | G8: 备注 | H8: 是否主表
C9: aggr_lte_dpi_http_base_q | D9: 4G_DPI_http基础维度15分钟表 | E9: A | G9: 过滤条件：business_type in ('web','im','game') | H9: 是
B11: 详细字段信息
B12: 详细字段信息
B13: PDM字段英文名 | C13: PDM字段类型 | D13: PDM字段中文名（说明） | E13: 源表名 | F13: 源字段英文名 | G13: 算法加工逻辑 | H13: 关联与过滤条件 | I13: 备注 | J13: 字段属性 | K13: 单位 | L13: 取值范围
B14: day | C14: string | D14: 日期 | E14: A | F14: p_date | G14: 直取 | J14: 维度 | K14: 无 | L14: yyyy-mm-dd
B15: hour | C15: int | D15: 小时 | E15: A | F15: p_hour | G15: 直取 | J15: 维度 | K15: 无 | L15: 0~23
B16: interface | C16: int | D16: 接口类型 | E16: A | F16: interface | G16: 直取 | J16: 维度 | K16: 无 | L16: <=101
B17: rattype | C17: int | D17: 网络类型（4G：6；5G：10） | E17: A | F17: rattype | G17: 直取 | J17: 维度 | K17: 无 | L17: 6,10
B18: provincecode | C18: int | D18: 省编码 | E18: A | F18: p_provincecode | G18: 直取 | J18: 维度 | K18: 无 | L18: 6位数编码
B19: citycode | C19: int | D19: 市编码 | E19: A | F19: citycode | G19: 直取 | J19: 维度 | K19: 无 | L19: 6位数编码
B20: districtcode | C20: int | D20: 区编码 | E20: A | F20: districtcode | G20: 直取 | J20: 维度 | K20: 无 | L20: 6位数编码
B21: province | C21: string | D21: 省名称 | E21: A | F21: province | G21: 直取 | J21: 维度 | K21: 无 | L21: 无
B22: city | C22: string | D22: 地市名称 | E22: A | F22: city | G22: 直取 | J22: 维度 | K22: 无 | L22: 无
B23: district | C23: string | D23: 区县名称 | E23: A | F23: district | G23: 直取 | J23: 维度 | K23: 无 | L23: 无
B24: cellkey | C24: string | D24: 小区cellkey | E24: A | F24: cellkey | G24: 直取 | J24: 维度 | K24: 无 | L24: 无
B25: imsi | C25: string | D25: 用户imsi | E25: A | F25: imsi | G25: 直取 | J25: 维度 | K25: 无 | L25: 无
... B30: home_province | C30: string | D30: 归属省份 | E30: A | F30: home_province | G30: 直取 | J30: 维度 | K30: 无 | L30: 6位数编码
B31: abnormal_cnt | C31: bigint | D31: 质差话单数量 | E31: A | G31: sum(abnormal_cnt) | J31: 指标 | K31: 无 | L31: >=0
B32: record_cnt | C32: bigint | D32: 记录数 | E32: A | G32: sum(record_cnt) | J32: 指标 | K32: 无 | L32: >=0
B33: speedlimit_cnt | C33: bigint | D33: 限速记录数 | E33: A | G33: sum(speedlimit_cnt) | J33: 指标 | K33: 无 | L33: >=0
B34: duration | C34: bigint | D34: 持续时间，单位毫秒 | E34: A | G34: sum(duration) | J34: 指标 | K34: ms | L34: >=0
B35: outputoctets | C35: bigint | D35: 上行流量(byte) | E35: A | G35: sum(outputoctets) | J35: 指标 | K35: byte | L35: >=0
B36: inputoctets | C36: bigint | D36: 下行流量(byte) | E36: A | G36: sum(inputoctets) | J36: 指标 | K36: byte | L36: >=0
B37: outputoctets_above500 | C37: bigint | D37: 上行大包业务流量(>=500KB) | E37: A | G37: sum(outputoctets_above500) | J37: 指标 | K37: byte | L37: >=0
B38: outputoctets_above500_cnt | C38: bigint | D38: 上行大包条数(>=500KB) | E38: A | G38: sum(outputoctets_above500_cnt) | J38: 指标 | K38: 无 | L38: >=0
B39: outputoctets_above500_highdelay_cnt | C39: bigint | D39: 上行大包高时延条数（>100ms） | E39: A | G39: sum(outputoctets_above500_highdelay_cnt) | J39: 指标 | K39: 无 | L39: >=0
B40: inputoctets_above500 | C40: bigint | D40: 下行大包业务流量(>=500KB) | E40: A | G40: sum(inputoctets_above500) | J40: 指标 | K40: byte | L40: >=0
B41: inputoctets_above500_cnt | C41: bigint | D41: 下行大包条数(>=500KB) | E41: A | G41: sum(inputoctets_above500_cnt) | J41: 指标 | K41: 无 | L41: >=0
B42: inputoctets_above500_highdelay_cnt | C42: bigint | D42: 下行大包高时延条数（>100ms） | E42: A | G42: sum(inputoctets_above500_highdelay_cnt) | J42: 指标 | K42: 无 | L42: >=0
... B135: wellgamedelay_cnt | C135: bigint | D135: 游戏交互时延良好次数 | E135: A | G135: sum(wellgamedelay_cnt) | J135: 指标 | K135: 无 | L135: >=0
B136: min_starttime | C136: string | D136: 最小开始时间 | E136: A | G136: min(min_starttime) | I136: 20250415101139 | J136: 指标 | K136: 无 | L136: >0
B137: max_endtime | C137: string | D137: 最大结束时间 | E137: A | G137: max(max_endtime) | I137: 20250415101024 | J137: 指标 | K137: 无 | L137: >0
B138: p_provincecode | C138: int | D138: 省分区
B139: p_date | C139: string | D139: 天分区
B140: p_hour | C140: int | D140: 小时分区
B141: p_quarter | C141: int | D141: 15分钟分区

Sheet 43
B1: =HYPERLINK("#导航!a2","返回") -> 返回
B3: 目标表基本信息描述
B4: 主题域 | C4: 目标表英文名 | D4: 目标表中文名 | E4: 数据频度 | F4: 模型主键 | G4: 数据描述 | H4: 推送数据库
B5: 数据感知 | C5: aggr_lte_dpi_web_usrappcel_q | D5: 4G_DPI_web类型用户小区app维度15分钟表 | E5: quarter
B7: 源表基本信息描述
B8: 来源系统 | C8: 源表英文名 | D8: 源表中文名 | E8: 别名 | F8: 任务描述 | G8: 备注 | H8: 是否主表
C9: aggr_lte_dpi_http_apptype_usrappcel_q | D9: 4G_DPI_app类型用户小区app维度15分钟表 | E9: A | G9: 过滤条件：business_type = 'web' | H9: 是
B11: 详细字段信息
B12: 详细字段信息
B13: PDM字段英文名 | C13: PDM字段类型 | D13: PDM字段中文名（说明） | E13: 源表名 | F13: 源字段英文名 | G13: 算法加工逻辑 | H13: 关联与过滤条件 | I13: 备注 | J13: 字段属性 | K13: 单位 | L13: 取值范围
B14: day | C14: string | D14: 日期 | E14: A | F14: p_date | G14: 直取 | J14: 维度 | K14: 无 | L14: yyyy-mm-dd
B15: hour | C15: int | D15: 小时 | E15: A | F15: p_hour | G15: 直取 | J15: 维度 | K15: 无 | L15: 0~23
B16: interface | C16: int | D16: 接口类型 | E16: A | F16: interface | G16: 直取 | J16: 维度 | K16: 无 | L16: <=101
B17: rattype | C17: int | D17: 网络类型（4G：6；5G：10） | E17: A | F17: rattype | G17: 直取 | J17: 维度 | K17: 无 | L17: 6,10
B18: provincecode | C18: int | D18: 省编码 | E18: A | F18: p_provincecode | G18: 直取 | J18: 维度 | K18: 无 | L18: 6位数编码
B19: citycode | C19: int | D19: 市编码 | E19: A | F19: citycode | G19: 直取 | J19: 维度 | K19: 无 | L19: 6位数编码
B20: districtcode | C20: int | D20: 区编码 | E20: A | F20: districtcode | G20: 直取 | J20: 维度 | K20: 无 | L20: 6位数编码
B21: province | C21: string | D21: 省名称 | E21: A | F21: province | G21: 直取 | J21: 维度 | K21: 无 | L21: 无
B22: city | C22: string | D22: 地市名称 | E22: A | F22: city | G22: 直取 | J22: 维度 | K22: 无 | L22: 无
B23: district | C23: string | D23: 区县名称 | E23: A | F23: district | G23: 直取 | J23: 维度 | K23: 无 | L23: 无
B24: cellkey | C24: string | D24: 小区cellkey | E24: A | F24: cellkey | G24: 直取 | J24: 维度 | K24: 无 | L24: 无
B25: imsi | C25: string | D25: 用户imsi | E25: A | F25: imsi | G25: 直取 | J25: 维度 | K25: 无 | L25: 无
... B30: home_province | C30: string | D30: 归属省份 | E30: A | F30: home_province | G30: 直取 | J30: 维度 | K30: 无 | L30: 6位数编码
B31: abnormal_cnt | C31: bigint | D31: 质差话单数量 | E31: A | G31: sum(abnormal_cnt) | J31: 指标 | K31: 无 | L31: >=0
B32: record_cnt | C32: bigint | D32: 记录数 | E32: A | G32: sum(record_cnt) | J32: 指标 | K32: 无 | L32: >=0
B33: speedlimit_cnt | C33: bigint | D33: 限速记录数 | E33: A | G33: sum(speedlimit_cnt) | J33: 指标 | K33: 无 | L33: >=0
B34: duration | C34: bigint | D34: 持续时间，单位毫秒 | E34: A | G34: sum(duration) | J34: 指标 | K34: ms | L34: >=0
B35: outputoctets | C35: bigint | D35: 上行流量(byte) | E35: A | G35: sum(outputoctets) | J35: 指标 | K35: byte | L35: >=0
B36: inputoctets | C36: bigint | D36: 下行流量(byte) | E36: A | G36: sum(inputoctets) | J36: 指标 | K36: byte | L36: >=0
B37: outputoctets_above500 | C37: bigint | D37: 上行大包业务流量(>=500KB) | E37: A | G37: sum(outputoctets_above500) | J37: 指标 | K37: byte | L37: >=0
B38: outputoctets_above500_cnt | C38: bigint | D38: 上行大包条数(>=500KB) | E38: A | G38: sum(outputoctets_above500_cnt) | J38: 指标 | K38: 无 | L38: >=0
B39: outputoctets_above500_highdelay_cnt | C39: bigint | D39: 上行大包高时延条数（>100ms） | E39: A | G39: sum(outputoctets_above500_highdelay_cnt) | J39: 指标 | K39: 无 | L39: >=0
B40: inputoctets_above500 | C40: bigint | D40: 下行大包业务流量(>=500KB) | E40: A | G40: sum(inputoctets_above500) | J40: 指标 | K40: byte | L40: >=0
B41: inputoctets_above500_cnt | C41: bigint | D41: 下行大包条数(>=500KB) | E41: A | G41: sum(inputoctets_above500_cnt) | J41: 指标 | K41: 无 | L41: >=0
B42: inputoctets_above500_highdelay_cnt | C42: bigint | D42: 下行大包高时延条数（>100ms） | E42: A | G42: sum(inputoctets_above500_highdelay_cnt) | J42: 指标 | K42: 无 | L42: >=0
... B132: wellcmpltdelay_cnt | C132: bigint | D132: 打开时延良好次数 | E132: A | G132: sum(wellcmpltdelay_cnt) | J132: 指标 | K132: 无 | L132: >=0
B133: p_provincecode | C133: int | D133: 省分区
B134: p_date | C134: string | D134: 天分区
B135: p_hour | C135: int | D135: 小时分区
B136: p_quarter | C136: int | D136: 15分钟分区

Sheet 44
B1: =HYPERLINK("#导航!a2","返回") -> 返回
B3: 目标表基本信息描述
B4: 主题域 | C4: 目标表英文名 | D4: 目标表中文名 | E4: 数据频度 | F4: 模型主键 | G4: 数据描述 | H4: 推送数据库
B5: 数据感知 | C5: aggr_lte_dpi_im_usrappcel_q | D5: 4G_DPI_im类型用户小区app维度15分钟表 | E5: quarter
B7: 源表基本信息描述
B8: 来源系统 | C8: 源表英文名 | D8: 源表中文名 | E8: 别名 | F8: 任务描述 | G8: 备注 | H8: 是否主表
C9: aggr_lte_dpi_http_apptype_usrappcel_q | D9: 4G_DPI_app类型用户小区app维度15分钟表 | E9: A | G9: 过滤条件：business_type = 'im' | H9: 是
B11: 详细字段信息
B12: 详细字段信息
B13: PDM字段英文名 | C13: PDM字段类型 | D13: PDM字段中文名（说明） | E13: 源表名 | F13: 源字段英文名 | G13: 算法加工逻辑 | H13: 关联与过滤条件 | I13: 备注 | J13: 字段属性 | K13: 单位 | L13: 取值范围
B14: day | C14: string | D14: 日期 | E14: A | F14: p_date | G14: 直取 | J14: 维度 | K14: 无 | L14: yyyy-mm-dd
B15: hour | C15: int | D15: 小时 | E15: A | F15: p_hour | G15: 直取 | J15: 维度 | K15: 无 | L15: 0~23
B16: interface | C16: int | D16: 接口类型 | E16: A | F16: interface | G16: 直取 | J16: 维度 | K16: 无 | L16: <=101
B17: rattype | C17: int | D17: 网络类型（4G：6；5G：10） | E17: A | F17: rattype | G17: 直取 | J17: 维度 | K17: 无 | L17: 6,10
B18: provincecode | C18: int | D18: 省编码 | E18: A | F18: p_provincecode | G18: 直取 | J18: 维度 | K18: 无 | L18: 6位数编码
B19: citycode | C19: int | D19: 市编码 | E19: A | F19: citycode | G19: 直取 | J19: 维度 | K19: 无 | L19: 6位数编码
B20: districtcode | C20: int | D20: 区编码 | E20: A | F20: districtcode | G20: 直取 | J20: 维度 | K20: 无 | L20: 6位数编码
B21: province | C21: string | D21: 省名称 | E21: A | F21: province | G21: 直取 | J21: 维度 | K21: 无 | L21: 无
B22: city | C22: string | D22: 地市名称 | E22: A | F22: city | G22: 直取 | J22: 维度 | K22: 无 | L22: 无
B23: district | C23: string | D23: 区县名称 | E23: A | F23: district | G23: 直取 | J23: 维度 | K23: 无 | L23: 无
B24: cellkey | C24: string | D24: 小区cellkey | E24: A | F24: cellkey | G24: 直取 | J24: 维度 | K24: 无 | L24: 无
B25: imsi | C25: string | D25: 用户imsi | E25: A | F25: imsi | G25: 直取 | J25: 维度 | K25: 无 | L25: 无
... B27: imei | C27: string | D27: 用户终端 | E27: A | F27: imei | G27: 直取 | J27: 维度 | K27: 无 | L27: 无
B28: servicetype | C28: string | D28: 业务应用 | E28: A | F28: servicetype | G28: 直取 | H28: B表处理：duration as duration_sum | J28: 维度 | K28: 无 | L28: 无
B29: business_type | C29: string | D29: 业务类型（im、web、game、video、other） | E29: A | F29: business_type | G29: 直取 | H29: B表处理：outputoctets as outputoctets_sum | J29: 维度 | K29: 无 | L29: im,web,game,video,other
B30: home_province | C30: string | D30: 归属省份 | E30: A | F30: home_province | G30: 直取 | J30: 维度 | K30: 无 | L30: 6位数编码
B31: abnormal_cnt | C31: bigint | D31: 质差话单数量 | E31: A | G31: sum(abnormal_cnt) | J31: 指标 | K31: 无 | L31: >=0
B32: record_cnt | C32: bigint | D32: 记录数 | E32: A | G32: sum(record_cnt) | J32: 指标 | K32: 无 | L32: >=0
B33: speedlimit_cnt | C33: bigint | D33: 限速记录数 | E33: A | G33: sum(speedlimit_cnt) | J33: 指标 | K33: 无 | L33: >=0
B34: duration | C34: bigint | D34: 持续时间，单位毫秒 | E34: A | G34: sum(duration) | J34: 指标 | K34: ms | L34: >=0
B35: outputoctets | C35: bigint | D35: 上行流量(byte) | E35: A | G35: sum(outputoctets) | J35: 指标 | K35: byte | L35: >=0
B36: inputoctets | C36: bigint | D36: 下行流量(byte) | E36: A | G36: sum(inputoctets) | J36: 指标 | K36: byte | L36: >=0
B37: outputoctets_above500 | C37: bigint | D37: 上行大包业务流量(>=500KB) | E37: A | G37: sum(outputoctets_above500) | J37: 指标 | K37: byte | L37: >=0
B38: outputoctets_above500_cnt | C38: bigint | D38: 上行大包条数(>=500KB) | E38: A | G38: sum(outputoctets_above500_cnt) | J38: 指标 | K38: 无 | L38: >=0
B39: outputoctets_above500_highdelay_cnt | C39: bigint | D39: 上行大包高时延条数（>100ms） | E39: A | G39: sum(outputoctets_above500_highdelay_cnt) | J39: 指标 | K39: 无 | L39: >=0
B40: inputoctets_above500 | C40: bigint | D40: 下行大包业务流量(>=500KB) | E40: A | G40: sum(inputoctets_above500) | J40: 指标 | K40: byte | L40: >=0
B41: inputoctets_above500_cnt | C41: bigint | D41: 下行大包条数(>=500KB) | E41: A | G41: sum(inputoctets_above500_cnt) | J41: 指标 | K41: 无 | L41: >=0
B42: inputoctets_above500_highdelay_cnt | C42: bigint | D42: 下行大包高时延条数（>100ms） | E42: A | G42: sum(inputoctets_above500_highdelay_cnt) | J42: 指标 | K42: 无 | L42: >=0
... B51: outputpacket | C51: bigint | D51: 上行包数 | E51: A | G51: sum(outputpacket) | J51: 指标 | K51: 无 | L51: >=0
B52: inputpacket | C52: bigint | D52: 下行包数 | E52: A | G52: sum(inputpacket) | H52: B表处理：tcpsetupresponsedelay_cnt_0_50 as tcpsetupresponsedelay_seg_1 | J52: 指标 | K52: 无 | L52: >=0
B53: ultcpreorderingpacket | C53: bigint | D53: 上行TCP乱序报文数，L4协议，非TCP传输时，此字段填0 | E53: A | G53: sum(ultcpreorderingpacket) | J53: 指标 | K53: 无 | L53: >=0
B54: dltcpreorderingpacket | C54: bigint | D54: 下行TCP乱序报文数，非TCP传输时，此字段填0 | E54: A | G54: sum(dltcpreorderingpacket) | J54: 指标 | K54: 无 | L54: >=0
B55: ultcpretranspacket | C55: bigint | D55: 上行TCP重传报文数，非TCP传输时，此字段填0 | E55: A | G55: sum(ultcpretranspacket) | J55: 指标 | K55: 无 | L55: >=0
B56: dltcpretranspacket | C56: bigint | D56: 下行TCP重传报文数，非TCP传输时，此字段填0 | E56: A | G56: sum(dltcpretranspacket) | J56: 指标 | K56: 无 | L56: >=0
B57: tcpconnfail_cnt | C57: bigint | D57: TCP连接失败次数 | E57: A | G57: sum(tcpconnfail_cnt) | J57: 指标 | K57: 无 | L57: >=0
B58: tcpconnreq_cnt | C58: bigint | D58: 上行TCP建立请求次数 | E58: A | G58: sum(tcpconnreq_cnt) | J58: 指标 | K58: 无 | L58: >=0
B59: tcpconnulsuc_cnt | C59: bigint | D59: 上行TCP建立成功次数 | E59: A | G59: sum(tcpconnulsuc_cnt) | J59: 指标 | K59: 无 | L59: >=0
B60: tcpconndlsuc_cnt | C60: bigint | D60: 下行TCP建立成功次数 | E60: A | G60: sum(tcpconndlsuc_cnt) | J60: 指标 | K60: 无 | L60: >=0
B61: ulipfragpacks | C61: bigint | D61: 上行IP分片包大小 | E61: A | G61: sum(ulipfragpacks) | J61: 指标 | K61: 无 | L61: >=0
B62: dlipfragpacks | C62: bigint | D62: 下行IP分片包大小 | E62: A | G62: sum(dlipfragpacks) | J62: 指标 | K62: 无 | L62: >=0
B63: http_req_cnt | C63: bigint | D63: Http请求次数 | E63: A | G63: sum(http_req_cnt) | J63: 指标 | K63: 无 | L63: >=0
B64: http_succ_cnt | C64: bigint | D64: Http请求成功次数 | E64: A | G64: sum(http_succ_cnt) | J64: 指标 | K64: 无 | L64: >=0
... B132: wellcmpltdelay_cnt | C132: bigint | D132: 打开时延良好次数 | E132: A | G132: sum(wellcmpltdelay_cnt) | J132: 指标 | K132: 无 | L132: >=0
B133: p_provincecode | C133: int | D133: 省分区
B134: p_date | C134: string | D134: 天分区
B135: p_hour | C135: int | D135: 小时分区
B136: p_quarter | C136: int | D136: 15分钟分区

Sheet 45
