Workbook

Sheet 导航
A1: 内部编号 | B1: 索引 | C1: 项目名称 | D1: 数据层级 | E1: 主题域 | F1: 表英文名 | G1: 表中文名 | H1: 数据描述 | I1: 汇聚维度 | J1: 数据时间粒度 | K1: 最小时间分区 | L1: 计算位置 | M1: 是否同步 | N1: 生命周期（存储周期单位：天） | O1: 前向表 | P1: 支撑应用/系统 | Q1: 新建/升级 | R1: 备注 | S1: 同步数据库
A2: 1 | B2: =HYPERLINK("#"&A2&"!A1",A2) -> 1 | C2: 网络数据处理系统 | D2: 贴源层 | E2: / | F2: ods_lte_mro_analysis_q | G2: 4G电联MRO解析详单表 | H2: 4G电联MRO解析详单表 | I2: / | J2: 详单 | K2: 15分钟 | L2: 前置 | N2: 3 | O2: 原始数据解析 | Q2: 新建
A3: 2 | B3: =HYPERLINK("#"&A3&"!A1",A3) -> 2 | C3: 网络数据处理系统 | D3: 整合层 | E3: / | F3: fact_lte_mro_location_q | G3: 4G电联MRO位置定位详单表 | H3: 4G电联MRO位置定位详单表 | I3: / | J3: 详单 | K3: 15分钟 | L3: 前置 | N3: 3 | O3: ods_lte_mro_analysis_q | Q3: 新建
A4: 3 | B4: =HYPERLINK("#"&A4&"!A1",A4) -> 3 | C4: 网络数据处理系统 | D4: 整合层 | E4: / | F4: fact_lte_mro_usrbackfill_q | G4: 4G电联MRO用户回填详单表 | H4: 4G电联MRO用户回填详单表 | I4: / | J4: 详单 | K4: 15分钟 | L4: 前置 | N4: 3 | O4: fact_lte_mro_location_q、ods_pscp_s1mme_front_5min | P4: 建维优 | Q4: 新建
A5: 3.2 | B5: =HYPERLINK("#"&A5&"!A1",A5) -> 3.2 | C5: 网络数据处理系统 | D5: 整合层 | E5: / | F5: fact_lte_mro_iov_refactor_q | G5: 4G电联车载用户MRO事实表 | H5: 4G电联车载用户MRO事实表 | I5: / | J5: 详单 | K5: 15分钟 | L5: 前置 | M5: 是 | N5: 3 | O5: fact_lte_mro_usrbackfill_q、cfg_iov_usr_list | Q5: 新建
A6: 4 | B6: =HYPERLINK("#"&A6&"!A1",A6) -> 4 | C6: 网络数据处理系统 | D6: 整合层 | E6: / | F6: fact_lte_mro_neighbor_q | G6: 4G电联MRO邻区事实表 | H6: 4G电联MRO邻区事实表 | I6: / | J6: 详单 | K6: 15分钟 | L6: 前置 | N6: 3 | O6: fact_lte_mro_usrbackfill_q、lte_cm_projdata、lte_cucc_cm_projdata | Q6: 新建
A7: 5 | B7: =HYPERLINK("#"&A7&"!A1",A7) -> 5 | C7: 网络数据处理系统 | D7: 整合层 | E7: / | F7: ods_lte_mro_q_location | G7: 4G电信经纬度详单表 | H7: 4G电联经纬度详单表 | I7: / | J7: 详单 | K7: 15分钟 | L7: 前置 | M7: 是 | N7: 3 | O7: fact_lte_mro_usrbackfill_q | P7: 位置能力系统 | Q7: 升级
A8: 7 | B8: =HYPERLINK("#"&A8&"!A1",A8) -> 7 | C8: 网络数据处理系统 | D8: 中间层 | E8: 覆盖分析 | F8: aggr_lte_sncell_problem_h | G8: MR数据主邻小区对覆盖问题分析汇聚小时表(重叠覆盖与MOD3) | H8: MR数据主邻小区对重叠覆盖分析汇聚小时表 | I8: 邻区对 | J8: 小时 | K8: 小时 | L8: 前置 | M8: 是 | N8: 7 | O8: fact_lte_mro_neighbor_q、lte_cm_projdata、lte_cucc_cm_projdata | Q8: 新建
A9: 8 | B9: =HYPERLINK("#"&A9&"!A1",A9) -> 8 | C9: 网络数据处理系统 | D9: 中间层 | E9: 覆盖分析 | F9: aggr_lte_sncell_problem_d | G9: MR数据主邻小区对覆盖问题分析汇聚天表(重叠覆盖与MOD3) | H9: MR数据主邻小区对重叠覆盖分析汇聚天表 | I9: 邻区对 | J9: 天 | K9: 天 | L9: 核心 | N9: 30 | O9: aggr_lte_sncell_problem_h | P9: 建维优 | Q9: 新建
A10: 12 | B10: =HYPERLINK("#"&A10&"!A1",A10) -> 12 | C10: 网络数据处理系统 | D10: 中间层 | E10: 覆盖分析 | F10: aggr_lte_coverage_problem_usrcelgrd_q | G10: 4G MR主小区覆盖问题汇聚指标15分钟表 | H10: 4G MR主小区覆盖问题汇聚指标15分钟表 | I10: 用户小区栅格 | J10: 15分钟 | K10: 15分钟 | L10: 前置 | N10: 7 | O10: fact_lte_mro_neighbor_q | Q10: 新建
A11: 13 | B11: =HYPERLINK("#"&A11&"!A1",A11) -> 13 | C11: 网络数据处理系统 | D11: 中间层 | E11: 覆盖分析 | F11: aggr_lte_coverage_base_q | G11: 4G MR用户小区栅格覆盖指标15分钟表(无问题打标) | H11: 4G MR用户小区栅格覆盖指标15分钟表(无问题打标) | I11: 用户小区栅格 | J11: 15分钟 | K11: 15分钟 | L11: 前置 | N11: 7 | O11: fact_lte_mro_usrbackfill_q、lte_cm_projdata、lte_cucc_cm_projdata | Q11: 新建
A12: 14 | B12: =HYPERLINK("#"&A12&"!A1",A12) -> 14 | C12: 网络数据处理系统 | D12: 中间层 | E12: 覆盖分析 | F12: aggr_lte_coverage_base_usr_refactor_q | G12: 4G MR用户小区栅格覆盖指标15分钟表 | H12: 4G MR用户小区栅格覆盖指标15分钟表 | I12: 用户小区栅格 | J12: 15分钟 | K12: 15分钟 | L12: 前置 | M12: 是 | N12: 7 | O12: aggr_lte_coverage_base_q、aggr_lte_coverage_problem_usrcelgrd_q | Q12: 升级
A13: 15 | B13: =HYPERLINK("#"&A13&"!A1",A13) -> 15 | C13: 网络数据处理系统 | D13: 中间层 | E13: 覆盖分析 | F13: aggr_lte_coverage_base_usr_refactor_h | G13: 4G MR用户小区栅格覆盖指标小时表 | H13: 4G MR用户小区栅格覆盖指标小时表 | I13: 用户小区栅格 | J13: 小时 | K13: 小时 | L13: 核心 | N13: 14 | O13: aggr_lte_coverage_base_usr_refactor_q | P13: 建维优 | Q13: 升级
A14: 17 | B14: =HYPERLINK("#"&A14&"!A1",A14) -> 17 | C14: 网络数据处理系统 | D14: 中间层 | E14: 覆盖分析 | F14: aggr_lte_coverage_base_refactor_h | G14: 4G MR小区栅格覆盖指标小时表 | H14: 4G MR小区栅格覆盖指标小时表 | I14: 小区栅格 | J14: 小时 | K14: 小时 | L14: 核心 | N14: 14 | O14: aggr_lte_coverage_base_usr_refactor_h | P14: 建维优 | Q14: 升级
A15: 17.1 | B15: =HYPERLINK("#"&A15&"!A1",A15) -> 17.1 | C15: 网络数据处理系统 | D15: 中间层 | E15: 覆盖分析 | F15: aggr_lte_coverage_grd_h | G15: 4G MR栅格覆盖指标小时表 | H15: 4G MR栅格覆盖指标小时表 | I15: 栅格 | J15: 小时 | K15: 小时 | L15: 核心 | N15: 14 | O15: aggr_lte_coverage_base_refactor_h | P15: 建维优 | Q15: 新建
A16: 18 | B16: =HYPERLINK("#"&A16&"!A1",A16) -> 18 | C16: 网络数据处理系统 | D16: 中间层 | E16: 覆盖分析 | F16: aggr_lte_coverage_base_refactor_d | G16: 4G MR小区栅格覆盖指标天表 | H16: 4G MR小区栅格覆盖指标天表 | I16: 小区栅格 | J16: 天 | K16: 天 | L16: 核心 | N16: 30 | O16: aggr_lte_coverage_base_refactor_h | P16: 建维优 | Q16: 升级
A17: 19 | B17: =HYPERLINK("#"&A17&"!A1",A17) -> 19 | C17: 网络数据处理系统 | D17: 中间层 | E17: 覆盖分析 | F17: aggr_lte_coverage_reduce_usrcelgrd_q | G17: 4G MR用户小区栅格覆盖指标裁剪15分钟表 | H17: 4G MR用户小区栅格覆盖指标裁剪15分钟表 | I17: 用户小区栅格 | J17: 15分钟 | K17: 15分钟 | L17: 核心 | N17: 14 | O17: aggr_lte_coverage_base_usr_refactor_q | Q17: 新建
A18: 19.1 | B18: =HYPERLINK("#"&A18&"!A1",A18) -> 19.1 | C18: 网络数据处理系统 | D18: 中间层 | E18: 覆盖分析 | F18: aggr_lte_coverage_reduce_usrcelgrd_h | G18: 4G MR用户小区栅格覆盖指标裁剪小时表 | H18: 4G MR用户小区栅格覆盖指标裁剪小时表 | I18: 用户小区栅格 | J18: 小时 | K18: 小时 | L18: 核心 | N18: 14 | O18: aggr_lte_coverage_reduce_usrcelgrd_q | Q18: 新建
A19: 19.2 | B19: =HYPERLINK("#"&A19&"!A1",A19) -> 19.2 | C19: 网络数据处理系统 | D19: 中间层 | E19: 用户常驻 | F19: aggr_lte_coverage_resident_usrgrd_d | G19: 4G MR用户常驻栅格覆盖指标天表 | H19: 4G MR用户常驻栅格覆盖指标天表 | I19: 用户栅格 | J19: 天 | K19: 天 | L19: 核心 | N19: 30 | O19: aggr_lte_coverage_reduce_usrcelgrd_h | Q19: 新建
A20: 20 | B20: =HYPERLINK("#"&A20&"!A1",A20) -> 20 | C20: 网络数据处理系统 | D20: 中间层 | E20: 用户常驻 | F20: aggr_lte_usrareagrd_d | G20: 4G用户区域栅格聚区天表 | H20: 4G用户区域栅格聚区天表 | I20: 用户区域栅格 | J20: 天 | K20: 天 | L20: 核心 | N20: 30 | O20: aggr_lte_coverage_resident_usrgrd_d | Q20: 新建
A21: 21 | B21: =HYPERLINK("#"&A21&"!A1",A21) -> 21 | C21: 网络数据处理系统 | D21: 中间层 | E21: 用户级感知 | F21: aggr_lte_usrareatime_cel_refactor_d | G21: 4G MR用户聚区区域用户小区天表 | H21: 4G MR用户聚区区域用户小区天表 | I21: 用户小区栅格 | J21: 15分钟 | K21: 天 | L21: 核心 | N21: 30 | O21: aggr_lte_usrareagrd_d、aggr_lte_coverage_reduce_usrcelgrd_q | P21: 建维优 | Q21: 升级
A22: 21.1 | B22: =HYPERLINK("#"&A22&"!A1",A22) -> 21.1 | C22: 网络数据处理系统 | D22: 中间层 | E22: 用户级感知 | F22: aggr_lte_usrarea_coverarea_cel_refactor_d | G22: 4G用户区域小区覆盖天表 | H22: 4G用户区域小区覆盖天表 | I22: 用户小区区域 | J22: 天 | K22: 天 | L22: 核心 | N22: 30 | O22: aggr_lte_usrareatime_cel_refactor_d | Q22: 升级
A23: 21.2 | B23: =HYPERLINK("#"&A23&"!A1",A23) -> 21.2 | C23: 网络数据处理系统 | D23: 中间层 | E23: 用户级感知 | F23: aggr_lte_usrarea_coverarea_refactor_d | G23: 4G用户区域覆盖天表 | H23: 4G用户区域覆盖天表 | I23: 用户区域 | J23: 天 | K23: 天 | L23: 核心 | N23: 30 | O23: aggr_lte_usrarea_coverarea_cel_refactor_d | Q23: 升级
A24: 22 | B24: =HYPERLINK("#"&A24&"!A1",A24) -> 22 | C24: 网络数据处理系统 | D24: 中间层 | E24: 覆盖分析 | F24: aggr_lte_coverage_cel_refactor_d | G24: 4G MR小区覆盖指标天表 | H24: 4G MR小区覆盖指标天表 | I24: 小区 | J24: 天 | K24: 天 | L24: 核心 | N24: 30 | O24: aggr_lte_coverage_base_refactor_d | P24: 共建共享、5GR、客户感知CEM、建维优 | Q24: 升级
A25: 23 | B25: =HYPERLINK("#"&A25&"!A1",A25) -> 23 | C25: 网络数据处理系统 | D25: 中间层 | E25: 覆盖分析 | F25: aggr_lte_coverage_grd_refactor_d | G25: 4G MR栅格覆盖指标天表 | H25: 4G MR栅格覆盖指标天表 | I25: 栅格 | J25: 天 | K25: 天 | L25: 核心 | N25: 30 | O25: aggr_lte_coverage_base_refactor_d | P25: 5GR、建维优 | Q25: 升级
A26: 24 | B26: =HYPERLINK("#"&A26&"!A1",A26) -> 24 | C26: 网络数据处理系统 | D26: 中间层 | E26: 覆盖分析 | F26: aggr_lte_coverage_reduce_base_refactor_d | G26: 4G MR小区栅格覆盖指标裁剪天表 | H26: 4G MR小区栅格覆盖指标裁剪天表 | I26: 小区栅格 | J26: 天 | K26: 天 | L26: 核心 | N26: 30 | O26: aggr_lte_coverage_base_refactor_d | P26: 共建共享 | Q26: 升级
A27: 25 | B27: =HYPERLINK("#"&A27&"!A1",A27) -> 25 | C27: 网络数据处理系统 | D27: 中间层 | E27: 覆盖分析 | F27: aggr_lte_coverage_base_reduce_refactor_d | G27: 4G电信用户产生的MR小区栅格覆盖指标裁剪天表 | H27: 4G电信用户产生的MR小区栅格覆盖指标裁剪天表 | I27: 小区栅格 | J27: 天 | K27: 天 | L27: 核心 | N27: 30 | O27: aggr_lte_coverage_reduce_base_refactor_d | P27: 5G定制网 | Q27: 升级
A28: 26 | B28: =HYPERLINK("#"&A28&"!A1",A28) -> 26 | C28: 网络数据处理系统 | D28: 中间层 | E28: 覆盖分析 | F28: aggr_lte_coverageagps_base_refactor_d | G28: 4G AGPS MR小区栅格覆盖指标天表 | H28: 4G AGPS MR小区栅格覆盖指标天表 | I28: 小区栅格 | J28: 天 | K28: 天 | L28: 核心 | N28: 30 | O28: aggr_lte_coverage_base_refactor_d | P28: 建维优 | Q28: 升级
A29: 27 | B29: =HYPERLINK("#"&A29&"!A1",A29) -> 27 | C29: 网络数据处理系统 | D29: 中间层 | E29: 覆盖分析 | F29: aggr_lte_coverageagps_cel_d | G29: 4G AGPS MR小区覆盖指标天表 | H29: 4G AGPS MR小区覆盖指标天表 | I29: 小区 | J29: 天 | K29: 天 | L29: 核心 | N29: 30 | O29: aggr_lte_coverageagps_base_refactor_d | P29: 建维优 | Q29: 新建
A30: 28 | B30: =HYPERLINK("#"&A30&"!A1",A30) -> 28 | C30: 网络数据处理系统 | D30: 中间层 | E30: 覆盖分析 | F30: ts_glc_coverageagps_celgrd_refactor_d | G30: 4G AGPS MR小区栅格共享天表 | H30: 4G AGPS MR小区栅格共享天表 | I30: 小区栅格 | J30: 天 | K30: 天 | L30: 核心 | N30: 30 | O30: aggr_lte_coverageagps_base_refactor_d | P30: 基站节能 | Q30: 升级
A31: 29 | B31: =HYPERLINK("#"&A31&"!A1",A31) -> 29 | C31: 网络数据处理系统 | D31: 中间层 | E31: 覆盖分析 | F31: aggr_lte_coverage_usrcel_h | G31: 4G MR用户小区覆盖小时表 | H31: 4G MR用户小区覆盖小时表 | I31: 用户小区 | J31: 小时 | K31: 小时 | L31: 核心 | N31: 14 | O31: aggr_lte_coverage_base_usr_refactor_h | Q31: 新建
A32: 29.0 | B32: =HYPERLINK("#"&A32&"!A1",A32) -> 29.0 | C32: 网络数据处理系统 | D32: 中间层 | E32: 覆盖分析 | F32: aggr_lte_iov_coverage_usrcel_h | G32: 4G车联网用户小区覆盖分析小时表 | H32: 4G车联网用户小区覆盖分析小时表 | I32: 用户小区 | J32: 小时 | K32: 小时 | L32: 核心 | N32: 14 | O32: aggr_lte_coverage_usrcel_h、cfg_iov_usr_list | Q32: 升级
A33: 29.1 | B33: =HYPERLINK("#"&A33&"!A1",A33) -> 29.1 | C33: 网络数据处理系统 | D33: 中间层 | E33: 覆盖分析 | F33: aggr_lte_coverage_base_reduce_refactor_h | G33: 4G MR小区指标裁剪天表 | H33: 4G MR小区指标裁剪天表 | I33: 小区 | J33: 天 | K33: 天 | L33: 核心 | N33: 14 | O33: aggr_lte_coverage_cel_h | P33: 移动业务感知保障系统 | Q33: 升级
A34: 29.2 | B34: =HYPERLINK("#"&A34&"!A1",A34) -> 29.2 | C34: 网络数据处理系统 | D34: 中间层 | E34: 覆盖分析 | F34: aggr_lte_coverage_usr_h | G34: 4G MR用户覆盖小时表 | H34: 4G MR用户覆盖小时表 | I34: 用户 | J34: 小时 | K34: 小时 | L34: 核心 | N34: 14 | O34: aggr_lte_coverage_usrcel_h | Q34: 新建
A35: 29.3 | B35: =HYPERLINK("#"&A35&"!A1",A35) -> 29.3 | C35: 网络数据处理系统 | D35: 中间层 | E35: 覆盖分析 | F35: aggr_lte_coverage_cel_h | G35: 4G MR小区覆盖小时表 | H35: 4G MR小区覆盖小时表 | I35: 小区 | J35: 小时 | K35: 小时 | L35: 核心 | N35: 14 | O35: aggr_lte_coverage_usrcel_h | P35: 建维优 | Q35: 新建
A36: 30 | B36: =HYPERLINK("#"&A36&"!A1",A36) -> 30 | C36: 网络数据处理系统 | D36: 中间层 | E36: 覆盖分析 | F36: aggr_lte_coverage_usrcel_refactor_d | G36: 4G MR用户小区覆盖天表 | H36: 4G MR用户小区覆盖天表 | I36: 用户小区 | J36: 天 | K36: 天 | L36: 核心 | N36: 30 | O36: aggr_lte_coverage_usrcel_h | P36: 建维优 | Q36: 升级
A37: 31 | B37: =HYPERLINK("#"&A37&"!A1",A37) -> 31 | C37: 网络数据处理系统 | D37: 中间层 | E37: 覆盖分析 | F37: aggr_lte_coverage_usr_refactor_d | G37: 4G MR用户覆盖天表 | H37: 4G MR用户覆盖天表 | I37: 用户 | J37: 天 | K37: 天 | L37: 核心 | N37: 30 | O37: aggr_lte_coverage_usrcel_refactor_d | Q37: 升级
A38: 32 | B38: =HYPERLINK("#"&A38&"!A1",A38) -> 32 | C38: 网络数据处理系统 | D38: 中间层 | E38: 覆盖分析 | F38: aggr_lte_coverage_imsi_refactor_d | G38: 4G MR用户覆盖共享天表 | H38: 4G MR用户覆盖共享天表 | I38: 用户 | J38: 天 | K38: 天 | L38: 核心 | N38: 30 | O38: aggr_lte_coverage_usr_refactor_d | P38: 核心系统 | Q38: 升级
A39: 33 | B39: =HYPERLINK("#"&A39&"!A1",A39) -> 33 | C39: 网络数据处理系统 | D39: 中间层 | E39: 覆盖分析 | F39: aggr_lte_coverage_usrgrd_h | G39: 4G MR用户栅格覆盖小时表 | H39: 4G MR用户栅格覆盖小时表 | I39: 用户栅格 | J39: 天 | K39: 天 | L39: 核心 | N39: 14 | O39: aggr_lte_coverage_base_usr_refactor_h | P39: 建维优 | Q39: 新建
A40: 34 | B40: =HYPERLINK("#"&A40&"!A1",A40) -> 34 | C40: 网络数据处理系统 | D40: 中间层 | E40: 覆盖分析 | F40: aggr_lte_coverage_usrgrd_refactor_d | G40: 4G MR用户栅格覆盖天表 | H40: 4G MR用户栅格覆盖天表 | I40: 用户栅格 | J40: 天 | K40: 天 | L40: 核心 | N40: 30 | O40: aggr_lte_coverage_usrgrd_h | P40: 建维优 | Q40: 升级
A41: 35.1 | B41: =HYPERLINK("#"&A41&"!A1",A41) -> 35.1 | C41: 网络数据处理系统 | D41: 中间层 | E41: 高铁优化 | F41: aggr_highrail_user_platform_cell_user_q | G41: 高铁上站台小区的用户指标分钟表 | H41: 高铁上站台小区的用户指标分钟表 | I41: 详单 | J41: 详单 | K41: 15分钟 | L41: 前置 | N41: 7 | O41: cfg_highspeedrail_platform_cell、fact_lte_mro_usrbackfill_q、ods_nr_mro_northctcc_q、ods_pscp_s1mme_front_5min、ods_5gdpi_n1n2_e2e_telecom_5min | Q41: 升级 | R41: 算法逻辑不变，处理位置变更为前置
A42: 35.2 | B42: =HYPERLINK("#"&A42&"!A1",A42) -> 35.2 | C42: 网络数据处理系统 | D42: 中间层 | E42: 高铁优化 | F42: aggr_highrail_user_platform_cell_user_refactor_d | G42: 高铁上站台小区的用户指标天表（分省） | H42: 高铁上站台小区的用户指标天表（分省） | I42: 详单 | J42: 详单 | K42: 天 | L42: 前置 | M42: 是 | N42: 7 | O42: aggr_highrail_user_platform_cell_user_q | Q42: 升级 | R42: 算法逻辑不变，处理位置变更为前置
A43: 35 | B43: =HYPERLINK("#"&A43&"!A1",A43) -> 35 | C43: 网络数据处理系统 | D43: 中间层 | E43: 高铁优化 | F43: aggr_lte_highspeedrail_coverage_base_refactor_h | G43: 高铁4G覆盖用户小区栅格小时表 | H43: 高铁4G覆盖用户小区栅格小时表 | I43: 用户小区栅格 | J43: 小时 | K43: 小时 | L43: 核心 | N43: 14 | O43: aggr_lte_coverage_base_usr_refactor_q、aggr_highspeedrail_usrlist_d、lte_cm_projdata、lte_cucc_cm_projdata | Q43: 升级

Sheet 1
B1: =HYPERLINK("#导航!a2","返回") -> 返回
B3: 目标表基本信息描述
B4: 主题域 | C4: 目标表英文名 | D4: 目标表中文名 | E4: 数据频度 | F4: 模型主键 | G4: 数据描述 | H4: 推送数据库
B5: / | C5: ods_lte_mro_analysis_q | D5: 4G电联MRO解析详单表 | E5: quarter
B7: 源表基本信息描述
B8: 来源系统 | C8: 源表英文名 | D8: 源表中文名 | E8: 别名 | F8: 任务描述 | G8: 备注 | H8: 是否主表
B11: 详细字段信息
B12: 详细字段信息
B13: PDM字段英文名 | C13: PDM字段类型 | D13: PDM字段中文名（说明） | E13: 源表名 | F13: 电信MR源字段英文名-ZX | G13: 电信MR源字段英文名-HW | H13: 电信MR源字段英文名-NK | I13: 电信MR源字段英文名-ER | J13: 电信MR源字段英文名-DT | K13: 联通MR源字段英文名-ZX | L13: 联通MR源字段英文名-HW | M13: 联通MR源字段英文名-NK | N13: 联通MR源字段英文名-ER | O13: 联通MR源字段英文名-DT
B14: datetime | C14: string | D14: 样本数据测量对象UE的样本测量时间，UTC时间格式。对MRO文件，取值为测量采样周期的整数倍，上报时间采用 UTC 时间进行计算。 | F14: MR.TimeStamp | G14: TimeStamp | H14: TimeStamp | I14: TimeStamp | J14: TimeStamp | K14: TimeStamp | L14: TimeStamp | M14: TimeStamp | N14: TimeStamp | O14: TimeStamp
B15: enodebid | C15: int | D15: 字符串，取值为eNodeB Id。 | F15: MR.eNBId | G15: eNB id | H15: eNB id | I15: id | J15: eNB id | K15: eNB id | L15: eNB id | M15: eNB id | N15: eNB id | O15: eNB id
B16: cellid | C16: string | D16: 标识具体的测量对象。若为小区对象，则采用CellId (8bit)表示；若为子帧对象，则采用“CellId:Earfcn:SubFrameNbr”表示；若为PRB对象，则采用“CellId:Earfcn:SubFrameNbr:PRBNbr”表示。表示测量报告样本数据时，采用主服务小区CellId或子帧对象进行标识。 | F16: MR.objectId | G16: id | H16: object id | I16: object id%256 | J16: object id%256 | K16: object id%256 | L16: split(id,"-")[1] | M16: id%256 | N16: object id%256 | O16: object id%256
B17: ulsinr | C17: array<smallint> | D17: 服务小区接收的上行信号的信噪比。 | F17: MR.LteScSinrUL | G17: MR.LteScSinrUL | H17: MR.LteScSinrUL | I17: MR.LteScSinrUL | J17: MR.LteScSinrUL | K17: MR.LteScSinrUL | L17: MR.LteScSinrUL | M17: MR.LteScSinrUL | N17: MR.LteScSinrUL | O17: MR.LteScSinrUL
B18: phr | C18: array<smallint> | D18: 服务小区发射功率余量，指UE发射信号功率对发射功率上限的余量的测量值。取值范围[0,63]。 | F18: MR.LteScPHR | G18: MR.LteScPHR | H18: MR.LteScPHR | I18: MR.LteScPHR | J18: MR.LteScPHR | K18: MR.LteScPHR | L18: MR.LteScPHR | M18: MR.LteScPHR | N18: MR.LteScPHR | O18: MR.LteScPHR
B19: aoa | C19: array<smallint> | D19: 天线到达角,指UE相对服务小区天线的参考方位角。 | F19: MR.LteScAOA | G19: MR.LteScAOA | H19: MR.LteScAOA | I19: MR.LteScAOA | J19: MR.LteScAOA | K19: MR.LteScAOA | L19: MR.LteScAOA | M19: MR.LteScAOA | N19: MR.LteScAOA | O19: MR.LteScAOA
B20: recvbsr | C20: array<bigint> | D20: 后台显示名RecvBsr,上报周期内BSR平均值，多个承载时， 选择最大平均值上报，CMAC上报该值 | F20: MR.LteScBSR | G20: MR.LteScBSR | H20: MR.LteScBSR | I20: 置空 | J20: MR.LteScBSR | K20: 置空 | L20: 置空 | M20: 置空 | N20: 置空 | O20: 置空
B21: puschprbnum | C21: array<int> | D21: UE PUSCH信道占用PRB数。 | F21: MR.LteScPUSCHPRBNum | G21: MR.LteScPUSCHPRBNum | H21: MR.LteScPUSCHPRBNum | I21: MR.LteScPUSCHPRBNum | J21: MR.LteScPUSCHPRBNum | K21: 置空 | L21: 置空 | M21: 置空 | N21: 置空 | O21: 置空
B22: pdschprbnum | C22: array<int> | D22: UE PDSCH信道占用PRB数。 | F22: MR.LteScPDSCHPRBNum | G22: MR.LteScPDSCHPRBNum | H22: MR.LteScPDSCHPRBNum | I22: MR.LteScPDSCHPRBNum | J22: MR.LteScPDSCHPRBNum | K22: 置空 | L22: 置空 | M22: 置空 | N22: 置空 | O22: 置空
B23: rsrp | C23: array<smallint> | D23: UE收到服务小区的参考信号接收功率。小区专属参考信号R0 将用于决定RSRP。如果UE能可靠地检测到小区专属参考信号R1 可用，那么可以使用R0 和R1 决定RSRP。如果 UE 使用接收分集，报告值应该不低于任一独立分集分支的相应RSRP值。取值范围0-97。 | F23: MR.LteScRSRP | G23: MR.LteScRSRP | H23: MR.LteScRSRP | I23: MR.LteScRSRP | J23: MR.LteScRSRP | K23: MR.LteScRSRP | L23: MR.LteScRSRP | M23: MR.LteScRSRP | N23: MR.LteScRSRP | O23: MR.LteScRSRP
B24: dlearfcn | C24: array<int> | D24: UE服务小区的载波号Earfcn。 | F24: MR.LteScEarfcn | G24: MR.LteScEarfcn | H24: MR.LteScEarfcn | I24: MR.LteScEarfcn | J24: MR.LteScEarfcn | K24: MR.LteScEarfcn | L24: MR.LteScEarfcn | M24: MR.LteScEarfcn | N24: MR.LteScEarfcn | O24: MR.LteScEarfcn
B25: pci | C25: array<smallint> | D25: UE服务小区的物理小区识别码。 | F25: MR.LteScPci | G25: MR.LteScPci | H25: MR.LteScPci | I25: MR.LteScPci | J25: MR.LteScPci | K25: MR.LteScPci | L25: MR.LteScPci | M25: MR.LteScPci | N25: MR.LteScPci | O25: MR.LteScPci
... B40: data_type | C40: int | D40: 数据来源(电信独享：2；电信共享：3；联通共享：1) | F40: 根据数据来源赋值(unshare：2；share：3) | G40: 根据数据来源赋值(unshare：2；share：3) | H40: 根据数据来源赋值(unshare：2；share：3) | I40: 根据数据来源赋值(unshare：2；share：3) | J40: 根据数据来源赋值(unshare：2；share：3) | K40: 直接赋值：1 | L40: 直接赋值：1 | M40: 直接赋值：1 | N40: 直接赋值：1 | O40: 直接赋值：1
B41: p_provincecode | C41: int | D41: 省分区
B42: p_date | C42: string | D42: 天分区
B43: p_hour | C43: int | D43: 小时分区
B44: p_region | C44: int | D44: 厂家分区：100001:中兴|100002:华为|100003:诺基亚|100004:爱立信|100005:大唐
B45: p_quarter | C45: int | D45: 15分钟分区

Sheet 2
B1: =HYPERLINK("#导航!a2","返回") -> 返回
B3: 目标表基本信息描述
B4: 主题域 | C4: 目标表英文名 | D4: 目标表中文名 | E4: 数据频度 | F4: 模型主键 | G4: 数据描述 | H4: 推送数据库
B5: / | C5: fact_lte_mro_location_q | D5: 4G电联MRO位置定位详单表 | E5: quarter | I5: =VLOOKUP(C5,导航!F:Q,12,0) -> 新建
B7: 源表基本信息描述
B8: 来源系统 | C8: 源表英文名 | D8: 源表中文名 | E8: 别名 | F8: 任务描述 | G8: 备注 | H8: 是否主表
C9: ods_lte_mro_analysis_q | D9: 4G电联MRO解析详单表 | E9: A
B12: 详细字段信息
B13: 详细字段信息
B14: PDM字段英文名 | C14: PDM字段类型 | D14: PDM字段中文名（说明） | E14: 源表名 | F14: 源字段英文名 | G14: 算法加工逻辑 | H14: 关联与过滤条件 | I14: 备注 | J14: 字段属性 | K14: 单位 | L14: 取值范围
B15: datetime | C15: string | D15: 样本数据测量对象UE的样本测量时间，UTC时间格式。对MRO文件，取值为测量采样周期的整数倍，上报时间采用 UTC 时间进行计算。 | F15: datetime | G15: 直取 | J15: 详单 | K15: 无 | L15: 无
B16: enodebid | C16: int | D16: 基站标识 | F16: enodebid | G16: 直取 | J16: 详单 | K16: 无 | L16: 无
B17: cellid | C17: int | D17: 小区标识 | G17: case when data_type=1 and p_region=100002 then split(cellid,"-")[1] else cast (cellid%256 as int) end | J17: 详单 | K17: 无 | L17: 无
B18: dlearfcn | C18: int | D18: UE服务小区的载波号Earfcn。 | F18: dlearfcn | G18: 直取 | J18: 详单 | K18: 无 | L18: 无
B19: pci | C19: smallint | D19: UE服务小区的物理小区识别码。 | F19: pci | G19: 直取 | J19: 详单 | K19: 无 | L19: 无
B20: ulsinr | C20: smallint | D20: 服务小区接收的上行信号的信噪比。 | F20: ulsinr | G20: 直取 | J20: 详单 | K20: 无 | L20: 无
B21: phr | C21: smallint | D21: 服务小区发射功率余量，指UE发射信号功率对发射功率上限的余量的测量值。取值范围[0,63]。 | F21: phr | G21: 直取 | J21: 详单 | K21: 无 | L21: 无
B22: aoa | C22: smallint | D22: 天线到达角,指UE相对服务小区天线的参考方位角。 | F22: aoa | G22: 直取 | J22: 详单 | K22: 无 | L22: 无
B23: recvbsr | C23: bigint | D23: 后台显示名RecvBsr,上报周期内BSR平均值，多个承载时， 选择最大平均值上报，CMAC上报该值 | F23: recvbsr | G23: 直取 | J23: 详单 | K23: 无 | L23: 无
B24: puschprbnum | C24: int | D24: UE PUSCH信道占用PRB数。 | F24: puschprbnum | G24: 直取 | J24: 详单 | K24: 无 | L24: 无
B25: pdschprbnum | C25: int | D25: UE PDSCH信道占用PRB数。 | F25: pdschprbnum | G25: 直取 | J25: 详单 | K25: 无 | L25: 无
B26: rsrp | C26: smallint | D26: UE收到服务小区的参考信号接收功率。小区专属参考信号R0 将用于决定RSRP。如果UE能可靠地检测到小区专属参考信号R1 可用，那么可以使用R0 和R1 决定RSRP。如果 UE 使用接收分集，报告值应该不低于任一独立分集分支的相应RSRP值。取值范围0-97。 | F26: rsrp | G26: 直取 | J26: 详单 | K26: 无 | L26: 无
B27: rsrq | C27: tinyint | D27: UE收到服务小区的参考信号接收质量。取值范围0-34。 | F27: rsrq | G27: 直取 | J27: 详单 | K27: 无 | L27: 无
B28: ta | C28: int | D28: 服务小区时间提前量，指UE到服务基站的信号传播时间。 | F28: ta | G28: 直取 | J28: 详单 | K28: 无 | L28: 无
B29: cqi | C29: tinyint | D29: 信道质量指示。取值为上报时刻的瞬时值，取值范围[0，15]。 | F29: cqi | G29: 直取 | J29: 详单 | K29: 无 | L29: 无
... B36: mrlat | C36: double | D36: UE周期性触发测量上报时的地理纬度（北纬）信息。单位为度，取值精确到小数点后6位。 | F36: mrlat | G36: 定位回填 | J36: 详单 | K36: 无 | L36: 无
B37: ncellcount | C37: tinyint | D37: 邻区个数 | G37: 根据neighpci数组包含数量回填邻区个数 | J37: 详单 | K37: 无 | L37: 无
B38: nearfcn | C38: array<int> | D38: UE测量到的邻小区的载波号Earfcn。 | F38: nearfcn | G38: 直取 | J38: 详单 | K38: 无 | L38: 无
B39: npci | C39: array<int> | D39: UE测量到的邻小区的物理小区识别码。取值范围[0，503]。 | F39: npci | G39: 直取 | J39: 详单 | K39: 无 | L39: 无
B40: nrsrp | C40: array<int> | D40: UE处在某一个服务小区下接收到的邻区参考信号接收功率。取值范围0-97。 | F40: nrsrp | G40: 直取 | J40: 详单 | K40: 无 | L40: 无
B41: nrsrq | C41: array<int> | D41: UE处在某一个服务小区下接收到的已定义邻区关系和未定义邻区关系的邻区参考信号的接收质量。取值范围0-34。 | F41: nrsrq | G41: 直取 | J41: 详单 | K41: 无 | L41: 无
B42: nenbid | C42: array<int> | D42: 邻区enodebid列表 | G42: 定位回填 | J42: 详单 | K42: 无 | L42: 无
B43: ncellid | C43: array<int> | D43: 邻区cellid列表 | G43: 定位回填 | J43: 详单 | K43: 无 | L43: 无
B44: regionid | C44: int | D44: 栅格ID | G44: 定位回填 | J44: 详单 | K44: 无 | L44: 无
B45: x_offset_original | C45: int | D45: X偏移(1米栅格) | G45: 定位回填 | J45: 详单 | K45: 无 | L45: 无
B46: y_offset_original | C46: int | D46: Y偏移(1米栅格) | G46: 定位回填 | J46: 详单 | K46: 无 | L46: 无
B47: x_offset_20 | C47: int | D47: X偏移(20米栅格) | G47: 定位回填 | J47: 详单 | K47: 无 | L47: 无
B48: y_offset_20 | C48: int | D48: Y偏移(20米栅格) | G48: 定位回填 | J48: 详单 | K48: 无 | L48: 无
B49: positionmark | C49: tinyint | D49: 根据定位精度确定室内外类型：0-室内；1-室外；2-未知 | G49: 定位回填 | J49: 详单 | K49: 无 | L49: 无
B50: locationtype | C50: int | D50: 定位类型 | G50: 定位回填 | J50: 详单 | K50: 无 | L50: 无
B51: data_type | C51: int | D51: 数据来源(电信独享：2；电信共享：3；联通共享：1) | G51: 直取 | J51: 详单 | K51: 无 | L51: 无
B52: p_provincecode | C52: int | D52: 省分区
B53: p_date | C53: string | D53: 天分区
B54: p_hour | C54: int | D54: 小时分区
B55: p_region | C55: int | D55: 厂家分区：100001:中兴|100002:华为|100003:诺基亚|100004:爱立信|100005:大唐
B56: p_quarter | C56: int | D56: 15分钟分区

Sheet 3
B1: =HYPERLINK("#导航!a2","返回") -> 返回
B3: 目标表基本信息描述
B4: 主题域 | C4: 目标表英文名 | D4: 目标表中文名 | E4: 数据频度 | F4: 模型主键 | G4: 数据描述 | H4: 推送数据库
B5: / | C5: fact_lte_mro_usrbackfill_q | D5: 4G电联MRO用户回填详单表 | E5: quarter | G5: 主小区RSRP/SINR/RSRQ值已转换，邻小区RSRP/RSRQ值未转换，做后向邻区表时需注意 | I5: =VLOOKUP(C5,导航!F:Q,12,0) -> 新建
B7: 源表基本信息描述
B8: 来源系统 | C8: 源表英文名 | D8: 源表中文名 | E8: 别名 | F8: 任务描述 | G8: 备注 | H8: 是否主表
C9: fact_lte_mro_location_q | D9: 4G电联MRO位置定位详单表 | E9: A | F9: 关联回填用户信息，可参考任务temp_ods_lte_mro_q关联逻辑 | H9: 是
C10: ods_pscp_s1mme_front_5min | D10: 4G S1MME接口层详单表 | E10: B
B12: 详细字段信息
B13: 详细字段信息
B14: PDM字段英文名 | C14: PDM字段类型 | D14: PDM字段中文名（说明） | E14: 源表名 | F14: 源字段英文名 | G14: 算法加工逻辑 | H14: 关联与过滤条件 | I14: 备注 | J14: 字段属性 | K14: 单位 | L14: 取值范围
B15: datetime | C15: string | D15: 样本数据测量对象UE的样本测量时间，UTC时间格式。对MRO文件，取值为测量采样周期的整数倍，上报时间采用 UTC 时间进行计算。 | E15: A | F15: datetime | G15: 直取 | J15: 详单 | K15: 无 | L15: 无
A16: =ROW()-1 -> 15 | B16: mrkey | C16: bigint | D16: MR的唯一主键 | E16: A | G16: cast(concat(substring(datetime,15,2), substring(datetime,18,2), substring(datetime,21,3), cast(rand()*100000000000 as bigint)) as bigint) | J16: 详单 | K16: 无 | L16: 无
B17: enodebid | C17: int | D17: 基站标识 | E17: A | F17: enodebid | G17: 直取 | J17: 详单 | K17: 无 | L17: 无
B18: cellid | C18: int | D18: 小区标识 | E18: A | F18: cellid | G18: 直取 | J18: 详单 | K18: 无 | L18: 无
B19: dlearfcn | C19: int | D19: UE服务小区的载波号Earfcn。 | E19: A | F19: dlearfcn | G19: 直取 | J19: 详单 | K19: 无 | L19: 无
B20: pci | C20: int | D20: UE服务小区的物理小区识别码。 | E20: A | F20: pci | G20: 直取 | J20: 详单 | K20: 无 | L20: 无
B21: imsi | C21: string | D21: 用户IMSI串号 | E21: B | F21: imsi | G21: 关联S1MME回填imsi | H21: 回填时只需要考虑plmn=46011的详单数据，plmn!=46011的可置空 | J21: 详单 | K21: 无 | L21: 无
B22: msisdn | C22: string | D22: 用户电话号码 | E22: B | F22: msisdn | G22: 关联S1MME回填msisdn | J22: 详单 | K22: 无 | L22: 无
B23: imei | C23: string | D23: 国际移动设备识别码 | E23: B | F23: imei | G23: 关联S1MME回填imei | J23: 详单 | K23: 无 | L23: 无
B24: ulsinr | C24: int | D24: 服务小区接收的上行信号的信噪比。 | E24: A | G24: ulsinr-10 | J24: 详单 | K24: 无 | L24: 无
B25: phr | C25: int | D25: 服务小区发射功率余量，指UE发射信号功率对发射功率上限的余量的测量值。取值范围[0,63]。 | E25: A | G25: phr-23 | J25: 详单 | K25: 无 | L25: 无
B26: txpower | C26: int | D26: 发射功率 | E26: A | G26: 46-phr | J26: 详单 | K26: 无 | L26: 无
B27: aoa | C27: int | D27: 天线到达角,指UE相对服务小区天线的参考方位角。 | E27: A | F27: aoa | G27: 直取 | J27: 详单 | K27: 无 | L27: 无
B28: recvbsr | C28: bigint | D28: 后台显示名RecvBsr,上报周期内BSR平均值，多个承载时， 选择最大平均值上报，CMAC上报该值 | E28: A | F28: recvbsr | G28: 直取 | J28: 详单 | K28: 无 | L28: 无
B29: puschprbnum | C29: int | D29: UE PUSCH信道占用PRB数。 | E29: A | F29: puschprbnum | G29: 直取 | J29: 详单 | K29: 无 | L29: 无
B30: pdschprbnum | C30: int | D30: UE PDSCH信道占用PRB数。 | E30: A | F30: pdschprbnum | G30: 直取 | J30: 详单 | K30: 无 | L30: 无
B31: rsrp | C31: int | D31: UE收到服务小区的参考信号接收功率。小区专属参考信号R0 将用于决定RSRP。如果UE能可靠地检测到小区专属参考信号R1 可用，那么可以使用R0 和R1 决定RSRP。如果 UE 使用接收分集，报告值应该不低于任一独立分集分支的相应RSRP值。取值范围0-97。 | E31: A | G31: rsrp-140 | J31: 详单 | K31: 无 | L31: 无
B32: rsrq | C32: double | D32: UE收到服务小区的参考信号接收质量。取值范围0-34。 | E32: A | G32: (rsrq-40)/2 | J32: 详单 | K32: 无 | L32: 无
B33: ta | C33: int | D33: 服务小区时间提前量，指UE到服务基站的信号传播时间。 | E33: A | F33: ta | G33: 直取 | J33: 详单 | K33: 无 | L33: 无
B34: cqi | C34: int | D34: 信道质量指示。取值为上报时刻的瞬时值，取值范围[0，15]。 | E34: A | F34: cqi | G34: 直取 | J34: 详单 | K34: 无 | L34: 无
B35: mmecode | C35: tinyint | D35: MME UE S1应用程序标识，用于UE的标识，32位比特。 | E35: A | F35: mmecode | G35: 直取 | J35: 详单 | K35: 无 | L35: 无
B36: mmes1apid | C36: bigint | D36: MME组的标识，16位比特。 | E36: A | F36: mmes1apid | G36: 直取 | J36: 详单 | K36: 无 | L36: 无
B37: mmegroupid | C37: int | D37: 字符串，内容为8位比特，用于MME组内的MME标识。 | E37: A | F37: mmegroupid | G37: 直取 | J37: 详单 | K37: 无 | L37: 无
B38: enbues1apid | C38: bigint | D38: MME范围内基站的唯一ID | E38: A | F38: enbues1apid | G38: 直取 | J38: 详单 | K38: 无 | L38: 无
B39: plmn | C39: string | D39: UE接入E-utran网络使用的PLMN号。 | E39: A | F39: plmn | G39: 直取 | J39: 详单 | K39: 无 | L39: 无
B40: mrlon | C40: double | D40: UE周期性触发测量上报时的地理经度(东经)信息。单位为度，取值精确到小数点后6位。 | E40: A | F40: mrlon | G40: 直取 | J40: 详单 | K40: 无 | L40: 无
B41: mrlat | C41: double | D41: UE周期性触发测量上报时的地理纬度（北纬）信息。单位为度，取值精确到小数点后6位。 | E41: A | F41: mrlat | G41: 直取 | J41: 详单 | K41: 无 | L41: 无
B42: ncellcount | C42: int | D42: 邻区个数 | E42: A | F42: ncellcount | G42: 直取 | J42: 详单 | K42: 无 | L42: 无
B43: nearfcn | C43: array<int> | D43: UE测量到的邻小区的载波号Earfcn。 | E43: A | F43: nearfcn | G43: 直取 | J43: 详单 | K43: 无 | L43: 无
B44: npci | C44: array<int> | D44: UE测量到的邻小区的物理小区识别码。取值范围[0，503]。 | E44: A | F44: npci | G44: 直取 | J44: 详单 | K44: 无 | L44: 无
... B55: locationtype | C55: int | D55: 定位类型 | E55: A | F55: locationtype | G55: 直取 | J55: 详单 | K55: 无 | L55: 无
B56: data_source | C56: int | D56: 电信承建：0 联通承建：1 | E56: A | G56: case when data_type=2 or data_type=3 then 0 else 1 end | J56: 详单 | K56: 无 | L56: 无
B57: vendor | C57: int | D57: 厂家：100001:中兴|100002:华为|100003:诺基亚|100004:爱立信|100005:大唐 | E57: A | F57: p_region | G57: 直取 | J57: 详单 | K57: 无 | L57: 无
B58: p_provincecode | C58: int | D58: 省分区
B59: p_date | C59: string | D59: 天分区
B60: p_hour | C60: int | D60: 小时分区
B61: p_quarter | C61: int | D61: 15分钟分区

Sheet 3.2
B1: =HYPERLINK("#导航!a2","返回") -> 返回
B3: 目标表基本信息描述
B4: 主题域 | C4: 目标表英文名 | D4: 目标表中文名 | E4: 数据频度 | F4: 模型主键 | G4: 数据描述 | H4: 推送数据库
B5: / | C5: fact_lte_mro_iov_refactor_q | D5: 电联4G车载用户MRO事实表 | E5: 15分钟 | G5: 根据车载的用户清单，过滤筛选4G电联MRO位置清单
B7: 源表基本信息描述
B8: 来源系统 | C8: 源表英文名 | D8: 源表中文名 | E8: 别名 | F8: 任务描述 | G8: 备注 | H8: 是否主表
C9: fact_lte_mro_usrbackfill_q | D9: 4G电联MRO用户回填详单表 | E9: A
C10: cfg_iov_usr_list | D10: 车联网用户清单配置表 | E10: B | F10: A inner join B，关联条件：A.msisdn = B.msisdn
B12: 详细字段信息
B13: 详细字段信息
B14: PDM字段英文名 | C14: PDM字段类型 | D14: PDM字段中文名（说明） | E14: 源表名 | F14: 源字段英文名 | G14: 算法加工逻辑 | H14: 关联与过滤条件 | I14: 备注 | J14: 字段属性 | K14: 单位 | L14: 取值范围
B15: datetime | C15: string | D15: 样本数据测量对象UE的样本测量时间，UTC时间格式。对MRO文件，取值为测量采样周期的整数倍，上报时间采用 UTC 时间进行计算。 | E15: A | F15: datetime | G15: 直取
B16: enodebid | C16: int | D16: 字符串，取值为eNodeB Id。 | E16: A | F16: enodebid | G16: 直取
B17: cellid | C17: int | D17: 标识具体的测量对象。若为小区对象，则采用CellId (8bit)表示；若为子帧对象，则采用“CellId:Earfcn:SubFrameNbr”表示；若为PRB对象，则采用“CellId:Earfcn:SubFrameNbr:PRBNbr”表示。表示测量报告样本数据时，采用主服务小区CellId或子帧对象进行标识。 | E17: A | F17: cellid | G17: 直取
B18: imsi | C18: string | D18: 用户IMSI串号 | E18: A | F18: imsi | G18: 直取
B19: mdn | C19: string | D19: 用户电话号码 | E19: A | F19: mdn | G19: REGEXP_REPLACE(CAST(mdn AS STRING), '^86', '')
B20: rsrp | C20: smallint | D20: UE收到服务小区的参考信号接收功率。小区专属参考信号R0 将用于决定RSRP。如果UE能可靠地检测到小区专属参考信号R1 可用，那么可以使用R0 和R1 决定RSRP。如果 UE 使用接收分集，报告值应该不低于任一独立分集分支的相应RSRP值。取值范围0-97。 | E20: A | F20: rsrp | G20: rsrp+140
B21: rsrq | C21: tinyint | D21: UE收到服务小区的参考信号接收质量。取值范围0-34。 | E21: A | F21: rsrq | G21: rsrq*2+40
B22: ta | C22: int | D22: 服务小区时间提前量，指UE到服务基站的信号传播时间。 | E22: A | F22: ta | G22: 直取
B23: plmn | C23: string | D23: UE接入E-utran网络使用的PLMN号。 | E23: A | F23: plmn | G23: 直取
B24: mrlon | C24: double | D24: MR 经度 非AGPS数据定位回填 | E24: A | F24: mrlon | G24: 直取
B25: mrlat | C25: double | D25: MR 纬度 非AGPS数据定位回填 | E25: A | F25: mrlat | G25: 直取
B26: locationtype | C26: int | D26: 定位类型 | E26: A | F26: locationtype | G26: 直取
... B29: y_offset_original | C29: int | D29: Y偏移 | E29: A | F29: y_offset_original | G29: 直取
B31: p_provincecode | C31: integer | D31: 省分区
B32: p_date | C32: string | D32: 天分区
B33: p_hour | C33: integer | D33: 小时分区
B34: p_region | C34: integer | D34: 厂家分区 | F34: vendor | G34: 直取 | L34: 100001:中兴|100002:华为|100003:诺基亚|100004:爱立信|100005:大唐
B35: p_quarter | C35: integer | D35: 15分钟分区

Sheet 4
B1: =HYPERLINK("#导航!a2","返回") -> 返回
B3: 目标表基本信息描述
B4: 主题域 | C4: 目标表英文名 | D4: 目标表中文名 | E4: 数据频度 | F4: 模型主键 | G4: 数据描述 | H4: 推送数据库
B5: / | C5: fact_lte_mro_neighbor_q | D5: 4G电联MRO邻区事实表 | E5: quarter | I5: =VLOOKUP(C5,导航!F:Q,12,0) -> 新建
B7: 源表基本信息描述
B8: 来源系统 | C8: 源表英文名 | D8: 源表中文名 | E8: 别名 | F8: 任务描述 | G8: 备注 | H8: 是否主表
C9: fact_lte_mro_usrbackfill_q | D9: 4G电联MRO用户回填详单表 | E9: A | H9: 是
C10: lte_cm_projdata | D10: 4G电信工参 | E10: B | G10: B与B1表先union合并后，取关键字段用于与A表关联
C11: lte_cucc_cm_projdata | D11: 4G联通工参 | E11: B1
B13: 详细字段信息
B14: 详细字段信息
B15: PDM字段英文名 | C15: PDM字段类型 | D15: PDM字段中文名（说明） | E15: 源表名 | F15: 源字段英文名 | G15: 算法加工逻辑 | H15: 关联与过滤条件 | I15: 备注 | J15: 字段属性 | K15: 单位 | L15: 取值范围
B16: mrkey | C16: bigint | D16: MR的唯一主键 | E16: A | F16: =B16 -> mrkey | G16: 直取 | J16: 详单 | K16: 无 | L16: 无
A17: =ROW()-1 -> 16 | B17: plmn | C17: string | D17: UE接入E-utran网络使用的PLMN号。 | E17: A | F17: =B17 -> plmn | G17: 直取 | J17: 详单 | K17: 无 | L17: 无
B18: data_source | C18: int | D18: 数据类型标识，根据数据来源打标。 电信承建：0 联通承建：1 | E18: A | F18: data_source | G18: 直取 | J18: 详单 | K18: 无 | L18: 无
B19: imsi | C19: string | D19: 业务过程用户IMSI号码 | E19: A | F19: =B19 -> imsi | G19: 直取 | J19: 详单 | K19: 无 | L19: 无
B20: msisdn | C20: string | D20: 电话号码 | E20: A | F20: =B20 -> msisdn | G20: 直取 | J20: 详单 | K20: 无 | L20: 无
B21: imei | C21: string | D21: 用户终端imei | E21: A | F21: =B21 -> imei | G21: 直取 | J21: 详单 | K21: 无 | L21: 无
B22: enodebid | C22: int | D22: 主小区的基站ID | E22: A | F22: =B22 -> enodebid | G22: 直取 | J22: 详单 | K22: 无 | L22: 无
B23: cellid | C23: int | D23: 主小区ID | E23: A | F23: =B23 -> cellid | G23: 直取 | J23: 详单 | K23: 无 | L23: 无
B24: cellkey | C24: string | D24: 小区cellkey | E24: A | G24: concat(enodebid,"_",cellid) | J24: 详单 | K24: 无 | L24: 无
B25: pci | C25: smallint | D25: 物理层小区ID | E25: A | F25: =B25 -> pci | G25: 直取 | J25: 详单 | K25: 无 | L25: 无
B26: srsrp | C26: smallint | D26: 主小区RSRP | E26: A | F26: rsrp | G26: 直取 | J26: 详单 | K26: 无 | L26: 无
B27: srsrq | C27: double | D27: 主小区RSRQ | E27: A | F27: rsrq | G27: 直取 | J27: 详单 | K27: 无 | L27: 无
B28: dlearfcn | C28: int | D28: 下行频点号 | E28: A | F28: dlearfcn | G28: 直取 | J28: 详单 | K28: 无 | L28: 无
B29: npci | C29: smallint | D29: 邻区物理层小区ID | E29: A | F29: npci | G29: 直取 | J29: 详单 | K29: 无 | L29: 无
B30: nrsrp | C30: smallint | D30: 邻小区RSRP | E30: A | G30: nrsrp-140 | J30: 详单 | K30: 无 | L30: 无
B31: nrsrq | C31: double | D31: 邻小区RSRQ | E31: A | G31: (nrsrq-40)/2 | J31: 详单 | K31: 无 | L31: 无
B32: ndlearfcn | C32: int | D32: 邻区下行频点号 | E32: A | F32: ndlearfcn | G32: 直取 | J32: 详单 | K32: 无 | L32: 无
B33: ncellkey | C33: string | D33: 邻区cellkey | E33: A | G33: 数组拆分后：concat(nenodebid,"_",ncellid) | J33: 详单 | K33: 无 | L33: 无
B34: scelllon | C34: double | D34: 主小区经度 | E34: B|B1 | G34: 使用cellkey关联工参回填 | J34: 详单 | K34: 无 | L34: 无
B35: scelllat | C35: double | D35: 主小区纬度 | E35: B|B1 | G35: 使用cellkey关联工参回填 | J35: 详单 | K35: 无 | L35: 无
B36: ncelllon | C36: double | D36: 邻区经度 | E36: B|B1 | G36: 使用ncellkey关联工参回填 | J36: 详单 | K36: 无 | L36: 无
B37: ncelllat | C37: double | D37: 邻区纬度 | E37: B|B1 | G37: 使用ncellkey关联工参回填 | J37: 详单 | K37: 无 | L37: 无
B38: mrlon | C38: double | D38: 终端上报MR时的经度 | E38: A | F38: mrlon | G38: 直取 | J38: 详单 | K38: 无 | L38: 无
B39: mrlat | C39: double | D39: 终端上报MR时的纬度 | E39: A | F39: mrlat | G39: 直取 | J39: 详单 | K39: 无 | L39: 无
B40: is_weakcover | C40: int | D40: 是否弱覆盖采样点 | E40: A | G40: case when rsrp <-110 then 1 else 0 end | J40: 详单 | K40: 无 | L40: 无
B41: snearfcnflag | C41: int | D41: 主邻频点是否相同 | E41: A | G41: 同频判断：case when dlearfcn=nearfcn then 1 else 0 end | J41: 详单 | K41: 无 | L41: 无
B42: overlapsrsrpflag | C42: int | D42: 重叠覆盖-主RSRP大于等于等于门限：-105dBm | E42: A | G42: 主小区RSRP值大于等于-105dBm：case when rsrp>=-105 then 1 else 0 end) | J42: 详单 | K42: 无 | L42: 无
B43: overlapsnrsrpflag | C43: int | D43: 重叠覆盖-主邻RSRP之差小于等于门限：6dBm | E43: A | G43: 主小区RSRP-邻小区RSRP<=6dBm：case when rsrp - (nrsrp-140) <=6 then 1 else 0 end | J43: 详单 | K43: 无 | L43: 无
B44: overlapncellnumflag | C44: int | D44: 重叠覆盖-同频主邻RSRP之差小于门限(小于6dBm)的邻区个数大于等于门限(邻区个数>=3) | E44: A | G44: 存在3个及以上同频邻区RSRP差值在6dBm以内：满足snearfcnflag=1 且 rsrp - (nrsrp-140) <=6的邻区对大于等于3则赋值为1 | J44: 详单 | K44: 无 | L44: 无
B45: is_overlap | C45: int | D45: 是否重叠覆盖采样点 | E45: A | G45: 1、先计算出snearfcnflag、overlapsrsrpflag、overlapsnrsrpflag 2、按照mrkey及cellkey分组，case when sum(case when snearfcnflag=1 and overlapsrsrpflag=1 and overlapsnrsrpflag=1 then 1 else 0 end)>=3 then 1 else 0 end | J45: 详单 | K45: 无 | L45: 无
B46: mod3srsrpflag | C46: int | D46: Mod3判定:服务小区RSRP大于门限值：-105dBm | E46: A | G46: 主小区RSRP值大于-105dBm：case when rsrp>=-105 then 1 else 0 end | J46: 详单 | K46: 无 | L46: 无
B47: mod3snrsrpflag | C47: int | D47: Mod3判定:主小区RSRP与邻小区RSRP之差小于门限值：3dBm | E47: A | G47: 主小区RSRP-邻小区RSRP<=3dBm：case when rsrp - (nrsrp-140) <=3 then 1 else 0 end | J47: 详单 | K47: 无 | L47: 无
B48: mod3snpciflag | C48: int | D48: 与服务小区同频的邻区的PCI的模3值与服务小区的模3值相等 | E48: A | G48: 主小区MOD3=邻小区MOD3：case when pci%3 = npci%3 then 1 else 0 end | J48: 详单 | K48: 无 | L48: 无
B49: is_mod3interfer | C49: int | D49: 是否MOD3干扰采样点 | E49: A | G49: 1、先计算出snearfcnflag、mod3srsrpflag、mod3snrsrpflag、mod3snpciflag 2、case when snearfcnflag=1 and mod3srsrpflag=1 and mod3snrsrpflag=1 and mod3snpciflag=1 then 1 else 0 end | J49: 详单 | K49: 无 | L49: 无
B50: scellmrdis | C50: int | D50: mr到主小区间距离 | E50: B|B1 | G50: 通过MR采样点经纬度与主小区(cellkey)的经纬度计算得到 | J50: 详单 | K50: 无 | L50: 无
B51: ncellmrdis | C51: int | D51: mr到邻区间距离 | E51: B|B1 | G51: 通过MR采样点经纬度与邻小区(ncellkey)的经纬度计算得到 | J51: 详单 | K51: 无 | L51: 无
... B60: is_overshoot | C60: int | D60: 是否过覆盖采样点 | E60: A | G60: 1、先计算overshootsrsrpflag、overshootsnrsrpflag、overshootmrtoscelldistssflag、overshootmrtoscelldistnsflag、interstationangle 2、case when overshootsrsrpflag=1 and overshootsnrsrpflag=1 and overshootmrtoscelldistssflag=1 and overshootmrtoscelldistnsflag=1 and interstationangle<=45 then 1 else 0 end | J60: 详单 | K60: 无 | L60: 无
B61: regionid | C61: int | D61: 栅格编号 | E61: A | F61: regionid | G61: 直取 | J61: 详单 | K61: 无 | L61: 无
B62: x_offset_20 | C62: int | D62: X轴20米偏移 | E62: A | F62: x_offset_20 | G62: 直取 | J62: 详单 | K62: 无 | L62: 无
B63: y_offset_20 | C63: int | D63: Y轴20米偏移 | E63: A | F63: y_offset_20 | G63: 直取 | J63: 详单 | K63: 无 | L63: 无
B64: x_offset_original | C64: int | D64: X轴1米偏移 | E64: A | F64: x_offset_original | G64: 直取 | J64: 详单 | K64: 无 | L64: 无
B65: y_offset_original | C65: int | D65: Y轴1米偏移 | E65: A | F65: y_offset_original | G65: 直取 | J65: 详单 | K65: 无 | L65: 无
B66: locationtype | C66: int | D66: 定位类型 | E66: A | F66: locationtype | G66: 直取 | J66: 详单 | K66: 无 | L66: 无
B67: vendor | C67: int | D67: 厂家：100001:中兴|100002:华为|100003:诺基亚|100004:爱立信|100005:大唐 | E67: A | F67: p_region | G67: 直取 | J67: 详单 | K67: 无 | L67: 无
B68: is_mod3interfer_custom | C68: int | D68: 是否自定义MOD3干扰采样点 | E68: A | G68: case when rsrp>=-110 and (rsrp - (nrsrp-140)) < 6 and (pci % 3 = npci % 3) and dlearfcn = nearfcn then 1 else 0 end | J68: 详单 | K68: 无 | L68: 无
B69: p_provincecode | C69: int | D69: 省分区
B70: p_date | C70: string | D70: 天分区
B71: p_hour | C71: int | D71: 小时分区
B72: p_quarter | C72: int | D72: 15分钟分区

Sheet 5
B1: =HYPERLINK("#导航!a2","返回") -> 返回
B3: 目标表基本信息描述
B4: 主题域 | C4: 目标表英文名 | D4: 目标表中文名 | E4: 数据频度 | F4: 模型主键 | G4: 数据描述 | H4: 推送数据库
B5: / | C5: ods_lte_mro_q_location | D5: 4G电联经纬度详单表 | E5: hour | I5: =VLOOKUP(C5,导航!F:Q,12,0) -> 升级
B7: 源表基本信息描述
B8: 来源系统 | C8: 源表英文名 | D8: 源表中文名 | E8: 别名 | F8: 任务描述 | G8: 备注 | H8: 是否主表
C9: fact_lte_mro_usrbackfill_q | D9: 4G电联MRO用户回填详单表 | E9: A | G9: 过滤条件：data_source=0
B12: 详细字段信息
B13: 详细字段信息
B14: PDM字段英文名 | C14: PDM字段类型 | D14: PDM字段中文名（说明） | E14: 源表名 | F14: 源字段英文名 | G14: 算法加工逻辑 | H14: 关联与过滤条件 | I14: 备注 | J14: 字段属性 | K14: 单位 | L14: 取值范围
B15: datetime | C15: string | D15: 测量时间 | F15: datetime | G15: 直取 | J15: 详单 | K15: 无 | L15: 无
B16: imsi | C16: string | D16: 用户IMSI | F16: imsi | G16: 直取 | J16: 详单 | K16: 无 | L16: 无
B17: mdn | C17: string | D17: 用户号码 | F17: msisdn | G17: 直取 | J17: 详单 | K17: 无 | L17: 无
B18: imei | C18: string | D18: 用户imei号 | F18: imei | G18: 直取 | J18: 详单 | K18: 无 | L18: 无
B19: enodebid | C19: int | D19: 基站ID | F19: enodebid | G19: 直取 | J19: 详单 | K19: 无 | L19: 无
B20: cellid | C20: int | D20: 小区ID | F20: cellid | G20: 直取 | J20: 详单 | K20: 无 | L20: 无
B21: provincecode | C21: int | D21: 省编码 | F21: p_provincecode | G21: 直取 | J21: 详单 | K21: 无 | L21: 无
B22: mrlon | C22: double | D22: MR经度 | F22: mrlon | G22: 直取 | J22: 详单 | K22: 无 | L22: 无
B23: mrlat | C23: double | D23: MR纬度 | F23: mrlat | G23: 直取 | J23: 详单 | K23: 无 | L23: 无
B24: locationtype | C24: int | D24: 定位类型 | F24: locationtype | G24: 直取 | J24: 详单 | K24: 无 | L24: 无
B25: ta | C25: int | D25: TADV值 | F25: ta | G25: 直取 | I25: 新增字段 | J25: 详单 | K25: 无 | L25: 无
B26: rsrp | C26: int | D26: RSRP | F26: rsrp | G26: 直取 | I26: 新增字段 | J26: 详单 | K26: 无 | L26: 无
B27: p_provincecode | C27: int | D27: 省分区
B28: p_date | C28: string | D28: 天分区
B29: p_hour | C29: int | D29: 小时分区
B30: p_region | C30: int | D30: 厂家分区：100001:中兴|100002:华为|100003:诺基亚|100004:爱立信|100005:大唐 | F30: vendor | G30: 直取
B31: p_quarter | C31: int | D31: 15分钟分区

Sheet 7
B1: =HYPERLINK("#导航!a2","返回") -> 返回
B3: 目标表基本信息描述
B4: 主题域 | C4: 目标表英文名 | D4: 目标表中文名 | E4: 数据频度 | F4: 模型主键 | G4: 数据描述 | H4: 推送数据库
B5: 覆盖分析 | C5: aggr_lte_sncell_problem_h | D5: MR数据主邻小区对覆盖问题分析汇聚小时表(重叠覆盖与MOD3) | E5: hour | I5: =VLOOKUP(C5,导航!F:Q,12,0) -> 新建
B7: 源表基本信息描述
B8: 来源系统 | C8: 源表英文名 | D8: 源表中文名 | E8: 别名 | F8: 任务描述 | G8: 备注 | H8: 是否主表
C9: fact_lte_mro_neighbor_q | D9: 4GMR邻区详单表 | E9: A | F9: 过滤条件：(is_mod3interfer=1) or (is_overlap=1 and snearfcnflag=1 and overlapsrsrpflag=1 and overlapsnrsrpflag=1) or (is_mod3interfer_custom=1) | G9: 1、A left join C/C1，回填主邻小区信息 2、根据重叠覆盖或者MOD3干扰邻区对信息通过主邻小区进行重叠覆盖MR采样点统计、平均RSRP计算 | H9: 是
C10: lte_cm_projdata | D10: 4G电信小区工参 | E10: C
C11: lte_cucc_cm_projdata | D11: 4G联通小区工参 | E11: C1
B14: 详细字段信息
B15: PDM字段英文名 | C15: PDM字段类型 | D15: PDM字段中文名（说明） | E15: 源表名 | F15: 源字段英文名 | G15: 算法加工逻辑 | H15: 关联与过滤条件 | I15: 备注 | J15: 字段属性 | K15: 单位 | L15: 取值范围
B16: day | C16: string | D16: 天 | E16: A | F16: p_date | J16: 维度 | K16: 无 | L16: 无
B17: hour | C17: int | D17: 小时分区 | E17: A | F17: p_hour | J17: 维度 | K17: 无 | L17: 无
B18: provincecode | C18: int | D18: 省分区 | E18: A | F18: p_provincecode | G18: 直取 | J18: 维度 | K18: 无 | L18: 无
B19: citycode | C19: int | D19: 市id | E19: C|C1 | F19: C：citycode C1：citycode | G19: 主小区关联工参回填 | J19: 维度 | K19: 无 | L19: 无
B20: districtcode | C20: int | D20: 区id | E20: C|C1 | F20: C：districtcode C1：districtcode | G20: 主小区关联工参回填 | J20: 维度 | K20: 无 | L20: 无
B21: province_name | C21: string | D21: 省名称 | E21: C|C1 | F21: C：province C1：province_name | G21: 主小区关联工参回填 | J21: 维度 | K21: 无 | L21: 无
B22: city_name | C22: string | D22: 市名称 | E22: C|C1 | F22: C：city C1：city_name | G22: 主小区关联工参回填 | J22: 维度 | K22: 无 | L22: 无
B23: district_name | C23: string | D23: 区名称 | E23: C|C1 | F23: C：district C1：district_name | G23: 主小区关联工参回填 | J23: 维度 | K23: 无 | L23: 无
B24: is_agps | C24: int | D24: 是否AGPS采样点（0：否；1：是） | E24: A | G24: case when locationtype=0 then 1 else 0 end | J24: 维度 | K24: 无 | L24: 无
B25: cellkey | C25: string | D25: 小区cellkey | E25: A | F25: cellkey | G25: 直取 | J25: 维度 | K25: 无 | L25: 无
B26: freq | C26: string | D26: 小区频段 | E26: A | G26: case WHEN dlearfcn >= 0 AND dlearfcn <= 599 THEN '2.1G' WHEN dlearfcn >= 1200 AND dlearfcn <= 1949 THEN '1.8G' WHEN dlearfcn >= 2400 AND dlearfcn <= 2649 THEN '800M' WHEN dlearfcn >= 3450 AND dlearfcn <= 3799 THEN '900M' | J26: 维度 | K26: 无 | L26: 无
B27: cell_name | C27: string | D27: 小区名称 | E27: C|C1 | F27: C：cellname C1：cell_name | G27: 主小区关联工参回填 | J27: 维度 | K27: 无 | L27: 无
B28: cell_lon | C28: double | D28: 小区经度 | E28: C|C1 | F28: C：celllon C1：cell_lon | G28: 主小区关联工参回填 | J28: 维度 | K28: 无 | L28: 无
B29: cell_lat | C29: double | D29: 小区纬度 | E29: C|C1 | F29: C：celllat C1：cell_lat | G29: 主小区关联工参回填 | J29: 维度 | K29: 无 | L29: 无
B30: azimuth | C30: int | D30: 小区方位角 | E30: C|C1 | F30: C：azimuth C1：azimuth | G30: 主小区关联工参回填 | J30: 维度 | K30: 无 | L30: 无
B31: indoor_flag | C31: int | D31: 邻小区室内外 | E31: C|C1 | F31: C：CASE WHEN covertype = 2 THEN 1 ELSE 0 END C1：indoor_flag | G31: 主小区关联工参回填 | J31: 维度 | K31: 无 | L31: 无
B32: vendor | C32: string | D32: 邻小区厂商 | E32: C|C1 | F32: C：vendor C1：vendor | G32: 主小区关联工参回填 | J32: 维度 | K32: 无 | L32: 无
B33: pci | C33: int | D33: 邻小区pci | E33: C|C1 | F33: C：pci C1：pci | G33: 主小区关联工参回填 | J33: 维度 | K33: 无 | L33: 无
B34: ncellkey | C34: string | D34: 邻区cellkey | E34: A | F34: ncellkey | G34: 直取 | J34: 维度 | K34: 无 | L34: 无
B35: nfreq | C35: string | D35: 邻小区频段 | E35: A | G35: case WHEN ndlearfcn >= 0 AND dlearfcn <= 599 THEN '2.1G' WHEN ndlearfcn >= 1200 AND dlearfcn <= 1949 THEN '1.8G' WHEN ndlearfcn >= 2400 AND dlearfcn <= 2649 THEN '800M' WHEN ndlearfcn >= 3450 AND dlearfcn <= 3799 THEN '900M' | J35: 维度 | K35: 无 | L35: 无
B36: ncell_name | C36: string | D36: 邻小区名称 | E36: C|C1 | F36: C：cellname C1：cell_name | G36: 邻小区关联工参回填 | J36: 维度 | K36: 无 | L36: 无
B37: ncell_lon | C37: double | D37: 邻小区经度 | E37: C|C1 | F37: C：celllon C1：cell_lon | G37: 邻小区关联工参回填 | J37: 维度 | K37: 无 | L37: 无
B38: ncell_lat | C38: double | D38: 邻小区纬度 | E38: C|C1 | F38: C：celllat C1：cell_lat | G38: 邻小区关联工参回填 | J38: 维度 | K38: 无 | L38: 无
B39: nazimuth | C39: int | D39: 邻小区方位角 | E39: C|C1 | F39: C：azimuth C1：azimuth | G39: 邻小区关联工参回填 | J39: 维度 | K39: 无 | L39: 无
B40: nindoor_flag | C40: int | D40: 邻小区室内外 | E40: C|C1 | F40: C：CASE WHEN covertype = 2 THEN 1 ELSE 0 END C1：indoor_flag | G40: 邻小区关联工参回填 | J40: 维度 | K40: 无 | L40: 无
B41: nvendor | C41: string | D41: 邻小区厂商 | E41: C|C1 | F41: C：vendor C1：vendor | G41: 邻小区关联工参回填 | J41: 维度 | K41: 无 | L41: 无
B42: npci | C42: int | D42: 邻小区pci | E42: C|C1 | F42: C：pci C1：pci | G42: 邻小区关联工参回填 | J42: 维度 | K42: 无 | L42: 无
B43: prbplem_type | C43: int | D43: 问题类型 0：重叠覆盖+MOD3干扰+自定义MOD3干扰； 1：重叠覆盖+MOD3干扰； 2：重叠覆盖+自定义MOD3干扰 3：MOD3干扰+自定义MOD3干扰 4：重叠覆盖 5：MOD3干扰 6：自定义MOD3干扰 | E43: A | G43: 以mrkey,cellkey分组 1、满足sum(is_overlap)>0 and sum(is_mod3interfer)>0 and sum(is_mod3interfer_custom)>0则赋值为0 2、满足sum(is_overlap)>0 and sum(is_mod3interfer)>0则赋值为1； 3、满足sum(is_overlap)>0 and sum(is_mod3interfer_custom)>0则赋值为2； 4、满足sum(is_mod3interfer)>0 and sum(is_mod3interfer_custom)>0则赋值为3 5、满足sum(is_overlap)>0则赋值为4 6、满足sum(is_mod3interfer)>0则赋值为5 7、满足sum(is_mod3interfer_custom)>0则赋值为6 | I43: 算法升级 | J43: 维度 | K43: 无 | L43: 无
B44: problem_scell_avgrsrp | C44: double | D44: 覆盖质差主小区平均RSRP | E44: A | G44: avg(srsrp) | J44: 指标 | K44: 无 | L44: [-140,-43]
B45: problem_ncell_avgrsrp | C45: double | D45: 覆盖质差邻小区平均RSRP | E45: A | G45: avg(nrsrp) | J45: 指标 | K45: 无 | L45: [-140,-43]
B46: problem_mr_cnt | C46: bigint | D46: 覆盖质差MR采样点数 | E46: A | G46: count(*) | J46: 指标 | K46: 无 | L46: >=0
B47: data_source | C47: int | D47: 电信承建：0 联通承建：1
B48: plmn | C48: string | D48: UE接入E-utran网络使用的PLMN号。 | E48: A | F48: =B48 -> plmn | G48: 直取 | I48: 新增字段 | J48: 维度 | K48: 无 | L48: 无
B49: p_provincecode | C49: int | D49: 省分区
B50: p_date | C50: string | D50: 天分区
B51: p_hour | C51: int | D51: 小时分区

Sheet 8
B1: =HYPERLINK("#导航!a2","返回") -> 返回
B3: 目标表基本信息描述
B4: 主题域 | C4: 目标表英文名 | D4: 目标表中文名 | E4: 数据频度 | F4: 模型主键 | G4: 数据描述 | H4: 推送数据库
B5: 覆盖分析 | C5: aggr_lte_sncell_problem_d | D5: MR数据主邻小区对覆盖问题分析汇聚天表(重叠覆盖与MOD3) | E5: day | I5: =VLOOKUP(C5,导航!F:Q,12,0) -> 新建
B7: 源表基本信息描述
B8: 来源系统 | C8: 源表英文名 | D8: 源表中文名 | E8: 别名 | F8: 任务描述 | G8: 备注 | H8: 是否主表
C9: aggr_lte_sncell_problem_h | D9: MR数据主邻小区对覆盖问题分析汇聚小时表(重叠覆盖与MOD3) | E9: A | H9: 是
B14: 详细字段信息
B15: PDM字段英文名 | C15: PDM字段类型 | D15: PDM字段中文名（说明） | E15: 源表名 | F15: 源字段英文名 | G15: 算法加工逻辑 | H15: 关联与过滤条件 | I15: 备注 | J15: 字段属性 | K15: 单位 | L15: 取值范围
B16: day | C16: string | D16: 天 | E16: A | F16: p_date | J16: 维度 | K16: 无 | L16: 无
B17: provincecode | C17: int | D17: 省分区 | E17: A | F17: provincecode | G17: 直取 | J17: 维度 | K17: 无 | L17: 无
B18: citycode | C18: int | D18: 市id | E18: A | F18: citycode | G18: 直取 | J18: 维度 | K18: 无 | L18: 无
B19: districtcode | C19: int | D19: 区id | E19: A | F19: districtcode | G19: 直取 | J19: 维度 | K19: 无 | L19: 无
B20: province_name | C20: string | D20: 省名称 | E20: A | F20: province_name | G20: 直取 | J20: 维度 | K20: 无 | L20: 无
B21: city_name | C21: string | D21: 市名称 | E21: A | F21: city_name | G21: 直取 | J21: 维度 | K21: 无 | L21: 无
B22: district_name | C22: string | D22: 区名称 | E22: A | F22: district_name | G22: 直取 | J22: 维度 | K22: 无 | L22: 无
B23: is_agps_mr | C23: int | D23: 是否AGPS采样点（0：否；1：是） | E23: A | F23: is_agps_mr | G23: 直取 | J23: 维度 | K23: 无 | L23: 无
B24: cellkey | C24: string | D24: 小区cellkey | E24: A | F24: cellkey | G24: 直取 | J24: 维度 | K24: 无 | L24: 无
B25: freq | C25: string | D25: 小区频段 | E25: A | F25: freq | G25: 直取 | J25: 维度 | K25: 无 | L25: 无
B26: cell_name | C26: string | D26: 小区名称 | E26: A | F26: cell_name | G26: 直取 | J26: 维度 | K26: 无 | L26: 无
B27: cell_lon | C27: double | D27: 小区经度 | E27: A | F27: cell_lon | G27: 直取 | J27: 维度 | K27: 无 | L27: 无
B28: cell_lat | C28: double | D28: 小区纬度 | E28: A | F28: cell_lat | G28: 直取 | J28: 维度 | K28: 无 | L28: 无
... B42: prbplem_type | C42: int | D42: 问题类型 0：重叠覆盖+MOD3干扰+自定义MOD3干扰； 1：重叠覆盖+MOD3干扰； 2：重叠覆盖+自定义MOD3干扰 3：MOD3干扰+自定义MOD3干扰 4：重叠覆盖 5：MOD3干扰 6：自定义MOD3干扰 | E42: A | F42: prbplem_type | G42: 直取 | J42: 维度 | K42: 无 | L42: 无
B43: problem_scell_avgrsrp | C43: double | D43: 覆盖质差主小区平均RSRP | E43: A | G43: sum(problem_scell_avgrsrp*problem_mr_cnt)/sum(problem_mr_cnt) | J43: 指标 | K43: 无 | L43: [-140,-43]
B44: problem_ncell_avgrsrp | C44: double | D44: 覆盖质差邻小区平均RSRP | E44: A | G44: sum(problem_ncell_avgrsrp*problem_mr_cnt)/sum(problem_mr_cnt) | J44: 指标 | K44: 无 | L44: [-140,-43]
B45: problem_mr_cnt | C45: bigint | D45: 覆盖质差MR采样点数 | E45: A | G45: sum(problem_mr_cnt) | J45: 指标 | K45: 无 | L45: >=0
B46: data_source | C46: int | D46: 电信承建：0 联通承建：1 | E46: A | F46: data_source | G46: 直取 | I46: 新增字段 | J46: 维度 | K46: 无 | L46: 无
B47: plmn | C47: string | D47: UE接入E-utran网络使用的PLMN号。 | E47: A | F47: =B47 -> plmn | G47: 直取 | I47: 新增字段 | J47: 维度 | K47: 无 | L47: 无
B48: p_provincecode | C48: int | D48: 省分区
B49: p_date | C49: string | D49: 天分区

Sheet 12
B1: =HYPERLINK("#导航!a2","返回") -> 返回
B3: 目标表基本信息描述
B4: 主题域 | C4: 目标表英文名 | D4: 目标表中文名 | E4: 数据频度 | F4: 模型主键 | G4: 数据描述 | H4: 推送数据库
B5: 覆盖分析 | C5: aggr_lte_coverage_problem_usrcelgrd_q | D5: 4G MR主小区覆盖问题汇聚指标15分钟表 | E5: quarter | I5: =VLOOKUP(C5,导航!F:Q,12,0) -> 新建
B7: 源表基本信息描述
B8: 来源系统 | C8: 源表英文名 | D8: 源表中文名 | E8: 别名 | F8: 任务描述 | G8: 备注 | H8: 是否主表
C9: fact_lte_mro_neighbor_q | D9: 4G电联MRO邻区事实表 | E9: A | H9: 是
B11: 详细字段信息
B12: 详细字段信息
B13: PDM字段英文名 | C13: PDM字段类型 | D13: PDM字段中文名（说明） | E13: 源表名 | F13: 源字段英文名 | G13: 算法加工逻辑 | H13: 关联与过滤条件 | I13: 备注 | J13: 字段属性 | K13: 单位 | L13: 取值范围
A14: =ROW()-1 -> 13 | B14: plmn | C14: string | D14: UE接入E-utran网络使用的PLMN号。 | E14: A | F14: =B14 -> plmn | G14: 直取 | J14: 维度 | K14: 无 | L14: 无
B15: data_source | C15: int | D15: 数据类型标识，根据数据来源打标。 电信承建：0 联通承建：1 | E15: A | F15: data_source | G15: 直取 | J15: 维度 | K15: 无 | L15: 无
B16: imsi | C16: string | D16: 业务过程用户IMSI号码 | E16: A | F16: =B16 -> imsi | G16: 直取 | J16: 维度 | K16: 无 | L16: 无
B17: msisdn | C17: string | D17: 电话号码 | E17: A | F17: =B17 -> msisdn | G17: 直取 | J17: 维度 | K17: 无 | L17: 无
B18: imei | C18: string | D18: 用户终端imei | E18: A | F18: =B18 -> imei | G18: 直取 | J18: 维度 | K18: 无 | L18: 无
B19: cellkey | C19: string | D19: 小区cellkey | E19: A | F19: cellkey | G19: 直取 | J19: 维度 | K19: 无 | L19: 无
B20: is_agps | C20: int | D20: 是否AGPS采样点（0：否；1：是） | E20: A | G20: case when locationtype=0 then 1 else 0 end | J20: 维度 | K20: 无 | L20: 无
B21: regionid | C21: int | D21: 栅格编号 | E21: A | F21: regionid | G21: 直取 | J21: 维度 | K21: 无 | L21: 无
B22: x_offset_20 | C22: int | D22: X轴20米偏移 | E22: A | F22: x_offset_20 | G22: 直取 | J22: 维度 | K22: 无 | L22: 无
B23: y_offset_20 | C23: int | D23: Y轴20米偏移 | E23: A | F23: y_offset_20 | G23: 直取 | J23: 维度 | K23: 无 | L23: 无
B24: pci | C24: smallint | D24: 物理层小区ID | E24: A | F24: =B24 -> pci | G24: 直取 | J24: 维度 | K24: 无 | L24: 无
B25: dlearfcn | C25: int | D25: 下行频点号 | E25: A | F25: dlearfcn | G25: 直取 | J25: 维度 | K25: 无 | L25: 无
B26: rsrp_total | C26: bigint | D26: 主小区总RSRP值 | E26: A | G26: 以cellkey及mrkey分组，取max(srsrp)，再求和 | J26: 指标 | K26: 无 | L26: <=0
B27: rsrp_cnt | C27: int | D27: 总采样点数量 | E27: A | G27: 以cellkey及mrkey分组后，再计数 | J27: 指标 | K27: 无 | L27: >=0
B28: weakcover_cnt | C28: int | D28: 弱覆盖采样点数量 | E28: A | G28: 以cellkey及mrkey分组后，取max(is_weakcover)，再求和 | J28: 指标 | K28: 无 | L28: >=0
B29: overlap_cnt | C29: int | D29: 重叠覆盖采样点数量 | E29: A | G29: 以cellkey及mrkey分组后，取max(is_overlap)，再求和 | J29: 指标 | K29: 无 | L29: >=0
B30: mod3interfer_cnt | C30: int | D30: MOD3干扰采样点数量 | E30: A | G30: 以cellkey及mrkey分组后，取max(is_mod3interfer)，再求和 | J30: 指标 | K30: 无 | L30: >=0
B31: overshoot_cnt | C31: int | D31: 过覆盖采样点数量 | E31: A | G31: 以cellkey及mrkey分组后，取max(is_overshoot)，再求和 | J31: 指标 | K31: 无 | L31: >=0
B32: bad_mr_cnt | C32: int | D32: 质差MR采样点数量 | E32: A | G32: 以cellkey及mrkey分组后，case when sum(is_weakcover+is_overlap+is_mod3interfer+is_overshoot)>0 then 1 else 0 end，再求和 | J32: 指标 | K32: 无 | L32: >=0
B33: scellmrdis | C33: int | D33: mr到主小区间距离 | E33: A | G33: 以cellkey及mrkey分组后，取max(scellmrdis)，再求和 | J33: 指标 | K33: 无 | L33: >=0
B34: scellmrdis_cnt | C34: int | D34: mr到主小区间有效距离的MR数目 | E34: A | G34: 以cellkey及mrkey分组后，取max(scellmrdis)>0则计数1，再求和 | J34: 指标 | K34: 无 | L34: >=0
B35: weakcover_totalrsrp | C35: int | D35: 弱覆盖采样点总RSRP值 | E35: A | G35: 1、以cellkey及mrkey分组后，取max(is_weakcover)； 2、若max(is_weakcover)=1，则取srsrp值，最后再求和 | J35: 指标 | K35: 无 | L35: <=0
B36: overlap_totalrsrp | C36: int | D36: 重叠覆盖采样点总RSRP值 | E36: A | G36: 1、以cellkey及mrkey分组后，取max(is_overlap)； 2、若max(is_overlap)=1，则取srsrp值，最后再求和 | J36: 指标 | K36: 无 | L36: <=0
B37: mod3interfer_totalrsrp | C37: int | D37: MOD3干扰采样点总RSRP值 | E37: A | G37: 1、以cellkey及mrkey分组后，取max(is_mod3interfer)； 2、若max(is_mod3interfer)=1，则取srsrp值，最后再求和 | J37: 指标 | K37: 无 | L37: <=0
... B50: overshootmrdismult_level3mrcount | C50: bigint | D50: 过覆盖MR站间距倍数在[3.5,+∞)范围内的MR数目 | E50: A | G50: sum(case when is_overshoot=1 and overshootmrtoscelldistss>=3.5 then 1 else 0 end) | J50: 指标 | K50: 无 | L50: >=0
B51: mod3interfer_custom_cnt | C51: int | D51: 自定义MOD3干扰采样点数量 | E51: A | G51: 以cellkey及mrkey分组后，取max(is_mod3interfer_custom)，再求和 | I51: 新增字段 | J51: 指标 | K51: 无 | L51: >=0
B52: mod3interfer_custom_totalrsrp | C52: int | D52: 自定义MOD3干扰采样点总RSRP值 | E52: A | G52: 1、以cellkey及mrkey分组后，取max(is_mod3interfer_custom)； 2、若max(is_mod3interfer_custom)=1，则取srsrp值，最后再求和 | I52: 新增字段 | J52: 指标 | K52: 无 | L52: <=0
B53: p_provincecode | C53: int | D53: 省分区
B54: p_date | C54: string | D54: 天分区
B55: p_hour | C55: int | D55: 小时分区
B56: p_quarter | C56: int | D56: 15分钟分区

Sheet 13
B1: =HYPERLINK("#导航!a2","返回") -> 返回
B3: 目标表基本信息描述
B4: 主题域 | C4: 目标表英文名 | D4: 目标表中文名 | E4: 数据频度 | F4: 模型主键 | G4: 数据描述 | H4: 推送数据库
B5: 覆盖分析 | C5: aggr_lte_coverage_base_q | D5: 4G MR用户小区栅格覆盖指标15分钟表(无问题打标) | E5: quarter | I5: =VLOOKUP(C5,导航!F:Q,12,0) -> 新建
B7: 源表基本信息描述
B8: 来源系统 | C8: 源表英文名 | D8: 源表中文名 | E8: 别名 | F8: 任务描述 | G8: 备注 | H8: 是否主表
C9: fact_lte_mro_usrbackfill_q | D9: 4G电联MRO用户回填详单表 | E9: A
C10: lte_cm_projdata | D10: 电信4G工参 | E10: B
C11: lte_cucc_cm_projdata | D11: 联通4G工参 | E11: B1
B13: 详细字段信息
B14: 详细字段信息
B15: PDM字段英文名 | C15: PDM字段类型 | D15: PDM字段中文名（说明） | E15: 源表名 | F15: 源字段英文名 | G15: 算法加工逻辑 | H15: 关联与过滤条件 | I15: 备注 | J15: 字段属性 | K15: 单位 | L15: 取值范围
B16: day | C16: string | D16: 日期 | E16: A | F16: p_date | G16: 直取 | J16: 维度 | K16: 无 | L16: 无
B17: hour | C17: int | D17: 小时 | E17: A | F17: p_hour | G17: 直取 | J17: 维度 | K17: 无 | L17: 无
B18: quarter | C18: int | D18: 刻度 | E18: A | F18: p_quarter | G18: 直取 | J18: 维度 | K18: 无 | L18: 无
B19: cellkey | C19: string | D19: 小区唯一标识 | E19: A | F19: cellkey | G19: 直取 | J19: 维度 | K19: 无 | L19: 无
B20: dlearfcn | C20: int | D20: 下行频点号 | E20: A | F20: dlearfcn | G20: 直取 | J20: 维度 | K20: 无 | L20: 无
B21: freq | C21: string | D21: 频段 | E21: A | G21: case WHEN dlearfcn >= 0 AND dlearfcn <= 599 THEN '2.1G' WHEN dlearfcn >= 1200 AND dlearfcn <= 1949 THEN '1.8G' WHEN dlearfcn >= 2400 AND dlearfcn <= 2649 THEN '800M' WHEN dlearfcn >= 3450 AND dlearfcn <= 3799 THEN '900M' | J21: 维度 | K21: 无 | L21: 无
B22: citycode | C22: int | D22: 城市编码 | E22: B|B1 | F22: citycode | G22: 直取 | J22: 维度 | K22: 无 | L22: 无
B23: districtcode | C23: int | D23: 区县编码 | E23: B|B1 | F23: districtcode | G23: 直取 | J23: 维度 | K23: 无 | L23: 无
B24: province_name | C24: string | D24: 省名称 | E24: B|B1 | F24: province_name | G24: 直取 | J24: 维度 | K24: 无 | L24: 无
B25: city_name | C25: string | D25: 城市名称 | E25: B|B1 | F25: city_name | G25: 直取 | J25: 维度 | K25: 无 | L25: 无
B26: district_name | C26: string | D26: 区县名称 | E26: B|B1 | F26: district_name | G26: 直取 | J26: 维度 | K26: 无 | L26: 无
B27: rattypeid | C27: int | D27: 频点所属制式：6:LTEFDD 7:LTETDD 8:NB-IOT 14:IP-Integrate 255:Plat | E27: A | F27: rattypeid | G27: 直接赋值：6 | J27: 维度 | K27: 无 | L27: 无
B28: imsi | C28: string | D28: 用户IMSI号 | E28: A | F28: =B28 -> imsi | G28: 直取 | J28: 维度 | K28: 无 | L28: 无
B29: msisdn | C29: string | D29: 电话号码 | E29: A | F29: =B29 -> msisdn | G29: 直取 | J29: 维度 | K29: 无 | L29: 无
B30: imei | C30: string | D30: 终端业务过程用户终端IMEI号码 | E30: A | F30: =B30 -> imei | G30: 直取 | J30: 维度 | K30: 无 | L30: 无
B31: is_agps | C31: int | D31: 是否AGPS采样点（0：否；1：是） | E31: A | G31: case when locationtype=0 then 1 else 0 end | J31: 维度 | K31: 无 | L31: 无
B32: regionid | C32: int | D32: 栅格编码 | E32: A | F32: =B32 -> regionid | G32: 直取 | J32: 维度 | K32: 无 | L32: 无
B33: x_offset_20 | C33: int | D33: 栅格坐标x轴偏移 | E33: A | F33: =B33 -> x_offset_20 | G33: 直取 | J33: 维度 | K33: 无 | L33: 无
B34: y_offset_20 | C34: int | D34: 栅格坐标y轴偏移 | E34: A | F34: =B34 -> y_offset_20 | G34: 直取 | J34: 维度 | K34: 无 | L34: 无
B35: center_lon | C35: double | D35: 栅格中心经度 | E35: A | G35: 栅格转经纬度 | J35: 维度 | K35: 无 | L35: 无
B36: center_lat | C36: double | D36: 栅格中心纬度 | E36: A | G36: 栅格转经纬度 | J36: 维度 | K36: 无 | L36: 无
B37: plmn | C37: string | D37: UE接入E-utran网络使用的PLMN号。 | E37: A | F37: =B37 -> plmn | G37: 直取 | J37: 维度 | K37: 无 | L37: 无
B38: data_source | C38: int | D38: 数据类型标识，根据数据来源打标。 电信承建：0 联通承建：1 | E38: A | F38: data_source | G38: 直取 | J38: 维度 | K38: 无 | L38: 无
B39: positionmark | C39: int | D39: 室内外位置区分结果，0：室内，1：室外，2:未知 | E39: A | F39: =B39 -> positionmark | G39: 直取 | J39: 维度 | K39: 无 | L39: 无
B40: mrlon_total | C40: double | D40: MR经度总值 | E40: A | G40: sum(case when mrlon>=73 and mrlon<=136 and mrlat>=2 and mrlat<=54 then mrlon else 0 end) | J40: 指标 | K40: 无 | L40: >=0
B41: mrlat_total | C41: double | D41: MR纬度总值 | E41: A | G41: sum(case when mrlon>=73 and mrlon<=136 and mrlat>=2 and mrlat<=54 then mrlat else 0 end) | J41: 指标 | K41: 无 | L41: >=0
B42: validlonlat_totalcnt | C42: bigint | D42: 经纬度有效的MR数目 | E42: A | G42: sum(case when mrlon>=73 and mrlon<=136 and mrlat>=2 and mrlat<=54 then 1 else 0 end) | J42: 指标 | K42: 无 | L42: >=0
B43: mrlon_avg | C43: double | D43: MR平均经度 | E43: A | G43: sum(case when mrlon>=73 and mrlon<=136 and mrlat>=2 and mrlat<=54 then mrlon else 0 end) / sum(case when mrlon>=73 and mrlon<=136 and mrlat>=2 and mrlat<=54 then 1 else 0 end) | J43: 指标 | K43: 无 | L43: [73,136]
B44: mrlat_avg | C44: double | D44: MR平均纬度 | E44: A | G44: sum(case when mrlon>=73 and mrlon<=136 and mrlat>=2 and mrlat<=54 then mrlat else 0 end) / sum(case when mrlon>=73 and mrlon<=136 and mrlat>=2 and mrlat<=54 then 1 else 0 end) | J44: 指标 | K44: 无 | L44: [2,54]
B45: mr_period_totalcnt | C45: bigint | D45: 周期性MR数目 | E45: A | G45: count(1) | J45: 指标 | K45: 无 | L45: >=0
B46: rsrp_total | C46: bigint | D46: RSRP总值 | E46: A | G46: sum(case when rsrp>=-140 and rsrp<=-43 then rsrp else 0 end) | J46: 指标 | K46: 无 | L46: <0
B47: rsrp_cnt | C47: bigint | D47: RSRP有效数目 | E47: A | G47: sum(case when rsrp>=-140 and rsrp<=-43 then 1 else 0 end) | J47: 指标 | K47: 无 | L47: >=0
B48: rsrp_avg | C48: double | D48: RSRP平均值 | E48: A | G48: sum(case when rsrp>=-140 and rsrp<=-43 then rsrp else 0 end) / sum(case when rsrp>=-140 and rsrp<=-43 then 1 else 0 end) | J48: 指标 | K48: 无 | L48: [-140,-43]
B49: rsrp_cnt_f75_f43 | C49: bigint | D49: RSRP在[-75,-43]范围内的MR数目 | E49: A | G49: sum(case when rsrp>=-75 and rsrp<=-43 then 1 else 0 end) | J49: 指标 | K49: 无 | L49: >=0
B50: rsrp_cnt_f80_f75 | C50: bigint | D50: RSRP在[-80,-75)范围内的MR数目 | E50: A | G50: sum(case when rsrp>=-80 and rsrp<-75 then 1 else 0 end) | J50: 指标 | K50: 无 | L50: >=0
B51: rsrp_cnt_f85_f80 | C51: bigint | D51: RSRP在[-85,-80)范围内的MR数目 | E51: A | G51: sum(case when rsrp>=-85 and rsrp<-80 then 1 else 0 end) | J51: 指标 | K51: 无 | L51: >=0
... B102: cqi_good_rate_7 | C102: double | D102: CQI优良比(>=7) | E102: A | G102: sum(case when cqi>=7 and cqi<=15 then 1 else 0 end) / sum(case when cqi>=0 and cqi<=15 then 1 else 0 end) | J102: 指标 | K102: 无 | L102: [0,1]
A103: 96 | B103: ta_total | C103: bigint | D103: TA总值 | E103: A | G103: sum(case when ta>=0 then ta else 0 end) | J103: 指标 | K103: 无 | L103: >=0 | P103: sum(case when ta>=0 then ta else null end) | S103: 新增字段 | T103: fact_lte_mro_lt_q | U103: ta
A104: 98 | B104: ta_cnt | C104: bigint | D104: TA有效的MR数目 | E104: A | G104: sum(case when ta>=0 then 1 else 0 end) | J104: 指标 | K104: 无 | L104: >=0 | P104: count(case when ta>=0 then 1 else null end) | S104: 新增字段 | T104: fact_lte_mro_lt_q | U104: ta
A105: 97 | B105: ta_avg | C105: double | D105: TA平均值 | E105: A | G105: sum(case when ta>=0 then ta else 0 end) / sum(case when ta>=0 then 1 else 0 end) | J105: 指标 | K105: 无 | L105: >=0 | P105: sum(case when ta>=0 then ta else null end)/count(case when ta>=0 then 1 else null end) | S105: 新增字段 | T105: fact_lte_mro_lt_q | U105: ta
B106: ta_cnt_0 | C106: bigint | D106: TA为0的MR数目 | E106: A | G106: sum(case when ta=0 then 1 else 0 end) | J106: 指标 | K106: 无 | L106: >=0
B107: ta_cnt_1 | C107: bigint | D107: TA为1的MR数目 | E107: A | G107: sum(case when ta=1 then 1 else 0 end) | J107: 指标 | K107: 无 | L107: >=0
B108: ta_cnt_2 | C108: bigint | D108: TA为2的MR数目 | E108: A | G108: sum(case when ta=2 then 1 else 0 end) | J108: 指标 | K108: 无 | L108: >=0
B109: ta_cnt_3 | C109: bigint | D109: TA为3的MR数目 | E109: A | G109: sum(case when ta=3 then 1 else 0 end) | J109: 指标 | K109: 无 | L109: >=0
B110: ta_cnt_4 | C110: bigint | D110: TA为4的MR数目 | E110: A | G110: sum(case when ta=4 then 1 else 0 end) | J110: 指标 | K110: 无 | L110: >=0
B111: ta_cnt_5 | C111: bigint | D111: TA为5的MR数目 | E111: A | G111: sum(case when ta=5 then 1 else 0 end) | J111: 指标 | K111: 无 | L111: >=0
B112: ta_cnt_6 | C112: bigint | D112: TA为6的MR数目 | E112: A | G112: sum(case when ta=6 then 1 else 0 end) | J112: 指标 | K112: 无 | L112: >=0
A113: 101 | B113: ta_cnt_7_9 | C113: bigint | D113: TA在[7,9)范围内的MR数目 | E113: A | G113: sum(case when ta>=7 and ta<9 then 1 else 0 end) | J113: 指标 | K113: 无 | L113: >=0 | P113: sum(case when ta>=6 and ta<9 then 1 else 0 end) | S113: 新增字段 | T113: fact_lte_mro_lt_q | U113: ta
A114: 103 | B114: ta_cnt_9_12 | C114: bigint | D114: TA在[9,12)范围内的MR数目 | E114: A | G114: sum(case when ta>=9 and ta<12 then 1 else 0 end) | J114: 指标 | K114: 无 | L114: >=0 | P114: sum(case when ta>=12 and ta<15 then 1 else 0 end) | S114: 新增字段 | T114: fact_lte_mro_lt_q | U114: ta
A115: 104 | B115: ta_cnt_12_15 | C115: bigint | D115: TA在[12,15)范围内的MR数目 | E115: A | G115: sum(case when ta>=12 and ta<15 then 1 else 0 end) | J115: 指标 | K115: 无 | L115: >=0 | P115: sum(case when ta>=15 and ta<20 then 1 else 0 end) | S115: 新增字段 | T115: fact_lte_mro_lt_q | U115: ta
B116: ta_cnt_15_19 | C116: bigint | D116: TA在[15,19)范围内的MR数目 | E116: A | G116: sum(case when ta>=15 and ta<19 then 1 else 0 end) | J116: 指标 | K116: 无 | L116: >=0
A117: 105 | B117: ta_cnt_19 | C117: bigint | D117: TA在[19,+∞)范围内的MR数目 | E117: A | G117: sum(case when ta>=19 then 1 else 0 end) | J117: 指标 | K117: 无 | L117: >=0 | P117: sum(case when ta>=20 then 1 else 0 end) | S117: 新增字段 | T117: fact_lte_mro_lt_q | U117: ta
B118: phr_total | C118: bigint | D118: PHR总值 | E118: A | G118: sum(case when phr>=-23 and phr<=40 then phr else 0 end) | J118: 指标 | K118: 无 | L118: (-∞,+∞)
B119: phr_cnt | C119: bigint | D119: PHR有效的MR数目 | E119: A | G119: sum(case when phr>=-23 and phr<=40 then 1 else 0 end) | J119: 指标 | K119: 无 | L119: >=0
B120: phr_avg | C120: double | D120: PHR平均值 | E120: A | G120: sum(case when phr>=-23 and phr<=40 then phr else 0 end) / sum(case when phr>=-23 and phr<=40 then 1 else 0 end) | J120: 指标 | K120: 无 | L120: [-23,40]
B121: phr_cnt_30_40 | C121: bigint | D121: PHR在[30;40]范围内的MR数目 | E121: A | G121: sum(case when phr>=30 and phr<=40 then 1 else 0 end) | J121: 指标 | K121: 无 | L121: >=0
B122: phr_cnt_20_30 | C122: bigint | D122: PHR在[20;30)范围内的MR数目 | E122: A | G122: sum(case when phr>=20 and phr<30 then 1 else 0 end) | J122: 指标 | K122: 无 | L122: >=0
B123: phr_cnt_10_20 | C123: bigint | D123: PHR在[10;20)范围内的MR数目 | E123: A | G123: sum(case when phr>=10 and phr<20 then 1 else 0 end) | J123: 指标 | K123: 无 | L123: >=0
B124: phr_cnt_0_10 | C124: bigint | D124: PHR在[0;10)范围内的MR数目 | E124: A | G124: sum(case when phr>=0 and phr<10 then 1 else 0 end) | J124: 指标 | K124: 无 | L124: >=0
B125: phr_cnt_f5_0 | C125: bigint | D125: PHR在[-5;0)范围内的MR数目 | E125: A | G125: sum(case when phr>=-5 and phr<0 then 1 else 0 end) | J125: 指标 | K125: 无 | L125: >=0
B126: phr_cnt_f10_f5 | C126: bigint | D126: PHR在[-10;-5)范围内的MR数目 | E126: A | G126: sum(case when phr>=-10 and phr<-5 then 1 else 0 end) | J126: 指标 | K126: 无 | L126: >=0
B127: phr_cnt_f23_f10 | C127: bigint | D127: PHR在[-23;-10)范围内的MR数目 | E127: A | G127: sum(case when phr>=-23 and phr<-10 then 1 else 0 end) | J127: 指标 | K127: 无 | L127: >=0
B128: phr_good_cnt_0 | C128: bigint | D128: PHR优良数(>=0) | E128: A | G128: sum(case when phr>=0 and phr<=40 then 1 else 0 end) | J128: 指标 | K128: 无 | L128: >=0
B129: phr_good_rate_0 | C129: double | D129: PHR优良比(>=0) | E129: A | G129: sum(case when phr>=0 and phr<=40 then 1 else 0 end) / sum(case when phr>=-23 and phr<=40 then 1 else 0 end) | J129: 指标 | K129: 无 | L129: [0,1]
... B158: maxmeastime | C158: bigint | D158: 最晚上报时间 | E158: A | G158: max(cast(concat(unix_timestamp(concat_ws(' ',split(datetime,'T'))), substring(datetime,21,3)) as bigint)) | J158: 指标 | K158: 无 | L158: >0
B159: minmeastime | C159: bigint | D159: 最早上报时间 | E159: A | G159: min(cast(concat(unix_timestamp(concat_ws(' ',split(datetime,'T'))), substring(datetime,21,3)) as bigint)) | I159: 新增字段 | J159: 指标 | K159: 无 | L159: >0
B160: p_provincecode | C160: int | D160: 省分区
B161: p_date | C161: string | D161: 天分区
B162: p_hour | C162: int | D162: 小时分区
B163: p_quarter | C163: int | D163: 15分钟分区

Sheet 14
B1: =HYPERLINK("#导航!a2","返回") -> 返回
B3: 目标表基本信息描述
B4: 主题域 | C4: 目标表英文名 | D4: 目标表中文名 | E4: 数据频度 | F4: 模型主键 | G4: 数据描述 | H4: 推送数据库
B5: 覆盖分析 | C5: aggr_lte_coverage_base_usr_refactor_q | D5: 4G MR用户小区栅格覆盖指标15分钟表 | E5: quarter | I5: =VLOOKUP(C5,导航!F:Q,12,0) -> 升级
B7: 源表基本信息描述
B8: 来源系统 | C8: 源表英文名 | D8: 源表中文名 | E8: 别名 | F8: 任务描述 | G8: 备注 | H8: 是否主表
C9: aggr_lte_coverage_base_q | D9: 4G MR用户小区栅格覆盖指标15分钟表(无问题打标) | E9: A | F9: A left join B，关联条件：plmn+data_source+cellkey+msisdn +imsi+imei+regionid+x_offset_20+y_offset_20+is_agps | H9: 是
C10: aggr_lte_coverage_problem_usrcelgrd_q | D10: 4G MR主小区覆盖问题汇聚指标15分钟表 | E10: B
B12: 详细字段信息
B13: 详细字段信息
B14: PDM字段英文名 | C14: PDM字段类型 | D14: PDM字段中文名（说明） | E14: 源表名 | F14: 源字段英文名 | G14: 算法加工逻辑 | H14: 关联与过滤条件 | I14: 备注 | J14: 字段属性 | K14: 单位 | L14: 取值范围
B15: provincecode | C15: int | D15: 省编码 | E15: A | F15: p_provincecode | G15: 直取 | J15: 维度 | K15: 无 | L15: 无
B16: day | C16: string | D16: 日期 | E16: A | F16: p_date | G16: 直取 | J16: 维度 | K16: 无 | L16: 无
B17: hour | C17: int | D17: 小时 | E17: A | F17: p_hour | G17: 直取 | J17: 维度 | K17: 无 | L17: 无
B18: quarter | C18: int | D18: 15分钟 | E18: A | F18: p_quarter | G18: 直取 | J18: 维度 | K18: 无 | L18: 无
B19: cellkey | C19: string | D19: 小区cellkey | E19: A | F19: cellkey | G19: 直取 | J19: 维度 | K19: 无 | L19: 无
B20: dlearfcn | C20: int | D20: 下行频点 | E20: A | F20: dlearfcn | G20: 直取 | J20: 维度 | K20: 无 | L20: 无
B21: rattypeid | C21: int | D21: 频点所属制式：6:LTEFDD 7:LTETDD 8:NB-IOT 14:IP-Integrate 255:Plat | E21: A | F21: rattypeid | G21: 直取 | J21: 维度 | K21: 无 | L21: 无
B22: imsi | C22: string | D22: 用户imsi | E22: A | F22: imsi | G22: 直取 | J22: 维度 | K22: 无 | L22: 无
B23: regionid | C23: int | D23: 栅格编码 | E23: A | F23: regionid | G23: 直取 | J23: 维度 | K23: 无 | L23: 无
B24: x_offset_20 | C24: int | D24: 栅格坐标x轴偏移 | E24: A | F24: x_offset_20 | G24: 直取 | J24: 维度 | K24: 无 | L24: 无
B25: y_offset_20 | C25: int | D25: 栅格坐标y轴偏移 | E25: A | F25: y_offset_20 | G25: 直取 | J25: 维度 | K25: 无 | L25: 无
B26: period_totalmrcount | C26: bigint | D26: 周期性MR数目 | E26: A | G26: sum(mr_period_totalcnt) | J26: 指标 | K26: 无 | L26: >=0
B27: totalrsrp | C27: bigint | D27: RSRP总值 | E27: A | G27: sum(rsrp_total) | J27: 指标 | K27: 无 | L27: <0
B28: avgrsrp | C28: double | D28: RSRP平均值 | E28: A | G28: sum(rsrp_total)/sum(rsrp_cnt) | J28: 指标 | K28: 无 | L28: [-140,-43]
B29: rsrpcount | C29: bigint | D29: RSRP有效数目 | E29: A | G29: sum(rsrp_cnt) | J29: 指标 | K29: 无 | L29: >=0
B30: rsrp_level1mrcount | C30: bigint | D30: RSRP在[-75,+∞）范围内的MR数目 | E30: A | G30: sum(rsrp_cnt_f75_f43) | J30: 指标 | K30: 无 | L30: >=0
B31: rsrp_level2mrcount | C31: bigint | D31: RSRP在[-85,-75）范围内的MR数目 | E31: A | G31: sum(rsrp_cnt_f80_f75+rsrp_cnt_f85_f80) | J31: 指标 | K31: 无 | L31: >=0
B32: rsrp_level3mrcount | C32: bigint | D32: RSRP在[-95,-85）范围内的MR数目 | E32: A | G32: sum(rsrp_cnt_f90_f85+rsrp_cnt_f95_f90) | J32: 指标 | K32: 无 | L32: >=0
B33: rsrp_level4mrcount | C33: bigint | D33: RSRP在[-100,-95）范围内的MR数目 | E33: A | G33: sum(rsrp_cnt_f100_f95) | J33: 指标 | K33: 无 | L33: >=0
B34: rsrp_level5mrcount | C34: bigint | D34: RSRP在[-105,-100）范围内的MR数目 | E34: A | G34: sum(rsrp_cnt_f105_f100) | J34: 指标 | K34: 无 | L34: >=0
B35: rsrp_level6mrcount | C35: bigint | D35: RSRP在[-115,-105）范围内的MR数目 | E35: A | G35: sum(rsrp_cnt_f110_f105+rsrp_cnt_f112_f110+rsrp_cnt_f115_f112) | J35: 指标 | K35: 无 | L35: >=0
B36: rsrp_level7mrcount | C36: bigint | D36: RSRP在（-∞,-115）范围内的MR数目 | E36: A | G36: sum(rsrp_cnt_f120_f115+rsrp_cnt_f140_f120) | J36: 指标 | K36: 无 | L36: >=0
B37: rsrpgoodcount | C37: bigint | D37: RSRP优良数目(>=-105) | E37: A | G37: sum(rsrp_good_cnt_f105) | J37: 指标 | K37: 无 | L37: >=0
... B50: dlsinrgoodratio | C50: double | D50: ULSINR优良比(>=0) | E50: A | G50: sum(ulsinr_good_cnt_0)/sum(ulsinr_cnt) | J50: 指标 | K50: 无 | L50: [0,1]
B51: totalidlersrp | C51: bigint | D51: RSRP总值 | G51: 置空 | J51: 指标 | K51: 无 | L51: 空
B52: avgidlersrp | C52: double | D52: RSRP平均值 | G52: 置空 | J52: 指标 | K52: 无 | L52: 空
B53: idlersrpcount | C53: bigint | D53: RSRP有效的MR数目 | G53: 置空 | J53: 指标 | K53: 无 | L53: 空
B54: idlersrp_level1mrcount | C54: bigint | D54: RSRP在[-75;+∞)范围内的MR数目 | G54: 置空 | J54: 指标 | K54: 无 | L54: 空
B55: idlersrp_level2mrcount | C55: bigint | D55: RSRP在[-85;-75)范围内的MR数目 | G55: 置空 | J55: 指标 | K55: 无 | L55: 空
B56: idlersrp_level3mrcount | C56: bigint | D56: RSRP在[-95;-85)范围内的MR数目 | G56: 置空 | J56: 指标 | K56: 无 | L56: 空
B57: idlersrp_level4mrcount | C57: bigint | D57: RSRP在[-100;-95)范围内的MR数目 | G57: 置空 | J57: 指标 | K57: 无 | L57: 空
B58: idlersrp_level5mrcount | C58: bigint | D58: RSRP在[-105;-100)范围内的MR数目 | G58: 置空 | J58: 指标 | K58: 无 | L58: 空
B59: idlersrp_level6mrcount | C59: bigint | D59: RSRP在[-115;-105)范围内的MR数目 | G59: 置空 | J59: 指标 | K59: 无 | L59: 空
B60: idlersrp_level7mrcount | C60: bigint | D60: RSRP在(-∞;-115)范围内的MR数目 | G60: 置空 | J60: 指标 | K60: 无 | L60: 空
B61: idlersrpgoodcount | C61: bigint | D61: RSRP优良数目(>=-105) | G61: 置空 | J61: 指标 | K61: 无 | L61: 空
B62: idlersrpgoodratio | C62: double | D62: RSRP优良比(>=-105) | G62: 置空 | J62: 指标 | K62: 无 | L62: 空
B63: mod3interfer_totalrsrp | C63: bigint | D63: Mod3干扰RSRP总值 | E63: B | G63: sum(mod3interfer_totalrsrp) | J63: 指标 | K63: 无 | L63: <0
B64: mod3interfer_mrcount | C64: bigint | D64: Mod3干扰MR数目 | E64: B | G64: sum(mod3interfer_cnt) | J64: 指标 | K64: 无 | L64: >=0
B65: mod3interfer_avgrsrp | C65: double | D65: Mod3干扰RSRP平均值 | E65: B | G65: sum(mod3interfer_totalrsrp)/sum(mod3interfer_cnt) | J65: 指标 | K65: 无 | L65: [-140,-43]
B66: mod3interfer_mrratio | C66: double | D66: Mod3干扰MR数目占周期性MR数目比例 | E66: A|B | G66: sum(B.mod3interfer_cnt)/sum(A.rsrp_cnt) | J66: 指标 | K66: 无 | L66: [0,1]
B67: weakcover_totalrsrp | C67: bigint | D67: 弱覆盖RSRP总值 | E67: A | G67: sum(rsrp_bad_totalrsrp_f110) | J67: 指标 | K67: 无 | L67: <0
B68: weakcover_mrcount | C68: bigint | D68: 弱覆盖MR数目 | E68: A | G68: sum(rsrp_bad_cnt_f110) | J68: 指标 | K68: 无 | L68: >=0
B69: weakcover_avgrsrp | C69: double | D69: 弱覆盖RSRP平均值 | E69: A | G69: sum(rsrp_bad_totalrsrp_f110)/sum(rsrp_bad_cnt_f110) | J69: 指标 | K69: 无 | L69: [-140,-43]
B70: weakcover_mrratio | C70: double | D70: 弱覆盖MR率 | E70: A | G70: sum(rsrp_bad_cnt_f110)/sum(rsrp_cnt) | J70: 指标 | K70: 无 | L70: [0,1]
B71: overlap_totalrsrp | C71: bigint | D71: 重叠覆盖RSRP总值 | E71: B | G71: sum(overlap_totalrsrp) | J71: 指标 | K71: 无 | L71: <0
B72: overlap_mrcount | C72: bigint | D72: 重叠覆盖MR数目 | E72: B | G72: sum(overlap_cnt) | J72: 指标 | K72: 无 | L72: >=0
B73: overlap_avgrsrp | C73: double | D73: 重叠覆盖RSRP平均值 | E73: B | G73: sum(overlap_totalrsrp)/sum(overlap_cnt) | J73: 指标 | K73: 无 | L73: [-140,-43]
B74: overlap_mrratio | C74: double | D74: 重叠覆盖MR率 | E74: A|B | G74: sum(B.overlap_cnt)/sum(A.rsrp_cnt) | J74: 指标 | K74: 无 | L74: [0,1]
... B132: cqi_level8mrcount | C132: bigint | D132: CQI在[7,15]的MR数目 | E132: A | G132: sum(cqi_good_cnt_7) | J132: 指标 | K132: 无 | L132: >=0
B133: positionmark | C133: int | D133: 室内外位置区分结果，0：室内，1：室外，2:未知 | E133: A | F133: positionmark | G133: 直取 | I133: 新增字段 | J133: 维度 | K133: 无 | L133: 无
B134: citycode | C134: int | D134: 城市编码 | E134: A | F134: citycode | G134: 直取 | I134: 新增字段 | J134: 维度 | K134: 无 | L134: 无
B135: districtcode | C135: int | D135: 区县编码 | E135: A | F135: districtcode | G135: 直取 | I135: 新增字段 | J135: 维度 | K135: 无 | L135: 无
B136: province | C136: string | D136: 省名称 | E136: A | F136: province_name | G136: 直取 | I136: 新增字段 | J136: 维度 | K136: 无 | L136: 无
B137: city | C137: string | D137: 城市名称 | E137: A | F137: city_name | G137: 直取 | I137: 新增字段 | J137: 维度 | K137: 无 | L137: 无
B138: district | C138: string | D138: 区县名称 | E138: A | F138: district_name | G138: 直取 | I138: 新增字段 | J138: 维度 | K138: 无 | L138: 无
B139: plmn | C139: string | D139: UE接入E-utran网络使用的PLMN号。 | E139: A | F139: plmn | G139: 直取 | I139: 新增字段 | J139: 维度 | K139: 无 | L139: 无
B140: data_source | C140: int | D140: 数据类型标识，根据数据来源打标。 电信承建：0 联通承建：1 | E140: A | F140: data_source | G140: 直取 | I140: 新增字段 | J140: 维度 | K140: 无 | L140: 无
B141: freq | C141: string | D141: 频段 | E141: A | F141: freq | G141: 直取 | I141: 新增字段 | J141: 维度 | K141: 无 | L141: 无
B142: msisdn | C142: string | D142: 电话号码 | E142: A | F142: msisdn | G142: 直取 | I142: 新增字段 | J142: 维度 | K142: 无 | L142: 无
B143: imei | C143: string | D143: 终端业务过程用户终端IMEI号码 | E143: A | F143: imei | G143: 直取 | I143: 新增字段 | J143: 维度 | K143: 无 | L143: 无
B144: is_agps | C144: int | D144: 是否AGPS采样点（0：否；1：是） | E144: A | F144: is_agps | G144: 直取 | I144: 新增字段 | J144: 维度 | K144: 无 | L144: 无
B145: center_lon | C145: double | D145: 栅格中心经度 | E145: A | G145: 栅格转经纬度 | I145: 新增字段 | J145: 指标 | K145: 无 | L145: [73,136]
B146: center_lat | C146: double | D146: 栅格中心纬度 | E146: A | G146: 栅格转经纬度 | I146: 新增字段 | J146: 指标 | K146: 无 | L146: [2,54]
B147: totalmrlon | C147: double | D147: MR经度总值 | E147: A | G147: sum(mrlon_total) | I147: 新增字段 | J147: 指标 | K147: 无 | L147: >=0
B148: totalmrlat | C148: double | D148: MR纬度总值 | E148: A | G148: sum(mrlat_total) | I148: 新增字段 | J148: 指标 | K148: 无 | L148: >=0
B149: validlonlat_totalmrcount | C149: bigint | D149: 经纬度有效的MR数目 | E149: A | G149: sum(validlonlat_totalcnt) | I149: 新增字段 | J149: 指标 | K149: 无 | L149: >=0
B150: avgmrlon | C150: double | D150: MR平均经度 | E150: A | G150: sum(mrlon_total)/sum(validlonlat_totalcnt) | I150: 新增字段 | J150: 指标 | K150: 无 | L150: [73,136]
B151: avgmrlat | C151: double | D151: MR平均纬度 | E151: A | G151: sum(mrlat_total)/sum(validlonlat_totalcnt) | I151: 新增字段 | J151: 指标 | K151: 无 | L151: [2,54]
B152: bad_mr_cnt | C152: int | D152: 质差MR采样点数量 | E152: A|B | G152: 1、计算A表sum(weakcover_mrcount) 2、计算B表sum(bad_mr_cnt) 3、比较1、2两步的结果，取max | I152: 新增字段 | J152: 指标 | K152: 无 | L152: >=0
B153: totalrsrq | C153: double | D153: RSRQ总值 | E153: A | G153: sum(rsrq_total) | I153: 新增字段 | J153: 指标 | K153: 无 | L153: <0
B154: avgrsrq | C154: double | D154: RSRQ平均值 | E154: A | G154: sum(rsrq_total)/sum(rsrq_cnt) | I154: 新增字段 | J154: 指标 | K154: 无 | L154: [-20,-3]
B155: rsrqgoodcount | C155: bigint | D155: RSRQ优良数目 | E155: A | G155: sum(rsrq_good_cnt_f13) | I155: 新增字段 | J155: 指标 | K155: 无 | L155: >=0
B156: rsrqgoodratio | C156: double | D156: RSRQ优良比 | E156: A | G156: sum(rsrq_good_cnt_f13)/sum(rsrq_cnt) | I156: 新增字段 | J156: 指标 | K156: 无 | L156: [0,1]
... B240: mod3interfer_custom_totalrsrp | C240: bigint | D240: 自定义MOD3干扰采样点总RSRP值 | E240: B | G240: sum(mod3interfer_custom_totalrsrp) | I240: 新增字段 | J240: 指标 | K240: 无 | L240: <0
B241: p_provincecode | C241: int | D241: 省分区
B242: p_date | C242: string | D242: 天分区
B243: p_hour | C243: int | D243: 小时分区
B244: p_quarter | C244: int | D244: 15分钟分区

Sheet 15
B1: =HYPERLINK("#导航!a2","返回") -> 返回
B3: 目标表基本信息描述
B4: 主题域 | C4: 目标表英文名 | D4: 目标表中文名 | E4: 数据频度 | F4: 模型主键 | G4: 数据描述 | H4: 推送数据库
B5: 覆盖分析 | C5: aggr_lte_coverage_base_usr_refactor_h | D5: 4G MR用户小区栅格覆盖指标小时表 | E5: hour | I5: =VLOOKUP(C5,导航!F:Q,12,0) -> 升级
B7: 源表基本信息描述
B8: 来源系统 | C8: 源表英文名 | D8: 源表中文名 | E8: 别名 | F8: 任务描述 | G8: 备注 | H8: 是否主表
C9: aggr_lte_coverage_base_usr_refactor_q | D9: 4G MR用户小区栅格覆盖指标15分钟表 | E9: A
B12: 详细字段信息
B13: 详细字段信息
B14: PDM字段英文名 | C14: PDM字段类型 | D14: PDM字段中文名（说明） | E14: 源表名 | F14: 源字段英文名 | G14: 算法加工逻辑 | H14: 关联与过滤条件 | I14: 备注 | J14: 字段属性 | K14: 单位 | L14: 取值范围
B15: provincecode | C15: int | D15: 省编码 | E15: A | F15: p_provincecode | G15: 直取 | J15: 维度 | K15: 无 | L15: 无
B16: day | C16: string | D16: 日期 | E16: A | F16: p_date | G16: 直取 | J16: 维度 | K16: 无 | L16: 无
B17: hour | C17: int | D17: 小时 | E17: A | F17: p_hour | G17: 直取 | J17: 维度 | K17: 无 | L17: 无
B18: cellkey | C18: string | D18: 小区cellkey | E18: A | F18: cellkey | G18: 直取 | J18: 维度 | K18: 无 | L18: 无
B19: dlearfcn | C19: int | D19: 下行频点 | E19: A | F19: dlearfcn | G19: 直取 | J19: 维度 | K19: 无 | L19: 无
B20: rattypeid | C20: int | D20: 频点所属制式：6:LTEFDD 7:LTETDD 8:NB-IOT 14:IP-Integrate 255:Plat | E20: A | F20: rattypeid | G20: 直取 | J20: 维度 | K20: 无 | L20: 无
B21: imsi | C21: string | D21: 用户imsi | E21: A | F21: imsi | G21: 直取 | J21: 维度 | K21: 无 | L21: 无
B22: regionid | C22: int | D22: 栅格编码 | E22: A | F22: regionid | G22: 直取 | J22: 维度 | K22: 无 | L22: 无
B23: x_offset_20 | C23: int | D23: 栅格坐标x轴偏移 | E23: A | F23: x_offset_20 | G23: 直取 | J23: 维度 | K23: 无 | L23: 无
B24: y_offset_20 | C24: int | D24: 栅格坐标y轴偏移 | E24: A | F24: y_offset_20 | G24: 直取 | J24: 维度 | K24: 无 | L24: 无
B25: period_totalmrcount | C25: bigint | D25: 周期性MR数目 | E25: A | G25: sum(period_totalmrcount) | J25: 指标 | K25: 无 | L25: >=0
B26: totalrsrp | C26: bigint | D26: RSRP总值 | E26: A | G26: sum(totalrsrp) | J26: 指标 | K26: 无 | L26: <0
B27: avgrsrp | C27: double | D27: RSRP平均值 | E27: A | G27: sum(totalrsrp)/sum(rsrpcount) | J27: 指标 | K27: 无 | L27: [-140,-43]
B28: rsrpcount | C28: bigint | D28: RSRP有效数目 | E28: A | G28: sum(rsrpcount) | J28: 指标 | K28: 无 | L28: >=0
B29: rsrp_level1mrcount | C29: bigint | D29: RSRP在[-75,+∞）范围内的MR数目 | E29: A | G29: sum(rsrp_level1mrcount) | J29: 指标 | K29: 无 | L29: >=0
B30: rsrp_level2mrcount | C30: bigint | D30: RSRP在[-85,-75）范围内的MR数目 | E30: A | G30: sum(rsrp_level2mrcount) | J30: 指标 | K30: 无 | L30: >=0
B31: rsrp_level3mrcount | C31: bigint | D31: RSRP在[-95,-85）范围内的MR数目 | E31: A | G31: sum(rsrp_level3mrcount) | J31: 指标 | K31: 无 | L31: >=0
B32: rsrp_level4mrcount | C32: bigint | D32: RSRP在[-100,-95）范围内的MR数目 | E32: A | G32: sum(rsrp_level4mrcount) | J32: 指标 | K32: 无 | L32: >=0
B33: rsrp_level5mrcount | C33: bigint | D33: RSRP在[-105,-100）范围内的MR数目 | E33: A | G33: sum(rsrp_level5mrcount) | J33: 指标 | K33: 无 | L33: >=0
B34: rsrp_level6mrcount | C34: bigint | D34: RSRP在[-115,-105）范围内的MR数目 | E34: A | G34: sum(rsrp_level6mrcount) | J34: 指标 | K34: 无 | L34: >=0
B35: rsrp_level7mrcount | C35: bigint | D35: RSRP在（-∞,-115）范围内的MR数目 | E35: A | G35: sum(rsrp_level7mrcount) | J35: 指标 | K35: 无 | L35: >=0
B36: rsrpgoodcount | C36: bigint | D36: RSRP优良数目(>=-105) | E36: A | G36: sum(rsrpgoodcount) | J36: 指标 | K36: 无 | L36: >=0
... B49: dlsinrgoodratio | C49: double | D49: ULSINR优良比(>=0) | E49: A | G49: sum(dlsinrgoodcount)/sum(dlsinrcount) | J49: 指标 | K49: 无 | L49: [0,1]
B50: totalidlersrp | C50: bigint | D50: RSRP总值 | G50: 置空 | J50: 指标 | K50: 无 | L50: 空
B51: avgidlersrp | C51: double | D51: RSRP平均值 | G51: 置空 | J51: 指标 | K51: 无 | L51: 空
B52: idlersrpcount | C52: bigint | D52: RSRP有效的MR数目 | G52: 置空 | J52: 指标 | K52: 无 | L52: 空
B53: idlersrp_level1mrcount | C53: bigint | D53: RSRP在[-75;+∞)范围内的MR数目 | G53: 置空 | J53: 指标 | K53: 无 | L53: 空
B54: idlersrp_level2mrcount | C54: bigint | D54: RSRP在[-85;-75)范围内的MR数目 | G54: 置空 | J54: 指标 | K54: 无 | L54: 空
B55: idlersrp_level3mrcount | C55: bigint | D55: RSRP在[-95;-85)范围内的MR数目 | G55: 置空 | J55: 指标 | K55: 无 | L55: 空
B56: idlersrp_level4mrcount | C56: bigint | D56: RSRP在[-100;-95)范围内的MR数目 | G56: 置空 | J56: 指标 | K56: 无 | L56: 空
B57: idlersrp_level5mrcount | C57: bigint | D57: RSRP在[-105;-100)范围内的MR数目 | G57: 置空 | J57: 指标 | K57: 无 | L57: 空
B58: idlersrp_level6mrcount | C58: bigint | D58: RSRP在[-115;-105)范围内的MR数目 | G58: 置空 | J58: 指标 | K58: 无 | L58: 空
B59: idlersrp_level7mrcount | C59: bigint | D59: RSRP在(-∞;-115)范围内的MR数目 | G59: 置空 | J59: 指标 | K59: 无 | L59: 空
B60: idlersrpgoodcount | C60: bigint | D60: RSRP优良数目(>=-105) | G60: 置空 | J60: 指标 | K60: 无 | L60: 空
B61: idlersrpgoodratio | C61: double | D61: RSRP优良比(>=-105) | G61: 置空 | J61: 指标 | K61: 无 | L61: 空
B62: mod3interfer_totalrsrp | C62: bigint | D62: Mod3干扰RSRP总值 | E62: A | G62: sum(mod3interfer_totalrsrp) | J62: 指标 | K62: 无 | L62: <0
B63: mod3interfer_mrcount | C63: bigint | D63: Mod3干扰MR数目 | E63: A | G63: sum(mod3interfer_mrcount) | J63: 指标 | K63: 无 | L63: >=0
B64: mod3interfer_avgrsrp | C64: double | D64: Mod3干扰RSRP平均值 | E64: A | G64: sum(mod3interfer_totalrsrp)/sum(mod3interfer_mrcount) | J64: 指标 | K64: 无 | L64: [-140,-43]
B65: mod3interfer_mrratio | C65: double | D65: Mod3干扰MR数目占周期性MR数目比例 | E65: A | G65: sum(mod3interfer_mrcount)/sum(rsrpcount) | J65: 指标 | K65: 无 | L65: [0,1]
B66: weakcover_totalrsrp | C66: bigint | D66: 弱覆盖RSRP总值 | E66: A | G66: sum(weakcover_totalrsrp) | J66: 指标 | K66: 无 | L66: <0
B67: weakcover_mrcount | C67: bigint | D67: 弱覆盖MR数目 | E67: A | G67: sum(weakcover_mrcount) | J67: 指标 | K67: 无 | L67: >=0
B68: weakcover_avgrsrp | C68: double | D68: 弱覆盖RSRP平均值 | E68: A | G68: sum(weakcover_totalrsrp)/sum(weakcover_mrcount) | J68: 指标 | K68: 无 | L68: [-140,-43]
B69: weakcover_mrratio | C69: double | D69: 弱覆盖MR率 | E69: A | G69: sum(weakcover_mrcount)/sum(rsrpcount) | J69: 指标 | K69: 无 | L69: [0,1]
B70: overlap_totalrsrp | C70: bigint | D70: 重叠覆盖RSRP总值 | E70: A | G70: sum(overlap_totalrsrp) | J70: 指标 | K70: 无 | L70: <0
B71: overlap_mrcount | C71: bigint | D71: 重叠覆盖MR数目 | E71: A | G71: sum(overlap_mrcount) | J71: 指标 | K71: 无 | L71: >=0
B72: overlap_avgrsrp | C72: double | D72: 重叠覆盖RSRP平均值 | E72: A | G72: sum(overlap_totalrsrp)/sum(overlap_mrcount) | J72: 指标 | K72: 无 | L72: [-140,-43]
B73: overlap_mrratio | C73: double | D73: 重叠覆盖MR率 | E73: A | G73: sum(overlap_mrcount)/sum(rsrpcount) | J73: 指标 | K73: 无 | L73: [0,1]
... B131: cqi_level8mrcount | C131: bigint | D131: CQI在[7,15]的MR数目 | E131: A | G131: sum(cqi_level8mrcount) | J131: 指标 | K131: 无 | L131: >=0
B132: positionmark | C132: int | D132: 室内外位置区分结果，0：室内，1：室外，2:未知 | E132: A | F132: positionmark | G132: 直取 | I132: 新增字段 | J132: 维度 | K132: 无 | L132: 无
B133: citycode | C133: int | D133: 城市编码 | E133: A | F133: citycode | G133: 直取 | I133: 新增字段 | J133: 维度 | K133: 无 | L133: 无
B134: districtcode | C134: int | D134: 区县编码 | E134: A | F134: districtcode | G134: 直取 | I134: 新增字段 | J134: 维度 | K134: 无 | L134: 无
B135: province | C135: string | D135: 省名称 | E135: A | F135: province | G135: 直取 | I135: 新增字段 | J135: 维度 | K135: 无 | L135: 无
B136: city | C136: string | D136: 城市名称 | E136: A | F136: city | G136: 直取 | I136: 新增字段 | J136: 维度 | K136: 无 | L136: 无
B137: district | C137: string | D137: 区县名称 | E137: A | F137: district | G137: 直取 | I137: 新增字段 | J137: 维度 | K137: 无 | L137: 无
B138: plmn | C138: string | D138: UE接入E-utran网络使用的PLMN号。 | E138: A | F138: plmn | G138: 直取 | I138: 新增字段 | J138: 维度 | K138: 无 | L138: 无
B139: data_source | C139: int | D139: 数据类型标识，根据数据来源打标。 电信承建：0 联通承建：1 | E139: A | F139: data_source | G139: 直取 | I139: 新增字段 | J139: 维度 | K139: 无 | L139: 无
B140: freq | C140: string | D140: 频段 | E140: A | F140: freq | G140: 直取 | I140: 新增字段 | J140: 维度 | K140: 无 | L140: 无
B141: msisdn | C141: string | D141: 电话号码 | E141: A | F141: msisdn | G141: 直取 | I141: 新增字段 | J141: 维度 | K141: 无 | L141: 无
B142: imei | C142: string | D142: 终端业务过程用户终端IMEI号码 | E142: A | F142: imei | G142: 直取 | I142: 新增字段 | J142: 维度 | K142: 无 | L142: 无
B143: is_agps | C143: int | D143: 是否AGPS采样点（0：否；1：是） | E143: A | F143: is_agps | G143: 直取 | I143: 新增字段 | J143: 维度 | K143: 无 | L143: 无
B144: center_lon | C144: double | D144: 栅格中心经度 | E144: A | G144: 栅格转经纬度 | I144: 新增字段 | J144: 指标 | K144: 无 | L144: [73,136]
B145: center_lat | C145: double | D145: 栅格中心纬度 | E145: A | G145: 栅格转经纬度 | I145: 新增字段 | J145: 指标 | K145: 无 | L145: [2,54]
B146: totalmrlon | C146: double | D146: MR经度总值 | E146: A | G146: sum(totalmrlon) | I146: 新增字段 | J146: 指标 | K146: 无 | L146: >=0
B147: totalmrlat | C147: double | D147: MR纬度总值 | E147: A | G147: sum(totalmrlat) | I147: 新增字段 | J147: 指标 | K147: 无 | L147: >=0
B148: validlonlat_totalmrcount | C148: bigint | D148: 经纬度有效的MR数目 | E148: A | G148: sum(validlonlat_totalmrcount) | I148: 新增字段 | J148: 指标 | K148: 无 | L148: >=0
B149: avgmrlon | C149: double | D149: MR平均经度 | E149: A | G149: sum(totalmrlon)/sum(validlonlat_totalmrcount) | I149: 新增字段 | J149: 指标 | K149: 无 | L149: [73,136]
B150: avgmrlat | C150: double | D150: MR平均纬度 | E150: A | G150: sum(totalmrlat)/sum(validlonlat_totalmrcount) | I150: 新增字段 | J150: 指标 | K150: 无 | L150: [2,54]
B151: bad_mr_cnt | C151: int | D151: 质差MR采样点数量 | E151: A | G151: sum(bad_mr_cnt) | I151: 新增字段 | J151: 指标 | K151: 无 | L151: >=0
B152: totalrsrq | C152: double | D152: RSRQ总值 | E152: A | G152: sum(totalrsrq) | I152: 新增字段 | J152: 指标 | K152: 无 | L152: <0
B153: avgrsrq | C153: double | D153: RSRQ平均值 | E153: A | G153: sum(totalrsrq)/sum(rsrqcount) | I153: 新增字段 | J153: 指标 | K153: 无 | L153: [-20,-3]
B154: rsrqgoodcount | C154: bigint | D154: RSRQ优良数目 | E154: A | G154: sum(rsrqgoodcount) | I154: 新增字段 | J154: 指标 | K154: 无 | L154: >=0
B155: rsrqgoodratio | C155: double | D155: RSRQ优良比 | E155: A | G155: sum(rsrqgoodcount)/sum(rsrqcount) | I155: 新增字段 | J155: 指标 | K155: 无 | L155: [0,1]
... B239: mod3interfer_custom_totalrsrp | C239: bigint | D239: 自定义MOD3干扰采样点总RSRP值 | E239: A | G239: sum(mod3interfer_custom_totalrsrp) | I239: 新增字段 | J239: 指标 | K239: 无 | L239: <0
B240: p_provincecode | C240: int | D240: 省分区
B241: p_date | C241: string | D241: 天分区
B242: p_hour | C242: int | D242: 小时分区

Sheet 17
B1: =HYPERLINK("#导航!a2","返回") -> 返回
B3: 目标表基本信息描述
B4: 主题域 | C4: 目标表英文名 | D4: 目标表中文名 | E4: 数据频度 | F4: 模型主键 | G4: 数据描述 | H4: 推送数据库
B5: 覆盖分析 | C5: aggr_lte_coverage_base_refactor_h | D5: 4G MR小区栅格覆盖指标小时表 | E5: hour | I5: =VLOOKUP(C5,导航!F:Q,12,0) -> 升级
B7: 源表基本信息描述
B8: 来源系统 | C8: 源表英文名 | D8: 源表中文名 | E8: 别名 | F8: 任务描述 | G8: 备注 | H8: 是否主表
C9: aggr_lte_coverage_base_usr_refactor_h | D9: 4G MR用户小区栅格覆盖指标小时表 | E9: A
B12: 详细字段信息
B13: 详细字段信息
B14: PDM字段英文名 | C14: PDM字段类型 | D14: PDM字段中文名（说明） | E14: 源表名 | F14: 源字段英文名 | G14: 算法加工逻辑 | H14: 关联与过滤条件 | I14: 备注 | J14: 字段属性 | K14: 单位 | L14: 取值范围
B15: day | C15: string | D15: 日期 | F15: day | G15: 直取 | J15: 维度 | K15: 无 | L15: 无
B16: hour | C16: int | D16: 小时 | F16: hour | G16: 直取 | J16: 维度 | K16: 无 | L16: 无
B17: cellkey | C17: string | D17: 小区cellkey | F17: cellkey | G17: 直取 | J17: 维度 | K17: 无 | L17: 无
B18: dlearfcn | C18: int | D18: 下行频点 | F18: dlearfcn | G18: 直取 | J18: 维度 | K18: 无 | L18: 无
B19: rattypeid | C19: int | D19: 频点所属制式：6:LTEFDD 7:LTETDD 8:NB-IOT 14:IP-Integrate 255:Plat | F19: rattypeid | G19: 直取 | J19: 维度 | K19: 无 | L19: 无
B20: regionid | C20: int | D20: 栅格编码 | F20: regionid | G20: 直取 | J20: 维度 | K20: 无 | L20: 无
B21: x_offset | C21: int | D21: 栅格坐标x轴偏移 | F21: x_offset_20 | G21: 直取 | J21: 维度 | K21: 无 | L21: 无
B22: y_offset | C22: int | D22: 栅格坐标y轴偏移 | F22: y_offset_20 | G22: 直取 | J22: 维度 | K22: 无 | L22: 无
B23: positionmark | C23: int | D23: 室内外位置区分结果，0：室内，1：室外，2:未知 | F23: positionmark | G23: 直取 | J23: 维度 | K23: 无 | L23: 无
B24: totalmrlon | C24: double | D24: MR经度总值 | E24: A | G24: sum(totalmrlon) | J24: 指标 | K24: 无 | L24: >=0
B25: totalmrlat | C25: double | D25: MR纬度总值 | E25: A | G25: sum(totalmrlat) | J25: 指标 | K25: 无 | L25: >=0
B26: validlonlat_totalmrcount | C26: bigint | D26: 经纬度有效的MR数目 | E26: A | G26: sum(validlonlat_totalmrcount) | J26: 指标 | K26: 无 | L26: >=0
B27: avgmrlon | C27: double | D27: MR平均经度 | E27: A | G27: sum(totalmrlon)/sum(validlonlat_totalmrcount) | J27: 指标 | K27: 无 | L27: [73,136]
B28: avgmrlat | C28: double | D28: MR平均纬度 | E28: A | G28: sum(totalmrlat)/sum(validlonlat_totalmrcount) | J28: 指标 | K28: 无 | L28: [2,54]
B29: totalrsrp | C29: bigint | D29: RSRP总值 | E29: A | G29: sum(totalrsrp) | J29: 指标 | K29: 无 | L29: <0
B30: avgrsrp | C30: double | D30: RSRP平均值 | E30: A | G30: sum(totalrsrp)/sum(rsrpcount) | J30: 指标 | K30: 无 | L30: [-140,-43]
B31: rsrpcount | C31: bigint | D31: RSRP有效数目 | E31: A | G31: sum(rsrpcount) | J31: 指标 | K31: 无 | L31: >=0
B32: rsrp_level1mrcount | C32: bigint | D32: RSRP在[-75,+∞）范围内的MR数目 | E32: A | G32: sum(rsrp_level1mrcount) | J32: 指标 | K32: 无 | L32: >=0
B33: rsrp_level2mrcount | C33: bigint | D33: RSRP在[-85,-75）范围内的MR数目 | E33: A | G33: sum(rsrp_level2mrcount) | J33: 指标 | K33: 无 | L33: >=0
B34: rsrp_level3mrcount | C34: bigint | D34: RSRP在[-95,-85）范围内的MR数目 | E34: A | G34: sum(rsrp_level3mrcount) | J34: 指标 | K34: 无 | L34: >=0
B35: rsrp_level4mrcount | C35: bigint | D35: RSRP在[-100,-95）范围内的MR数目 | E35: A | G35: sum(rsrp_level4mrcount) | J35: 指标 | K35: 无 | L35: >=0
... B80: cqi_level1mrcount | C80: bigint | D80: CQI在[10;+∞)范围内的MR数目 | E80: A | G80: sum(cqi_level1mrcount) | J80: 指标 | K80: 无 | L80: >=0
B81: cqi_level2mrcount | C81: bigint | D81: CQI在[9;10)范围内的MR数目 | G81: sum(cqi_level2mrcount) | J81: 指标 | K81: 无 | L81: >=0
B82: cqi_level3mrcount | C82: bigint | D82: CQI在[8;9)范围内的MR数目 | G82: sum(cqi_level3mrcount) | J82: 指标 | K82: 无 | L82: >=0
B83: cqi_level4mrcount | C83: bigint | D83: CQI在[6;8)范围内的MR数目 | G83: sum(cqi_level4mrcount) | J83: 指标 | K83: 无 | L83: >=0
B84: cqi_level5mrcount | C84: bigint | D84: CQI在[3;6)范围内的MR数目 | G84: sum(cqi_level5mrcount) | J84: 指标 | K84: 无 | L84: >=0
B85: cqi_level6mrcount | C85: bigint | D85: CQI在[1;3)范围内的MR数目 | G85: sum(cqi_level6mrcount) | J85: 指标 | K85: 无 | L85: >=0
B86: cqi_level7mrcount | C86: bigint | D86: CQI在[0;1)范围内的MR数目 | G86: sum(cqi_level7mrcount) | J86: 指标 | K86: 无 | L86: >=0
B87: cqigoodcount | C87: bigint | D87: CQI优良数 | E87: A | G87: sum(cqigoodcount) | J87: 指标 | K87: 无 | L87: >=0
B88: cqigoodratio | C88: double | D88: CQI优良比 | E88: A | G88: sum(cqigoodcount)/sum(cqicount) | J88: 指标 | K88: 无 | L88: [0,1]
B89: totalidlersrp | C89: bigint | D89: RSRP总值 | G89: 置空 | J89: 指标 | K89: 无 | L89: 空
B90: avgidlersrp | C90: double | D90: RSRP平均值 | G90: 置空 | J90: 指标 | K90: 无 | L90: 空
B91: idlersrpcount | C91: bigint | D91: RSRP有效的MR数目 | G91: 置空 | J91: 指标 | K91: 无 | L91: 空
B92: idlersrp_level1mrcount | C92: bigint | D92: RSRP在[-75;+∞)范围内的MR数目 | G92: 置空 | J92: 指标 | K92: 无 | L92: 空
B93: idlersrp_level2mrcount | C93: bigint | D93: RSRP在[-85;-75)范围内的MR数目 | G93: 置空 | J93: 指标 | K93: 无 | L93: 空
B94: idlersrp_level3mrcount | C94: bigint | D94: RSRP在[-95;-85)范围内的MR数目 | G94: 置空 | J94: 指标 | K94: 无 | L94: 空
B95: idlersrp_level4mrcount | C95: bigint | D95: RSRP在[-100;-95)范围内的MR数目 | G95: 置空 | J95: 指标 | K95: 无 | L95: 空
B96: idlersrp_level5mrcount | C96: bigint | D96: RSRP在[-105;-100)范围内的MR数目 | G96: 置空 | J96: 指标 | K96: 无 | L96: 空
B97: idlersrp_level6mrcount | C97: bigint | D97: RSRP在[-115;-105)范围内的MR数目 | G97: 置空 | J97: 指标 | K97: 无 | L97: 空
B98: idlersrp_level7mrcount | C98: bigint | D98: RSRP在(-∞;-115)范围内的MR数目 | G98: 置空 | J98: 指标 | K98: 无 | L98: 空
B99: idlersrpgoodcount | C99: bigint | D99: RSRP优良数目(>=-105) | G99: 置空 | J99: 指标 | K99: 无 | L99: 空
B100: idlersrpgoodratio | C100: double | D100: RSRP优良比(>=-105) | G100: 置空 | J100: 指标 | K100: 无 | L100: 空
B101: totalphr | C101: bigint | D101: PHR总值 | E101: A | G101: sum(totalphr) | J101: 指标 | K101: 无 | L101: (-∞,+∞)
B102: avgphr | C102: double | D102: PHR平均值 | E102: A | G102: sum(totalphr)/sum(phrcount) | J102: 指标 | K102: 无 | L102: [-23,40]
B103: phrcount | C103: bigint | D103: PHR有效的MR数目 | E103: A | G103: sum(phrcount) | J103: 指标 | K103: 无 | L103: >=0
B104: phr_level1mrcount | C104: bigint | D104: PHR在[30;40]范围内的MR数目 | E104: A | G104: sum(phr_level1mrcount) | J104: 指标 | K104: 无 | L104: >=0
B105: phr_level2mrcount | C105: bigint | D105: PHR在[20;30)范围内的MR数目 | E105: A | G105: sum(phr_level2mrcount) | J105: 指标 | K105: 无 | L105: >=0
B106: phr_level3mrcount | C106: bigint | D106: PHR在[10;20)范围内的MR数目 | E106: A | G106: sum(phr_level3mrcount) | J106: 指标 | K106: 无 | L106: >=0
B107: phr_level4mrcount | C107: bigint | D107: PHR在[0;10)范围内的MR数目 | E107: A | G107: sum(phr_level4mrcount) | J107: 指标 | K107: 无 | L107: >=0
B108: phr_level5mrcount | C108: bigint | D108: PHR在[-5;0)范围内的MR数目 | E108: A | G108: sum(phr_level5mrcount) | J108: 指标 | K108: 无 | L108: >=0
B109: phr_level6mrcount | C109: bigint | D109: PHR在[-10;-5)范围内的MR数目 | E109: A | G109: sum(phr_level6mrcount) | J109: 指标 | K109: 无 | L109: >=0
B110: phr_level7mrcount | C110: bigint | D110: PHR在[-23;-10)范围内的MR数目 | E110: A | G110: sum(phr_level7mrcount) | J110: 指标 | K110: 无 | L110: >=0
B111: phrgoodcount | C111: bigint | D111: PHR优良数 | E111: A | G111: sum(phrgoodcount) | J111: 指标 | K111: 无 | L111: >=0
B112: phrgoodratio | C112: double | D112: PHR优良比 | E112: A | G112: sum(phrgoodcount)/sum(phrcount) | J112: 指标 | K112: 无 | L112: [0,1]
... B124: txpowergoodratio | C124: double | D124: TxPower优良比 | E124: A | G124: sum(txpowergoodcount)/sum(txpowercount) | J124: 指标 | K124: 无 | L124: [0,1]
B125: totalulpathloss | C125: bigint | D125: =VLOOKUP(B125,[1]aggr1.0!$B:$D,3,0) -> UlPathLoss总值 | G125: 置空
B126: avgulpathloss | C126: double | D126: =VLOOKUP(B126,[1]aggr1.0!$B:$D,3,0) -> UlPathLoss平均值 | G126: 置空
B127: ulpathlosscount | C127: bigint | D127: =VLOOKUP(B127,[1]aggr1.0!$B:$D,3,0) -> UlPathLoss有效的MR数目 | G127: 置空
B128: ulpathloss_level1mrcount | C128: bigint | D128: =VLOOKUP(B128,[1]aggr1.0!$B:$D,3,0) -> UlPathLoss在(-∞;90)范围内的MR数目 | G128: 置空
B129: ulpathloss_level2mrcount | C129: bigint | D129: =VLOOKUP(B129,[1]aggr1.0!$B:$D,3,0) -> UlPathLoss在[90;100）范围内的MR数目 | G129: 置空
B130: ulpathloss_level3mrcount | C130: bigint | D130: =VLOOKUP(B130,[1]aggr1.0!$B:$D,3,0) -> UlPathLoss在[100;110)范围内的MR数目 | G130: 置空
B131: ulpathloss_level4mrcount | C131: bigint | D131: =VLOOKUP(B131,[1]aggr1.0!$B:$D,3,0) -> UlPathLoss在[110;115)范围内的MR数目 | G131: 置空
B132: ulpathloss_level5mrcount | C132: bigint | D132: =VLOOKUP(B132,[1]aggr1.0!$B:$D,3,0) -> UlPathLoss在[115;120)范围内的MR数目 | G132: 置空
B133: ulpathloss_level6mrcount | C133: bigint | D133: =VLOOKUP(B133,[1]aggr1.0!$B:$D,3,0) -> UlPathLoss在[120;130)范围内的MR数目 | G133: 置空
B134: ulpathloss_level7mrcount | C134: bigint | D134: =VLOOKUP(B134,[1]aggr1.0!$B:$D,3,0) -> UlPathLoss在[130;+∞)范围内的MR数目 | G134: 置空
B135: ulpathlossgoodcount | C135: bigint | D135: =VLOOKUP(B135,[1]aggr1.0!$B:$D,3,0) -> UlPathLoss优良数 | G135: 置空
B136: ulpathlossgoodratio | C136: double | D136: =VLOOKUP(B136,[1]aggr1.0!$B:$D,3,0) -> UlPathLoss优良比 | G136: 置空
... B295: avgcceweightedcount | C295: double | D295: =VLOOKUP(B295,[1]aggr1.0!$B:$D,3,0) -> CCE加权分配总数占CCE分配总数比例 | G295: 置空
B296: period_totalmrcount | C296: bigint | D296: 周期性MR数目 | E296: A | G296: sum(period_totalmrcount) | J296: 指标 | K296: 无 | L296: >=0
B297: mdt_totalmrcount | C297: bigint | D297: =VLOOKUP(B297,[1]aggr1.0!$B:$D,3,0) -> MDT MR数目 | G297: 置空
B298: event_totalmrcount | C298: bigint | D298: =VLOOKUP(B298,[1]aggr1.0!$B:$D,3,0) -> 事件性MR数目 | G298: 置空
B299: totalpuschuseprbnum | C299: bigint | D299: =VLOOKUP(B299,[1]aggr1.0!$B:$D,3,0) -> ULPRB实际使用总值 | G299: 置空
B300: totalpdschuseprbnum | C300: bigint | D300: =VLOOKUP(B300,[1]aggr1.0!$B:$D,3,0) -> DLPRB实际使用总值 | G300: 置空
B301: totalrip | C301: double | D301: =VLOOKUP(B301,[1]aggr1.0!$B:$D,3,0) -> RIP总值 | G301: 置空
B302: avgrip | C302: double | D302: =VLOOKUP(B302,[1]aggr1.0!$B:$D,3,0) -> RIP平均值 | G302: 置空
B303: ripcount | C303: bigint | D303: =VLOOKUP(B303,[1]aggr1.0!$B:$D,3,0) -> RIP有效的MR数目 | G303: 置空
B304: rip_level1mrcount | C304: bigint | D304: =VLOOKUP(B304,[1]aggr1.0!$B:$D,3,0) -> RIP在(-∞,-115)范围内的MR数目 | G304: 置空
B305: rip_level2mrcount | C305: bigint | D305: =VLOOKUP(B305,[1]aggr1.0!$B:$D,3,0) -> RIP在[-115,-110)范围内的MR数目 | G305: 置空
B306: rip_level3mrcount | C306: bigint | D306: =VLOOKUP(B306,[1]aggr1.0!$B:$D,3,0) -> RIP在[-110,-105)范围内的MR数目 | G306: 置空
B307: rip_level4mrcount | C307: bigint | D307: =VLOOKUP(B307,[1]aggr1.0!$B:$D,3,0) -> RIP在[-105,-100)范围内的MR数目 | G307: 置空
B308: rip_level5mrcount | C308: bigint | D308: =VLOOKUP(B308,[1]aggr1.0!$B:$D,3,0) -> RIP在[-100,-95)范围内的MR数目 | G308: 置空
... B312: ripgoodratio | C312: double | D312: =VLOOKUP(B312,[1]aggr1.0!$B:$D,3,0) -> RIP优良比 | G312: 置空
B313: mod3interfer_totalrsrp | C313: bigint | D313: Mod3干扰RSRP总值 | E313: A | G313: sum(mod3interfer_totalrsrp) | J313: 指标 | K313: 无 | L313: <0
B314: mod3interfer_mrcount | C314: bigint | D314: Mod3干扰MR数目 | E314: A | G314: sum(mod3interfer_mrcount) | J314: 指标 | K314: 无 | L314: >=0
B315: mod3interfer_avgrsrp | C315: double | D315: Mod3干扰RSRP平均值 | E315: A | G315: sum(mod3interfer_totalrsrp)/sum(mod3interfer_mrcount) | J315: 指标 | K315: 无 | L315: [-140,-43]
B316: mod3interfer_mrratio | C316: double | D316: Mod3干扰MR数目占周期性MR数目比例 | E316: A | G316: sum(mod3interfer_mrcount)/sum(rsrpcount) | J316: 指标 | K316: 无 | L316: [0,1]
B317: celmod3interfermr_totaldis | C317: bigint | D317: 服务小区和Mod3干扰MR之间的距离总值 | E317: A | G317: sum(celmod3interfermr_totaldis) | J317: 指标 | K317: 无 | L317: >=0
B318: celmod3interfermr_avgdis | C318: double | D318: 服务小区和Mod3干扰MR之间的距离平均值 | E318: A | G318: sum(celmod3interfermr_totaldis)/sum(mod3interfermr_sn_cnt) | J318: 指标 | K318: 无 | L318: >=0
B319: compcovgood_mrcount | C319: bigint | D319: 综合覆盖优良MR数目 | E319: A | G319: sum(compcovgood_mrcount) | J319: 指标 | K319: 无 | L319: >=0
B320: compcovprob_mrcount | C320: bigint | D320: 综合覆盖问题MR数目 | E320: A | G320: sum(compcovprob_mrcount) | J320: 指标 | K320: 无 | L320: >=0
...

Sheet 17.1
B1: =HYPERLINK("#导航!a2","返回") -> 返回
B3: 目标表基本信息描述
B4: 主题域 | C4: 目标表英文名 | D4: 目标表中文名 | E4: 数据频度 | F4: 模型主键 | G4: 数据描述 | H4: 推送数据库
B5: 覆盖分析 | C5: aggr_lte_coverage_grd_h | D5: 4G MR栅格覆盖指标小时表 | E5: hour | I5: =VLOOKUP(C5,导航!F:Q,12,0) -> 新建
B7: 源表基本信息描述
B8: 来源系统 | C8: 源表英文名 | D8: 源表中文名 | E8: 别名 | F8: 任务描述 | G8: 备注 | H8: 是否主表
C9: aggr_lte_coverage_base_refactor_h | D9: 4G MR小区栅格覆盖指标小时表 | E9: A
B12: 详细字段信息
B13: 详细字段信息
B14: PDM字段英文名 | C14: PDM字段类型 | D14: PDM字段中文名（说明） | E14: 源表名 | F14: 源字段英文名 | G14: 算法加工逻辑 | H14: 关联与过滤条件 | I14: 备注 | J14: 字段属性 | K14: 单位 | L14: 取值范围
B15: day | C15: string | D15: 日期 | E15: A | F15: p_date | G15: 直取 | J15: 维度 | K15: 无 | L15: 无
B16: hour | C16: int | D16: 小时 | E16: A | F16: p_hour | G16: 直取 | J16: 维度 | K16: 无 | L16: 无
B17: provincecode | C17: int | D17: 省编码 | E17: A | F17: p_provincecode | G17: 直取 | H17: =VLOOKUP(F17,'17'!B:L,1,0) -> p_provincecode | J17: 维度 | K17: 无 | L17: 无
B18: citycode | C18: int | D18: 城市编码 | E18: A | F18: citycode | G18: 直取 | H18: =VLOOKUP(F18,'17'!B:L,1,0) -> citycode | J18: 维度 | K18: 无 | L18: 无
B19: districtcode | C19: int | D19: 区县编码 | E19: A | F19: districtcode | G19: 直取 | H19: =VLOOKUP(F19,'17'!B:L,1,0) -> districtcode | J19: 维度 | K19: 无 | L19: 无
B20: province | C20: string | D20: 省名称 | E20: A | F20: province | G20: 直取 | H20: =VLOOKUP(F20,'17'!B:L,1,0) -> province | J20: 维度 | K20: 无 | L20: 无
B21: city | C21: string | D21: 城市名称 | E21: A | F21: city | G21: 直取 | H21: =VLOOKUP(F21,'17'!B:L,1,0) -> city | J21: 维度 | K21: 无 | L21: 无
B22: district | C22: string | D22: 区县名称 | E22: A | F22: district | G22: 直取 | H22: =VLOOKUP(F22,'17'!B:L,1,0) -> district | J22: 维度 | K22: 无 | L22: 无
B23: data_source | C23: int | D23: 数据类型标识，根据数据来源打标。 电信承建：0 联通承建：1 | E23: A | F23: data_source | G23: 直取 | H23: data_source | J23: 维度 | K23: 无 | L23: 无
B24: plmn | C24: string | D24: UE接入E-utran网络使用的PLMN号。 | E24: A | F24: plmn | G24: 直取 | H24: =VLOOKUP(F24,'17'!B:L,1,0) -> plmn | J24: 维度 | K24: 无 | L24: 无
B25: regionid | C25: int | D25: 栅格编码 | E25: A | F25: regionid | G25: 直取 | H25: =VLOOKUP(F25,'17'!B:L,1,0) -> regionid | J25: 维度 | K25: 无 | L25: 无
B26: x_offset_20 | C26: int | D26: 栅格坐标x轴偏移 | E26: A | F26: x_offset | G26: 直取 | H26: =VLOOKUP(F26,'17'!B:L,1,0) -> x_offset | J26: 维度 | K26: 无 | L26: 无
B27: y_offset_20 | C27: int | D27: 栅格坐标y轴偏移 | E27: A | F27: y_offset | G27: 直取 | H27: =VLOOKUP(F27,'17'!B:L,1,0) -> y_offset | J27: 维度 | K27: 无 | L27: 无
B28: center_lon | C28: double | D28: 栅格中心经度 | E28: A | G28: 栅格转经纬度 | J28: 指标 | K28: 无 | L28: [73,136]
B29: center_lat | C29: double | D29: 栅格中心纬度 | E29: A | G29: 栅格转经纬度 | J29: 指标 | K29: 无 | L29: [2,54]
B30: totalmrlon | C30: double | D30: MR经度总值 | E30: A | G30: sum(totalmrlon) | J30: 指标 | K30: 无 | L30: >=0
B31: totalmrlat | C31: double | D31: MR纬度总值 | E31: A | G31: sum(totalmrlat) | J31: 指标 | K31: 无 | L31: >=0
B32: validlonlat_totalmrcount | C32: bigint | D32: 经纬度有效的MR数目 | E32: A | G32: sum(validlonlat_totalmrcount) | J32: 指标 | K32: 无 | L32: >=0
B33: avgmrlon | C33: double | D33: MR平均经度 | E33: A | G33: sum(totalmrlon)/sum(validlonlat_totalmrcount) | J33: 指标 | K33: 无 | L33: [73,136]
B34: avgmrlat | C34: double | D34: MR平均纬度 | E34: A | G34: sum(totalmrlat)/sum(validlonlat_totalmrcount) | J34: 指标 | K34: 无 | L34: [2,54]
B35: period_totalmrcount | C35: bigint | D35: 周期性MR数目 | E35: A | G35: sum(period_totalmrcount) | J35: 指标 | K35: 无 | L35: >=0
B36: totalrsrp | C36: bigint | D36: RSRP总值 | E36: A | G36: sum(totalrsrp) | J36: 指标 | K36: 无 | L36: <0
B37: rsrpcount | C37: bigint | D37: RSRP有效数目 | E37: A | G37: sum(rsrpcount) | J37: 指标 | K37: 无 | L37: >=0
B38: avgrsrp | C38: double | D38: RSRP平均值 | E38: A | G38: sum(totalrsrp)/sum(rsrpcount) | J38: 指标 | K38: 无 | L38: [-140,-43]
B39: rsrpgoodcount | C39: bigint | D39: RSRP优良数目(>=-105) | E39: A | G39: sum(rsrpgoodcount) | J39: 指标 | K39: 无 | L39: >=0
... B119: overshoot_mrratio | C119: double | D119: 过覆盖MR率 | E119: A | G119: sum(overshoot_mrcount)/sum(rsrpcount) | J119: 指标 | K119: 无 | L119: [0,1]
B120: p_provincecode | C120: int | D120: 省分区
B121: p_date | C121: string | D121: 天分区
B122: p_hour | C122: int | D122: 小时分区

Sheet 18
B1: =HYPERLINK("#导航!a2","返回") -> 返回
B3: 目标表基本信息描述
B4: 主题域 | C4: 目标表英文名 | D4: 目标表中文名 | E4: 数据频度 | F4: 模型主键 | G4: 数据描述 | H4: 推送数据库
B5: 覆盖分析 | C5: aggr_lte_coverage_base_refactor_d | D5: 4G MR小区栅格覆盖指标天表 | E5: day | I5: =VLOOKUP(C5,导航!F:Q,12,0) -> 升级
B7: 源表基本信息描述
B8: 来源系统 | C8: 源表英文名 | D8: 源表中文名 | E8: 别名 | F8: 任务描述 | G8: 备注 | H8: 是否主表
C9: aggr_lte_coverage_base_refactor_h | D9: 4G MR小区栅格覆盖指标小时表 | E9: A
B12: 详细字段信息
B13: 详细字段信息
B14: PDM字段英文名 | C14: PDM字段类型 | D14: PDM字段中文名（说明） | E14: 源表名 | F14: 源字段英文名 | G14: 算法加工逻辑 | H14: 关联与过滤条件 | I14: 备注 | J14: 字段属性 | K14: 单位 | L14: 取值范围
B15: day | C15: string | D15: 日期 | F15: day | G15: 直取 | J15: 维度 | K15: 无 | L15: 无
B16: cellkey | C16: string | D16: 小区cellkey | F16: cellkey | G16: 直取 | J16: 维度 | K16: 无 | L16: 无
B17: dlearfcn | C17: int | D17: 下行频点 | F17: dlearfcn | G17: 直取 | J17: 维度 | K17: 无 | L17: 无
B18: rattypeid | C18: int | D18: 频点所属制式：6:LTEFDD 7:LTETDD 8:NB-IOT 14:IP-Integrate 255:Plat | F18: rattypeid | G18: 直取 | J18: 维度 | K18: 无 | L18: 无
B19: regionid | C19: int | D19: 栅格编码 | F19: regionid | G19: 直取 | J19: 维度 | K19: 无 | L19: 无
B20: x_offset | C20: int | D20: 栅格坐标x轴偏移 | F20: x_offset | G20: 直取 | J20: 维度 | K20: 无 | L20: 无
B21: y_offset | C21: int | D21: 栅格坐标y轴偏移 | F21: y_offset | G21: 直取 | J21: 维度 | K21: 无 | L21: 无
B22: positionmark | C22: int | D22: 室内外位置区分结果，0：室内，1：室外，2:未知 | F22: positionmark | G22: 直取 | J22: 维度 | K22: 无 | L22: 无
B23: totalmrlon | C23: double | D23: MR经度总值 | E23: A | G23: sum(totalmrlon) | J23: 指标 | K23: 无 | L23: >=0
B24: totalmrlat | C24: double | D24: MR纬度总值 | E24: A | G24: sum(totalmrlat) | J24: 指标 | K24: 无 | L24: >=0
B25: validlonlat_totalmrcount | C25: bigint | D25: 经纬度有效的MR数目 | E25: A | G25: sum(validlonlat_totalmrcount) | J25: 指标 | K25: 无 | L25: >=0
B26: avgmrlon | C26: double | D26: MR平均经度 | E26: A | G26: sum(totalmrlon)/sum(validlonlat_totalmrcount) | J26: 指标 | K26: 无 | L26: [73,136]
B27: avgmrlat | C27: double | D27: MR平均纬度 | E27: A | G27: sum(totalmrlat)/sum(validlonlat_totalmrcount) | J27: 指标 | K27: 无 | L27: [2,54]
B28: totalrsrp | C28: bigint | D28: RSRP总值 | E28: A | G28: sum(totalrsrp) | J28: 指标 | K28: 无 | L28: <0
B29: avgrsrp | C29: double | D29: RSRP平均值 | E29: A | G29: sum(totalrsrp)/sum(rsrpcount) | J29: 指标 | K29: 无 | L29: [-140,-43]
B30: rsrpcount | C30: bigint | D30: RSRP有效数目 | E30: A | G30: sum(rsrpcount) | J30: 指标 | K30: 无 | L30: >=0
B31: rsrp_level1mrcount | C31: bigint | D31: RSRP在[-75,+∞）范围内的MR数目 | E31: A | G31: sum(rsrp_level1mrcount) | J31: 指标 | K31: 无 | L31: >=0
B32: rsrp_level2mrcount | C32: bigint | D32: RSRP在[-85,-75）范围内的MR数目 | E32: A | G32: sum(rsrp_level2mrcount) | J32: 指标 | K32: 无 | L32: >=0
B33: rsrp_level3mrcount | C33: bigint | D33: RSRP在[-95,-85）范围内的MR数目 | E33: A | G33: sum(rsrp_level3mrcount) | J33: 指标 | K33: 无 | L33: >=0
B34: rsrp_level4mrcount | C34: bigint | D34: RSRP在[-100,-95）范围内的MR数目 | E34: A | G34: sum(rsrp_level4mrcount) | J34: 指标 | K34: 无 | L34: >=0
... B79: cqi_level1mrcount | C79: bigint | D79: CQI在[10;+∞)范围内的MR数目 | E79: A | G79: sum(cqi_level1mrcount) | J79: 指标 | K79: 无 | L79: >=0
B80: cqi_level2mrcount | C80: bigint | D80: CQI在[9;10)范围内的MR数目 | G80: sum(cqi_level2mrcount) | J80: 指标 | K80: 无 | L80: >=0
B81: cqi_level3mrcount | C81: bigint | D81: CQI在[8;9)范围内的MR数目 | G81: sum(cqi_level3mrcount) | J81: 指标 | K81: 无 | L81: >=0
B82: cqi_level4mrcount | C82: bigint | D82: CQI在[6;8)范围内的MR数目 | G82: sum(cqi_level4mrcount) | J82: 指标 | K82: 无 | L82: >=0
B83: cqi_level5mrcount | C83: bigint | D83: CQI在[3;6)范围内的MR数目 | G83: sum(cqi_level5mrcount) | J83: 指标 | K83: 无 | L83: >=0
B84: cqi_level6mrcount | C84: bigint | D84: CQI在[1;3)范围内的MR数目 | G84: sum(cqi_level6mrcount) | J84: 指标 | K84: 无 | L84: >=0
B85: cqi_level7mrcount | C85: bigint | D85: CQI在[0;1)范围内的MR数目 | G85: sum(cqi_level7mrcount) | J85: 指标 | K85: 无 | L85: >=0
B86: cqigoodcount | C86: bigint | D86: CQI优良数 | E86: A | G86: sum(cqigoodcount) | J86: 指标 | K86: 无 | L86: >=0
B87: cqigoodratio | C87: double | D87: CQI优良比 | E87: A | G87: sum(cqigoodcount)/sum(cqicount) | J87: 指标 | K87: 无 | L87: [0,1]
B88: totalidlersrp | C88: bigint | D88: RSRP总值 | G88: 置空 | J88: 指标 | K88: 无 | L88: 空
B89: avgidlersrp | C89: double | D89: RSRP平均值 | G89: 置空 | J89: 指标 | K89: 无 | L89: 空
B90: idlersrpcount | C90: bigint | D90: RSRP有效的MR数目 | G90: 置空 | J90: 指标 | K90: 无 | L90: 空
B91: idlersrp_level1mrcount | C91: bigint | D91: RSRP在[-75;+∞)范围内的MR数目 | G91: 置空 | J91: 指标 | K91: 无 | L91: 空
B92: idlersrp_level2mrcount | C92: bigint | D92: RSRP在[-85;-75)范围内的MR数目 | G92: 置空 | J92: 指标 | K92: 无 | L92: 空
B93: idlersrp_level3mrcount | C93: bigint | D93: RSRP在[-95;-85)范围内的MR数目 | G93: 置空 | J93: 指标 | K93: 无 | L93: 空
B94: idlersrp_level4mrcount | C94: bigint | D94: RSRP在[-100;-95)范围内的MR数目 | G94: 置空 | J94: 指标 | K94: 无 | L94: 空
B95: idlersrp_level5mrcount | C95: bigint | D95: RSRP在[-105;-100)范围内的MR数目 | G95: 置空 | J95: 指标 | K95: 无 | L95: 空
B96: idlersrp_level6mrcount | C96: bigint | D96: RSRP在[-115;-105)范围内的MR数目 | G96: 置空 | J96: 指标 | K96: 无 | L96: 空
B97: idlersrp_level7mrcount | C97: bigint | D97: RSRP在(-∞;-115)范围内的MR数目 | G97: 置空 | J97: 指标 | K97: 无 | L97: 空
B98: idlersrpgoodcount | C98: bigint | D98: RSRP优良数目(>=-105) | G98: 置空 | J98: 指标 | K98: 无 | L98: 空
B99: idlersrpgoodratio | C99: double | D99: RSRP优良比(>=-105) | G99: 置空 | J99: 指标 | K99: 无 | L99: 空
B100: totalphr | C100: bigint | D100: PHR总值 | E100: A | G100: sum(totalphr) | J100: 指标 | K100: 无 | L100: (-∞,+∞)
B101: avgphr | C101: double | D101: PHR平均值 | E101: A | G101: sum(totalphr)/sum(phrcount) | J101: 指标 | K101: 无 | L101: [-23,40]
B102: phrcount | C102: bigint | D102: PHR有效的MR数目 | E102: A | G102: sum(phrcount) | J102: 指标 | K102: 无 | L102: >=0
B103: phr_level1mrcount | C103: bigint | D103: PHR在[30;40]范围内的MR数目 | E103: A | G103: sum(phr_level1mrcount) | J103: 指标 | K103: 无 | L103: >=0
B104: phr_level2mrcount | C104: bigint | D104: PHR在[20;30)范围内的MR数目 | E104: A | G104: sum(phr_level2mrcount) | J104: 指标 | K104: 无 | L104: >=0
B105: phr_level3mrcount | C105: bigint | D105: PHR在[10;20)范围内的MR数目 | E105: A | G105: sum(phr_level3mrcount) | J105: 指标 | K105: 无 | L105: >=0
B106: phr_level4mrcount | C106: bigint | D106: PHR在[0;10)范围内的MR数目 | E106: A | G106: sum(phr_level4mrcount) | J106: 指标 | K106: 无 | L106: >=0
B107: phr_level5mrcount | C107: bigint | D107: PHR在[-5;0)范围内的MR数目 | E107: A | G107: sum(phr_level5mrcount) | J107: 指标 | K107: 无 | L107: >=0
B108: phr_level6mrcount | C108: bigint | D108: PHR在[-10;-5)范围内的MR数目 | E108: A | G108: sum(phr_level6mrcount) | J108: 指标 | K108: 无 | L108: >=0
B109: phr_level7mrcount | C109: bigint | D109: PHR在[-23;-10)范围内的MR数目 | E109: A | G109: sum(phr_level7mrcount) | J109: 指标 | K109: 无 | L109: >=0
B110: phrgoodcount | C110: bigint | D110: PHR优良数 | E110: A | G110: sum(phrgoodcount) | J110: 指标 | K110: 无 | L110: >=0
B111: phrgoodratio | C111: double | D111: PHR优良比 | E111: A | G111: sum(phrgoodcount)/sum(phrcount) | J111: 指标 | K111: 无 | L111: [0,1]
... B123: txpowergoodratio | C123: double | D123: TxPower优良比 | E123: A | G123: sum(txpowergoodcount)/sum(txpowercount) | J123: 指标 | K123: 无 | L123: [0,1]
B124: totalulpathloss | C124: bigint | D124: =VLOOKUP(B124,[1]aggr1.0!$B:$D,3,0) -> UlPathLoss总值 | G124: 置空
B125: avgulpathloss | C125: double | D125: =VLOOKUP(B125,[1]aggr1.0!$B:$D,3,0) -> UlPathLoss平均值 | G125: 置空
B126: ulpathlosscount | C126: bigint | D126: =VLOOKUP(B126,[1]aggr1.0!$B:$D,3,0) -> UlPathLoss有效的MR数目 | G126: 置空
B127: ulpathloss_level1mrcount | C127: bigint | D127: =VLOOKUP(B127,[1]aggr1.0!$B:$D,3,0) -> UlPathLoss在(-∞;90)范围内的MR数目 | G127: 置空
B128: ulpathloss_level2mrcount | C128: bigint | D128: =VLOOKUP(B128,[1]aggr1.0!$B:$D,3,0) -> UlPathLoss在[90;100）范围内的MR数目 | G128: 置空
B129: ulpathloss_level3mrcount | C129: bigint | D129: =VLOOKUP(B129,[1]aggr1.0!$B:$D,3,0) -> UlPathLoss在[100;110)范围内的MR数目 | G129: 置空
B130: ulpathloss_level4mrcount | C130: bigint | D130: =VLOOKUP(B130,[1]aggr1.0!$B:$D,3,0) -> UlPathLoss在[110;115)范围内的MR数目 | G130: 置空
B131: ulpathloss_level5mrcount | C131: bigint | D131: =VLOOKUP(B131,[1]aggr1.0!$B:$D,3,0) -> UlPathLoss在[115;120)范围内的MR数目 | G131: 置空
B132: ulpathloss_level6mrcount | C132: bigint | D132: =VLOOKUP(B132,[1]aggr1.0!$B:$D,3,0) -> UlPathLoss在[120;130)范围内的MR数目 | G132: 置空
B133: ulpathloss_level7mrcount | C133: bigint | D133: =VLOOKUP(B133,[1]aggr1.0!$B:$D,3,0) -> UlPathLoss在[130;+∞)范围内的MR数目 | G133: 置空
B134: ulpathlossgoodcount | C134: bigint | D134: =VLOOKUP(B134,[1]aggr1.0!$B:$D,3,0) -> UlPathLoss优良数 | G134: 置空
B135: ulpathlossgoodratio | C135: double | D135: =VLOOKUP(B135,[1]aggr1.0!$B:$D,3,0) -> UlPathLoss优良比 | G135: 置空
... B294: avgcceweightedcount | C294: double | D294: =VLOOKUP(B294,[1]aggr1.0!$B:$D,3,0) -> CCE加权分配总数占CCE分配总数比例 | G294: 置空
B295: period_totalmrcount | C295: bigint | D295: 周期性MR数目 | E295: A | G295: sum(period_totalmrcount) | J295: 指标 | K295: 无 | L295: >=0
B296: mdt_totalmrcount | C296: bigint | D296: =VLOOKUP(B296,[1]aggr1.0!$B:$D,3,0) -> MDT MR数目 | G296: 置空
B297: event_totalmrcount | C297: bigint | D297: =VLOOKUP(B297,[1]aggr1.0!$B:$D,3,0) -> 事件性MR数目 | G297: 置空
B298: totalpuschuseprbnum | C298: bigint | D298: =VLOOKUP(B298,[1]aggr1.0!$B:$D,3,0) -> ULPRB实际使用总值 | G298: 置空
B299: totalpdschuseprbnum | C299: bigint | D299: =VLOOKUP(B299,[1]aggr1.0!$B:$D,3,0) -> DLPRB实际使用总值 | G299: 置空
B300: totalrip | C300: double | D300: =VLOOKUP(B300,[1]aggr1.0!$B:$D,3,0) -> RIP总值 | G300: 置空
B301: avgrip | C301: double | D301: =VLOOKUP(B301,[1]aggr1.0!$B:$D,3,0) -> RIP平均值 | G301: 置空
B302: ripcount | C302: bigint | D302: =VLOOKUP(B302,[1]aggr1.0!$B:$D,3,0) -> RIP有效的MR数目 | G302: 置空
B303: rip_level1mrcount | C303: bigint | D303: =VLOOKUP(B303,[1]aggr1.0!$B:$D,3,0) -> RIP在(-∞,-115)范围内的MR数目 | G303: 置空
B304: rip_level2mrcount | C304: bigint | D304: =VLOOKUP(B304,[1]aggr1.0!$B:$D,3,0) -> RIP在[-115,-110)范围内的MR数目 | G304: 置空
B305: rip_level3mrcount | C305: bigint | D305: =VLOOKUP(B305,[1]aggr1.0!$B:$D,3,0) -> RIP在[-110,-105)范围内的MR数目 | G305: 置空
B306: rip_level4mrcount | C306: bigint | D306: =VLOOKUP(B306,[1]aggr1.0!$B:$D,3,0) -> RIP在[-105,-100)范围内的MR数目 | G306: 置空
B307: rip_level5mrcount | C307: bigint | D307: =VLOOKUP(B307,[1]aggr1.0!$B:$D,3,0) -> RIP在[-100,-95)范围内的MR数目 | G307: 置空
... B311: ripgoodratio | C311: double | D311: =VLOOKUP(B311,[1]aggr1.0!$B:$D,3,0) -> RIP优良比 | G311: 置空
B312: mod3interfer_totalrsrp | C312: bigint | D312: Mod3干扰RSRP总值 | E312: A | G312: sum(mod3interfer_totalrsrp) | J312: 指标 | K312: 无 | L312: <0
B313: mod3interfer_mrcount | C313: bigint | D313: Mod3干扰MR数目 | E313: A | G313: sum(mod3interfer_mrcount) | J313: 指标 | K313: 无 | L313: >=0
B314: mod3interfer_avgrsrp | C314: double | D314: Mod3干扰RSRP平均值 | E314: A | G314: sum(mod3interfer_totalrsrp)/sum(mod3interfer_mrcount) | J314: 指标 | K314: 无 | L314: [-140,-43]
B315: mod3interfer_mrratio | C315: double | D315: Mod3干扰MR数目占周期性MR数目比例 | E315: A | G315: sum(mod3interfer_mrcount)/sum(rsrpcount) | J315: 指标 | K315: 无 | L315: [0,1]
B316: celmod3interfermr_totaldis | C316: bigint | D316: 服务小区和Mod3干扰MR之间的距离总值 | E316: A | G316: sum(celmod3interfermr_totaldis) | J316: 指标 | K316: 无 | L316: >=0
B317: celmod3interfermr_avgdis | C317: double | D317: 服务小区和Mod3干扰MR之间的距离平均值 | E317: A | G317: sum(celmod3interfermr_totaldis)/sum(mod3interfermr_sn_cnt) | J317: 指标 | K317: 无 | L317: >=0
B318: compcovgood_mrcount | C318: bigint | D318: 综合覆盖优良MR数目 | E318: A | G318: sum(compcovgood_mrcount) | J318: 指标 | K318: 无 | L318: >=0
B319: compcovprob_mrcount | C319: bigint | D319: 综合覆盖问题MR数目 | E319: A | G319: sum(compcovprob_mrcount) | J319: 指标 | K319: 无 | L319: >=0
B320: compweakcovinterfer_mrcount | C320: bigint | D320: 综合覆盖弱覆盖&干扰MR数目 | E320: A | G320: sum(compweakcovinterfer_mrcount) | J320: 指标 | K320: 无 | L320: >=0
...

Sheet 19
B1: =HYPERLINK("#导航!a2","返回") -> 返回
B3: 目标表基本信息描述
B4: 主题域 | C4: 目标表英文名 | D4: 目标表中文名 | E4: 数据频度 | F4: 模型主键 | G4: 数据描述 | H4: 推送数据库
B5: 覆盖分析 | C5: aggr_lte_coverage_reduce_usrcelgrd_q | D5: 4G MR用户小区栅格覆盖指标裁剪15分钟表 | E5: quarter | I5: =VLOOKUP(C5,导航!F:Q,12,0) -> 新建
B7: 源表基本信息描述
B8: 来源系统 | C8: 源表英文名 | D8: 源表中文名 | E8: 别名 | F8: 任务描述 | G8: 备注 | H8: 是否主表
C9: aggr_lte_coverage_base_usr_refactor_q | D9: 4G MR用户小区栅格覆盖指标15分钟表 | E9: A | G9: 过滤条件：length(msisdn)>=11
B12: 详细字段信息
B13: 详细字段信息
B14: PDM字段英文名 | C14: PDM字段类型 | D14: PDM字段中文名（说明） | E14: 源表名 | F14: 源字段英文名 | G14: 算法加工逻辑 | H14: 关联与过滤条件 | I14: 备注 | J14: 字段属性 | K14: 单位 | L14: 取值范围
B15: provincecode | C15: int | D15: 省编码 | E15: A | F15: p_provincecode | G15: 直取 | J15: 维度 | K15: 无 | L15: 无
B16: day | C16: string | D16: 日期 | E16: A | F16: p_date | G16: 直取 | J16: 维度 | K16: 无 | L16: 无
B17: hour | C17: int | D17: 小时 | E17: A | F17: p_hour | G17: 直取 | J17: 维度 | K17: 无 | L17: 无
B18: quarter | C18: int | D18: 刻钟 | E18: A | F18: p_quarter | G18: 直取 | J18: 维度 | K18: 无 | L18: 无
B19: cellkey | C19: string | D19: 小区cellkey | E19: A | F19: cellkey | G19: 直取 | J19: 维度 | K19: 无 | L19: 无
B20: msisdn | C20: string | D20: 电话号码 | E20: A | F20: msisdn | G20: 直取 | J20: 维度 | K20: 无 | L20: 无
B21: imsi | C21: string | D21: 用户imsi | E21: A | F21: imsi | G21: 直取 | J21: 维度 | K21: 无 | L21: 无
B22: imei | C22: string | D22: 终端业务过程用户终端IMEI号码 | E22: A | F22: imei | G22: 直取 | J22: 维度 | K22: 无 | L22: 无
B23: regionid | C23: int | D23: 栅格编码 | E23: A | F23: regionid | G23: 直取 | J23: 维度 | K23: 无 | L23: 无
B24: x_offset_20 | C24: int | D24: 栅格坐标x轴偏移 | E24: A | F24: x_offset_20 | G24: 直取 | J24: 维度 | K24: 无 | L24: 无
B25: y_offset_20 | C25: int | D25: 栅格坐标y轴偏移 | E25: A | F25: y_offset_20 | G25: 直取 | J25: 维度 | K25: 无 | L25: 无
B26: period_totalmrcount | C26: bigint | D26: 周期性MR数目 | E26: A | G26: sum(period_totalmrcount) | J26: 指标 | K26: 无 | L26: >=0
B27: totalrsrp | C27: bigint | D27: RSRP总值 | E27: A | G27: sum(totalrsrp) | J27: 指标 | K27: 无 | L27: <0
B28: rsrpcount | C28: bigint | D28: RSRP有效数目 | E28: A | G28: sum(rsrpcount) | J28: 指标 | K28: 无 | L28: >=0
B29: rsrp_level1mrcount | C29: bigint | D29: RSRP在[-75,+∞）范围内的MR数目 | E29: A | G29: sum(rsrp_level1mrcount) | J29: 指标 | K29: 无 | L29: >=0
B30: rsrp_level2mrcount | C30: bigint | D30: RSRP在[-85,-75）范围内的MR数目 | E30: A | G30: sum(rsrp_level2mrcount) | J30: 指标 | K30: 无 | L30: >=0
B31: rsrp_level3mrcount | C31: bigint | D31: RSRP在[-95,-85）范围内的MR数目 | E31: A | G31: sum(rsrp_level3mrcount) | J31: 指标 | K31: 无 | L31: >=0
B32: rsrp_level4mrcount | C32: bigint | D32: RSRP在[-100,-95）范围内的MR数目 | E32: A | G32: sum(rsrp_level4mrcount) | J32: 指标 | K32: 无 | L32: >=0
B33: rsrp_level5mrcount | C33: bigint | D33: RSRP在[-105,-100）范围内的MR数目 | E33: A | G33: sum(rsrp_level5mrcount) | J33: 指标 | K33: 无 | L33: >=0
B34: rsrp_level6mrcount | C34: bigint | D34: RSRP在[-115,-105）范围内的MR数目 | E34: A | G34: sum(rsrp_level6mrcount) | J34: 指标 | K34: 无 | L34: >=0
B35: rsrp_level7mrcount | C35: bigint | D35: RSRP在（-∞,-115）范围内的MR数目 | E35: A | G35: sum(rsrp_level7mrcount) | J35: 指标 | K35: 无 | L35: >=0
B36: totaldlsinr | C36: bigint | D36: ULSINR总值 | E36: A | G36: sum(totaldlsinr) | J36: 指标 | K36: 无 | L36: (-∞,+∞)
B37: dlsinrcount | C37: bigint | D37: ULSINR有效的MR数目 | E37: A | G37: sum(dlsinrcount) | J37: 指标 | K37: 无 | L37: >=0
... B60: overshoot_mrcount | C60: bigint | D60: 过覆盖MR数目 | E60: A | G60: sum(overshoot_mrcount) | J60: 指标 | K60: 无 | L60: >=0
B61: p_provincecode | C61: int | D61: 省分区
B62: p_date | C62: string | D62: 天分区
B63: p_hour | C63: int | D63: 小时分区
B64: p_quarter | C64: int | D64: 15分钟分区

Sheet 19.1
B1: =HYPERLINK("#导航!a2","返回") -> 返回
B3: 目标表基本信息描述
B4: 主题域 | C4: 目标表英文名 | D4: 目标表中文名 | E4: 数据频度 | F4: 模型主键 | G4: 数据描述 | H4: 推送数据库
B5: 覆盖分析 | C5: aggr_lte_coverage_reduce_usrcelgrd_h | D5: 4G MR用户小区栅格覆盖指标裁剪小时表 | E5: hour | I5: =VLOOKUP(C5,导航!F:Q,12,0) -> 新建
B7: 源表基本信息描述
B8: 来源系统 | C8: 源表英文名 | D8: 源表中文名 | E8: 别名 | F8: 任务描述 | G8: 备注 | H8: 是否主表
C9: aggr_lte_coverage_reduce_usrcelgrd_q | D9: 4G MR用户小区栅格覆盖指标裁剪15分钟表 | E9: A
B12: 详细字段信息
B13: 详细字段信息
B14: PDM字段英文名 | C14: PDM字段类型 | D14: PDM字段中文名（说明） | E14: 源表名 | F14: 源字段英文名 | G14: 算法加工逻辑 | H14: 关联与过滤条件 | I14: 备注 | J14: 字段属性 | K14: 单位 | L14: 取值范围
B15: provincecode | C15: int | D15: 省编码 | E15: A | F15: p_provincecode | G15: 直取 | J15: 维度 | K15: 无 | L15: 无
B16: day | C16: string | D16: 日期 | E16: A | F16: p_date | G16: 直取 | J16: 维度 | K16: 无 | L16: 无
B17: hour | C17: int | D17: 小时 | E17: A | F17: p_hour | G17: 直取 | J17: 维度 | K17: 无 | L17: 无
B18: cellkey | C18: string | D18: 小区cellkey | E18: A | F18: cellkey | G18: 直取 | J18: 维度 | K18: 无 | L18: 无
B19: msisdn | C19: string | D19: 电话号码 | E19: A | F19: msisdn | G19: 直取 | J19: 维度 | K19: 无 | L19: 无
B20: imsi | C20: string | D20: 用户imsi | E20: A | F20: imsi | G20: 直取 | J20: 维度 | K20: 无 | L20: 无
B21: imei | C21: string | D21: 终端业务过程用户终端IMEI号码 | E21: A | F21: imei | G21: 直取 | J21: 维度 | K21: 无 | L21: 无
B22: regionid | C22: int | D22: 栅格编码 | E22: A | F22: regionid | G22: 直取 | J22: 维度 | K22: 无 | L22: 无
B23: x_offset_20 | C23: int | D23: 栅格坐标x轴偏移 | E23: A | F23: x_offset_20 | G23: 直取 | J23: 维度 | K23: 无 | L23: 无
B24: y_offset_20 | C24: int | D24: 栅格坐标y轴偏移 | E24: A | F24: y_offset_20 | G24: 直取 | J24: 维度 | K24: 无 | L24: 无
B25: hour_quarter_list | C25: array | D25: 驻留时刻清单 | E25: A | G25: 将小时刻度拼接后按数组结果呈现 (hour1_quarter0,hour1_quarter1,hour1_quarter2,hour1_quarter3) | J25: 指标 | K25: 无 | L25: 无
B26: period_totalmrcount | C26: bigint | D26: 周期性MR数目 | E26: A | G26: sum(period_totalmrcount) | J26: 指标 | K26: 无 | L26: >=0
B27: totalrsrp | C27: bigint | D27: RSRP总值 | E27: A | G27: sum(totalrsrp) | J27: 指标 | K27: 无 | L27: <0
B28: rsrpcount | C28: bigint | D28: RSRP有效数目 | E28: A | G28: sum(rsrpcount) | J28: 指标 | K28: 无 | L28: >=0
B29: rsrp_level1mrcount | C29: bigint | D29: RSRP在[-75,+∞）范围内的MR数目 | E29: A | G29: sum(rsrp_level1mrcount) | J29: 指标 | K29: 无 | L29: >=0
B30: rsrp_level2mrcount | C30: bigint | D30: RSRP在[-85,-75）范围内的MR数目 | E30: A | G30: sum(rsrp_level2mrcount) | J30: 指标 | K30: 无 | L30: >=0
B31: rsrp_level3mrcount | C31: bigint | D31: RSRP在[-95,-85）范围内的MR数目 | E31: A | G31: sum(rsrp_level3mrcount) | J31: 指标 | K31: 无 | L31: >=0
B32: rsrp_level4mrcount | C32: bigint | D32: RSRP在[-100,-95）范围内的MR数目 | E32: A | G32: sum(rsrp_level4mrcount) | J32: 指标 | K32: 无 | L32: >=0
B33: rsrp_level5mrcount | C33: bigint | D33: RSRP在[-105,-100）范围内的MR数目 | E33: A | G33: sum(rsrp_level5mrcount) | J33: 指标 | K33: 无 | L33: >=0
B34: rsrp_level6mrcount | C34: bigint | D34: RSRP在[-115,-105）范围内的MR数目 | E34: A | G34: sum(rsrp_level6mrcount) | J34: 指标 | K34: 无 | L34: >=0
B35: rsrp_level7mrcount | C35: bigint | D35: RSRP在（-∞,-115）范围内的MR数目 | E35: A | G35: sum(rsrp_level7mrcount) | J35: 指标 | K35: 无 | L35: >=0
B36: totaldlsinr | C36: bigint | D36: ULSINR总值 | E36: A | G36: sum(totaldlsinr) | J36: 指标 | K36: 无 | L36: (-∞,+∞)
... B60: overshoot_mrcount | C60: bigint | D60: 过覆盖MR数目 | E60: A | G60: sum(overshoot_mrcount) | J60: 指标 | K60: 无 | L60: >=0
B61: p_provincecode | C61: int | D61: 省分区
B62: p_date | C62: string | D62: 天分区
B63: p_hour | C63: int | D63: 小时分区

Sheet 19.2
B1: =HYPERLINK("#导航!a2","返回") -> 返回
B3: 目标表基本信息描述
B4: 主题域 | C4: 目标表英文名 | D4: 目标表中文名 | E4: 数据频度 | F4: 模型主键 | G4: 数据描述 | H4: 推送数据库
B5: 用户感知 | C5: aggr_lte_coverage_resident_usrgrd_d | D5: 4G MR用户常驻栅格驻留天表 | E5: day | I5: =VLOOKUP(C5,导航!F:Q,12,0) -> 新建
B7: 源表基本信息描述
B8: 来源系统 | C8: 源表英文名 | D8: 源表中文名 | E8: 别名 | F8: 任务描述 | G8: 备注 | H8: 是否主表
C9: aggr_lte_coverage_reduce_usrcelgrd_h | D9: 4G MR用户小区栅格覆盖指标裁剪小时表 | E9: A | F9: 1、将aggr_lte_coverage_reduce_usrcelgrd_h按照用户小区进行天粒度汇聚，得到用户小区维度，指标包含驻留quarter数，不要用“LATERAL VIEW explode(hour_quarter_list)”，用UDF函数实现 2、筛选出驻留时刻数为>=9的用户小区对应关系 3、经过第二步之后，若存在用户驻留小区均不满足>=9条件，则取驻留时刻数最多的用户小区关系 4、通过2、3步骤之后，得到用户常驻小区清单 5、使用第4步结果用户常驻小区对应关系，与表A使用inner join关联，关联条件：用户+小区；关联后按照用户栅格进行汇聚
B12: 详细字段信息
B13: 详细字段信息
B14: PDM字段英文名 | C14: PDM字段类型 | D14: PDM字段中文名（说明） | E14: 源表名 | F14: 源字段英文名 | G14: 算法加工逻辑 | H14: 关联与过滤条件 | I14: 备注 | J14: 字段属性 | K14: 单位 | L14: 取值范围
B15: provincecode | C15: int | D15: 省编码 | E15: A | F15: p_provincecode | G15: 直取 | J15: 维度 | K15: 无 | L15: 无
B16: day | C16: string | D16: 日期 | E16: A | F16: p_date | G16: 直取 | J16: 维度 | K16: 无 | L16: 无
B17: msisdn | C17: string | D17: 电话号码 | E17: A | F17: msisdn | G17: 直取 | J17: 维度 | K17: 无 | L17: 无
B18: imsi | C18: string | D18: 用户imsi | E18: A | F18: imsi | G18: 直取 | J18: 维度 | K18: 无 | L18: 无
B19: imei | C19: string | D19: 终端业务过程用户终端IMEI号码 | E19: A | F19: imei | G19: 直取 | J19: 维度 | K19: 无 | L19: 无
B20: regionid | C20: int | D20: 栅格编码 | E20: A | F20: regionid | G20: 直取 | J20: 维度 | K20: 无 | L20: 无
B21: x_offset_20 | C21: int | D21: 栅格坐标x轴偏移 | E21: A | F21: x_offset_20 | G21: 直取 | J21: 维度 | K21: 无 | L21: 无
B22: y_offset_20 | C22: int | D22: 栅格坐标y轴偏移 | E22: A | F22: y_offset_20 | G22: 直取 | J22: 维度 | K22: 无 | L22: 无
B23: period_totalmrcount | C23: bigint | D23: 周期性MR数目 | E23: A | G23: sum(period_totalmrcount) | J23: 指标 | K23: 无 | L23: >=0
B24: totalrsrp | C24: bigint | D24: RSRP总值 | E24: A | G24: sum(totalrsrp) | J24: 指标 | K24: 无 | L24: <0
B25: rsrpcount | C25: bigint | D25: RSRP有效数目 | E25: A | G25: sum(rsrpcount) | J25: 指标 | K25: 无 | L25: >=0
B26: rsrp_level1mrcount | C26: bigint | D26: RSRP在[-75,+∞）范围内的MR数目 | E26: A | G26: sum(rsrp_level1mrcount) | J26: 指标 | K26: 无 | L26: >=0
B27: rsrp_level2mrcount | C27: bigint | D27: RSRP在[-85,-75）范围内的MR数目 | E27: A | G27: sum(rsrp_level2mrcount) | J27: 指标 | K27: 无 | L27: >=0
B28: rsrp_level3mrcount | C28: bigint | D28: RSRP在[-95,-85）范围内的MR数目 | E28: A | G28: sum(rsrp_level3mrcount) | J28: 指标 | K28: 无 | L28: >=0
B29: rsrp_level4mrcount | C29: bigint | D29: RSRP在[-100,-95）范围内的MR数目 | E29: A | G29: sum(rsrp_level4mrcount) | J29: 指标 | K29: 无 | L29: >=0
B30: rsrp_level5mrcount | C30: bigint | D30: RSRP在[-105,-100）范围内的MR数目 | E30: A | G30: sum(rsrp_level5mrcount) | J30: 指标 | K30: 无 | L30: >=0
B31: rsrp_level6mrcount | C31: bigint | D31: RSRP在[-115,-105）范围内的MR数目 | E31: A | G31: sum(rsrp_level6mrcount) | J31: 指标 | K31: 无 | L31: >=0
B32: rsrp_level7mrcount | C32: bigint | D32: RSRP在（-∞,-115）范围内的MR数目 | E32: A | G32: sum(rsrp_level7mrcount) | J32: 指标 | K32: 无 | L32: >=0
B33: totaldlsinr | C33: bigint | D33: ULSINR总值 | E33: A | G33: sum(totaldlsinr) | J33: 指标 | K33: 无 | L33: (-∞,+∞)
B34: dlsinrcount | C34: bigint | D34: ULSINR有效的MR数目 | E34: A | G34: sum(dlsinrcount) | J34: 指标 | K34: 无 | L34: >=0
... B57: overshoot_mrcount | C57: bigint | D57: 过覆盖MR数目 | E57: A | G57: sum(overshoot_mrcount) | J57: 指标 | K57: 无 | L57: >=0
B58: p_provincecode | C58: int | D58: 省分区
B59: p_date | C59: string | D59: 天分区

Sheet 20
B1: =HYPERLINK("#导航!a2","返回") -> 返回
B3: 目标表基本信息描述
B4: 主题域 | C4: 目标表英文名 | D4: 目标表中文名 | E4: 数据频度 | F4: 模型主键 | G4: 数据描述 | H4: 推送数据库
B5: 用户感知 | C5: aggr_lte_usrareagrd_d | D5: 4G用户区域栅格聚区天表 | E5: day | I5: =VLOOKUP(C5,导航!F:Q,12,0) -> 新建
B7: 源表基本信息描述
B8: 来源系统 | C8: 源表英文名 | D8: 源表中文名 | E8: 别名 | F8: 任务描述 | G8: 备注 | H8: 是否主表
C9: aggr_lte_coverage_resident_usrgrd_d | D9: 4G MR用户常驻栅格覆盖指标天表 | E9: A | F9: 过滤条件：period_totalmrcount>=2
B12: 详细字段信息
B13: 详细字段信息
B14: PDM字段英文名 | C14: PDM字段类型 | D14: PDM字段中文名（说明） | E14: 源表名 | F14: 源字段英文名 | G14: 算法加工逻辑 | H14: 关联与过滤条件 | I14: 备注 | J14: 字段属性 | K14: 单位 | L14: 取值范围
B15: day | C15: string | D15: 日期 | E15: A | G15: 直取 | J15: 维度 | K15: 无 | L15: 无
B16: imsi | C16: string | D16: 用户imsi | E16: A | G16: 直取 | J16: 维度 | K16: 无 | L16: 无
B17: msisdn | C17: string | D17: 用户号码 | E17: A | G17: 直取 | J17: 维度 | K17: 无 | L17: 无
B18: imei | C18: string | D18: 用户imei | E18: A | G18: 直取 | J18: 维度 | K18: 无 | L18: 无
B19: area_id | C19: string | D19: 区域ID | E19: A | G19: DBSCAN聚区获取 | J19: 维度 | K19: 无 | L19: 无
B20: area_regionid | C20: string | D20: 区域栅格ID | E20: A | G20: DBSCAN聚区获取 | J20: 维度 | K20: 无 | L20: 无
B21: area_x_offset_20 | C21: string | D21: 区域栅格X轴20米偏移 | E21: A | G21: DBSCAN聚区获取 | J21: 维度 | K21: 无 | L21: 无
B22: area_y_offset_20 | C22: string | D22: 区域栅格Y轴20米偏移 | E22: A | G22: DBSCAN聚区获取 | J22: 维度 | K22: 无 | L22: 无
B23: area_lon | C23: double | D23: 区域中心经度 | E23: A | G23: DBSCAN聚区获取 | J23: 维度 | K23: 无 | L23: 无
B24: area_lat | C24: double | D24: 区域中心纬度 | E24: A | G24: DBSCAN聚区获取 | J24: 维度 | K24: 无 | L24: 无
B25: regionid | C25: int | D25: 栅格ID | E25: A | G25: regionid | J25: 维度 | K25: 无 | L25: 无
B26: x_offset_20 | C26: int | D26: 栅格X轴20米偏移 | E26: A | G26: x_offset_20 | J26: 维度 | K26: 无 | L26: 无
... B29: center_lat | C29: double | D29: 栅格中心纬度 | E29: A | G29: 栅格转经纬度 | J29: 维度 | K29: 无 | L29: 无
B30: p_provincecode | C30: int | D30: 省分区
B31: p_date | C31: string | D31: 天分区
C34: day | D34: string | E34: NULL
C35: imsi | D35: string | E35: NULL
C36: area_id | D36: string | E36: NULL
C37: area_regionid | D37: string | E37: NULL
C38: area_x_offset_20 | D38: string | E38: NULL
C39: area_y_offset_20 | D39: string | E39: NULL
C40: area_lon | D40: double | E40: NULL
C41: area_lat | D41: double | E41: NULL
C42: regionid | D42: int | E42: NULL
C43: x_offset_20 | D43: int | E43: NULL
C44: y_offset_20 | D44: int | E44: NULL
C45: center_lon | D45: double | E45: NULL
C46: center_lat | D46: double | E46: NULL

Sheet 21
B1: =HYPERLINK("#导航!a2","返回") -> 返回
B3: 目标表基本信息描述
B4: 主题域 | C4: 目标表英文名 | D4: 目标表中文名 | E4: 数据频度 | F4: 模型主键 | G4: 数据描述 | H4: 推送数据库
B5: 用户感知 | C5: aggr_lte_usrareatime_cel_refactor_d | D5: 4G MR用户聚区区域用户小区栅格天表 | E5: quarter | I5: =VLOOKUP(C5,导航!F:Q,12,0) -> 升级
B7: 源表基本信息描述
B8: 来源系统 | C8: 源表英文名 | D8: 源表中文名 | E8: 别名 | F8: 任务描述 | G8: 备注 | H8: 是否主表
C9: aggr_lte_usrareagrd_d | D9: 4G用户区域栅格聚区天表 | E9: A | F9: A、B表通过inner join关联，关联条件：regionid+x_offset_20+y_offset_20+imsi 按照imsi,cellkey,hour,quarter分组，取区域中采样点quarter_totalmrcount最多的一条记录
C10: aggr_lte_coverage_reduce_usrcelgrd_q | D10: 4G MR用户小区栅格覆盖指标裁剪15分钟表 | E10: B
B12: 详细字段信息
B13: 详细字段信息
B14: PDM字段英文名 | C14: PDM字段类型 | D14: PDM字段中文名（说明） | E14: 源表名 | F14: 源字段英文名 | G14: 算法加工逻辑 | H14: 关联与过滤条件 | I14: 备注 | J14: 字段属性 | K14: 单位 | L14: 取值范围
B15: day | C15: string | D15: 省编码 | E15: A | G15: 直取 | J15: 维度 | K15: 无 | L15: 无
B16: imsi | C16: string | D16: 日期 | E16: A | G16: 直取 | J16: 维度 | K16: 无 | L16: 无
B17: area_id | C17: string | D17: 区域ID | E17: A | G17: 直取 | J17: 维度 | K17: 无 | L17: 无
B18: area_regionid | C18: string | D18: 区域栅格ID | E18: A | G18: 直取 | J18: 维度 | K18: 无 | L18: 无
B19: area_x_offset_20 | C19: string | D19: 区域栅格坐标x轴偏移 | E19: A | G19: 直取 | J19: 维度 | K19: 无 | L19: 无
B20: area_y_offset_20 | C20: string | D20: 区域栅格坐标y轴偏移 | E20: A | G20: 直取 | J20: 维度 | K20: 无 | L20: 无
B21: area_lon | C21: double | D21: 区域经度 | E21: A | G21: 直取 | J21: 维度 | K21: 无 | L21: 无
B22: area_lat | C22: double | D22: 区域纬度 | E22: A | G22: 直取 | J22: 维度 | K22: 无 | L22: 无
B23: cellkey | C23: string | D23: 小区cellkey | E23: A | G23: 直取 | J23: 维度 | K23: 无 | L23: 无
B24: hour | C24: int | D24: 小时 | E24: B | G24: 直取 | J24: 维度 | K24: 无 | L24: 无
B25: quarter | C25: int | D25: 15分钟 | E25: B | G25: 直取 | J25: 维度 | K25: 无 | L25: 无
B26: quarter_totalmrcount | C26: bigint | D26: 周期性MR数目 | E26: B | G26: sum(period_totalmrcount) | J26: 指标 | K26: 无 | L26: >=0
B27: totalrsrp | C27: bigint | D27: RSRP总值 | E27: B | G27: sum(totalrsrp) | I27: 新增字段 | J27: 指标 | K27: 无 | L27: <0
B28: rsrpcount | C28: bigint | D28: RSRP有效数目 | E28: B | G28: sum(rsrpcount) | I28: 新增字段 | J28: 指标 | K28: 无 | L28: >=0
B29: rsrp_level1mrcount | C29: bigint | D29: RSRP在[-75,+∞）范围内的MR数目 | E29: B | G29: sum(rsrp_level1mrcount) | I29: 新增字段 | J29: 指标 | K29: 无 | L29: >=0
B30: rsrp_level2mrcount | C30: bigint | D30: RSRP在[-85,-75）范围内的MR数目 | E30: B | G30: sum(rsrp_level2mrcount) | I30: 新增字段 | J30: 指标 | K30: 无 | L30: >=0
B31: rsrp_level3mrcount | C31: bigint | D31: RSRP在[-95,-85）范围内的MR数目 | E31: B | G31: sum(rsrp_level3mrcount) | I31: 新增字段 | J31: 指标 | K31: 无 | L31: >=0
B32: rsrp_level4mrcount | C32: bigint | D32: RSRP在[-100,-95）范围内的MR数目 | E32: B | G32: sum(rsrp_level4mrcount) | I32: 新增字段 | J32: 指标 | K32: 无 | L32: >=0
B33: rsrp_level5mrcount | C33: bigint | D33: RSRP在[-105,-100）范围内的MR数目 | E33: B | G33: sum(rsrp_level5mrcount) | I33: 新增字段 | J33: 指标 | K33: 无 | L33: >=0
B34: rsrp_level6mrcount | C34: bigint | D34: RSRP在[-115,-105）范围内的MR数目 | E34: B | G34: sum(rsrp_level6mrcount) | I34: 新增字段 | J34: 指标 | K34: 无 | L34: >=0
B35: rsrp_level7mrcount | C35: bigint | D35: RSRP在（-∞,-115）范围内的MR数目 | E35: B | G35: sum(rsrp_level7mrcount) | I35: 新增字段 | J35: 指标 | K35: 无 | L35: >=0
B36: totaldlsinr | C36: bigint | D36: ULSINR总值 | E36: B | G36: sum(totaldlsinr) | I36: 新增字段 | J36: 指标 | K36: 无 | L36: (-∞,+∞)
B37: dlsinrcount | C37: bigint | D37: ULSINR有效的MR数目 | E37: B | G37: sum(dlsinrcount) | I37: 新增字段 | J37: 指标 | K37: 无 | L37: >=0
B38: dlsinr_level1mrcount | C38: bigint | D38: ULSINR在[20;+∞)范围内的MR数目 | E38: B | G38: sum(dlsinr_level1mrcount) | I38: 新增字段 | J38: 指标 | K38: 无 | L38: >=0
... B60: overshoot_mrcount | C60: bigint | D60: 过覆盖MR数目 | E60: B | G60: sum(overshoot_mrcount) | I60: 新增字段 | J60: 指标 | K60: 无 | L60: >=0
B61: p_provincecode | C61: int | D61: 省分区
B62: p_date | C62: string | D62: 天分区

Sheet 21.1
B1: =HYPERLINK("#导航!a2","返回") -> 返回
B3: 目标表基本信息描述
B4: 主题域 | C4: 目标表英文名 | D4: 目标表中文名 | E4: 数据频度 | F4: 模型主键 | G4: 数据描述 | H4: 推送数据库
B5: 用户感知 | C5: aggr_lte_usrarea_coverarea_cel_refactor_d | D5: 4G用户区域小区覆盖天表 | E5: day | I5: =VLOOKUP(C5,导航!F:Q,12,0) -> 升级
B7: 源表基本信息描述
B8: 来源系统 | C8: 源表英文名 | D8: 源表中文名 | E8: 别名 | F8: 任务描述 | G8: 备注 | H8: 是否主表
C9: aggr_lte_usrareatime_cel_refactor_d | D9: 4G MR用户聚区区域用户小区栅格天表 | E9: A
B11: 详细字段信息
B12: 详细字段信息
B13: PDM字段英文名 | C13: PDM字段类型 | D13: PDM字段中文名（说明） | E13: 源表名 | F13: 源字段英文名 | G13: 算法加工逻辑 | H13: 关联与过滤条件 | I13: 备注 | J13: 字段属性 | K13: 单位 | L13: 取值范围
B14: day | C14: string | D14: 省编码 | E14: A | F14: p_date | G14: 直取 | J14: 维度 | K14: 无 | L14: 无
B15: imsi | C15: string | D15: 日期 | E15: A | F15: imsi | G15: 直取 | J15: 维度 | K15: 无 | L15: 无
B16: area_id | C16: string | D16: 区域ID | E16: A | F16: area_id | G16: 直取 | J16: 维度 | K16: 无 | L16: 无
B17: area_regionid | C17: string | D17: 区域栅格ID | E17: A | F17: area_regionid | G17: 直取 | J17: 维度 | K17: 无 | L17: 无
B18: area_x_offset_20 | C18: string | D18: 区域栅格坐标x轴偏移 | E18: A | F18: area_x_offset_20 | G18: 直取 | J18: 维度 | K18: 无 | L18: 无
B19: area_y_offset_20 | C19: string | D19: 区域栅格坐标y轴偏移 | E19: A | F19: area_y_offset_20 | G19: 直取 | J19: 维度 | K19: 无 | L19: 无
B20: area_lon | C20: double | D20: 区域经度 | E20: A | F20: area_lon | G20: 直取 | J20: 维度 | K20: 无 | L20: 无
B21: area_lat | C21: double | D21: 区域纬度 | E21: A | F21: area_lat | G21: 直取 | J21: 维度 | K21: 无 | L21: 无
B22: cellkey | C22: string | D22: 小区cellkey | E22: A | F22: cellkey | G22: 直取 | J22: 维度 | K22: 无 | L22: 无
B23: period_totalmrcount | C23: bigint | D23: 周期性MR数目 | E23: A | G23: sum(quarter_totalmrcount) | J23: 指标 | K23: 无 | L23: >=0
B24: totalrsrp | C24: bigint | D24: RSRP总值 | E24: A | G24: sum(totalrsrp) | J24: 指标 | K24: 无 | L24: <0
B25: avgrsrp | C25: double | D25: RSRP平均值 | E25: A | G25: sum(totalrsrp)/sum(rsrpcount) | J25: 指标 | K25: 无 | L25: [-140,-43]
B26: rsrpcount | C26: bigint | D26: RSRP有效数目 | E26: A | G26: sum(rsrpcount) | J26: 指标 | K26: 无 | L26: >=0
B27: rsrp_level1mrcount | C27: bigint | D27: RSRP在[-75,+∞）范围内的MR数目 | E27: A | G27: sum(rsrp_level1mrcount) | J27: 指标 | K27: 无 | L27: >=0
B28: rsrp_level2mrcount | C28: bigint | D28: RSRP在[-85,-75）范围内的MR数目 | E28: A | G28: sum(rsrp_level2mrcount) | J28: 指标 | K28: 无 | L28: >=0
B29: rsrp_level3mrcount | C29: bigint | D29: RSRP在[-95,-85）范围内的MR数目 | E29: A | G29: sum(rsrp_level3mrcount) | J29: 指标 | K29: 无 | L29: >=0
B30: rsrp_level4mrcount | C30: bigint | D30: RSRP在[-100,-95）范围内的MR数目 | E30: A | G30: sum(rsrp_level4mrcount) | J30: 指标 | K30: 无 | L30: >=0
B31: rsrp_level5mrcount | C31: bigint | D31: RSRP在[-105,-100）范围内的MR数目 | E31: A | G31: sum(rsrp_level5mrcount) | J31: 指标 | K31: 无 | L31: >=0
B32: rsrp_level6mrcount | C32: bigint | D32: RSRP在[-115,-105）范围内的MR数目 | E32: A | G32: sum(rsrp_level6mrcount) | J32: 指标 | K32: 无 | L32: >=0
B33: rsrp_level7mrcount | C33: bigint | D33: RSRP在（-∞,-115）范围内的MR数目 | E33: A | G33: sum(rsrp_level7mrcount) | J33: 指标 | K33: 无 | L33: >=0
B34: rsrpgoodcount | C34: bigint | D34: RSRP优良数目(>=-105) | E34: A | G34: sum(rsrp_level1mrcount+rsrp_level2mrcount+rsrp_level3mrcount+rsrp_level4mrcount+rsrp_level5mrcount) | J34: 指标 | K34: 无 | L34: >=0
... B115: cqi_level7mrcount | C115: bigint | D115: CQI在[0;1)范围内的MR数目 | E115: A | G115: sum(cqi_level7mrcount) | J115: 指标 | K115: 无 | L115: >=0
B116: tacount | C116: bigint | D116: TA有效的MR数目 | E116: A | G116: 置空 | J116: 指标 | K116: 无
B117: ta_level1mrcount | C117: bigint | D117: TA在[0;3)范围内的MR数目 | E117: A | G117: 置空 | J117: 指标 | K117: 无
B118: ta_level2mrcount | C118: bigint | D118: TA在[3;6)范围内的MR数目 | E118: A | G118: 置空 | J118: 指标 | K118: 无
B119: ta_level3mrcount | C119: bigint | D119: TA在[6;9)范围内的MR数目 | E119: A | G119: 置空 | J119: 指标 | K119: 无
B120: ta_level4mrcount | C120: bigint | D120: TA在[9;12)范围内的MR数目 | E120: A | G120: 置空 | J120: 指标 | K120: 无
B121: ta_level5mrcount | C121: bigint | D121: TA在[12;15)范围内的MR数目 | E121: A | G121: 置空 | J121: 指标 | K121: 无
B122: ta_level6mrcount | C122: bigint | D122: TA在[15;19)范围内的MR数目 | E122: A | G122: 置空 | J122: 指标 | K122: 无
B123: ta_level7mrcount | C123: bigint | D123: TA在[19;+∞)范围内的MR数目 | E123: A | G123: 置空 | J123: 指标 | K123: 无
B124: p_provincecode | C124: int | D124: 省分区
B125: p_date | C125: string | D125: 天分区

Sheet 21.2
B1: =HYPERLINK("#导航!a2","返回") -> 返回
B3: 目标表基本信息描述
B4: 主题域 | C4: 目标表英文名 | D4: 目标表中文名 | E4: 数据频度 | F4: 模型主键 | G4: 数据描述 | H4: 推送数据库
B5: 用户感知 | C5: aggr_lte_usrarea_coverarea_refactor_d | D5: 4G用户区域覆盖天表 | E5: day | I5: =VLOOKUP(C5,导航!F:Q,12,0) -> 升级
B7: 源表基本信息描述
B8: 来源系统 | C8: 源表英文名 | D8: 源表中文名 | E8: 别名 | F8: 任务描述 | G8: 备注 | H8: 是否主表
C9: aggr_lte_usrarea_coverarea_cel_refactor_d | D9: 4G用户区域小区覆盖天表 | E9: A
B11: 详细字段信息
B12: 详细字段信息
B13: PDM字段英文名 | C13: PDM字段类型 | D13: PDM字段中文名（说明） | E13: 源表名 | F13: 源字段英文名 | G13: 算法加工逻辑 | H13: 关联与过滤条件 | I13: 备注 | J13: 字段属性 | K13: 单位 | L13: 取值范围
B14: day | C14: string | D14: 省编码 | E14: A | F14: p_date | G14: 直取 | J14: 维度 | K14: 无 | L14: 无
B15: imsi | C15: string | D15: 日期 | E15: A | F15: imsi | G15: 直取 | J15: 维度 | K15: 无 | L15: 无
B16: area_id | C16: string | D16: 区域ID | E16: A | F16: area_id | G16: 直取 | J16: 维度 | K16: 无 | L16: 无
B17: area_regionid | C17: string | D17: 区域栅格ID | E17: A | F17: area_regionid | G17: 直取 | J17: 维度 | K17: 无 | L17: 无
B18: area_x_offset_20 | C18: string | D18: 区域栅格坐标x轴偏移 | E18: A | F18: area_x_offset_20 | G18: 直取 | J18: 维度 | K18: 无 | L18: 无
B19: area_y_offset_20 | C19: string | D19: 区域栅格坐标y轴偏移 | E19: A | F19: area_y_offset_20 | G19: 直取 | J19: 维度 | K19: 无 | L19: 无
B20: area_lon | C20: double | D20: 区域经度 | E20: A | F20: area_lon | G20: 直取 | J20: 维度 | K20: 无 | L20: 无
B21: area_lat | C21: double | D21: 区域纬度 | E21: A | F21: area_lat | G21: 直取 | J21: 维度 | K21: 无 | L21: 无
B22: period_totalmrcount | C22: bigint | D22: 周期性MR数目 | E22: A | G22: sum(period_totalmrcount) | J22: 指标 | K22: 无 | L22: >=0
B23: totalrsrp | C23: bigint | D23: RSRP总值 | E23: A | G23: sum(totalrsrp) | J23: 指标 | K23: 无 | L23: <0
B24: avgrsrp | C24: double | D24: RSRP平均值 | E24: A | G24: sum(totalrsrp)/sum(rsrpcount) | J24: 指标 | K24: 无 | L24: [-140,-43]
B25: rsrpcount | C25: bigint | D25: RSRP有效数目 | E25: A | G25: sum(rsrpcount) | J25: 指标 | K25: 无 | L25: >=0
B26: rsrp_level1mrcount | C26: bigint | D26: RSRP在[-75,+∞）范围内的MR数目 | E26: A | G26: sum(rsrp_level1mrcount) | J26: 指标 | K26: 无 | L26: >=0
B27: rsrp_level2mrcount | C27: bigint | D27: RSRP在[-85,-75）范围内的MR数目 | E27: A | G27: sum(rsrp_level2mrcount) | J27: 指标 | K27: 无 | L27: >=0
B28: rsrp_level3mrcount | C28: bigint | D28: RSRP在[-95,-85）范围内的MR数目 | E28: A | G28: sum(rsrp_level3mrcount) | J28: 指标 | K28: 无 | L28: >=0
B29: rsrp_level4mrcount | C29: bigint | D29: RSRP在[-100,-95）范围内的MR数目 | E29: A | G29: sum(rsrp_level4mrcount) | J29: 指标 | K29: 无 | L29: >=0
B30: rsrp_level5mrcount | C30: bigint | D30: RSRP在[-105,-100）范围内的MR数目 | E30: A | G30: sum(rsrp_level5mrcount) | J30: 指标 | K30: 无 | L30: >=0
B31: rsrp_level6mrcount | C31: bigint | D31: RSRP在[-115,-105）范围内的MR数目 | E31: A | G31: sum(rsrp_level6mrcount) | J31: 指标 | K31: 无 | L31: >=0
B32: rsrp_level7mrcount | C32: bigint | D32: RSRP在（-∞,-115）范围内的MR数目 | E32: A | G32: sum(rsrp_level7mrcount) | J32: 指标 | K32: 无 | L32: >=0
B33: rsrpgoodcount | C33: bigint | D33: RSRP优良数目(>=-105) | E33: A | G33: sum(rsrpgoodcount) | J33: 指标 | K33: 无 | L33: >=0
... B114: cqi_level7mrcount | C114: bigint | D114: CQI在[0;1)范围内的MR数目 | E114: A | G114: sum(cqi_level7mrcount) | J114: 指标 | K114: 无 | L114: >=0
B115: tacount | C115: bigint | D115: TA有效的MR数目 | E115: A | G115: 置空 | J115: 指标 | K115: 无
B116: ta_level1mrcount | C116: bigint | D116: TA在[0;3)范围内的MR数目 | E116: A | G116: 置空 | J116: 指标 | K116: 无
B117: ta_level2mrcount | C117: bigint | D117: TA在[3;6)范围内的MR数目 | E117: A | G117: 置空 | J117: 指标 | K117: 无
B118: ta_level3mrcount | C118: bigint | D118: TA在[6;9)范围内的MR数目 | E118: A | G118: 置空 | J118: 指标 | K118: 无
B119: ta_level4mrcount | C119: bigint | D119: TA在[9;12)范围内的MR数目 | E119: A | G119: 置空 | J119: 指标 | K119: 无
B120: ta_level5mrcount | C120: bigint | D120: TA在[12;15)范围内的MR数目 | E120: A | G120: 置空 | J120: 指标 | K120: 无
B121: ta_level6mrcount | C121: bigint | D121: TA在[15;19)范围内的MR数目 | E121: A | G121: 置空 | J121: 指标 | K121: 无
B122: ta_level7mrcount | C122: bigint | D122: TA在[19;+∞)范围内的MR数目 | E122: A | G122: 置空 | J122: 指标 | K122: 无
B123: p_provincecode | C123: int | D123: 省分区
B124: p_date | C124: string | D124: 天分区

Sheet 22
B1: =HYPERLINK("#导航!a2","返回") -> 返回
B3: 目标表基本信息描述
B4: 主题域 | C4: 目标表英文名 | D4: 目标表中文名 | E4: 数据频度 | F4: 模型主键 | G4: 数据描述 | H4: 推送数据库
B5: 覆盖分析 | C5: aggr_lte_coverage_cel_refactor_d | D5: 4G MR小区覆盖指标天表 | E5: day | I5: =VLOOKUP(C5,导航!F:Q,12,0) -> 升级
B7: 源表基本信息描述
B8: 来源系统 | C8: 源表英文名 | D8: 源表中文名 | E8: 别名 | F8: 任务描述 | G8: 备注 | H8: 是否主表
C9: aggr_lte_coverage_base_refactor_d | D9: 4G MR小区栅格覆盖指标天表 | E9: A
B12: 详细字段信息
B13: 详细字段信息
B14: PDM字段英文名 | C14: PDM字段类型 | D14: PDM字段中文名（说明） | E14: 源表名 | F14: 源字段英文名 | G14: 算法加工逻辑 | H14: 关联与过滤条件 | I14: 备注 | J14: 字段属性 | K14: 单位 | L14: 取值范围
B15: day | C15: string | D15: 日期 | E15: A | F15: day | G15: 直取 | J15: 维度 | K15: 无 | L15: 无
B16: cellkey | C16: string | D16: 小区cellkey | E16: A | F16: cellkey | G16: 直取 | J16: 维度 | K16: 无 | L16: 无
B17: dlearfcn | C17: int | D17: 下行频点 | E17: A | F17: dlearfcn | G17: 直取 | J17: 维度 | K17: 无 | L17: 无
B18: rattypeid | C18: int | D18: 频点所属制式：6:LTEFDD 7:LTETDD 8:NB-IOT 14:IP-Integrate 255:Plat | E18: A | F18: rattypeid | G18: 直取 | J18: 维度 | K18: 无 | L18: 无
B19: provincecode | C19: int | D19: 省编码 | E19: A | F19: p_provincecode | G19: 直取 | J19: 维度 | K19: 无 | L19: 无
B20: citycode | C20: int | D20: 城市编码 | E20: A | F20: citycode | G20: 直取 | J20: 维度 | K20: 无 | L20: 无
B21: districtcode | C21: int | D21: 区县编码 | E21: A | F21: districtcode | G21: 直取 | J21: 维度 | K21: 无 | L21: 无
B22: totalmrlon | C22: double | D22: MR经度总值 | E22: A | G22: sum(totalmrlon) | J22: 指标 | K22: 无 | L22: >=0
B23: totalmrlat | C23: double | D23: MR纬度总值 | E23: A | G23: sum(totalmrlat) | J23: 指标 | K23: 无 | L23: >=0
B24: validlonlat_totalmrcount | C24: bigint | D24: 经纬度有效的MR数目 | E24: A | G24: sum(validlonlat_totalmrcount) | J24: 指标 | K24: 无 | L24: >=0
B25: avgmrlon | C25: double | D25: MR平均经度 | E25: A | G25: sum(totalmrlon)/sum(validlonlat_totalmrcount) | J25: 指标 | K25: 无 | L25: [73,136]
B26: avgmrlat | C26: double | D26: MR平均纬度 | E26: A | G26: sum(totalmrlat)/sum(validlonlat_totalmrcount) | J26: 指标 | K26: 无 | L26: [2,54]
B27: totalrsrp | C27: bigint | D27: RSRP总值 | E27: A | G27: sum(totalrsrp) | J27: 指标 | K27: 无 | L27: <0
B28: avgrsrp | C28: double | D28: RSRP平均值 | E28: A | G28: sum(totalrsrp)/sum(rsrpcount) | J28: 指标 | K28: 无 | L28: [-140,-43]
B29: rsrpcount | C29: bigint | D29: RSRP有效数目 | E29: A | G29: sum(rsrpcount) | J29: 指标 | K29: 无 | L29: >=0
B30: rsrp_level1mrcount | C30: bigint | D30: RSRP在[-75,+∞）范围内的MR数目 | E30: A | G30: sum(rsrp_level1mrcount) | J30: 指标 | K30: 无 | L30: >=0
B31: rsrp_level2mrcount | C31: bigint | D31: RSRP在[-85,-75）范围内的MR数目 | E31: A | G31: sum(rsrp_level2mrcount) | J31: 指标 | K31: 无 | L31: >=0
B32: rsrp_level3mrcount | C32: bigint | D32: RSRP在[-95,-85）范围内的MR数目 | E32: A | G32: sum(rsrp_level3mrcount) | J32: 指标 | K32: 无 | L32: >=0
B33: rsrp_level4mrcount | C33: bigint | D33: RSRP在[-100,-95）范围内的MR数目 | E33: A | G33: sum(rsrp_level4mrcount) | J33: 指标 | K33: 无 | L33: >=0
... B78: cqi_level1mrcount | C78: bigint | D78: CQI在[10;+∞)范围内的MR数目 | E78: A | G78: sum(cqi_level1mrcount) | J78: 指标 | K78: 无 | L78: >=0
B79: cqi_level2mrcount | C79: bigint | D79: CQI在[9;10)范围内的MR数目 | G79: sum(cqi_level2mrcount) | J79: 指标 | K79: 无 | L79: >=0
B80: cqi_level3mrcount | C80: bigint | D80: CQI在[8;9)范围内的MR数目 | G80: sum(cqi_level3mrcount) | J80: 指标 | K80: 无 | L80: >=0
B81: cqi_level4mrcount | C81: bigint | D81: CQI在[6;8)范围内的MR数目 | G81: sum(cqi_level4mrcount) | J81: 指标 | K81: 无 | L81: >=0
B82: cqi_level5mrcount | C82: bigint | D82: CQI在[3;6)范围内的MR数目 | G82: sum(cqi_level5mrcount) | J82: 指标 | K82: 无 | L82: >=0
B83: cqi_level6mrcount | C83: bigint | D83: CQI在[1;3)范围内的MR数目 | G83: sum(cqi_level6mrcount) | J83: 指标 | K83: 无 | L83: >=0
B84: cqi_level7mrcount | C84: bigint | D84: CQI在[0;1)范围内的MR数目 | G84: sum(cqi_level7mrcount) | J84: 指标 | K84: 无 | L84: >=0
B85: cqigoodcount | C85: bigint | D85: CQI优良数 | E85: A | G85: sum(cqigoodcount) | J85: 指标 | K85: 无 | L85: >=0
B86: cqigoodratio | C86: double | D86: CQI优良比 | E86: A | G86: sum(cqigoodcount)/sum(cqicount) | J86: 指标 | K86: 无 | L86: [0,1]
B87: totalidlersrp | C87: bigint | D87: RSRP总值 | G87: 置空 | J87: 指标 | K87: 无 | L87: 空
B88: avgidlersrp | C88: double | D88: RSRP平均值 | G88: 置空 | J88: 指标 | K88: 无 | L88: 空
B89: idlersrpcount | C89: bigint | D89: RSRP有效的MR数目 | G89: 置空 | J89: 指标 | K89: 无 | L89: 空
B90: idlersrp_level1mrcount | C90: bigint | D90: RSRP在[-75;+∞)范围内的MR数目 | G90: 置空 | J90: 指标 | K90: 无 | L90: 空
B91: idlersrp_level2mrcount | C91: bigint | D91: RSRP在[-85;-75)范围内的MR数目 | G91: 置空 | J91: 指标 | K91: 无 | L91: 空
B92: idlersrp_level3mrcount | C92: bigint | D92: RSRP在[-95;-85)范围内的MR数目 | G92: 置空 | J92: 指标 | K92: 无 | L92: 空
B93: idlersrp_level4mrcount | C93: bigint | D93: RSRP在[-100;-95)范围内的MR数目 | G93: 置空 | J93: 指标 | K93: 无 | L93: 空
B94: idlersrp_level5mrcount | C94: bigint | D94: RSRP在[-105;-100)范围内的MR数目 | G94: 置空 | J94: 指标 | K94: 无 | L94: 空
B95: idlersrp_level6mrcount | C95: bigint | D95: RSRP在[-115;-105)范围内的MR数目 | G95: 置空 | J95: 指标 | K95: 无 | L95: 空
B96: idlersrp_level7mrcount | C96: bigint | D96: RSRP在(-∞;-115)范围内的MR数目 | G96: 置空 | J96: 指标 | K96: 无 | L96: 空
B97: idlersrpgoodcount | C97: bigint | D97: RSRP优良数目(>=-105) | G97: 置空 | J97: 指标 | K97: 无 | L97: 空
B98: idlersrpgoodratio | C98: double | D98: RSRP优良比(>=-105) | G98: 置空 | J98: 指标 | K98: 无 | L98: 空
B99: totalphr | C99: bigint | D99: PHR总值 | E99: A | G99: sum(totalphr) | J99: 指标 | K99: 无 | L99: (-∞,+∞)
B100: avgphr | C100: double | D100: PHR平均值 | E100: A | G100: sum(totalphr)/sum(phrcount) | J100: 指标 | K100: 无 | L100: [-23,40]
B101: phrcount | C101: bigint | D101: PHR有效的MR数目 | E101: A | G101: sum(phrcount) | J101: 指标 | K101: 无 | L101: >=0
B102: phr_level1mrcount | C102: bigint | D102: PHR在[30;40]范围内的MR数目 | E102: A | G102: sum(phr_level1mrcount) | J102: 指标 | K102: 无 | L102: >=0
B103: phr_level2mrcount | C103: bigint | D103: PHR在[20;30)范围内的MR数目 | E103: A | G103: sum(phr_level2mrcount) | J103: 指标 | K103: 无 | L103: >=0
B104: phr_level3mrcount | C104: bigint | D104: PHR在[10;20)范围内的MR数目 | E104: A | G104: sum(phr_level3mrcount) | J104: 指标 | K104: 无 | L104: >=0
B105: phr_level4mrcount | C105: bigint | D105: PHR在[0;10)范围内的MR数目 | E105: A | G105: sum(phr_level4mrcount) | J105: 指标 | K105: 无 | L105: >=0
B106: phr_level5mrcount | C106: bigint | D106: PHR在[-5;0)范围内的MR数目 | E106: A | G106: sum(phr_level5mrcount) | J106: 指标 | K106: 无 | L106: >=0
B107: phr_level6mrcount | C107: bigint | D107: PHR在[-10;-5)范围内的MR数目 | E107: A | G107: sum(phr_level6mrcount) | J107: 指标 | K107: 无 | L107: >=0
B108: phr_level7mrcount | C108: bigint | D108: PHR在[-23;-10)范围内的MR数目 | E108: A | G108: sum(phr_level7mrcount) | J108: 指标 | K108: 无 | L108: >=0
B109: phrgoodcount | C109: bigint | D109: PHR优良数 | E109: A | G109: sum(phrgoodcount) | J109: 指标 | K109: 无 | L109: >=0
B110: phrgoodratio | C110: double | D110: PHR优良比 | E110: A | G110: sum(phrgoodcount)/sum(phrcount) | J110: 指标 | K110: 无 | L110: [0,1]
... B122: txpowergoodratio | C122: double | D122: TxPower优良比 | E122: A | G122: sum(txpowergoodcount)/sum(txpowercount) | J122: 指标 | K122: 无 | L122: [0,1]
B123: totalulpathloss | C123: bigint | D123: =VLOOKUP(B123,[1]aggr1.0!$B:$D,3,0) -> UlPathLoss总值 | G123: 置空
B124: avgulpathloss | C124: double | D124: =VLOOKUP(B124,[1]aggr1.0!$B:$D,3,0) -> UlPathLoss平均值 | G124: 置空
B125: ulpathlosscount | C125: bigint | D125: =VLOOKUP(B125,[1]aggr1.0!$B:$D,3,0) -> UlPathLoss有效的MR数目 | G125: 置空
B126: ulpathloss_level1mrcount | C126: bigint | D126: =VLOOKUP(B126,[1]aggr1.0!$B:$D,3,0) -> UlPathLoss在(-∞;90)范围内的MR数目 | G126: 置空
B127: ulpathloss_level2mrcount | C127: bigint | D127: =VLOOKUP(B127,[1]aggr1.0!$B:$D,3,0) -> UlPathLoss在[90;100）范围内的MR数目 | G127: 置空
B128: ulpathloss_level3mrcount | C128: bigint | D128: =VLOOKUP(B128,[1]aggr1.0!$B:$D,3,0) -> UlPathLoss在[100;110)范围内的MR数目 | G128: 置空
B129: ulpathloss_level4mrcount | C129: bigint | D129: =VLOOKUP(B129,[1]aggr1.0!$B:$D,3,0) -> UlPathLoss在[110;115)范围内的MR数目 | G129: 置空
B130: ulpathloss_level5mrcount | C130: bigint | D130: =VLOOKUP(B130,[1]aggr1.0!$B:$D,3,0) -> UlPathLoss在[115;120)范围内的MR数目 | G130: 置空
B131: ulpathloss_level6mrcount | C131: bigint | D131: =VLOOKUP(B131,[1]aggr1.0!$B:$D,3,0) -> UlPathLoss在[120;130)范围内的MR数目 | G131: 置空
B132: ulpathloss_level7mrcount | C132: bigint | D132: =VLOOKUP(B132,[1]aggr1.0!$B:$D,3,0) -> UlPathLoss在[130;+∞)范围内的MR数目 | G132: 置空
B133: ulpathlossgoodcount | C133: bigint | D133: =VLOOKUP(B133,[1]aggr1.0!$B:$D,3,0) -> UlPathLoss优良数 | G133: 置空
B134: ulpathlossgoodratio | C134: double | D134: =VLOOKUP(B134,[1]aggr1.0!$B:$D,3,0) -> UlPathLoss优良比 | G134: 置空
... B293: avgcceweightedcount | C293: double | D293: =VLOOKUP(B293,[1]aggr1.0!$B:$D,3,0) -> CCE加权分配总数占CCE分配总数比例 | G293: 置空
B294: period_totalmrcount | C294: bigint | D294: 周期性MR数目 | E294: A | G294: sum(period_totalmrcount) | J294: 指标 | K294: 无 | L294: >=0
B295: mdt_totalmrcount | C295: bigint | D295: =VLOOKUP(B295,[1]aggr1.0!$B:$D,3,0) -> MDT MR数目 | G295: 置空
B296: event_totalmrcount | C296: bigint | D296: =VLOOKUP(B296,[1]aggr1.0!$B:$D,3,0) -> 事件性MR数目 | G296: 置空
B297: totalpuschuseprbnum | C297: bigint | D297: =VLOOKUP(B297,[1]aggr1.0!$B:$D,3,0) -> ULPRB实际使用总值 | G297: 置空
B298: totalpdschuseprbnum | C298: bigint | D298: =VLOOKUP(B298,[1]aggr1.0!$B:$D,3,0) -> DLPRB实际使用总值 | G298: 置空
B299: totalrip | C299: double | D299: =VLOOKUP(B299,[1]aggr1.0!$B:$D,3,0) -> RIP总值 | G299: 置空
B300: avgrip | C300: double | D300: =VLOOKUP(B300,[1]aggr1.0!$B:$D,3,0) -> RIP平均值 | G300: 置空
B301: ripcount | C301: bigint | D301: =VLOOKUP(B301,[1]aggr1.0!$B:$D,3,0) -> RIP有效的MR数目 | G301: 置空
B302: rip_level1mrcount | C302: bigint | D302: =VLOOKUP(B302,[1]aggr1.0!$B:$D,3,0) -> RIP在(-∞,-115)范围内的MR数目 | G302: 置空
B303: rip_level2mrcount | C303: bigint | D303: =VLOOKUP(B303,[1]aggr1.0!$B:$D,3,0) -> RIP在[-115,-110)范围内的MR数目 | G303: 置空
B304: rip_level3mrcount | C304: bigint | D304: =VLOOKUP(B304,[1]aggr1.0!$B:$D,3,0) -> RIP在[-110,-105)范围内的MR数目 | G304: 置空
B305: rip_level4mrcount | C305: bigint | D305: =VLOOKUP(B305,[1]aggr1.0!$B:$D,3,0) -> RIP在[-105,-100)范围内的MR数目 | G305: 置空
B306: rip_level5mrcount | C306: bigint | D306: =VLOOKUP(B306,[1]aggr1.0!$B:$D,3,0) -> RIP在[-100,-95)范围内的MR数目 | G306: 置空
... B310: ripgoodratio | C310: double | D310: =VLOOKUP(B310,[1]aggr1.0!$B:$D,3,0) -> RIP优良比 | G310: 置空
B311: mod3interfer_totalrsrp | C311: bigint | D311: Mod3干扰RSRP总值 | E311: A | G311: sum(mod3interfer_totalrsrp) | J311: 指标 | K311: 无 | L311: <0
B312: mod3interfer_mrcount | C312: bigint | D312: Mod3干扰MR数目 | E312: A | G312: sum(mod3interfer_mrcount) | J312: 指标 | K312: 无 | L312: >=0
B313: mod3interfer_avgrsrp | C313: double | D313: Mod3干扰RSRP平均值 | E313: A | G313: sum(mod3interfer_totalrsrp)/sum(mod3interfer_mrcount) | J313: 指标 | K313: 无 | L313: [-140,-43]
B314: mod3interfer_mrratio | C314: double | D314: Mod3干扰MR数目占周期性MR数目比例 | E314: A | G314: sum(mod3interfer_mrcount)/sum(rsrpcount) | J314: 指标 | K314: 无 | L314: [0,1]
B315: celmod3interfermr_totaldis | C315: bigint | D315: 服务小区和Mod3干扰MR之间的距离总值 | E315: A | G315: sum(celmod3interfermr_totaldis) | J315: 指标 | K315: 无 | L315: >=0
B316: celmod3interfermr_avgdis | C316: double | D316: 服务小区和Mod3干扰MR之间的距离平均值 | E316: A | G316: sum(celmod3interfermr_totaldis)/sum(mod3interfermr_sn_cnt) | J316: 指标 | K316: 无 | L316: >=0
B317: compcovgood_mrcount | C317: bigint | D317: 综合覆盖优良MR数目 | E317: A | G317: sum(compcovgood_mrcount) | J317: 指标 | K317: 无 | L317: >=0
B318: compcovprob_mrcount | C318: bigint | D318: 综合覆盖问题MR数目 | E318: A | G318: sum(compcovprob_mrcount) | J318: 指标 | K318: 无 | L318: >=0
B319: compweakcovinterfer_mrcount | C319: bigint | D319: 综合覆盖弱覆盖&干扰MR数目 | E319: A | G319: sum(compweakcovinterfer_mrcount) | J319: 指标 | K319: 无 | L319: >=0
B320: compweakcovonly_mrcount | C320: bigint | D320: 综合覆盖仅弱覆盖MR数目 | E320: A | G320: sum(compweakcovonly_mrcount) | J320: 指标 | K320: 无 | L320: >=0
...

Sheet 23
B1: =HYPERLINK("#导航!a2","返回") -> 返回
B3: 目标表基本信息描述
B4: 主题域 | C4: 目标表英文名 | D4: 目标表中文名 | E4: 数据频度 | F4: 模型主键 | G4: 数据描述 | H4: 推送数据库
B5: 覆盖分析 | C5: aggr_lte_coverage_grd_refactor_d | D5: 4G MR栅格覆盖指标天表 | E5: day | I5: =VLOOKUP(C5,导航!F:Q,12,0) -> 升级
B7: 源表基本信息描述
B8: 来源系统 | C8: 源表英文名 | D8: 源表中文名 | E8: 别名 | F8: 任务描述 | G8: 备注 | H8: 是否主表
C9: aggr_lte_coverage_base_refactor_d | D9: 4G MR小区栅格覆盖指标天表 | E9: A
B12: 详细字段信息
B13: 详细字段信息
B14: PDM字段英文名 | C14: PDM字段类型 | D14: PDM字段中文名（说明） | E14: 源表名 | F14: 源字段英文名 | G14: 算法加工逻辑 | H14: 关联与过滤条件 | I14: 备注 | J14: 字段属性 | K14: 单位 | L14: 取值范围
B15: day | C15: string | D15: 日期 | F15: day | G15: 直取 | J15: 维度 | K15: 无 | L15: 无
B16: regionid | C16: int | D16: 栅格编码 | F16: regionid | G16: 直取 | J16: 维度 | K16: 无 | L16: 无
B17: x_offset | C17: int | D17: 栅格坐标x轴偏移 | F17: x_offset | G17: 直取 | J17: 维度 | K17: 无 | L17: 无
B18: y_offset | C18: int | D18: 栅格坐标y轴偏移 | F18: y_offset | G18: 直取 | J18: 维度 | K18: 无 | L18: 无
B19: provincecode | C19: int | D19: 省编码 | E19: A | F19: p_provincecode | G19: 直取 | J19: 维度 | K19: 无 | L19: 无
B20: citycode | C20: int | D20: 城市编码 | E20: A | F20: citycode | G20: 直取 | J20: 维度 | K20: 无 | L20: 无
B21: districtcode | C21: int | D21: 区县编码 | E21: A | F21: districtcode | G21: 直取 | J21: 维度 | K21: 无 | L21: 无
B22: totalmrlon | C22: double | D22: MR经度总值 | E22: A | G22: sum(totalmrlon) | J22: 指标 | K22: 无 | L22: >=0
B23: totalmrlat | C23: double | D23: MR纬度总值 | E23: A | G23: sum(totalmrlat) | J23: 指标 | K23: 无 | L23: >=0
B24: validlonlat_totalmrcount | C24: bigint | D24: 经纬度有效的MR数目 | E24: A | G24: sum(validlonlat_totalmrcount) | J24: 指标 | K24: 无 | L24: >=0
B25: avgmrlon | C25: double | D25: MR平均经度 | E25: A | G25: sum(totalmrlon)/sum(validlonlat_totalmrcount) | J25: 指标 | K25: 无 | L25: [73,136]
B26: avgmrlat | C26: double | D26: MR平均纬度 | E26: A | G26: sum(totalmrlat)/sum(validlonlat_totalmrcount) | J26: 指标 | K26: 无 | L26: [2,54]
B27: totalrsrp | C27: bigint | D27: RSRP总值 | E27: A | G27: sum(totalrsrp) | J27: 指标 | K27: 无 | L27: <0
B28: avgrsrp | C28: double | D28: RSRP平均值 | E28: A | G28: sum(totalrsrp)/sum(rsrpcount) | J28: 指标 | K28: 无 | L28: [-140,-43]
B29: rsrpcount | C29: bigint | D29: RSRP有效数目 | E29: A | G29: sum(rsrpcount) | J29: 指标 | K29: 无 | L29: >=0
B30: rsrp_level1mrcount | C30: bigint | D30: RSRP在[-75,+∞）范围内的MR数目 | E30: A | G30: sum(rsrp_level1mrcount) | J30: 指标 | K30: 无 | L30: >=0
B31: rsrp_level2mrcount | C31: bigint | D31: RSRP在[-85,-75）范围内的MR数目 | E31: A | G31: sum(rsrp_level2mrcount) | J31: 指标 | K31: 无 | L31: >=0
B32: rsrp_level3mrcount | C32: bigint | D32: RSRP在[-95,-85）范围内的MR数目 | E32: A | G32: sum(rsrp_level3mrcount) | J32: 指标 | K32: 无 | L32: >=0
B33: rsrp_level4mrcount | C33: bigint | D33: RSRP在[-100,-95）范围内的MR数目 | E33: A | G33: sum(rsrp_level4mrcount) | J33: 指标 | K33: 无 | L33: >=0
... B78: cqi_level1mrcount | C78: bigint | D78: CQI在[10;+∞)范围内的MR数目 | E78: A | G78: sum(cqi_level1mrcount) | J78: 指标 | K78: 无 | L78: >=0
B79: cqi_level2mrcount | C79: bigint | D79: CQI在[9;10)范围内的MR数目 | G79: sum(cqi_level2mrcount) | J79: 指标 | K79: 无 | L79: >=0
B80: cqi_level3mrcount | C80: bigint | D80: CQI在[8;9)范围内的MR数目 | G80: sum(cqi_level3mrcount) | J80: 指标 | K80: 无 | L80: >=0
B81: cqi_level4mrcount | C81: bigint | D81: CQI在[6;8)范围内的MR数目 | G81: sum(cqi_level4mrcount) | J81: 指标 | K81: 无 | L81: >=0
B82: cqi_level5mrcount | C82: bigint | D82: CQI在[3;6)范围内的MR数目 | G82: sum(cqi_level5mrcount) | J82: 指标 | K82: 无 | L82: >=0
B83: cqi_level6mrcount | C83: bigint | D83: CQI在[1;3)范围内的MR数目 | G83: sum(cqi_level6mrcount) | J83: 指标 | K83: 无 | L83: >=0
B84: cqi_level7mrcount | C84: bigint | D84: CQI在[0;1)范围内的MR数目 | G84: sum(cqi_level7mrcount) | J84: 指标 | K84: 无 | L84: >=0
B85: cqigoodcount | C85: bigint | D85: CQI优良数 | E85: A | G85: sum(cqigoodcount) | J85: 指标 | K85: 无 | L85: >=0
B86: cqigoodratio | C86: double | D86: CQI优良比 | E86: A | G86: sum(cqigoodcount)/sum(cqicount) | J86: 指标 | K86: 无 | L86: [0,1]
B87: totalidlersrp | C87: bigint | D87: RSRP总值 | G87: 置空 | J87: 指标 | K87: 无 | L87: 空
B88: avgidlersrp | C88: double | D88: RSRP平均值 | G88: 置空 | J88: 指标 | K88: 无 | L88: 空
B89: idlersrpcount | C89: bigint | D89: RSRP有效的MR数目 | G89: 置空 | J89: 指标 | K89: 无 | L89: 空
B90: idlersrp_level1mrcount | C90: bigint | D90: RSRP在[-75;+∞)范围内的MR数目 | G90: 置空 | J90: 指标 | K90: 无 | L90: 空
B91: idlersrp_level2mrcount | C91: bigint | D91: RSRP在[-85;-75)范围内的MR数目 | G91: 置空 | J91: 指标 | K91: 无 | L91: 空
B92: idlersrp_level3mrcount | C92: bigint | D92: RSRP在[-95;-85)范围内的MR数目 | G92: 置空 | J92: 指标 | K92: 无 | L92: 空
B93: idlersrp_level4mrcount | C93: bigint | D93: RSRP在[-100;-95)范围内的MR数目 | G93: 置空 | J93: 指标 | K93: 无 | L93: 空
B94: idlersrp_level5mrcount | C94: bigint | D94: RSRP在[-105;-100)范围内的MR数目 | G94: 置空 | J94: 指标 | K94: 无 | L94: 空
B95: idlersrp_level6mrcount | C95: bigint | D95: RSRP在[-115;-105)范围内的MR数目 | G95: 置空 | J95: 指标 | K95: 无 | L95: 空
B96: idlersrp_level7mrcount | C96: bigint | D96: RSRP在(-∞;-115)范围内的MR数目 | G96: 置空 | J96: 指标 | K96: 无 | L96: 空
B97: idlersrpgoodcount | C97: bigint | D97: RSRP优良数目(>=-105) | G97: 置空 | J97: 指标 | K97: 无 | L97: 空
B98: idlersrpgoodratio | C98: double | D98: RSRP优良比(>=-105) | G98: 置空 | J98: 指标 | K98: 无 | L98: 空
B99: totalphr | C99: bigint | D99: PHR总值 | E99: A | G99: sum(totalphr) | J99: 指标 | K99: 无 | L99: (-∞,+∞)
B100: avgphr | C100: double | D100: PHR平均值 | E100: A | G100: sum(totalphr)/sum(phrcount) | J100: 指标 | K100: 无 | L100: [-23,40]
B101: phrcount | C101: bigint | D101: PHR有效的MR数目 | E101: A | G101: sum(phrcount) | J101: 指标 | K101: 无 | L101: >=0
B102: phr_level1mrcount | C102: bigint | D102: PHR在[30;40]范围内的MR数目 | E102: A | G102: sum(phr_level1mrcount) | J102: 指标 | K102: 无 | L102: >=0
B103: phr_level2mrcount | C103: bigint | D103: PHR在[20;30)范围内的MR数目 | E103: A | G103: sum(phr_level2mrcount) | J103: 指标 | K103: 无 | L103: >=0
B104: phr_level3mrcount | C104: bigint | D104: PHR在[10;20)范围内的MR数目 | E104: A | G104: sum(phr_level3mrcount) | J104: 指标 | K104: 无 | L104: >=0
B105: phr_level4mrcount | C105: bigint | D105: PHR在[0;10)范围内的MR数目 | E105: A | G105: sum(phr_level4mrcount) | J105: 指标 | K105: 无 | L105: >=0
B106: phr_level5mrcount | C106: bigint | D106: PHR在[-5;0)范围内的MR数目 | E106: A | G106: sum(phr_level5mrcount) | J106: 指标 | K106: 无 | L106: >=0
B107: phr_level6mrcount | C107: bigint | D107: PHR在[-10;-5)范围内的MR数目 | E107: A | G107: sum(phr_level6mrcount) | J107: 指标 | K107: 无 | L107: >=0
B108: phr_level7mrcount | C108: bigint | D108: PHR在[-23;-10)范围内的MR数目 | E108: A | G108: sum(phr_level7mrcount) | J108: 指标 | K108: 无 | L108: >=0
B109: phrgoodcount | C109: bigint | D109: PHR优良数 | E109: A | G109: sum(phrgoodcount) | J109: 指标 | K109: 无 | L109: >=0
B110: phrgoodratio | C110: double | D110: PHR优良比 | E110: A | G110: sum(phrgoodcount)/sum(phrcount) | J110: 指标 | K110: 无 | L110: [0,1]
... B122: txpowergoodratio | C122: double | D122: TxPower优良比 | E122: A | G122: sum(txpowergoodcount)/sum(txpowercount) | J122: 指标 | K122: 无 | L122: [0,1]
B123: totalulpathloss | C123: bigint | D123: =VLOOKUP(B123,[1]aggr1.0!$B:$D,3,0) -> UlPathLoss总值 | G123: 置空
B124: avgulpathloss | C124: double | D124: =VLOOKUP(B124,[1]aggr1.0!$B:$D,3,0) -> UlPathLoss平均值 | G124: 置空
B125: ulpathlosscount | C125: bigint | D125: =VLOOKUP(B125,[1]aggr1.0!$B:$D,3,0) -> UlPathLoss有效的MR数目 | G125: 置空
B126: ulpathloss_level1mrcount | C126: bigint | D126: =VLOOKUP(B126,[1]aggr1.0!$B:$D,3,0) -> UlPathLoss在(-∞;90)范围内的MR数目 | G126: 置空
B127: ulpathloss_level2mrcount | C127: bigint | D127: =VLOOKUP(B127,[1]aggr1.0!$B:$D,3,0) -> UlPathLoss在[90;100）范围内的MR数目 | G127: 置空
B128: ulpathloss_level3mrcount | C128: bigint | D128: =VLOOKUP(B128,[1]aggr1.0!$B:$D,3,0) -> UlPathLoss在[100;110)范围内的MR数目 | G128: 置空
B129: ulpathloss_level4mrcount | C129: bigint | D129: =VLOOKUP(B129,[1]aggr1.0!$B:$D,3,0) -> UlPathLoss在[110;115)范围内的MR数目 | G129: 置空
B130: ulpathloss_level5mrcount | C130: bigint | D130: =VLOOKUP(B130,[1]aggr1.0!$B:$D,3,0) -> UlPathLoss在[115;120)范围内的MR数目 | G130: 置空
B131: ulpathloss_level6mrcount | C131: bigint | D131: =VLOOKUP(B131,[1]aggr1.0!$B:$D,3,0) -> UlPathLoss在[120;130)范围内的MR数目 | G131: 置空
B132: ulpathloss_level7mrcount | C132: bigint | D132: =VLOOKUP(B132,[1]aggr1.0!$B:$D,3,0) -> UlPathLoss在[130;+∞)范围内的MR数目 | G132: 置空
B133: ulpathlossgoodcount | C133: bigint | D133: =VLOOKUP(B133,[1]aggr1.0!$B:$D,3,0) -> UlPathLoss优良数 | G133: 置空
B134: ulpathlossgoodratio | C134: double | D134: =VLOOKUP(B134,[1]aggr1.0!$B:$D,3,0) -> UlPathLoss优良比 | G134: 置空
... B293: avgcceweightedcount | C293: double | D293: =VLOOKUP(B293,[1]aggr1.0!$B:$D,3,0) -> CCE加权分配总数占CCE分配总数比例 | G293: 置空
B294: period_totalmrcount | C294: bigint | D294: 周期性MR数目 | E294: A | G294: sum(period_totalmrcount) | J294: 指标 | K294: 无 | L294: >=0
B295: mdt_totalmrcount | C295: bigint | D295: =VLOOKUP(B295,[1]aggr1.0!$B:$D,3,0) -> MDT MR数目 | G295: 置空
B296: event_totalmrcount | C296: bigint | D296: =VLOOKUP(B296,[1]aggr1.0!$B:$D,3,0) -> 事件性MR数目 | G296: 置空
B297: totalpuschuseprbnum | C297: bigint | D297: =VLOOKUP(B297,[1]aggr1.0!$B:$D,3,0) -> ULPRB实际使用总值 | G297: 置空
B298: totalpdschuseprbnum | C298: bigint | D298: =VLOOKUP(B298,[1]aggr1.0!$B:$D,3,0) -> DLPRB实际使用总值 | G298: 置空
B299: totalrip | C299: double | D299: =VLOOKUP(B299,[1]aggr1.0!$B:$D,3,0) -> RIP总值 | G299: 置空
B300: avgrip | C300: double | D300: =VLOOKUP(B300,[1]aggr1.0!$B:$D,3,0) -> RIP平均值 | G300: 置空
B301: ripcount | C301: bigint | D301: =VLOOKUP(B301,[1]aggr1.0!$B:$D,3,0) -> RIP有效的MR数目 | G301: 置空
B302: rip_level1mrcount | C302: bigint | D302: =VLOOKUP(B302,[1]aggr1.0!$B:$D,3,0) -> RIP在(-∞,-115)范围内的MR数目 | G302: 置空
B303: rip_level2mrcount | C303: bigint | D303: =VLOOKUP(B303,[1]aggr1.0!$B:$D,3,0) -> RIP在[-115,-110)范围内的MR数目 | G303: 置空
B304: rip_level3mrcount | C304: bigint | D304: =VLOOKUP(B304,[1]aggr1.0!$B:$D,3,0) -> RIP在[-110,-105)范围内的MR数目 | G304: 置空
B305: rip_level4mrcount | C305: bigint | D305: =VLOOKUP(B305,[1]aggr1.0!$B:$D,3,0) -> RIP在[-105,-100)范围内的MR数目 | G305: 置空
B306: rip_level5mrcount | C306: bigint | D306: =VLOOKUP(B306,[1]aggr1.0!$B:$D,3,0) -> RIP在[-100,-95)范围内的MR数目 | G306: 置空
... B310: ripgoodratio | C310: double | D310: =VLOOKUP(B310,[1]aggr1.0!$B:$D,3,0) -> RIP优良比 | G310: 置空
B311: mod3interfer_totalrsrp | C311: bigint | D311: Mod3干扰RSRP总值 | E311: A | G311: sum(mod3interfer_totalrsrp) | J311: 指标 | K311: 无 | L311: <0
B312: mod3interfer_mrcount | C312: bigint | D312: Mod3干扰MR数目 | E312: A | G312: sum(mod3interfer_mrcount) | J312: 指标 | K312: 无 | L312: >=0
B313: mod3interfer_avgrsrp | C313: double | D313: Mod3干扰RSRP平均值 | E313: A | G313: sum(mod3interfer_totalrsrp)/sum(mod3interfer_mrcount) | J313: 指标 | K313: 无 | L313: [-140,-43]
B314: mod3interfer_mrratio | C314: double | D314: Mod3干扰MR数目占周期性MR数目比例 | E314: A | G314: sum(mod3interfer_mrcount)/sum(rsrpcount) | J314: 指标 | K314: 无 | L314: [0,1]
B315: celmod3interfermr_totaldis | C315: bigint | D315: 服务小区和Mod3干扰MR之间的距离总值 | E315: A | G315: sum(celmod3interfermr_totaldis) | J315: 指标 | K315: 无 | L315: >=0
B316: celmod3interfermr_avgdis | C316: double | D316: 服务小区和Mod3干扰MR之间的距离平均值 | E316: A | G316: sum(celmod3interfermr_totaldis)/sum(mod3interfermr_sn_cnt) | J316: 指标 | K316: 无 | L316: >=0
B317: compcovgood_mrcount | C317: bigint | D317: 综合覆盖优良MR数目 | E317: A | G317: sum(compcovgood_mrcount) | J317: 指标 | K317: 无 | L317: >=0
B318: compcovprob_mrcount | C318: bigint | D318: 综合覆盖问题MR数目 | E318: A | G318: sum(compcovprob_mrcount) | J318: 指标 | K318: 无 | L318: >=0
B319: compweakcovinterfer_mrcount | C319: bigint | D319: 综合覆盖弱覆盖&干扰MR数目 | E319: A | G319: sum(compweakcovinterfer_mrcount) | J319: 指标 | K319: 无 | L319: >=0
B320: compweakcovonly_mrcount | C320: bigint | D320: 综合覆盖仅弱覆盖MR数目 | E320: A | G320: sum(compweakcovonly_mrcount) | J320: 指标 | K320: 无 | L320: >=0
...

Sheet 24
B1: =HYPERLINK("#导航!a2","返回") -> 返回
B3: 目标表基本信息描述
B4: 主题域 | C4: 目标表英文名 | D4: 目标表中文名 | E4: 数据频度 | F4: 模型主键 | G4: 数据描述 | H4: 推送数据库
B5: 覆盖分析 | C5: aggr_lte_coverage_reduce_base_refactor_d | D5: 电信4G MR小区栅格指标裁剪天表 | E5: day | I5: =VLOOKUP(C5,导航!F:Q,12,0) -> 升级
B7: 源表基本信息描述
B8: 来源系统 | C8: 源表英文名 | D8: 源表中文名 | E8: 别名 | F8: 任务描述 | G8: 备注 | H8: 是否主表
C9: aggr_lte_coverage_base_refactor_d | D9: 4G MR小区栅格覆盖指标天表 | E9: A
B12: 详细字段信息
B13: 详细字段信息
B14: PDM字段英文名 | C14: PDM字段类型 | D14: PDM字段中文名（说明） | E14: 源表名 | F14: 源字段英文名 | G14: 算法加工逻辑 | H14: 关联与过滤条件 | I14: 备注 | J14: 字段属性 | K14: 单位 | L14: 取值范围
B15: day | C15: string | D15: 日期 | F15: day | G15: 直取 | J15: 维度 | K15: 无 | L15: 无
B16: cellkey | C16: string | D16: 小区cellkey | F16: cellkey | G16: 直取 | J16: 维度 | K16: 无 | L16: 无
B17: dlearfcn | C17: int | D17: 下行频点 | F17: dlearfcn | G17: 直取 | J17: 维度 | K17: 无 | L17: 无
B18: rattypeid | C18: int | D18: 频点所属制式：6:LTEFDD 7:LTETDD 8:NB-IOT 14:IP-Integrate 255:Plat | F18: rattypeid | G18: 直取 | J18: 维度 | K18: 无 | L18: 无
B19: regionid | C19: int | D19: 栅格编码 | F19: regionid | G19: 直取 | J19: 维度 | K19: 无 | L19: 无
B20: x_offset | C20: int | D20: 栅格坐标x轴偏移 | F20: x_offset | G20: 直取 | J20: 维度 | K20: 无 | L20: 无
B21: y_offset | C21: int | D21: 栅格坐标y轴偏移 | F21: y_offset | G21: 直取 | J21: 维度 | K21: 无 | L21: 无
B22: plmn | C22: string | D22: UE接入E-utran网络使用的PLMN号。 | E22: A | F22: plmn | G22: 直取 | J22: 维度 | K22: 无 | L22: 无
B23: positionmark | C23: int | D23: 室内外位置区分结果，0：室内，1：室外，2:未知 | E23: A | F23: positionmark | G23: 直取 | J23: 维度 | K23: 无 | L23: 无
B24: totalmrlon | C24: double | D24: MR经度总值 | E24: A | G24: sum(totalmrlon) | J24: 指标 | K24: 无 | L24: >=0
B25: totalmrlat | C25: double | D25: MR纬度总值 | E25: A | G25: sum(totalmrlat) | J25: 指标 | K25: 无 | L25: >=0
B26: validlonlat_totalmrcount | C26: bigint | D26: 经纬度有效的MR数目 | E26: A | G26: sum(validlonlat_totalmrcount) | J26: 指标 | K26: 无 | L26: >=0
B27: avgmrlon | C27: double | D27: MR平均经度 | E27: A | G27: sum(totalmrlon)/sum(validlonlat_totalmrcount) | J27: 指标 | K27: 无 | L27: [73,136]
B28: avgmrlat | C28: double | D28: MR平均纬度 | E28: A | G28: sum(totalmrlat)/sum(validlonlat_totalmrcount) | J28: 指标 | K28: 无 | L28: [2,54]
B29: totalrsrp | C29: bigint | D29: RSRP总值 | E29: A | G29: sum(totalrsrp) | J29: 指标 | K29: 无 | L29: <0
B30: avgrsrp | C30: double | D30: RSRP平均值 | E30: A | G30: sum(totalrsrp)/sum(rsrpcount) | J30: 指标 | K30: 无 | L30: [-140,-43]
B31: rsrpcount | C31: bigint | D31: RSRP有效数目 | E31: A | G31: sum(rsrpcount) | J31: 指标 | K31: 无 | L31: >=0
B32: rsrp_5div_level1mrcount | C32: bigint | D32: RSRP在[-75,-43]范围内的MR数目 | E32: A | G32: sum(rsrp_5div_level1mrcount) | J32: 指标 | K32: 无 | L32: >=0
B33: rsrp_5div_level2mrcount | C33: bigint | D33: RSRP在[-80,-75)范围内的MR数目 | E33: A | G33: sum(rsrp_5div_level2mrcount) | J33: 指标 | K33: 无 | L33: >=0
B34: rsrp_5div_level3mrcount | C34: bigint | D34: RSRP在[-85,-80)范围内的MR数目 | E34: A | G34: sum(rsrp_5div_level3mrcount) | J34: 指标 | K34: 无 | L34: >=0
B35: rsrp_5div_level4mrcount | C35: bigint | D35: RSRP在[-90,-85)范围内的MR数目 | E35: A | G35: sum(rsrp_5div_level4mrcount) | J35: 指标 | K35: 无 | L35: >=0
... B73: cqi_level1mrcount | C73: bigint | D73: CQI在[10;+∞)范围内的MR数目 | E73: A | G73: sum(cqi_level1mrcount) | J73: 指标 | K73: 无 | L73: >=0
B74: cqi_level2mrcount | C74: bigint | D74: CQI在[9;10)范围内的MR数目 | G74: sum(cqi_level2mrcount) | J74: 指标 | K74: 无 | L74: >=0
B75: cqi_level3mrcount | C75: bigint | D75: CQI在[8;9)范围内的MR数目 | G75: sum(cqi_level3mrcount) | J75: 指标 | K75: 无 | L75: >=0
B76: cqi_level4mrcount | C76: bigint | D76: CQI在[6;8)范围内的MR数目 | G76: sum(cqi_level4mrcount) | J76: 指标 | K76: 无 | L76: >=0
B77: cqi_level5mrcount | C77: bigint | D77: CQI在[3;6)范围内的MR数目 | G77: sum(cqi_level5mrcount) | J77: 指标 | K77: 无 | L77: >=0
B78: cqi_level6mrcount | C78: bigint | D78: CQI在[1;3)范围内的MR数目 | G78: sum(cqi_level6mrcount) | J78: 指标 | K78: 无 | L78: >=0
B79: cqi_level7mrcount | C79: bigint | D79: CQI在[0;1)范围内的MR数目 | G79: sum(cqi_level7mrcount) | J79: 指标 | K79: 无 | L79: >=0
B80: cqigoodcount | C80: bigint | D80: CQI优良数 | E80: A | G80: sum(cqigoodcount) | J80: 指标 | K80: 无 | L80: >=0
B81: cqigoodratio | C81: double | D81: CQI优良比 | E81: A | G81: sum(cqigoodcount)/sum(cqicount) | J81: 指标 | K81: 无 | L81: [0,1]
B82: totalphr | C82: bigint | D82: PHR总值 | E82: A | G82: sum(totalphr) | J82: 指标 | K82: 无 | L82: (-∞,+∞)
B83: avgphr | C83: double | D83: PHR平均值 | E83: A | G83: sum(totalphr)/sum(phrcount) | J83: 指标 | K83: 无 | L83: [-23,40]
B84: phrcount | C84: bigint | D84: PHR有效的MR数目 | E84: A | G84: sum(phrcount) | J84: 指标 | K84: 无 | L84: >=0
B85: phr_level1mrcount | C85: bigint | D85: PHR在[30;40]范围内的MR数目 | E85: A | G85: sum(phr_level1mrcount) | J85: 指标 | K85: 无 | L85: >=0
B86: phr_level2mrcount | C86: bigint | D86: PHR在[20;30)范围内的MR数目 | E86: A | G86: sum(phr_level2mrcount) | J86: 指标 | K86: 无 | L86: >=0
B87: phr_level3mrcount | C87: bigint | D87: PHR在[10;20)范围内的MR数目 | E87: A | G87: sum(phr_level3mrcount) | J87: 指标 | K87: 无 | L87: >=0
B88: phr_level4mrcount | C88: bigint | D88: PHR在[0;10)范围内的MR数目 | E88: A | G88: sum(phr_level4mrcount) | J88: 指标 | K88: 无 | L88: >=0
B89: phr_level5mrcount | C89: bigint | D89: PHR在[-5;0)范围内的MR数目 | E89: A | G89: sum(phr_level5mrcount) | J89: 指标 | K89: 无 | L89: >=0
B90: phr_level6mrcount | C90: bigint | D90: PHR在[-10;-5)范围内的MR数目 | E90: A | G90: sum(phr_level6mrcount) | J90: 指标 | K90: 无 | L90: >=0
B91: phr_level7mrcount | C91: bigint | D91: PHR在[-23;-10)范围内的MR数目 | E91: A | G91: sum(phr_level7mrcount) | J91: 指标 | K91: 无 | L91: >=0
... B109: overshoot_mrratio | C109: double | D109: 过覆盖MR率 | E109: A | G109: sum(overshoot_mrcount)/sum(rsrpcount) | J109: 指标 | K109: 无 | L109: [0,1]
B110: citycode | C110: int | D110: 城市编码 | E110: A | F110: citycode | G110: 直取 | I110: 新增字段 | J110: 维度 | K110: 无 | L110: 无
B111: districtcode | C111: int | D111: 区县编码 | E111: A | F111: districtcode | G111: 直取 | I111: 新增字段 | J111: 维度 | K111: 无 | L111: 无
B112: province | C112: string | D112: 省名称 | E112: A | F112: province | G112: 直取 | I112: 新增字段 | J112: 维度 | K112: 无 | L112: 无
B113: city | C113: string | D113: 城市名称 | E113: A | F113: city | G113: 直取 | I113: 新增字段 | J113: 维度 | K113: 无 | L113: 无
B114: district | C114: string | D114: 区县名称 | E114: A | F114: district | G114: 直取 | I114: 新增字段 | J114: 维度 | K114: 无 | L114: 无
B115: data_source | C115: int | D115: 数据类型标识，根据数据来源打标。 电信承建：0 联通承建：1 | E115: A | F115: data_source | G115: 直取 | I115: 新增字段 | J115: 维度 | K115: 无 | L115: 无
B116: freq | C116: string | D116: 频段 | E116: A | F116: freq | G116: 直取 | I116: 新增字段 | J116: 维度 | K116: 无 | L116: 无
B117: bad_mr_cnt | C117: int | D117: 质差MR采样点数量 | E117: A | G117: sum(bad_mr_cnt) | I117: 新增字段 | J117: 指标 | K117: 无 | L117: >=0
B118: rsrpf105_sinrf3_cnt | C118: bigint | D118: rsrp≥-105且SINR≥-3的采样点个数 | E118: A | G118: sum(rsrpf105_sinrf3_cnt) | I118: 新增字段 | J118: 指标 | K118: 无 | L118: >=0
B119: rsrpf105_sinr0_cnt | C119: bigint | D119: rsrp≥-105且SINR≥0的采样点个数 | E119: A | G119: sum(rsrpf105_sinr0_cnt) | I119: 新增字段 | J119: 指标 | K119: 无 | L119: >=0
B120: rsrpf105_sinr3_cnt | C120: bigint | D120: rsrp≥-105且SINR≥3的采样点个数 | E120: A | G120: sum(rsrpf105_sinr3_cnt) | I120: 新增字段 | J120: 指标 | K120: 无 | L120: >=0
B121: rsrpf110_sinrf3_cnt | C121: bigint | D121: rsrp≥-110且SINR≥-3的采样点个数 | E121: A | G121: sum(rsrpf110_sinrf3_cnt) | I121: 新增字段 | J121: 指标 | K121: 无 | L121: >=0
B122: rsrpf110_sinr0_cnt | C122: bigint | D122: rsrp≥-110且SINR≥0的采样点个数 | E122: A | G122: sum(rsrpf110_sinr0_cnt) | I122: 新增字段 | J122: 指标 | K122: 无 | L122: >=0
B123: rsrpf110_sinr3_cnt | C123: bigint | D123: rsrp≥-110且SINR≥3的采样点个数 | E123: A | G123: sum(rsrpf110_sinr3_cnt) | I123: 新增字段 | J123: 指标 | K123: 无 | L123: >=0
B124: validrsrp_sinr_cnt | C124: bigint | D124: RSRP且SINR有效采样点个数 | E124: A | G124: sum(validrsrp_sinr_cnt) | I124: 新增字段 | J124: 指标 | K124: 无 | L124: >=0
B125: cqi_cnt_0_7 | C125: bigint | D125: CQI在[0;7)范围内的MR数目 | E125: A | G125: sum(cqi_cnt_0_7) | I125: 新增字段 | J125: 指标 | K125: 无 | L125: >=0
B126: cqi_cnt_7_15 | C126: bigint | D126: CQI在[7;15]范围内的MR数目 | E126: A | G126: sum(cqi_cnt_7_15) | I126: 新增字段 | J126: 指标 | K126: 无 | L126: >=0
B127: p_provincecode | C127: int | D127: 省分区
B128: p_date | C128: string | D128: 天分区

Sheet 25
B1: =HYPERLINK("#导航!a2","返回") -> 返回
B3: 目标表基本信息描述
B4: 主题域 | C4: 目标表英文名 | D4: 目标表中文名 | E4: 数据频度 | F4: 模型主键 | G4: 数据描述 | H4: 推送数据库
B5: 应用 | C5: aggr_lte_coverage_base_reduce_refactor_d | D5: 电信4G MR小区栅格中心经纬度天表 | E5: day | G5: 升级，替换输入表及算法 | I5: =VLOOKUP(C5,导航!F:Q,12,0) -> 升级
B7: 源表基本信息描述
B8: 来源系统 | C8: 源表英文名 | D8: 源表中文名 | E8: 别名 | F8: 任务描述 | G8: 备注 | H8: 是否主表
C9: aggr_lte_coverage_reduce_base_refactor_d | D9: 4G MR小区栅格覆盖指标裁剪天表 | E9: A | F9: 过滤条件：plmn='46011' and data_source=0
B12: 详细字段信息
B13: 详细字段信息
B14: PDM字段英文名 | C14: PDM字段类型 | D14: PDM字段中文名（说明） | E14: 源表名 | F14: 源字段英文名 | G14: 算法加工逻辑 | H14: 关联与过滤条件 | I14: 备注 | J14: 字段属性 | K14: 单位 | L14: 取值范围
B15: day | C15: string | D15: 日期 | E15: A | F15: p_date | G15: 直取 | J15: 维度 | K15: 无 | L15: 无
B16: cellkey | C16: string | D16: 小区唯一标识 | E16: A | F16: cellkey | G16: 直取 | J16: 维度 | K16: 无 | L16: 无
B17: dlearfcn | C17: int | D17: 下行频点号 | E17: A | F17: dlearfcn | G17: 直取 | J17: 维度 | K17: 无 | L17: 无
B18: rattypeid | C18: int | D18: 频点所属制式：6:LTEFDD 7:LTETDD 8:NB-IOT 14:IP-Integrate 255:Plat | E18: A | F18: rattypeid | G18: 直取 | J18: 维度 | K18: 无 | L18: 无
B19: provincecode | C19: int | D19: 省编码 | E19: A | F19: p_provincecode | G19: 直取 | J19: 维度 | K19: 无 | L19: 无
B20: citycode | C20: int | D20: 城市编码 | E20: A | F20: citycode | G20: 直取 | J20: 维度 | K20: 无 | L20: 无
B21: districtcode | C21: int | D21: 区县编码 | E21: A | F21: districtcode | G21: 直取 | J21: 维度 | K21: 无 | L21: 无
B22: center_lon | C22: double | D22: 栅格中心经度 | E22: A | G22: 栅格转经纬度 | J22: 维度 | K22: 无 | L22: 无
B23: center_lat | C23: double | D23: 栅格中心纬度 | E23: A | G23: 栅格转经纬度 | J23: 维度 | K23: 无 | L23: 无
B24: validlonlat_totalmrcount | C24: bigint | D24: 经纬度有效的MR数目 | E24: A | G24: sum(validlonlat_totalmrcount) | J24: 指标 | K24: 无 | L24: >=0
B25: totalrsrp | C25: bigint | D25: RSRP总值 | E25: A | G25: sum(totalrsrp) | J25: 指标 | K25: 无 | L25: <0
B26: avgrsrp | C26: double | D26: RSRP平均值 | E26: A | G26: sum(totalrsrp)/sum(rsrpcount) | J26: 指标 | K26: 无 | L26: [-140,-43]
B27: rsrpcount | C27: bigint | D27: RSRP有效数目 | E27: A | G27: sum(rsrpcount) | J27: 指标 | K27: 无 | L27: >=0
B28: rsrp_level1mrcount | C28: bigint | D28: RSRP在[-75,+∞）范围内的MR数目 | E28: A | G28: sum(rsrp_5div_level1mrcount) | J28: 指标 | K28: 无 | L28: >=0
B29: rsrp_level2mrcount | C29: bigint | D29: RSRP在[-85,-75）范围内的MR数目 | E29: A | G29: sum(rsrp_5div_level2mrcount+rsrp_5div_level3mrcount) | J29: 指标 | K29: 无 | L29: >=0
B30: rsrp_level3mrcount | C30: bigint | D30: RSRP在[-95,-85）范围内的MR数目 | E30: A | G30: sum(rsrp_5div_level4mrcount+rsrp_5div_level5mrcount) | J30: 指标 | K30: 无 | L30: >=0
B31: rsrp_level4mrcount | C31: bigint | D31: RSRP在[-100,-95）范围内的MR数目 | E31: A | G31: sum(rsrp_5div_level6mrcount) | J31: 指标 | K31: 无 | L31: >=0
B32: rsrp_level5mrcount | C32: bigint | D32: RSRP在[-105,-100）范围内的MR数目 | E32: A | G32: sum(rsrp_5div_level7mrcount) | J32: 指标 | K32: 无 | L32: >=0
B33: rsrp_level6mrcount | C33: bigint | D33: RSRP在[-115,-105）范围内的MR数目 | E33: A | G33: sum(rsrp_5div_level8mrcount+rsrp_5div_level11mrcount+rsrp_5div_level12mrcount) | J33: 指标 | K33: 无 | L33: >=0
... B49: rsrpcoveragecount | C49: bigint | D49: RSRP在[-110,+∞）范围内的MR数目 | E49: A | G49: sum(rsrpcount-rsrp_5div_level9mrcount-rsrp_5div_level10mrcount) | J49: 指标 | K49: 无 | L49: >=0
B50: p_provincecode | C50: int | D50: 省分区
B51: p_date | C51: string | D51: 天分区

Sheet 26
B1: =HYPERLINK("#导航!a2","返回") -> 返回
B3: 目标表基本信息描述
B4: 主题域 | C4: 目标表英文名 | D4: 目标表中文名 | E4: 数据频度 | F4: 模型主键 | G4: 数据描述 | H4: 推送数据库
B5: 覆盖分析 | C5: aggr_lte_coverageagps_base_refactor_d | D5: 4G AGPS MR小区栅格覆盖指标天表 | E5: day | I5: =VLOOKUP(C5,导航!F:Q,12,0) -> 升级
B7: 源表基本信息描述
B8: 来源系统 | C8: 源表英文名 | D8: 源表中文名 | E8: 别名 | F8: 任务描述 | G8: 备注 | H8: 是否主表
C9: aggr_lte_coverage_base_refactor_d | D9: 4G MR小区栅格覆盖指标天表 | E9: A | F9: 过滤条件：is_agps=1
B12: 详细字段信息
B13: 详细字段信息
B14: PDM字段英文名 | C14: PDM字段类型 | D14: PDM字段中文名（说明） | E14: 源表名 | F14: 源字段英文名 | G14: 算法加工逻辑 | H14: 关联与过滤条件 | I14: 备注 | J14: 字段属性 | K14: 单位 | L14: 取值范围
B15: day | C15: string | D15: 日期 | F15: day | G15: 直取 | J15: 维度 | K15: 无 | L15: 无
B16: cellkey | C16: string | D16: 小区cellkey | F16: cellkey | G16: 直取 | J16: 维度 | K16: 无 | L16: 无
B17: dlearfcn | C17: int | D17: 下行频点 | F17: dlearfcn | G17: 直取 | J17: 维度 | K17: 无 | L17: 无
B18: rattypeid | C18: int | D18: 频点所属制式：6:LTEFDD 7:LTETDD 8:NB-IOT 14:IP-Integrate 255:Plat | F18: rattypeid | G18: 直取 | J18: 维度 | K18: 无 | L18: 无
B19: regionid | C19: int | D19: 栅格编码 | F19: regionid | G19: 直取 | J19: 维度 | K19: 无 | L19: 无
B20: x_offset_20 | C20: int | D20: 栅格坐标x轴偏移 | F20: x_offset | G20: 直取 | J20: 维度 | K20: 无 | L20: 无
B21: y_offset_20 | C21: int | D21: 栅格坐标y轴偏移 | F21: y_offset | G21: 直取 | J21: 维度 | K21: 无 | L21: 无
B22: validta_agpstotalmrcount | C22: bigint | D22: TA有效的MR数目 | E22: A | G22: 置空
B23: validta_agpstotalrsrp | C23: bigint | D23: TA有效的总RSRP值 | E23: A | G23: 置空
B24: validta_agpsavgrsrp | C24: double | D24: TA有效的平均RSRP值 | E24: A | G24: 置空
B25: totalmrlon | C25: double | D25: MR经度总值 | E25: A | G25: sum(totalmrlon) | J25: 指标 | K25: 无 | L25: >=0
B26: totalmrlat | C26: double | D26: MR纬度总值 | E26: A | G26: sum(totalmrlat) | J26: 指标 | K26: 无 | L26: >=0
B27: validlonlat_totalmrcount | C27: bigint | D27: 经纬度有效的MR数目 | E27: A | G27: sum(validlonlat_totalmrcount) | J27: 指标 | K27: 无 | L27: >=0
B28: avgmrlon | C28: double | D28: MR平均经度 | E28: A | G28: sum(totalmrlon)/sum(validlonlat_totalmrcount) | J28: 指标 | K28: 无 | L28: [73,136]
B29: avgmrlat | C29: double | D29: MR平均纬度 | E29: A | G29: sum(totalmrlat)/sum(validlonlat_totalmrcount) | J29: 指标 | K29: 无 | L29: [2,54]
B30: totalrsrp | C30: bigint | D30: RSRP总值 | E30: A | G30: sum(totalrsrp) | J30: 指标 | K30: 无 | L30: <0
B31: avgrsrp | C31: double | D31: RSRP平均值 | E31: A | G31: sum(totalrsrp)/sum(rsrpcount) | J31: 指标 | K31: 无 | L31: [-140,-43]
B32: rsrpcount | C32: bigint | D32: RSRP有效数目 | E32: A | G32: sum(rsrpcount) | J32: 指标 | K32: 无 | L32: >=0
B33: rsrp_level1mrcount | C33: bigint | D33: RSRP在[-75,+∞）范围内的MR数目 | E33: A | G33: sum(rsrp_level1mrcount) | J33: 指标 | K33: 无 | L33: >=0
B34: rsrp_level2mrcount | C34: bigint | D34: RSRP在[-85,-75）范围内的MR数目 | E34: A | G34: sum(rsrp_level2mrcount) | J34: 指标 | K34: 无 | L34: >=0
B35: rsrp_level3mrcount | C35: bigint | D35: RSRP在[-95,-85）范围内的MR数目 | E35: A | G35: sum(rsrp_level3mrcount) | J35: 指标 | K35: 无 | L35: >=0
B36: rsrp_level4mrcount | C36: bigint | D36: RSRP在[-100,-95）范围内的MR数目 | E36: A | G36: sum(rsrp_level4mrcount) | J36: 指标 | K36: 无 | L36: >=0
... B77: dlsinrgoodratio | C77: double | D77: ULSINR优良比(>=0) | E77: A | G77: sum(dlsinrgoodcount)/sum(dlsinrcount) | J77: 指标 | K77: 无 | L77: [0,1]
B78: totalidlersrp | C78: bigint | D78: RSRP总值 | G78: 置空 | J78: 指标 | K78: 无 | L78: 空
B79: avgidlersrp | C79: double | D79: RSRP平均值 | G79: 置空 | J79: 指标 | K79: 无 | L79: 空
B80: idlersrpcount | C80: bigint | D80: RSRP有效的MR数目 | G80: 置空 | J80: 指标 | K80: 无 | L80: 空
B81: idlersrp_level1mrcount | C81: bigint | D81: RSRP在[-75;+∞)范围内的MR数目 | G81: 置空 | J81: 指标 | K81: 无 | L81: 空
B82: idlersrp_level2mrcount | C82: bigint | D82: RSRP在[-85;-75)范围内的MR数目 | G82: 置空 | J82: 指标 | K82: 无 | L82: 空
B83: idlersrp_level3mrcount | C83: bigint | D83: RSRP在[-95;-85)范围内的MR数目 | G83: 置空 | J83: 指标 | K83: 无 | L83: 空
B84: idlersrp_level4mrcount | C84: bigint | D84: RSRP在[-100;-95)范围内的MR数目 | G84: 置空 | J84: 指标 | K84: 无 | L84: 空
B85: idlersrp_level5mrcount | C85: bigint | D85: RSRP在[-105;-100)范围内的MR数目 | G85: 置空 | J85: 指标 | K85: 无 | L85: 空
B86: idlersrp_level6mrcount | C86: bigint | D86: RSRP在[-115;-105)范围内的MR数目 | G86: 置空 | J86: 指标 | K86: 无 | L86: 空
B87: idlersrp_level7mrcount | C87: bigint | D87: RSRP在(-∞;-115)范围内的MR数目 | G87: 置空 | J87: 指标 | K87: 无 | L87: 空
B88: idlersrpgoodcount | C88: bigint | D88: RSRP优良数目(>=-105) | G88: 置空 | J88: 指标 | K88: 无 | L88: 空
B89: idlersrpgoodratio | C89: double | D89: RSRP优良比(>=-105) | G89: 置空 | J89: 指标 | K89: 无 | L89: 空
B90: period_totalmrcount | C90: bigint | D90: 周期性MR数目 | E90: A | G90: sum(period_totalmrcount) | J90: 指标 | K90: 无 | L90: >=0
B91: mod3interfer_totalrsrp | C91: bigint | D91: Mod3干扰RSRP总值 | E91: A | G91: sum(mod3interfer_totalrsrp) | J91: 指标 | K91: 无 | L91: <0
B92: mod3interfer_mrcount | C92: bigint | D92: Mod3干扰MR数目 | E92: A | G92: sum(mod3interfer_mrcount) | J92: 指标 | K92: 无 | L92: >=0
B93: mod3interfer_avgrsrp | C93: double | D93: Mod3干扰RSRP平均值 | E93: A | G93: sum(mod3interfer_totalrsrp)/sum(mod3interfer_mrcount) | J93: 指标 | K93: 无 | L93: [-140,-43]
B94: mod3interfer_mrratio | C94: double | D94: Mod3干扰MR数目占周期性MR数目比例 | E94: A | G94: sum(mod3interfer_mrcount)/sum(rsrpcount) | J94: 指标 | K94: 无 | L94: [0,1]
B95: celmod3interfermr_totaldis | C95: bigint | D95: 服务小区和Mod3干扰MR之间的距离总值 | E95: A | G95: sum(celmod3interfermr_totaldis) | J95: 指标 | K95: 无 | L95: >=0
B96: celmod3interfermr_avgdis | C96: double | D96: 服务小区和Mod3干扰MR之间的距离平均值 | E96: A | G96: sum(celmod3interfermr_totaldis)/sum(mod3interfermr_sn_cnt) | J96: 指标 | K96: 无 | L96: >=0
B97: compcovgood_mrcount | C97: bigint | D97: 综合覆盖优良MR数目 | E97: A | G97: sum(compcovgood_mrcount) | J97: 指标 | K97: 无 | L97: >=0
B98: compcovprob_mrcount | C98: bigint | D98: 综合覆盖问题MR数目 | E98: A | G98: sum(compcovprob_mrcount) | J98: 指标 | K98: 无 | L98: >=0
B99: compweakcovinterfer_mrcount | C99: bigint | D99: 综合覆盖弱覆盖&干扰MR数目 | E99: A | G99: sum(compweakcovinterfer_mrcount) | J99: 指标 | K99: 无 | L99: >=0
B100: compweakcovonly_mrcount | C100: bigint | D100: 综合覆盖仅弱覆盖MR数目 | E100: A | G100: sum(compweakcovonly_mrcount) | J100: 指标 | K100: 无 | L100: >=0
B101: compinterferonly_mrcount | C101: bigint | D101: 综合覆盖仅干扰MR数目 | E101: A | G101: sum(compinterferonly_mrcount) | J101: 指标 | K101: 无 | L101: >=0
... B145: rsrp_5div_level10mrcount | C145: bigint | D145: RSRP在(-115,-140]范围内的MR数目 | E145: A | G145: sum(rsrp_5div_level10mrcount) | J145: 指标 | K145: 无 | L145: >=0
B146: indoorleak_totalrsrp | C146: bigint | D146: 室分泄露采样点总RSRP值 | G146: 置空 | J146: 指标 | K146: 无 | L146: 无
B147: indoorleak_mrcount | C147: bigint | D147: 室分泄露采样点总采样点 | G147: 置空 | J147: 指标 | K147: 无 | L147: 无
B148: indoorleak_avgrsrp | C148: double | D148: 室分泄露采样点平均RSRP值 | G148: 置空 | J148: 指标 | K148: 无 | L148: 无
B149: indoorleak_mrratio | C149: double | D149: 室分泄露采样点占比 | G149: 置空 | J149: 指标 | K149: 无 | L149: 无
B150: indoorleak_tanear_mrcount | C150: bigint | D150: TA短距离采样点数量 | G150: 置空 | J150: 指标 | K150: 无 | L150: 无
B151: indoorleak_tanear_mrratio | C151: double | D151: TA短距离采样点占比 | G151: 置空 | J151: 指标 | K151: 无 | L151: 无
B152: indoorleak_tanear_totalrsrp | C152: bigint | D152: TA短距离采样点总RSRP值 | G152: 置空 | J152: 指标 | K152: 无 | L152: 无
B153: indoorleak_tanear_avgrsrp | C153: double | D153: TA短距离采样点平均RSRP值 | G153: 置空 | J153: 指标 | K153: 无 | L153: 无
B154: citycode | C154: int | D154: 城市编码 | E154: A | F154: citycode | G154: 直取 | I154: 新增字段 | J154: 维度 | K154: 无 | L154: 无
B155: districtcode | C155: int | D155: 区县编码 | E155: A | F155: districtcode | G155: 直取 | I155: 新增字段 | J155: 维度 | K155: 无 | L155: 无
B156: province | C156: string | D156: 省名称 | E156: A | F156: province | G156: 直取 | I156: 新增字段 | J156: 维度 | K156: 无 | L156: 无
B157: city | C157: string | D157: 城市名称 | E157: A | F157: city | G157: 直取 | I157: 新增字段 | J157: 维度 | K157: 无 | L157: 无
B158: district | C158: string | D158: 区县名称 | E158: A | F158: district | G158: 直取 | I158: 新增字段 | J158: 维度 | K158: 无 | L158: 无
B159: plmn | C159: string | D159: UE接入E-utran网络使用的PLMN号。 | E159: A | F159: plmn | G159: 直取 | I159: 新增字段 | J159: 维度 | K159: 无 | L159: 无
B160: data_source | C160: int | D160: 数据类型标识，根据数据来源打标。 电信承建：0 联通承建：1 | E160: A | F160: data_source | G160: 直取 | I160: 新增字段 | J160: 维度 | K160: 无 | L160: 无
B161: freq | C161: string | D161: 频段 | E161: A | F161: freq | G161: 直取 | I161: 新增字段 | J161: 维度 | K161: 无 | L161: 无
B162: bad_mr_cnt | C162: int | D162: 质差MR采样点数量 | E162: A | G162: sum(bad_mr_cnt) | I162: 新增字段 | J162: 指标 | K162: 无 | L162: >=0
B163: rsrpf105_sinrf3_cnt | C163: bigint | D163: rsrp≥-105且SINR≥-3的采样点个数 | E163: A | G163: sum(rsrpf105_sinrf3_cnt) | I163: 新增字段 | J163: 指标 | K163: 无 | L163: >=0
B164: rsrpf105_sinr0_cnt | C164: bigint | D164: rsrp≥-105且SINR≥0的采样点个数 | E164: A | G164: sum(rsrpf105_sinr0_cnt) | I164: 新增字段 | J164: 指标 | K164: 无 | L164: >=0
B165: rsrpf105_sinr3_cnt | C165: bigint | D165: rsrp≥-105且SINR≥3的采样点个数 | E165: A | G165: sum(rsrpf105_sinr3_cnt) | I165: 新增字段 | J165: 指标 | K165: 无 | L165: >=0
B166: rsrpf110_sinrf3_cnt | C166: bigint | D166: rsrp≥-110且SINR≥-3的采样点个数 | E166: A | G166: sum(rsrpf110_sinrf3_cnt) | I166: 新增字段 | J166: 指标 | K166: 无 | L166: >=0
B167: rsrpf110_sinr0_cnt | C167: bigint | D167: rsrp≥-110且SINR≥0的采样点个数 | E167: A | G167: sum(rsrpf110_sinr0_cnt) | I167: 新增字段 | J167: 指标 | K167: 无 | L167: >=0
B168: rsrpf110_sinr3_cnt | C168: bigint | D168: rsrp≥-110且SINR≥3的采样点个数 | E168: A | G168: sum(rsrpf110_sinr3_cnt) | I168: 新增字段 | J168: 指标 | K168: 无 | L168: >=0
B169: validrsrp_sinr_cnt | C169: bigint | D169: RSRP且SINR有效采样点个数 | E169: A | G169: sum(validrsrp_sinr_cnt) | I169: 新增字段 | J169: 指标 | K169: 无 | L169: >=0
B170: cqi_cnt_0_7 | C170: bigint | D170: CQI在[0;7)范围内的MR数目 | E170: A | G170: sum(cqi_cnt_0_7) | I170: 新增字段 | J170: 指标 | K170: 无 | L170: >=0
B171: cqi_cnt_7_15 | C171: bigint | D171: CQI在[7;15]范围内的MR数目 | E171: A | G171: sum(cqi_cnt_7_15) | I171: 新增字段 | J171: 指标 | K171: 无 | L171: >=0
B172: p_provincecode | C172: int | D172: 省分区
B173: p_date | C173: string | D173: 天分区

Sheet 27
B1: =HYPERLINK("#导航!a2","返回") -> 返回
B3: 目标表基本信息描述
B4: 主题域 | C4: 目标表英文名 | D4: 目标表中文名 | E4: 数据频度 | F4: 模型主键 | G4: 数据描述 | H4: 推送数据库
B5: 覆盖分析 | C5: aggr_lte_coverageagps_cel_d | D5: 4G AGPS MR小区覆盖指标天表 | E5: day | I5: =VLOOKUP(C5,导航!F:Q,12,0) -> 新建
B7: 源表基本信息描述
B8: 来源系统 | C8: 源表英文名 | D8: 源表中文名 | E8: 别名 | F8: 任务描述 | G8: 备注 | H8: 是否主表
C9: aggr_lte_coverageagps_base_refactor_d | D9: 4G AGPS MR小区栅格覆盖指标天表 | E9: A
B12: 详细字段信息
B13: 详细字段信息
B14: PDM字段英文名 | C14: PDM字段类型 | D14: PDM字段中文名（说明） | E14: 源表名 | F14: 源字段英文名 | G14: 算法加工逻辑 | H14: 关联与过滤条件 | I14: 备注 | J14: 字段属性 | K14: 单位 | L14: 取值范围
B15: day | C15: string | D15: 日期 | F15: day | G15: 直取 | J15: 维度 | K15: 无 | L15: 无
B16: cellkey | C16: string | D16: 小区cellkey | F16: cellkey | G16: 直取 | J16: 维度 | K16: 无 | L16: 无
B17: dlearfcn | C17: int | D17: 下行频点 | F17: dlearfcn | G17: 直取 | J17: 维度 | K17: 无 | L17: 无
B18: rattypeid | C18: int | D18: 频点所属制式：6:LTEFDD 7:LTETDD 8:NB-IOT 14:IP-Integrate 255:Plat | F18: rattypeid | G18: 直取 | J18: 维度 | K18: 无 | L18: 无
B19: provincecode | C19: int | D19: 省编码 | F19: p_provincecode | G19: 直取 | J19: 维度 | K19: 无 | L19: 无
B20: citycode | C20: int | D20: 城市编码 | F20: citycode | G20: 直取 | J20: 维度 | K20: 无 | L20: 无
B21: districtcode | C21: int | D21: 区县编码 | F21: districtcode | G21: 直取 | J21: 维度 | K21: 无 | L21: 无
B22: validta_agpstotalmrcount | C22: bigint | D22: TA有效的MR数目 | E22: A | G22: 置空
B23: validta_agpstotalrsrp | C23: bigint | D23: TA有效的总RSRP值 | E23: A | G23: 置空
B24: validta_agpsavgrsrp | C24: double | D24: TA有效的平均RSRP值 | E24: A | G24: 置空
B25: totalmrlon | C25: double | D25: MR经度总值 | E25: A | G25: sum(totalmrlon) | J25: 指标 | K25: 无 | L25: >=0
B26: totalmrlat | C26: double | D26: MR纬度总值 | E26: A | G26: sum(totalmrlat) | J26: 指标 | K26: 无 | L26: >=0
B27: validlonlat_totalmrcount | C27: bigint | D27: 经纬度有效的MR数目 | E27: A | G27: sum(validlonlat_totalmrcount) | J27: 指标 | K27: 无 | L27: >=0
B28: avgmrlon | C28: double | D28: MR平均经度 | E28: A | G28: sum(totalmrlon)/sum(validlonlat_totalmrcount) | J28: 指标 | K28: 无 | L28: [73,136]
B29: avgmrlat | C29: double | D29: MR平均纬度 | E29: A | G29: sum(totalmrlat)/sum(validlonlat_totalmrcount) | J29: 指标 | K29: 无 | L29: [2,54]
B30: totalrsrp | C30: bigint | D30: RSRP总值 | E30: A | G30: sum(totalrsrp) | J30: 指标 | K30: 无 | L30: <0
B31: avgrsrp | C31: double | D31: RSRP平均值 | E31: A | G31: sum(totalrsrp)/sum(rsrpcount) | J31: 指标 | K31: 无 | L31: [-140,-43]
B32: rsrpcount | C32: bigint | D32: RSRP有效数目 | E32: A | G32: sum(rsrpcount) | J32: 指标 | K32: 无 | L32: >=0
B33: rsrp_level1mrcount | C33: bigint | D33: RSRP在[-75,+∞）范围内的MR数目 | E33: A | G33: sum(rsrp_level1mrcount) | J33: 指标 | K33: 无 | L33: >=0
B34: rsrp_level2mrcount | C34: bigint | D34: RSRP在[-85,-75）范围内的MR数目 | E34: A | G34: sum(rsrp_level2mrcount) | J34: 指标 | K34: 无 | L34: >=0
B35: rsrp_level3mrcount | C35: bigint | D35: RSRP在[-95,-85）范围内的MR数目 | E35: A | G35: sum(rsrp_level3mrcount) | J35: 指标 | K35: 无 | L35: >=0
B36: rsrp_level4mrcount | C36: bigint | D36: RSRP在[-100,-95）范围内的MR数目 | E36: A | G36: sum(rsrp_level4mrcount) | J36: 指标 | K36: 无 | L36: >=0
... B77: dlsinrgoodratio | C77: double | D77: ULSINR优良比(>=0) | E77: A | G77: sum(dlsinrgoodcount)/sum(dlsinrcount) | J77: 指标 | K77: 无 | L77: [0,1]
B78: totalidlersrp | C78: bigint | D78: RSRP总值 | G78: 置空 | J78: 指标 | K78: 无 | L78: 空
B79: avgidlersrp | C79: double | D79: RSRP平均值 | G79: 置空 | J79: 指标 | K79: 无 | L79: 空
B80: idlersrpcount | C80: bigint | D80: RSRP有效的MR数目 | G80: 置空 | J80: 指标 | K80: 无 | L80: 空
B81: idlersrp_level1mrcount | C81: bigint | D81: RSRP在[-75;+∞)范围内的MR数目 | G81: 置空 | J81: 指标 | K81: 无 | L81: 空
B82: idlersrp_level2mrcount | C82: bigint | D82: RSRP在[-85;-75)范围内的MR数目 | G82: 置空 | J82: 指标 | K82: 无 | L82: 空
B83: idlersrp_level3mrcount | C83: bigint | D83: RSRP在[-95;-85)范围内的MR数目 | G83: 置空 | J83: 指标 | K83: 无 | L83: 空
B84: idlersrp_level4mrcount | C84: bigint | D84: RSRP在[-100;-95)范围内的MR数目 | G84: 置空 | J84: 指标 | K84: 无 | L84: 空
B85: idlersrp_level5mrcount | C85: bigint | D85: RSRP在[-105;-100)范围内的MR数目 | G85: 置空 | J85: 指标 | K85: 无 | L85: 空
B86: idlersrp_level6mrcount | C86: bigint | D86: RSRP在[-115;-105)范围内的MR数目 | G86: 置空 | J86: 指标 | K86: 无 | L86: 空
B87: idlersrp_level7mrcount | C87: bigint | D87: RSRP在(-∞;-115)范围内的MR数目 | G87: 置空 | J87: 指标 | K87: 无 | L87: 空
B88: idlersrpgoodcount | C88: bigint | D88: RSRP优良数目(>=-105) | G88: 置空 | J88: 指标 | K88: 无 | L88: 空
B89: idlersrpgoodratio | C89: double | D89: RSRP优良比(>=-105) | G89: 置空 | J89: 指标 | K89: 无 | L89: 空
B90: period_totalmrcount | C90: bigint | D90: 周期性MR数目 | E90: A | G90: sum(period_totalmrcount) | J90: 指标 | K90: 无 | L90: >=0
B91: mod3interfer_totalrsrp | C91: bigint | D91: Mod3干扰RSRP总值 | E91: A | G91: sum(mod3interfer_totalrsrp) | J91: 指标 | K91: 无 | L91: <0
B92: mod3interfer_mrcount | C92: bigint | D92: Mod3干扰MR数目 | E92: A | G92: sum(mod3interfer_mrcount) | J92: 指标 | K92: 无 | L92: >=0
B93: mod3interfer_avgrsrp | C93: double | D93: Mod3干扰RSRP平均值 | E93: A | G93: sum(mod3interfer_totalrsrp)/sum(mod3interfer_mrcount) | J93: 指标 | K93: 无 | L93: [-140,-43]
B94: mod3interfer_mrratio | C94: double | D94: Mod3干扰MR数目占周期性MR数目比例 | E94: A | G94: sum(mod3interfer_mrcount)/sum(rsrpcount) | J94: 指标 | K94: 无 | L94: [0,1]
B95: celmod3interfermr_totaldis | C95: bigint | D95: 服务小区和Mod3干扰MR之间的距离总值 | E95: A | G95: sum(celmod3interfermr_totaldis) | J95: 指标 | K95: 无 | L95: >=0
B96: celmod3interfermr_avgdis | C96: double | D96: 服务小区和Mod3干扰MR之间的距离平均值 | E96: A | G96: sum(celmod3interfermr_totaldis)/sum(mod3interfer_mrcount) | J96: 指标 | K96: 无 | L96: >=0
B97: compcovgood_mrcount | C97: bigint | D97: 综合覆盖优良MR数目 | E97: A | G97: sum(compcovgood_mrcount) | J97: 指标 | K97: 无 | L97: >=0
B98: compcovprob_mrcount | C98: bigint | D98: 综合覆盖问题MR数目 | E98: A | G98: sum(compcovprob_mrcount) | J98: 指标 | K98: 无 | L98: >=0
B99: compweakcovinterfer_mrcount | C99: bigint | D99: 综合覆盖弱覆盖&干扰MR数目 | E99: A | G99: sum(compweakcovinterfer_mrcount) | J99: 指标 | K99: 无 | L99: >=0
B100: compweakcovonly_mrcount | C100: bigint | D100: 综合覆盖仅弱覆盖MR数目 | E100: A | G100: sum(compweakcovonly_mrcount) | J100: 指标 | K100: 无 | L100: >=0
B101: compinterferonly_mrcount | C101: bigint | D101: 综合覆盖仅干扰MR数目 | E101: A | G101: sum(compinterferonly_mrcount) | J101: 指标 | K101: 无 | L101: >=0
... B135: celmr_avgdis | C135: double | D135: 服务小区和MR之间的距离平均值 | E135: A | G135: sum(celmr_totaldis)/sum(celmr_discount) | J135: 指标 | K135: 无 | L135: >=0
B136: indoorleak_totalrsrp | C136: bigint | D136: 室分泄露采样点总RSRP值 | G136: 置空 | J136: 指标 | K136: 无 | L136: 无
B137: indoorleak_mrcount | C137: bigint | D137: 室分泄露采样点总采样点 | G137: 置空 | J137: 指标 | K137: 无 | L137: 无
B138: indoorleak_avgrsrp | C138: double | D138: 室分泄露采样点平均RSRP值 | G138: 置空 | J138: 指标 | K138: 无 | L138: 无
B139: indoorleak_mrratio | C139: double | D139: 室分泄露采样点占比 | G139: 置空 | J139: 指标 | K139: 无 | L139: 无
B140: indoorleak_tanear_mrcount | C140: bigint | D140: TA短距离采样点数量 | G140: 置空 | J140: 指标 | K140: 无 | L140: 无
B141: indoorleak_tanear_mrratio | C141: double | D141: TA短距离采样点占比 | G141: 置空 | J141: 指标 | K141: 无 | L141: 无
B142: indoorleak_tanear_totalrsrp | C142: bigint | D142: TA短距离采样点总RSRP值 | G142: 置空 | J142: 指标 | K142: 无 | L142: 无
B143: indoorleak_tanear_avgrsrp | C143: double | D143: TA短距离采样点平均RSRP值 | G143: 置空 | J143: 指标 | K143: 无 | L143: 无
B144: rsrp_5div_level1mrcount | C144: bigint | D144: RSRP在[-75,-43]范围内的MR数目 | E144: A | G144: sum(rsrp_5div_level1mrcount) | I144: 新增字段 | J144: 指标 | K144: 无 | L144: >=0
B145: rsrp_5div_level2mrcount | C145: bigint | D145: RSRP在[-80,-75)范围内的MR数目 | E145: A | G145: sum(rsrp_5div_level2mrcount) | I145: 新增字段 | J145: 指标 | K145: 无 | L145: >=0
B146: rsrp_5div_level3mrcount | C146: bigint | D146: RSRP在[-85,-80)范围内的MR数目 | E146: A | G146: sum(rsrp_5div_level3mrcount) | I146: 新增字段 | J146: 指标 | K146: 无 | L146: >=0
B147: rsrp_5div_level4mrcount | C147: bigint | D147: RSRP在[-90,-85)范围内的MR数目 | E147: A | G147: sum(rsrp_5div_level4mrcount) | I147: 新增字段 | J147: 指标 | K147: 无 | L147: >=0
B148: rsrp_5div_level5mrcount | C148: bigint | D148: RSRP在[-95,-90)范围内的MR数目 | E148: A | G148: sum(rsrp_5div_level5mrcount) | I148: 新增字段 | J148: 指标 | K148: 无 | L148: >=0
B149: rsrp_5div_level6mrcount | C149: bigint | D149: RSRP在[-100,-95)范围内的MR数目 | E149: A | G149: sum(rsrp_5div_level6mrcount) | I149: 新增字段 | J149: 指标 | K149: 无 | L149: >=0
B150: rsrp_5div_level7mrcount | C150: bigint | D150: RSRP在[-105,-100)范围内的MR数目 | E150: A | G150: sum(rsrp_5div_level7mrcount) | I150: 新增字段 | J150: 指标 | K150: 无 | L150: >=0
B151: rsrp_5div_level8mrcount | C151: bigint | D151: RSRP在[-110,-105)范围内的MR数目 | E151: A | G151: sum(rsrp_5div_level8mrcount) | I151: 新增字段 | J151: 指标 | K151: 无 | L151: >=0
B152: rsrp_5div_level9mrcount | C152: bigint | D152: RSRP在[-115,-110)范围内的MR数目 | E152: A | G152: sum(rsrp_5div_level9mrcount) | I152: 新增字段 | J152: 指标 | K152: 无 | L152: >=0
B153: rsrp_5div_level10mrcount | C153: bigint | D153: RSRP在(-115,-140]范围内的MR数目 | E153: A | G153: sum(rsrp_5div_level10mrcount) | I153: 新增字段 | J153: 指标 | K153: 无 | L153: >=0
B154: province | C154: string | D154: 省名称 | E154: A | F154: province | G154: 直取 | I154: 新增字段 | J154: 维度 | K154: 无 | L154: 无
B155: city | C155: string | D155: 城市名称 | E155: A | F155: city | G155: 直取 | I155: 新增字段 | J155: 维度 | K155: 无 | L155: 无
B156: district | C156: string | D156: 区县名称 | E156: A | F156: district | G156: 直取 | I156: 新增字段 | J156: 维度 | K156: 无 | L156: 无
B157: plmn | C157: string | D157: UE接入E-utran网络使用的PLMN号。 | E157: A | F157: plmn | G157: 直取 | I157: 新增字段 | J157: 维度 | K157: 无 | L157: 无
B158: data_source | C158: int | D158: 数据类型标识，根据数据来源打标。 电信承建：0 联通承建：1 | E158: A | F158: data_source | G158: 直取 | I158: 新增字段 | J158: 维度 | K158: 无 | L158: 无
B159: freq | C159: string | D159: 频段 | E159: A | F159: freq | G159: 直取 | I159: 新增字段 | J159: 维度 | K159: 无 | L159: 无
B160: bad_mr_cnt | C160: int | D160: 质差MR采样点数量 | E160: A | G160: sum(bad_mr_cnt) | I160: 新增字段 | J160: 指标 | K160: 无 | L160: >=0
B161: rsrpf105_sinrf3_cnt | C161: bigint | D161: rsrp≥-105且SINR≥-3的采样点个数 | E161: A | G161: sum(rsrpf105_sinrf3_cnt) | I161: 新增字段 | J161: 指标 | K161: 无 | L161: >=0
B162: rsrpf105_sinr0_cnt | C162: bigint | D162: rsrp≥-105且SINR≥0的采样点个数 | E162: A | G162: sum(rsrpf105_sinr0_cnt) | I162: 新增字段 | J162: 指标 | K162: 无 | L162: >=0
B163: rsrpf105_sinr3_cnt | C163: bigint | D163: rsrp≥-105且SINR≥3的采样点个数 | E163: A | G163: sum(rsrpf105_sinr3_cnt) | I163: 新增字段 | J163: 指标 | K163: 无 | L163: >=0
B164: rsrpf110_sinrf3_cnt | C164: bigint | D164: rsrp≥-110且SINR≥-3的采样点个数 | E164: A | G164: sum(rsrpf110_sinrf3_cnt) | I164: 新增字段 | J164: 指标 | K164: 无 | L164: >=0
B165: rsrpf110_sinr0_cnt | C165: bigint | D165: rsrp≥-110且SINR≥0的采样点个数 | E165: A | G165: sum(rsrpf110_sinr0_cnt) | I165: 新增字段 | J165: 指标 | K165: 无 | L165: >=0
B166: rsrpf110_sinr3_cnt | C166: bigint | D166: rsrp≥-110且SINR≥3的采样点个数 | E166: A | G166: sum(rsrpf110_sinr3_cnt) | I166: 新增字段 | J166: 指标 | K166: 无 | L166: >=0
B167: validrsrp_sinr_cnt | C167: bigint | D167: RSRP且SINR有效采样点个数 | E167: A | G167: sum(validrsrp_sinr_cnt) | I167: 新增字段 | J167: 指标 | K167: 无 | L167: >=0
B168: cqi_cnt_0_7 | C168: bigint | D168: CQI在[0;7)范围内的MR数目 | E168: A | G168: sum(cqi_cnt_0_7) | I168: 新增字段 | J168: 指标 | K168: 无 | L168: >=0
B169: cqi_cnt_7_15 | C169: bigint | D169: CQI在[7;15]范围内的MR数目 | E169: A | G169: sum(cqi_cnt_7_15) | I169: 新增字段 | J169: 指标 | K169: 无 | L169: >=0
B170: p_provincecode | C170: int | D170: 省分区
B171: p_date | C171: string | D171: 天分区

Sheet 28
B1: =HYPERLINK("#导航!a2","返回") -> 返回
B3: 目标表基本信息描述
B4: 主题域 | C4: 目标表英文名 | D4: 目标表中文名 | E4: 数据频度 | F4: 模型主键 | G4: 数据描述 | H4: 推送数据库
B5: 覆盖分析 | C5: ts_glc_coverageagps_celgrd_refactor_d | D5: 4G AGPS MR小区栅格共享天表 | E5: day | I5: =VLOOKUP(C5,导航!F:Q,12,0) -> 升级
B7: 源表基本信息描述
B8: 来源系统 | C8: 源表英文名 | D8: 源表中文名 | E8: 别名 | F8: 任务描述 | G8: 备注 | H8: 是否主表
C9: aggr_lte_coverageagps_base_refactor_d | D9: 4G AGPS MR小区栅格覆盖指标天表 | E9: A | G9: 过滤条件：data_source=0
B12: 详细字段信息
B13: 详细字段信息
B14: PDM字段英文名 | C14: PDM字段类型 | D14: PDM字段中文名（说明） | E14: 源表名 | F14: 源字段英文名 | G14: 算法加工逻辑 | H14: 关联与过滤条件 | I14: 备注 | J14: 字段属性 | K14: 单位 | L14: 取值范围
B15: citycode | C15: int | D15: 城市编码 | E15: A | F15: citycode | G15: 直取 | J15: 维度 | K15: 无 | L15: 无
B16: districtcode | C16: int | D16: 区县编码 | E16: A | F16: districtcode | G16: 直取 | J16: 维度 | K16: 无 | L16: 无
B17: regionid | C17: int | D17: 栅格编码 | E17: A | F17: regionid | G17: 直取 | J17: 维度 | K17: 无 | L17: 无
B18: x_offset_20 | C18: int | D18: 栅格坐标x轴偏移 | E18: A | F18: x_offset | G18: 直取 | J18: 维度 | K18: 无 | L18: 无
B19: y_offset_20 | C19: int | D19: 栅格坐标y轴偏移 | E19: A | F19: y_offset | G19: 直取 | J19: 维度 | K19: 无 | L19: 无
B20: avgmrlon | C20: double | D20: MR平均经度 | E20: A | G20: sum(totalmrlon)/sum(validlonlat_totalmrcount) | J20: 指标 | K20: 无 | L20: [73,136]
B21: avgmrlat | C21: double | D21: MR平均纬度 | E21: A | G21: sum(totalmrlat)/sum(validlonlat_totalmrcount) | J21: 指标 | K21: 无 | L21: [2,54]
B22: cellkey | C22: string | D22: 小区cellkey | F22: cellkey | G22: 直取 | J22: 维度 | K22: 无 | L22: 无
B23: dlearfcn | C23: int | D23: 下行频点 | F23: dlearfcn | G23: 直取 | J23: 维度 | K23: 无 | L23: 无
B24: rsrp_level1mrcount | C24: bigint | D24: RSRP在[-75,+∞）范围内的MR数目 | E24: A | G24: sum(rsrp_level1mrcount) | J24: 指标 | K24: 无 | L24: >=0
B25: rsrp_level2mrcount | C25: bigint | D25: RSRP在[-85,-75）范围内的MR数目 | E25: A | G25: sum(rsrp_level2mrcount) | J25: 指标 | K25: 无 | L25: >=0
B26: rsrp_level3mrcount | C26: bigint | D26: RSRP在[-95,-85）范围内的MR数目 | E26: A | G26: sum(rsrp_level3mrcount) | J26: 指标 | K26: 无 | L26: >=0
B27: rsrp_level4mrcount | C27: bigint | D27: RSRP在[-100,-95）范围内的MR数目 | E27: A | G27: sum(rsrp_level4mrcount) | J27: 指标 | K27: 无 | L27: >=0
B28: rsrp_level5mrcount | C28: bigint | D28: RSRP在[-105,-100）范围内的MR数目 | E28: A | G28: sum(rsrp_level5mrcount) | J28: 指标 | K28: 无 | L28: >=0
B29: rsrp_level6mrcount | C29: bigint | D29: RSRP在[-115,-105）范围内的MR数目 | E29: A | G29: sum(rsrp_level6mrcount) | J29: 指标 | K29: 无 | L29: >=0
B30: rsrp_level7mrcount | C30: bigint | D30: RSRP在（-∞,-115）范围内的MR数目 | E30: A | G30: sum(rsrp_level7mrcount) | J30: 指标 | K30: 无 | L30: >=0
B31: totalrsrp | C31: bigint | D31: RSRP总值 | E31: A | G31: sum(totalrsrp) | J31: 指标 | K31: 无 | L31: <0
B32: avgrsrp | C32: double | D32: RSRP平均值 | E32: A | G32: sum(totalrsrp)/sum(rsrpcount) | J32: 指标 | K32: 无 | L32: [-140,-43]
B33: overlap_mrcount | C33: bigint | D33: 重叠覆盖MR数目 | E33: A | G33: sum(overlap_mrcount) | J33: 指标 | K33: 无 | L33: >=0
B34: overlap_mrratio | C34: double | D34: 重叠覆盖MR率 | E34: A | G34: sum(overlap_mrcount)/sum(rsrpcount) | J34: 指标 | K34: 无 | L34: [0,1]
B35: p_provincecode | C35: int | D35: 省分区
B36: p_date | C36: string | D36: 天分区

Sheet 29
B1: =HYPERLINK("#导航!a2","返回") -> 返回
B3: 目标表基本信息描述
B4: 主题域 | C4: 目标表英文名 | D4: 目标表中文名 | E4: 数据频度 | F4: 模型主键 | G4: 数据描述 | H4: 推送数据库
B5: 覆盖分析 | C5: aggr_lte_coverage_usrcel_h | D5: 4G MR用户小区覆盖小时表 | E5: hour | I5: =VLOOKUP(C5,导航!F:Q,12,0) -> 新建
B7: 源表基本信息描述
B8: 来源系统 | C8: 源表英文名 | D8: 源表中文名 | E8: 别名 | F8: 任务描述 | G8: 备注 | H8: 是否主表
C9: aggr_lte_coverage_base_usr_refactor_h | D9: 4G MR用户小区栅格覆盖指标小时表 | E9: A
B12: 详细字段信息
B13: 详细字段信息
B14: PDM字段英文名 | C14: PDM字段类型 | D14: PDM字段中文名（说明） | E14: 源表名 | F14: 源字段英文名 | G14: 算法加工逻辑 | H14: 关联与过滤条件 | I14: 备注 | J14: 字段属性 | K14: 单位 | L14: 取值范围
B15: day | C15: string | D15: 日期 | E15: A | F15: p_date | G15: 直取 | J15: 维度 | K15: 无 | L15: 无
B16: hour | C16: int | D16: 小时 | E16: A | F16: p_hour | G16: 直取 | J16: 维度 | K16: 无 | L16: 无
B17: provincecode | C17: int | D17: 省编码 | E17: A | F17: p_provincecode | G17: 直取 | J17: 维度 | K17: 无 | L17: 无
B18: citycode | C18: int | D18: 城市编码 | E18: A | F18: citycode | G18: 直取 | J18: 维度 | K18: 无 | L18: 无
B19: districtcode | C19: int | D19: 区县编码 | E19: A | F19: districtcode | G19: 直取 | J19: 维度 | K19: 无 | L19: 无
B20: province | C20: string | D20: 省名称 | E20: A | F20: province | G20: 直取 | J20: 维度 | K20: 无 | L20: 无
B21: city | C21: string | D21: 城市名称 | E21: A | F21: city | G21: 直取 | J21: 维度 | K21: 无 | L21: 无
B22: district | C22: string | D22: 区县名称 | E22: A | F22: district | G22: 直取 | J22: 维度 | K22: 无 | L22: 无
B23: cellkey | C23: string | D23: 小区cellkey | E23: A | F23: cellkey | G23: 直取 | J23: 维度 | K23: 无 | L23: 无
B24: freq | C24: string | D24: 频段 | E24: A | F24: freq | G24: 直取 | J24: 维度 | K24: 无 | L24: 无
B25: dlearfcn | C25: int | D25: 下行频点 | E25: A | F25: dlearfcn | G25: 直取 | J25: 维度 | K25: 无 | L25: 无
B26: msisdn | C26: string | D26: 电话号码 | E26: A | F26: msisdn | G26: 直取 | J26: 维度 | K26: 无 | L26: 无
... B30: data_source | C30: int | D30: 数据类型标识，根据数据来源打标。 电信承建：0 联通承建：1 | E30: A | F30: data_source | G30: 直取 | J30: 维度 | K30: 无 | L30: 无
B31: totalmrlon | C31: double | D31: MR经度总值 | E31: A | G31: sum(totalmrlon) | J31: 指标 | K31: 无 | L31: >=0
B32: totalmrlat | C32: double | D32: MR纬度总值 | E32: A | G32: sum(totalmrlat) | J32: 指标 | K32: 无 | L32: >=0
B33: validlonlat_totalmrcount | C33: bigint | D33: 经纬度有效的MR数目 | E33: A | G33: sum(validlonlat_totalmrcount) | J33: 指标 | K33: 无 | L33: >=0
B34: avgmrlon | C34: double | D34: MR平均经度 | E34: A | G34: sum(totalmrlon)/sum(validlonlat_totalmrcount) | J34: 指标 | K34: 无 | L34: [73,136]
B35: avgmrlat | C35: double | D35: MR平均纬度 | E35: A | G35: sum(totalmrlat)/sum(validlonlat_totalmrcount) | J35: 指标 | K35: 无 | L35: [2,54]
B36: period_totalmrcount | C36: bigint | D36: 周期性MR数目 | E36: A | G36: sum(period_totalmrcount) | J36: 指标 | K36: 无 | L36: >=0
B37: totalrsrp | C37: bigint | D37: RSRP总值 | E37: A | G37: sum(totalrsrp) | J37: 指标 | K37: 无 | L37: <0
B38: rsrpcount | C38: bigint | D38: RSRP有效数目 | E38: A | G38: sum(rsrpcount) | J38: 指标 | K38: 无 | L38: >=0
B39: avgrsrp | C39: double | D39: RSRP平均值 | E39: A | G39: sum(totalrsrp)/sum(rsrpcount) | J39: 指标 | K39: 无 | L39: [-140,-43]
B40: rsrpgoodcount | C40: bigint | D40: RSRP优良数目(>=-105) | E40: A | G40: sum(rsrpgoodcount) | J40: 指标 | K40: 无 | L40: >=0
B41: rsrpgoodratio | C41: double | D41: RSRP优良比(>=-105) | E41: A | G41: sum(rsrpgoodcount)/sum(rsrpcount) | J41: 指标 | K41: 无 | L41: [0,1]
B42: rsrp_5div_level1mrcount | C42: bigint | D42: RSRP在[-75,-43]范围内的MR数目 | E42: A | G42: sum(rsrp_5div_level1mrcount) | J42: 指标 | K42: 无 | L42: >=0
... B147: maxmeastime | C147: bigint | D147: 最晚上报时间 | E147: A | G147: max(maxmeastime) | J147: 指标 | K147: 无 | L147: >0
B148: minmeastime | C148: bigint | D148: 最早上报时间 | E148: A | G148: min(minmeastime) | I148: 新增字段 | J148: 指标 | K148: 无 | L148: >0
B149: p_provincecode | C149: int | D149: 省分区
B150: p_date | C150: string | D150: 天分区
B151: p_hour | C151: int | D151: 小时分区

Sheet 29.0
B1: =HYPERLINK("#导航!a2","返回") -> 返回
B3: 目标表基本信息描述
B4: 主题域 | C4: 目标表英文名 | D4: 目标表中文名 | E4: 数据频度 | F4: 模型主键 | G4: 数据描述 | H4: 推送数据库
B5: 数据业务感知 | C5: aggr_lte_iov_coverage_usrcel_h | D5: 4G车联网用户小区覆盖分析小时表 | E5: hour
B7: 源表基本信息描述
B8: 来源系统 | C8: 源表英文名 | D8: 源表中文名 | E8: 别名 | F8: 任务描述 | G8: 备注 | H8: 是否主表
C9: aggr_lte_coverage_usrcel_h | D9: 4G MR用户小区覆盖小时表 | E9: A | F9: 过滤条件：msisdn is not null
C10: cfg_iov_usr_list | D10: 车联网用户清单配置表 | E10: B | F10: A inner join B，关联条件：A.msisdn = B.msisdn
B12: 详细字段信息
B13: 详细字段信息
B14: PDM字段英文名 | C14: PDM字段类型 | D14: PDM字段中文名（说明） | E14: 源表名 | F14: 源字段英文名 | G14: 算法加工逻辑 | H14: 关联与过滤条件 | I14: 备注 | J14: 字段属性 | K14: 单位 | L14: 取值范围
B15: day | C15: string | D15: 日期 | F15: p_date | G15: 日期 | J15: 维度 | K15: 无 | L15: 无
B16: hour | C16: int | D16: 小时 | F16: p_hour | G16: 小时 | J16: 维度 | K16: 无 | L16: 无
B17: cellkey | C17: string | D17: 小区cellkey | E17: A | F17: cellkey | G17: 直取 | J17: 维度 | K17: 无 | L17: 无
B18: imsi | C18: string | D18: 用户imsi | E18: A | F18: imsi | G18: 直取 | J18: 维度 | K18: 无 | L18: 无
B19: msisdn | C19: string | D19: 用户号码 | E19: A | F19: msisdn | G19: 直取 | J19: 维度 | K19: 无 | L19: 无
B20: min_starttime | C20: string | D20: 最小开始时间(时间戳) | E20: A | G20: min(minmeastime) | J20: 指标 | K20: 无 | L20: >0
B21: max_endtime | C21: string | D21: 最大结束时间(时间戳) | E21: A | G21: max(maxmeastime) | J21: 指标 | K21: 无 | L21: >0
B22: rsrp_avg | C22: double | D22: 平均rsrp | E22: A | G22: sum(totalrsrp)/sum(rsrpcount) | J22: 指标 | K22: 无 | L22: [-140,-43]
B23: rsrp_cnt | C23: bigint | D23: rsrp总采样点数 | E23: A | G23: sum(rsrpcount) | J23: 指标 | K23: 无 | L23: >0
B24: weakcover_cnt | C24: bigint | D24: 弱覆盖采样点总数 | E24: A | G24: sum(weakcover_mrcount) | J24: 指标 | K24: 无 | L24: >=0
B25: overlap_cnt | C25: bigint | D25: 重叠覆盖采样点总数 | E25: A | G25: sum(overlap_mrcount) | J25: 指标 | K25: 无 | L25: >=0
B26: overshoot_cnt | C26: bigint | D26: 过覆盖采样点总数 | E26: A | G26: sum(overshoot_mrcount) | J26: 指标 | K26: 无 | L26: >=0
B27: mod3interfer_cnt | C27: bigint | D27: MOD3干扰采样点总数 | E27: A | G27: sum(mod3interfer_mrcount) | J27: 指标 | K27: 无 | L27: >=0
B28: p_provincecode | C28: int | D28: 省分区
B29: p_date | C29: string | D29: 天分区
B30: p_hour | C30: int | D30: 小时分区

Sheet 29.1
