Workbook
Name DT.10: #REF!
Name DT.11: #REF!
Name vlookup: #REF!
Name 主小区MR详细信息AGPS: #REF!
Name 主小区MR详细信息全量室内外: #REF!

Sheet 0
A1: p_date | B1: p_hour | C1: p_quarter | D1: 类型 | E1: 维度 | F1: 维度说明 | G1: 省份 | H1: 汇聚后记录数 | I1: 时间粒度 | J1: 增加质差定界维度后汇聚记录数
A2: 45735 | B2: 10 | C2: 0 | D2: dns | E2: 详单数据 | F2: 详单数据 | G2: 110000 | H2: 592369026 | I2: quarter
A3: 45735 | B3: 10 | C3: 0 | D3: dns | E3: interface,supi,msisdn,pei,home_province,rattype,ncgi_ecgi,dnn_apn,upfip,servicetype,gnbip,l4protocol,5qi,nssai_sst,nssai_sd,sourceip_type | F3: 基础全维度(含sourceip_type) | G3: 110000 | H3: 48687010 | I3: quarter
A4: 45735 | B4: 10 | C4: 0 | D4: dns | E4: interface,supi,msisdn,pei,home_province,rattype,ncgi_ecgi,dnn_apn,upfip,servicetype,gnbip,l4protocol,5qi,nssai_sst,nssai_sd | F4: 基础全维度(不含sourceip_type) | G4: 110000 | H4: 45759090 | I4: quarter
A5: 45735 | B5: 10 | C5: 0 | D5: dns | E5: usr|app|cel | F5: 用户小区app | G5: 110000 | H5: 37997730 | I5: quarter
A6: 45735 | B6: 10 | C6: / | D6: dns | E6: interface,supi,msisdn,pei,home_province,rattype,ncgi_ecgi,dnn_apn,upfip,servicetype,gnbip,l4protocol,5qi,nssai_sst,nssai_sd,sourceip_type | F6: 基础全维度(含sourceip_type) | G6: 110000 | H6: 155526310 | I6: hour
A7: 45735 | B7: 10 | C7: / | D7: dns | E7: usr|app|cel | F7: 用户小区app | G7: 110000 | H7: 110357808 | I7: hour
A8: 45735 | B8: 10 | C8: 0 | D8: other | E8: 详单数据 | F8: 详单数据 | G8: 110000 | H8: 398259579 | I8: quarter
A9: 45735 | B9: 10 | C9: 0 | D9: other | E9: interface,supi,msisdn,pei,home_province,rattype,ncgi_ecgi,dnn_apn,upfip,servicetype,gnbip,l4protocol,5qi,nssai_sst,nssai_sd,sourceip_type | F9: 基础全维度(含sourceip_type) | G9: 110000 | H9: 37922501 | I9: quarter | J9: 40308104 | K9: =J9/H9 -> 1.0629073
A10: 45735 | B10: 10 | C10: 0 | D10: other | E10: interface,supi,msisdn,pei,home_province,rattype,ncgi_ecgi,dnn_apn,upfip,servicetype,gnbip,l4protocol,5qi,nssai_sst,nssai_sd | F10: 基础全维度(不含sourceip_type) | G10: 110000 | H10: 30356434 | I10: quarter
A11: 45735 | B11: 10 | C11: 0 | D11: other | E11: usr|app|cel | F11: 用户小区app | G11: 110000 | H11: 18777303 | I11: quarter
A12: 45735 | B12: 10 | C12: / | D12: other | E12: interface,supi,msisdn,pei,home_province,rattype,ncgi_ecgi,dnn_apn,upfip,servicetype,gnbip,l4protocol,5qi,nssai_sst,nssai_sd,sourceip_type | F12: 基础全维度(含sourceip_type) | G12: 110000 | H12: 111340755 | I12: hour
A13: 45735 | B13: 10 | C13: / | D13: other | E13: usr|app|cel | F13: 用户小区app | G13: 110000 | H13: 46973226 | I13: hour
A14: 45735 | B14: 10 | C14: / | D14: http | E14: interface,supi,msisdn,pei,home_province,rattype,ncgi_ecgi,dnn_apn,upfip,servicetype,gnbip,l4protocol,5qi,nssai_sst,nssai_sd,sourceip_type | F14: 基础全维度(含sourceip_type) | G14: 110000 | H14: 50135986 | I14: hour
A15: 45735 | B15: 10 | C15: / | D15: http | E15: usr|app|cel | F15: 用户小区app | G15: 110000 | H15: 30660131 | I15: hour
A16: 45735 | B16: 10 | C16: / | D16: https | E16: interface,supi,msisdn,pei,home_province,rattype,ncgi_ecgi,dnn_apn,upfip,servicetype,gnbip,l4protocol,5qi,nssai_sst,nssai_sd,sourceip_type | F16: 基础全维度(含sourceip_type) | G16: 110000 | H16: 146683745 | I16: hour
A17: 45735 | B17: 10 | C17: / | D17: https | E17: usr|app|cel | F17: 用户小区app | G17: 110000 | H17: 90059602 | I17: hour
A18: 45735 | B18: 10 | C18: / | D18: video | E18: interface,supi,msisdn,pei,home_province,rattype,ncgi_ecgi,dnn_apn,upfip,servicetype,gnbip,l4protocol,5qi,nssai_sst,nssai_sd,video_resolution,video_type,sourceip_type | F18: 基础全维度(含sourceip_type) | G18: 110000 | H18: 4946010 | I18: hour
A19: 45735 | B19: 10 | C19: / | D19: video | E19: usr|app|cel | F19: 用户小区app | G19: 110000 | H19: 2467043 | I19: hour
A20: 45735 | B20: 10 | C20: / | D20: N1N2 | E20: p_date,p_hour,p_provincecode,interface,supi,pei,msisdn,rat,home_province,amf_ip_add,gnb_ip_add,other_cell_id,s_nssai_sst,s_nssai_sd,ci,pdu_session_dnn,procedure_type,procedure_status,problem_demarcation,problem_position,failure_cause_type,failure_cause,keyword | F20: 基础全维度(增加procedure_type,procedure_status,keyword,failure_cause_type,failure_cause,问题定界,问题定位维度) | G20: 110000 | H20: 85862767 | I20: hour | J20: =H20/H23 -> 1.717041 | K20: 285973344 | L20: =K20/H20 -> 3.3305862
A21: 45735 | B21: 10 | C21: / | D21: N1N2 | E21: p_date,p_hour,p_provincecode,interface,supi,pei,msisdn,rat,home_province,amf_ip_add,gnb_ip_add,other_cell_id,s_nssai_sst,s_nssai_sd,ci,pdu_session_dnn,procedure_type,procedure_status,problem_demarcation,problem_position,failure_cause_type,failure_cause | F21: 基础全维度(增加procedure_type,procedure_status,failure_cause_type,failure_cause,问题定界,问题定位维度) | G21: 110000 | H21: 81525903 | I21: hour
A22: 45735 | B22: 10 | C22: / | D22: N1N2 | E22: interface,supi,pei,msisdn,rat,home_province,amf_ip_add,gnb_ip_add,other_cell_id,s_nssai_sst,s_nssai_sd,ci,pdu_session_dnn | F22: 基础全维度(增加procedure_type,procedure_status维度) | G22: 110000 | H22: 76910353 | I22: hour
A23: 45735 | B23: 10 | C23: / | D23: N1N2 | E23: interface,supi,pei,msisdn,rat,home_province,amf_ip_add,gnb_ip_add,other_cell_id,s_nssai_sst,s_nssai_sd,ci,pdu_session_dnn | F23: 基础全维度 | G23: 110000 | H23: 50006242 | I23: hour
A24: 45735 | B24: 10 | C24: / | D24: N1N2 | E24: interface,supi,pei,msisdn,home_province,ci | F24: 用户小区 | G24: 110000 | H24: 26938820 | I24: hour

Sheet 导航
A1: 编号 | B1: 索引 | C1: 项目名称 | D1: 数据层级 | E1: 主题域 | F1: 表英文名 | G1: 表中文名 | H1: 数据描述 | I1: 汇聚维度 | J1: 数据时间粒度 | K1: 最小时间分区 | L1: 计算位置 | M1: 是否同步 | N1: 生命周期（存储周期单位：天） | O1: 前向表 | P1: 支撑应用/系统 | Q1: 新建/升级 新建(升级)：表结构与字段沿用原表，表名称进行调整 | R1: 备注 | S1: 同步数据库
A2: 0.1 | B2: =HYPERLINK("#"&A2&"!A1",A2) -> 0.1 | C2: 网络数据处理系统 | D2: 维度层 | E2: 数据感知 | F2: cfg_topweb_first_screen_host_list | G2: TOP网址首屏时延分析配置表 | H2: TOP网址首屏时延分析配置表 | I2: / | J2: / | K2: / | L2: 前置 | M2: 否 | N2: / | O2: / | P2: / | Q2: 新建
A3: 0.2 | B3: =HYPERLINK("#"&A3&"!A1",A3) -> 0.2 | C3: 网络数据处理系统 | D3: 维度层 | E3: 数据感知 | F3: cfg_http_status_type | G3: http-status状态码表 | H3: http-status状态码表 | I3: / | J3: / | K3: / | L3: 前置 | M3: 否 | N3: / | O3: / | P3: / | Q3: 新建
A4: 0.3 | B4: =HYPERLINK("#"&A4&"!A1",A4) -> 0.3 | C4: 网络数据处理系统 | D4: 整合层 | E4: / | F4: fact_5gdpi_5gmro_ott_h | G4: 5G OTT定位指纹库清洗小时表 | I4: / | J4: 详单 | K4: 小时 | L4: 前置 | M4: 否 | N4: 360 | O4: ods_5gdpi_http_e2e_telecom_origin_q、fact_nr_cm_projdata、ods_nr_mro_northctcc_q | Q4: 升级 | R4: 先不上线，待割接时直接升级
A5: 1 | B5: =HYPERLINK("#"&A5&"!A1",A5) -> 1 | C5: 网络数据处理系统 | D5: 整合层 | E5: / | F5: fact_nr_dpi_http_q | G5: 5G_DPI_http整合层15分钟表 | H5: 5G_DPI_http整合层15分钟表 | I5: 详单 | J5: 详单 | K5: 15分钟 | L5: 前置 | M5: 否 | N5: 3 | O5: ods_5gdpi_http_e2e_telecom_origin_q、fact_nr_cm_projdata、lte_cm_projdata、lte_cucc_cm_projdata、cfg_topweb_first_screen_host_list、cfg_http_status_type | Q5: 新建
A6: 2 | B6: =HYPERLINK("#"&A6&"!A1",A6) -> 2 | C6: 网络数据处理系统 | D6: 中间层 | E6: 数据感知 | F6: aggr_nr_dpi_http_base_q | G6: 5G_DPI_http基础维度15分钟表 | H6: 5G_DPI_http基础维度15分钟表 | I6: 用户|小区|app|dnn|切片|源IP类型 | J6: 15分钟 | K6: 15分钟 | L6: 前置 | M6: 是 | N6: 前置:7；核心:14 | O6: fact_nr_dpi_http_q | Q6: 新建
A7: 3 | B7: =HYPERLINK("#"&A7&"!A1",A7) -> 3 | C7: 网络数据处理系统 | D7: 中间层 | E7: 数据感知 | F7: aggr_nr_dpi_http_base_h | G7: 5G_DPI_http基础维度小时表 | H7: 5G_DPI_http基础维度小时表 | I7: 用户|小区|app|dnn|切片|源IP类型 | J7: 小时 | K7: 小时 | L7: 核心 | M7: / | N7: 14 | O7: aggr_nr_dpi_http_base_q | Q7: 新建
A8: 4 | B8: =HYPERLINK("#"&A8&"!A1",A8) -> 4 | C8: 网络数据处理系统 | D8: 中间层 | E8: 数据感知 | F8: aggr_nr_dpi_http_index_reduce_base_h | G8: 5G_DPI_http基础维度指标裁剪小时表 | H8: 5G_DPI_http基础维度指标裁剪小时表 | I8: 用户|小区|app|dnn|切片|源IP类型 | J8: 小时 | K8: 小时 | L8: 核心 | M8: / | N8: 14 | O8: aggr_nr_dpi_http_base_h | P8: 移动业务感知保障系统 | Q8: 新建(升级) | R8: 沿用共享移动业务感知保障系统表aggr_5gdpi_http_base_reduce_h表结构及字段名称
A9: 5 | B9: =HYPERLINK("#"&A9&"!A1",A9) -> 5 | C9: 网络数据处理系统 | D9: 中间层 | E9: 数据感知 | F9: aggr_nr_dpi_http_usrappcel_h | G9: 5G_DPI_http用户小区app维度小时表 | H9: 5G_DPI_http用户小区app维度小时表 | I9: 用户|小区|app | J9: 小时 | K9: 小时 | L9: 核心 | M9: / | N9: 14 | O9: aggr_nr_dpi_http_base_h | Q9: 新建
A10: 5.1 | B10: =HYPERLINK("#"&A10&"!A1",A10) -> 5.1 | C10: 网络数据处理系统 | D10: 中间层 | E10: 数据感知 | F10: aggr_nr_dpi_http_usrapp_h | G10: 5G_DPI_http用户app维度小时表 | H10: 5G_DPI_http用户app维度小时表 | I10: 用户|app | J10: 小时 | K10: 小时 | L10: 核心 | M10: / | N10: 14 | O10: aggr_nr_dpi_http_usrappcel_h | Q10: 新建
A11: 5.2 | B11: =HYPERLINK("#"&A11&"!A1",A11) -> 5.2 | C11: 网络数据处理系统 | D11: 中间层 | E11: 数据感知 | F11: aggr_nr_dpi_http_usrapp_d | G11: 5G_DPI_http用户app维度天表 | H11: 5G_DPI_http用户app维度天表 | I11: 用户|app | J11: 天 | K11: 天 | L11: 核心 | M11: / | N11: 30 | O11: aggr_nr_dpi_http_usrapp_h | Q11: 新建
A12: 6 | B12: =HYPERLINK("#"&A12&"!A1",A12) -> 6 | C12: 网络数据处理系统 | D12: 中间层 | E12: 数据感知 | F12: aggr_nr_iov_http_usrappcel_refactor_h | G12: 5G_DPI_http车联网用户小区app维度小时表 | H12: 5G_DPI_http车联网用户小区app维度小时表 | I12: 用户|小区|app | J12: 小时 | K12: 小时 | L12: 核心 | M12: / | N12: 14 | O12: aggr_nr_dpi_http_usrappcel_h、cfg_dpi_servicetype、cfg_iov_usr_list | P12: 5G定制网 | Q12: 新建(升级) | R12: 沿用共享给5G定制网表aggr_nr_iov_http_usrappcel_h表结构及字段名称
A13: 7 | B13: =HYPERLINK("#"&A13&"!A1",A13) -> 7 | C13: 网络数据处理系统 | D13: 中间层 | E13: 数据感知 | F13: aggr_nr_dpi_http_appcel_h | G13: 5G_DPI_http小区app维度小时表 | H13: 5G_DPI_http小区app维度小时表 | I13: 小区|app | J13: 小时 | K13: 小时 | L13: 核心 | M13: / | N13: 14 | O13: aggr_nr_dpi_http_usrappcel_h | Q13: 新建
A14: 8 | B14: =HYPERLINK("#"&A14&"!A1",A14) -> 8 | C14: 网络数据处理系统 | D14: 中间层 | E14: 数据感知 | F14: aggr_nr_dpi_http_appcel_d | G14: 5G_DPI_http小区app维度天表 | H14: 5G_DPI_http小区app维度天表 | I14: 小区|app | J14: 天 | K14: 天 | L14: 核心 | M14: / | N14: 30 | O14: aggr_nr_dpi_http_appcel_h | Q14: 新建
A15: 9 | B15: =HYPERLINK("#"&A15&"!A1",A15) -> 9 | C15: 网络数据处理系统 | D15: 中间层 | E15: 数据感知 | F15: aggr_nr_dpi_http_cel_d | G15: 5G_DPI_http小区维度天表 | H15: 5G_DPI_http小区维度天表 | I15: 小区 | J15: 天 | K15: 天 | L15: 核心 | M15: / | N15: 30 | O15: aggr_nr_dpi_http_appcel_d | Q15: 新建
A16: 10 | B16: =HYPERLINK("#"&A16&"!A1",A16) -> 10 | C16: 网络数据处理系统 | D16: 中间层 | E16: 数据感知 | F16: aggr_nr_dpi_http_index_reduce_cel_d | G16: 5G_DPI_http小区维度指标裁剪天表 | H16: 5G_DPI_http小区维度指标裁剪天表 | I16: 小区 | J16: 天 | K16: 天 | L16: 核心 | M16: / | N16: 30 | O16: aggr_nr_dpi_http_cel_d | P16: 5GR | Q16: 新建(升级) | R16: 沿用共享给5GR系统表aggr_5gdpi_http_e2e_d表结构及字段名称
A17: 11 | B17: =HYPERLINK("#"&A17&"!A1",A17) -> 11 | C17: 网络数据处理系统 | D17: 中间层 | E17: 数据感知 | F17: aggr_nr_dpi_web_appcel_h | G17: 5G_DPI_web小区app维度小时表 | H17: 5G_DPI_web小区app维度小时表 | I17: 小区|app | J17: 小时 | K17: 小时 | L17: 核心 | M17: / | N17: 14 | O17: aggr_nr_dpi_http_appcel_h | P17: 建维优 | Q17: 新建
A18: 12 | B18: =HYPERLINK("#"&A18&"!A1",A18) -> 12 | C18: 网络数据处理系统 | D18: 中间层 | E18: 数据感知 | F18: aggr_nr_dpi_web_appcel_d | G18: 5G_DPI_web小区app维度天表 | H18: 5G_DPI_web小区app维度天表 | I18: 小区|app | J18: 天 | K18: 天 | L18: 核心 | M18: / | N18: 30 | O18: aggr_nr_dpi_web_appcel_h | P18: 建维优 | Q18: 新建 | R18: 沿用表aggr_5g_web_usrappcel_e2e_d字段名称
A19: 13 | B19: =HYPERLINK("#"&A19&"!A1",A19) -> 13 | C19: 网络数据处理系统 | D19: 中间层 | E19: 数据感知 | F19: aggr_nr_dpi_web_cel_d | G19: 5G_DPI_web小区维度天表 | H19: 5G_DPI_web小区维度天表 | I19: 小区 | J19: 天 | K19: 天 | L19: 核心 | M19: / | N19: 30 | O19: aggr_nr_dpi_web_appcel_d | P19: 建维优、共建共享 | Q19: 新建 | R19: 沿用共享给共建共享表aggr_5g_web_cel_e2e_d字段名称，但表结构存在变化（删减与添加）
A20: 14 | B20: =HYPERLINK("#"&A20&"!A1",A20) -> 14 | C20: 网络数据处理系统 | D20: 中间层 | E20: 数据感知 | F20: aggr_nr_dpi_im_appcel_h | G20: 5G_DPI_im小区app维度小时表 | H20: 5G_DPI_im小区app维度小时表 | I20: 小区|app | J20: 小时 | K20: 小时 | L20: 核心 | M20: / | N20: 14 | O20: aggr_nr_dpi_http_appcel_h | P20: 建维优 | Q20: 新建
A21: 15 | B21: =HYPERLINK("#"&A21&"!A1",A21) -> 15 | C21: 网络数据处理系统 | D21: 中间层 | E21: 数据感知 | F21: aggr_nr_dpi_im_appcel_d | G21: 5G_DPI_im小区app维度天表 | H21: 5G_DPI_im小区app维度天表 | I21: 小区|app | J21: 天 | K21: 天 | L21: 核心 | M21: / | N21: 30 | O21: aggr_nr_dpi_im_appcel_h | P21: 建维优 | Q21: 新建 | R21: 沿用表aggr_5g_im_usrappcel_e2e_d字段名称
A22: 16 | B22: =HYPERLINK("#"&A22&"!A1",A22) -> 16 | C22: 网络数据处理系统 | D22: 中间层 | E22: 数据感知 | F22: aggr_nr_dpi_im_cel_d | G22: 5G_DPI_im小区维度天表 | H22: 5G_DPI_im小区维度天表 | I22: 小区 | J22: 天 | K22: 天 | L22: 核心 | M22: / | N22: 30 | O22: aggr_nr_dpi_im_appcel_d | P22: 建维优、共建共享 | Q22: 新建 | R22: 沿用共享给共建共享表aggr_5g_im_cel_e2e_d字段名称，但表结构存在变化（删减与添加）
A23: 17 | B23: =HYPERLINK("#"&A23&"!A1",A23) -> 17 | C23: 网络数据处理系统 | D23: 中间层 | E23: 数据感知 | F23: aggr_nr_dpi_game_appcel_h | G23: 5G_DPI_game小区app维度小时表 | H23: 5G_DPI_game小区app维度小时表 | I23: 小区|app | J23: 小时 | K23: 小时 | L23: 核心 | M23: / | N23: 14 | O23: aggr_nr_dpi_http_appcel_h | P23: 建维优 | Q23: 新建
A24: 18 | B24: =HYPERLINK("#"&A24&"!A1",A24) -> 18 | C24: 网络数据处理系统 | D24: 中间层 | E24: 数据感知 | F24: aggr_nr_dpi_game_appcel_d | G24: 5G_DPI_game小区app维度天表 | H24: 5G_DPI_game小区app维度天表 | I24: 小区|app | J24: 天 | K24: 天 | L24: 核心 | M24: / | N24: 30 | O24: aggr_nr_dpi_game_appcel_h | Q24: 新建 | R24: 沿用表aggr_5g_game_usrappcel_e2e_d字段名称
A25: 19 | B25: =HYPERLINK("#"&A25&"!A1",A25) -> 19 | C25: 网络数据处理系统 | D25: 中间层 | E25: 数据感知 | F25: aggr_nr_dpi_game_cel_d | G25: 5G_DPI_game小区维度天表 | H25: 5G_DPI_game小区维度天表 | I25: 小区 | J25: 天 | K25: 天 | L25: 核心 | M25: / | N25: 30 | O25: aggr_nr_dpi_game_appcel_d | P25: 建维优、共建共享 | Q25: 新建 | R25: 对应共享给共建共享表aggr_5g_game_cel_e2e_d字段名称，但表结构存在变化（删减与添加）
A26: 20 | B26: =HYPERLINK("#"&A26&"!A1",A26) -> 20 | C26: 网络数据处理系统 | D26: 中间层 | E26: 数据感知 | F26: aggr_nr_dpi_http_apptype_usrcel_h | G26: 5G_DPI_http协议app类型用户小区维度小时表 | H26: 5G_DPI_http协议app类型用户小区维度小时表 | I26: 用户|小区|app类型 | J26: 小时 | K26: 小时 | L26: 核心 | M26: / | N26: 14 | O26: aggr_nr_dpi_http_usrappcel_h | Q26: 新建
A27: 21 | B27: =HYPERLINK("#"&A27&"!A1",A27) -> 21 | C27: 网络数据处理系统 | D27: 中间层 | E27: 数据感知 | F27: aggr_nr_dpi_web_usrcel_d | G27: 5G_DPI_web用户小区维度天表 | H27: 5G_DPI_web用户小区维度天表 | I27: 用户|小区 | J27: 天 | K27: 天 | L27: 核心 | M27: / | N27: 30 | O27: aggr_nr_dpi_http_apptype_usrcel_h | P27: 建维优 | Q27: 新建 | R27: 沿用表aggr_5g_web_usrappcel_e2e_d字段名称
A28: 22 | B28: =HYPERLINK("#"&A28&"!A1",A28) -> 22 | C28: 网络数据处理系统 | D28: 中间层 | E28: 数据感知 | F28: aggr_nr_dpi_web_usr_d | G28: 5G_DPI_web用户维度天表 | H28: 5G_DPI_web用户维度天表 | I28: 用户 | J28: 天 | K28: 天 | L28: 核心 | M28: / | N28: 30 | O28: aggr_nr_dpi_web_usrcel_d | P28: 建维优 | Q28: 新建 | R28: 沿用表aggr_5g_web_usr_e2e_d字段名称
A29: 23 | B29: =HYPERLINK("#"&A29&"!A1",A29) -> 23 | C29: 网络数据处理系统 | D29: 中间层 | E29: 数据感知 | F29: aggr_nr_dpi_im_usrcel_d | G29: 5G_DPI_im用户小区维度天表 | H29: 5G_DPI_im用户小区维度天表 | I29: 用户|小区 | J29: 天 | K29: 天 | L29: 核心 | M29: / | N29: 30 | O29: aggr_nr_dpi_http_apptype_usrcel_h | P29: 建维优 | Q29: 新建 | R29: 沿用表aggr_5g_im_usrappcel_e2e_d字段名称
A30: 24 | B30: =HYPERLINK("#"&A30&"!A1",A30) -> 24 | C30: 网络数据处理系统 | D30: 中间层 | E30: 数据感知 | F30: aggr_nr_dpi_im_usr_d | G30: 5G_DPI_im用户维度天表 | H30: 5G_DPI_im用户维度天表 | I30: 用户 | J30: 天 | K30: 天 | L30: 核心 | M30: / | N30: 30 | O30: aggr_nr_dpi_im_usrcel_d | P30: 建维优 | Q30: 新建 | R30: 沿用表aggr_5g_im_usr_e2e_d字段名称
A31: 25 | B31: =HYPERLINK("#"&A31&"!A1",A31) -> 25 | C31: 网络数据处理系统 | D31: 中间层 | E31: 数据感知 | F31: aggr_nr_wechat_payment_usrcel_d | G31: 5G微信支付用户小区天表 | H31: 5G微信支付用户小区天表 | I31: 用户|小区 | J31: 天 | K31: 天 | L31: 核心 | M31: / | N31: 30 | O31: aggr_nr_dpi_im_usrcel_d、fact_nr_cm_projdata、lte_cm_projdata、lte_cucc_cm_projdata | P31: 建维优 | Q31: 新建(升级) | R31: 沿用表aggr_5g_wechat_scan_code_payment_noc_usrcel_d表结构与字段名称
A32: 26 | B32: =HYPERLINK("#"&A32&"!A1",A32) -> 26 | C32: 网络数据处理系统 | D32: 中间层 | E32: 数据感知 | F32: aggr_nr_dpi_game_usrcel_d | G32: 5G_DPI_game用户小区维度天表 | H32: 5G_DPI_game用户小区维度天表 | I32: 用户|小区 | J32: 天 | K32: 天 | L32: 核心 | M32: / | N32: 30 | O32: aggr_nr_dpi_http_apptype_usrcel_h | P32: 建维优 | Q32: 新建 | R32: 沿用表aggr_5g_game_usrappcel_e2e_d字段名称
A33: 27 | B33: =HYPERLINK("#"&A33&"!A1",A33) -> 27 | C33: 网络数据处理系统 | D33: 中间层 | E33: 数据感知 | F33: aggr_nr_dpi_game_usr_d | G33: 5G_DPI_game用户维度天表 | H33: 5G_DPI_game用户维度天表 | I33: 用户 | J33: 天 | K33: 天 | L33: 核心 | M33: / | N33: 30 | O33: aggr_nr_dpi_game_usrcel_d | P33: 建维优 | Q33: 新建 | R33: 沿用表aggr_5g_game_usr_e2e_d字段名称
A34: 28 | B34: =HYPERLINK("#"&A34&"!A1",A34) -> 28 | C34: 网络数据处理系统 | D34: 中间层 | E34: 数据感知 | F34: aggr_nr_dpi_http_apptype_usrappcel_q | G34: 5G_DPI_app类型用户小区app维度15分钟表 | H34: 5G_DPI_app类型用户小区app维度15分钟表 | I34: 用户|小区|app | J34: 15分钟 | K34: 15分钟 | L34: 核心 | M34: / | N34: 14 | O34: aggr_nr_dpi_http_base_q | Q34: 新建
A35: 29 | B35: =HYPERLINK("#"&A35&"!A1",A35) -> 29 | C35: 网络数据处理系统 | D35: 中间层 | E35: 数据感知 | F35: aggr_nr_dpi_web_usrappcel_q | G35: 5G_DPI_web类型用户小区app维度15分钟表 | H35: 5G_DPI_web类型用户小区app维度15分钟表 | I35: 用户|小区|app | J35: 15分钟 | K35: 15分钟 | L35: 核心 | M35: / | N35: 14 | O35: aggr_nr_dpi_http_apptype_usrappcel_q | Q35: 新建
A36: 30 | B36: =HYPERLINK("#"&A36&"!A1",A36) -> 30 | C36: 网络数据处理系统 | D36: 中间层 | E36: 数据感知 | F36: aggr_nr_dpi_im_usrappcel_q | G36: 5G_DPI_im类型用户小区app维度15分钟表 | H36: 5G_DPI_im类型用户小区app维度15分钟表 | I36: 用户|小区|app | J36: 15分钟 | K36: 15分钟 | L36: 核心 | M36: / | N36: 14 | O36: aggr_nr_dpi_http_apptype_usrappcel_q | Q36: 新建
A37: 31 | B37: =HYPERLINK("#"&A37&"!A1",A37) -> 31 | C37: 网络数据处理系统 | D37: 中间层 | E37: 数据感知 | F37: aggr_nr_dpi_game_usrappcel_q | G37: 5G_DPI_game类型用户小区app维度15分钟表 | H37: 5G_DPI_game类型用户小区app维度15分钟表 | I37: 用户|小区|app | J37: 15分钟 | K37: 15分钟 | L37: 核心 | M37: / | N37: 14 | O37: aggr_nr_dpi_http_apptype_usrappcel_q | Q37: 新建
A38: 32 | B38: =HYPERLINK("#"&A38&"!A1",A38) -> 32 | C38: 网络数据处理系统 | D38: 中间层 | E38: 数据感知 | F38: aggr_nr_web_usrappcelarea_d | G38: 5G_web类型用户小区区域app维度天表 | H38: 5G_web类型用户小区区域app维度天 | I38: 用户|小区|区域|app | J38: 15分钟 | K38: 天 | L38: 核心 | M38: / | N38: 30 | O38: aggr_nr_usrareatime_cel_refactor_d、aggr_nr_dpi_web_usrappcel_q | P38: 建维优 | Q38: 新建(升级) | R38: 只上线用户级感知13省份，沿用表aggr_nr_usrarea_web_cel_d表结构与字段名称
A39: 34 | B39: =HYPERLINK("#"&A39&"!A1",A39) -> 34 | C39: 网络数据处理系统 | D39: 中间层 | E39: 高铁优化 | F39: aggr_nr_web_highspeedrail_usrcel_h | G39: 高铁5G web业务用户小区小时表 | H39: 高铁5G web业务用户小区小时表 | I39: 用户|小区 | J39: 小时 | K39: 小时 | L39: 核心 | M39: / | N39: 14 | O39: aggr_highspeedrail_usrlist_d、aggr_nr_dpi_web_usrappcel_q | Q39: 新建(升级) | R39: 沿用表aggr_nr_highspeedrail_web_base_h表结构与字段名称
A40: 35 | B40: =HYPERLINK("#"&A40&"!A1",A40) -> 35 | C40: 网络数据处理系统 | D40: 中间层 | E40: 数据感知 | F40: aggr_nr_im_usrappcelarea_d | G40: 5G_im类型用户小区区域app维度天表 | H40: 5G_im类型用户小区区域app维度天 | I40: 用户|小区|区域|app | J40: 15分钟 | K40: 天 | L40: 核心 | M40: / | N40: 30 | O40: aggr_nr_usrareatime_cel_refactor_d、aggr_nr_dpi_im_usrappcel_q | P40: 建维优 | Q40: 新建(升级) | R40: 只上线用户级感知13省份，沿用表aggr_nr_usrarea_im_cel_d表结构与字段名称
A41: 37 | B41: =HYPERLINK("#"&A41&"!A1",A41) -> 37 | C41: 网络数据处理系统 | D41: 中间层 | E41: 数据感知 | F41: aggr_nr_game_usrappcelarea_d | G41: 5G_game类型用户小区区域app维度天表 | H41: 5G_game类型用户小区区域app维度天 | I41: 用户|小区|区域|app | J41: 15分钟 | K41: 天 | L41: 核心 | M41: / | N41: 30 | O41: aggr_nr_usrareatime_cel_refactor_d、aggr_nr_dpi_game_usrappcel_q | P41: 建维优 | Q41: 新建(升级) | R41: 只上线用户级感知13省份，沿用表aggr_nr_usrarea_game_cel_d表结构与字段名称
A42: 39 | B42: =HYPERLINK("#"&A42&"!A1",A42) -> 39 | C42: 网络数据处理系统 | D42: 中间层 | E42: 数据感知 | F42: aggr_nr_web_index_reduce_cel_d | G42: 5G_web类型小区指标删减天表 | H42: 5G_web类型小区指标删减天表 | I42: 小区 | J42: 天 | K42: 天 | L42: 核心 | M42: / | N42: 30 | O42: aggr_nr_dpi_web_cel_d | P42: 5GR | Q42: 新建(升级) | R42: 沿用共享给5GR的表aggr_5g_web_cel_e2e_share_d表结构与字段名称
A43: 40 | B43: =HYPERLINK("#"&A43&"!A1",A43) -> 40 | C43: 网络数据处理系统 | D43: 中间层 | E43: 数据感知 | F43: aggr_nr_im_index_reduce_cel_d | G43: 5G_im类型小区指标删减天表 | H43: 5G_im类型小区指标删减天表 | I43: 小区 | J43: 天 | K43: 天 | L43: 核心 | M43: / | N43: 30 | O43: aggr_nr_dpi_im_cel_d | P43: 5GR | Q43: 新建(升级) | R43: 沿用共享给5GR的表aggr_5g_im_cel_e2e_share_d表结构与字段名称
A44: 41 | B44: =HYPERLINK("#"&A44&"!A1",A44) -> 41 | C44: 网络数据处理系统 | D44: 中间层 | E44: 数据感知 | F44: aggr_nr_game_index_reduce_cel_d | G44: 5G_game类型小区指标删减天表 | H44: 5G_game类型小区指标删减天表 | I44: 小区 | J44: 天 | K44: 天 | L44: 核心 | M44: / | N44: 30 | O44: aggr_nr_dpi_game_cel_d | P44: 5GR | Q44: 新建(升级) | R44: 沿用共享给5GR的表aggr_5g_game_cel_e2e_share_d表结构与字段名称
A45: 45 | B45: =HYPERLINK("#"&A45&"!A1",A45) -> 45 | C45: 网络数据处理系统 | D45: 中间层 | E45: 数据感知 | F45: aggr_nr_wechat_payment_cel_d | G45: 5G微信支付小区天表 | H45: 5G微信支付小区天表 | I45: 小区 | J45: 天 | K45: 天 | L45: 核心 | M45: / | N45: 30 | O45: aggr_nr_wechat_payment_usrcel_d | P45: 建维优 | Q45: 新建(升级) | R45: 沿用表aggr_5g_wechat_scan_code_payment_noc_cel_d表结构与字段名称
A46: 49 | B46: =HYPERLINK("#"&A46&"!A1",A46) -> 49 | C46: 网络数据处理系统 | D46: 中间层 | E46: 数据感知 | F46: aggr_nr_web_highspeedrail_cel_d | G46: 高铁5G web业务小区天表 | H46: 高铁5G web业务小区天表 | I46: 小区 | J46: 天 | K46: 天 | L46: 核心 | M46: / | N46: 30 | O46: aggr_nr_web_highspeedrail_usrcel_h | P46: 建维优 | Q46: 新建(升级) | R46: 沿用表aggr_nr_highspeedrail_web_cel_d表结构与字段名称
A47: 56 | B47: =HYPERLINK("#"&A47&"!A1",A47) -> 56 | C47: 网络数据处理系统 | D47: 中间层 | E47: 数据感知 | F47: aggr_nr_dpi_http_usrcel_h | G47: 5G_DPI用户小区维度小时表 | H47: 5G_DPI用户小区维度小时表 | I47: 用户|小区 | J47: 小时 | K47: 小时 | L47: 核心 | M47: / | N47: 14 | O47: aggr_nr_dpi_http_apptype_usrcel_h | Q47: 新建
A48: 57 | B48: =HYPERLINK("#"&A48&"!A1",A48) -> 57 | C48: 网络数据处理系统 | D48: 整合层 | E48: / | F48: fact_nr_dpi_video_q | G48: 5G_DPI_video整合层15分钟表 | H48: 5G_DPI_video整合层15分钟表 | I48: 详单 | J48: 详单 | K48: 15分钟 | L48: 前置 | M48: 否 | N48: 3 | O48: ods_5gdpi_video_e2e_telecom_origin_q、fact_nr_cm_projdata、lte_cm_projdata、lte_cucc_cm_projdata | Q48: 新建
A49: 58 | B49: =HYPERLINK("#"&A49&"!A1",A49) -> 58 | C49: 网络数据处理系统 | D49: 中间层 | E49: 数据感知 | F49: aggr_nr_dpi_video_base_q | G49: 5G_DPI_video基础维度15分钟表 | H49: 5G_DPI_video基础维度15分钟表 | I49: 用户|小区|app|dnn|切片|源IP类型 | J49: 15分钟 | K49: 15分钟 | L49: 前置 | M49: 是 | N49: 前置:7；核心:14 | O49: fact_nr_dpi_video_q | Q49: 新建
A50: 59 | B50: =HYPERLINK("#"&A50&"!A1",A50) -> 59 | C50: 网络数据处理系统 | D50: 中间层 | E50: 数据感知 | F50: aggr_nr_dpi_video_base_h | G50: 5G_DPI_video基础维度小时表 | H50: 5G_DPI_video基础维度小时表 | I50: 用户|小区|app|dnn|切片|源IP类型 | J50: 小时 | K50: 小时 | L50: 核心 | M50: / | N50: 14 | O50: aggr_nr_dpi_video_base_q | Q50: 新建
A51: 60 | B51: =HYPERLINK("#"&A51&"!A1",A51) -> 60 | C51: 网络数据处理系统 | D51: 中间层 | E51: 数据感知 | F51: aggr_nr_dpi_video_index_reduce_base_h | G51: 5G_DPI_video基础维度指标裁剪小时表 | H51: 5G_DPI_video基础维度指标裁剪小时表 | I51: 用户|小区|app|dnn|切片|源IP类型 | J51: 小时 | K51: 小时 | L51: 核心 | M51: / | N51: 14 | O51: aggr_nr_dpi_video_base_h | P51: 移动业务感知保障系统 | Q51: 新建 | R51: 沿用共享给移动业务感知保障系统的表aggr_5g_video_usrappcelslice_e2e_h字段名称，但表结构存在变化
A52: 61 | B52: =HYPERLINK("#"&A52&"!A1",A52) -> 61 | C52: 网络数据处理系统 | D52: 中间层 | E52: 数据感知 | F52: aggr_nr_dpi_video_usrappcel_h | G52: 5G_DPI_video用户小区app维度小时表 | H52: 5G_DPI_video用户小区app维度小时表 | I52: 用户|小区|app | J52: 小时 | K52: 小时 | L52: 核心 | M52: / | N52: 14 | O52: aggr_nr_dpi_video_base_h | Q52: 新建
A53: 61.1 | B53: =HYPERLINK("#"&A53&"!A1",A53) -> 61.1 | C53: 网络数据处理系统 | D53: 中间层 | E53: 数据感知 | F53: aggr_nr_iov_video_usrappcel_refactor_h | G53: 5G_DPI_video车联网用户小区app维度小时表 | H53: 5G_DPI_video车联网用户小区app维度小时表 | I53: 用户|小区|app | J53: 小时 | K53: 小时 | L53: 核心 | M53: / | N53: 14 | O53: aggr_nr_dpi_video_usrappcel_h | P53: 5G定制网 | Q53: 新建(升级) | R53: 沿用共享给5G定制网表aggr_nr_iov_video_usrappcel_h表结构及字段名称
A54: 61.2 | B54: =HYPERLINK("#"&A54&"!A1",A54) -> 61.2 | C54: 网络数据处理系统 | D54: 中间层 | E54: 数据感知 | F54: aggr_nr_dpi_video_usrapp_h | G54: 5G_DPI_video用户app维度小时表 | H54: 5G_DPI_video用户app维度小时表 | I54: 用户|app | J54: 小时 | K54: 小时 | L54: 核心 | M54: / | N54: 14 | O54: aggr_nr_dpi_video_usrappcel_h | Q54: 新建
A55: 61.3 | B55: =HYPERLINK("#"&A55&"!A1",A55) -> 61.3 | C55: 网络数据处理系统 | D55: 中间层 | E55: 数据感知 | F55: aggr_nr_dpi_video_usrapp_d | G55: 5G_DPI_video用户app维度天表 | H55: 5G_DPI_video用户app维度天表 | I55: 用户|app | J55: 天 | K55: 天 | L55: 核心 | M55: / | N55: 30 | O55: aggr_nr_dpi_video_usrapp_h | Q55: 新建
A56: 61.4 | B56: =HYPERLINK("#"&A56&"!A1",A56) -> 61.4 | C56: 网络数据处理系统 | D56: 中间层 | E56: 数据感知 | F56: aggr_nr_dpi_major_business_usrapp_d | G56: 5G_DPI_四大业务用户app维度天表 | H56: 5G_DPI_四大业务用户app维度天表 | I56: 用户|app | J56: 天 | K56: 天 | L56: 核心 | M56: / | N56: 30 | O56: aggr_nr_dpi_http_usrapp_d、aggr_nr_dpi_video_usrapp_d、cfg_dpi_servicetype | P56: 建维优 | Q56: 新建
A57: 62 | B57: =HYPERLINK("#"&A57&"!A1",A57) -> 62 | C57: 网络数据处理系统 | D57: 中间层 | E57: 数据感知 | F57: aggr_nr_dpi_video_appcel_h | G57: 5G_DPI_video小区app维度小时表 | H57: 5G_DPI_video小区app维度小时表 | I57: 小区|app | J57: 小时 | K57: 小时 | L57: 核心 | M57: / | N57: 14 | O57: aggr_nr_dpi_video_usrappcel_h | P57: 建维优 | Q57: 新建
A58: 63 | B58: =HYPERLINK("#"&A58&"!A1",A58) -> 63 | C58: 网络数据处理系统 | D58: 中间层 | E58: 数据感知 | F58: aggr_nr_dpi_video_appcel_d | G58: 5G_DPI_video小区app维度天表 | H58: 5G_DPI_video小区app维度天表 | I58: 小区|app | J58: 天 | K58: 天 | L58: 核心 | M58: / | N58: 30 | O58: aggr_nr_dpi_video_appcel_h | P58: 建维优 | Q58: 新建 | R58: 沿用表aggr_5g_video_usrappcel_e2e_d字段名称，但表结构存在变化
A59: 64 | B59: =HYPERLINK("#"&A59&"!A1",A59) -> 64 | C59: 网络数据处理系统 | D59: 中间层 | E59: 数据感知 | F59: aggr_nr_dpi_video_cel_d | G59: 5G_DPI_video小区维度天表 | H59: 5G_DPI_video小区维度天表 | I59: 小区 | J59: 天 | K59: 天 | L59: 核心 | M59: / | N59: 30 | O59: aggr_nr_dpi_video_appcel_d | P59: 建维优、共建共享 | Q59: 新建 | R59: 沿用共享给共建共享表aggr_5g_video_cel_e2e_d字段名称，但表结构存在变化（删减与添加）
A60: 65 | B60: =HYPERLINK("#"&A60&"!A1",A60) -> 65 | C60: 网络数据处理系统 | D60: 中间层 | E60: 数据感知 | F60: aggr_nr_video_index_reduce_cel_d | G60: 5G_DPI_video小区维度指标裁剪天表 | H60: 5G_DPI_video小区维度指标裁剪天表 | I60: 小区 | J60: 天 | K60: 天 | L60: 核心 | M60: / | N60: 30 | O60: aggr_nr_dpi_video_cel_d | P60: 5GR | Q60: 新建(升级) | R60: 沿用共享给5GR的表aggr_5g_video_cel_e2e_share_d表结构与字段名称
A61: 66 | B61: =HYPERLINK("#"&A61&"!A1",A61) -> 66 | C61: 网络数据处理系统 | D61: 中间层 | E61: 数据感知 | F61: aggr_nr_dpi_video_usrcel_h | G61: 5G_DPI_video用户小区维度小时表 | H61: 5G_DPI_video用户小区维度小时表 | I61: 用户|小区 | J61: 小时 | K61: 小时 | L61: 核心 | M61: / | N61: 14 | O61: aggr_nr_dpi_video_usrappcel_h | Q61: 新建
A62: 67 | B62: =HYPERLINK("#"&A62&"!A1",A62) -> 67 | C62: 网络数据处理系统 | D62: 中间层 | E62: 数据感知 | F62: aggr_nr_dpi_video_usrcel_d | G62: 5G_DPI_video用户小区维度天表 | H62: 5G_DPI_video用户小区维度天表 | I62: 用户|小区 | J62: 天 | K62: 天 | L62: 核心 | M62: / | N62: 30 | O62: aggr_nr_dpi_video_usrcel_h | P62: 建维优 | Q62: 新建 | R62: 沿用表aggr_5g_video_usrappcel_e2e_d字段名称，表结构存在变更
A63: 68 | B63: =HYPERLINK("#"&A63&"!A1",A63) -> 68 | C63: 网络数据处理系统 | D63: 中间层 | E63: 数据感知 | F63: aggr_nr_dpi_video_usr_d | G63: 5G_DPI_video用户维度天表 | H63: 5G_DPI_video用户维度天表 | I63: 用户 | J63: 天 | K63: 天 | L63: 核心 | M63: / | N63: 30 | O63: aggr_nr_dpi_video_usrcel_d | P63: 建维优 | Q63: 新建 | R63: 沿用表aggr_5g_im_usr_e2e_d字段名称，表结构存在变更
A64: 70 | B64: =HYPERLINK("#"&A64&"!A1",A64) -> 70 | C64: 网络数据处理系统 | D64: 中间层 | E64: 数据感知 | F64: aggr_nr_dpi_video_usrappcel_q | G64: 5G_DPI_video类型用户小区app维度15分钟表 | H64: 5G_DPI_video类型用户小区app维度15分钟表 | I64: 用户|小区|app | J64: 15分钟 | K64: 15分钟 | L64: 核心 | M64: / | N64: 14 | O64: aggr_nr_dpi_video_base_q | Q64: 新建
A65: 71 | B65: =HYPERLINK("#"&A65&"!A1",A65) -> 71 | C65: 网络数据处理系统 | D65: 中间层 | E65: 高铁优化 | F65: aggr_nr_video_highspeedrail_usrcel_h | G65: 高铁5G video业务用户小区小时表 | H65: 高铁5G video业务用户小区小时表 | I65: 用户|小区 | J65: 小时 | K65: 小时 | L65: 核心 | M65: / | N65: 14 | O65: aggr_highspeedrail_usrlist_d、aggr_nr_dpi_video_usrappcel_q | Q65: 新建(升级) | R65: 沿用表aggr_nr_highspeedrail_video_base_h表结构与字段名称
A66: 72 | B66: =HYPERLINK("#"&A66&"!A1",A66) -> 72 | C66: 网络数据处理系统 | D66: 中间层 | E66: 高铁优化 | F66: aggr_nr_video_highspeedrail_cel_d | G66: 高铁5G video业务小区天表 | H66: 高铁5G video业务小区天表 | I66: 小区 | J66: 天 | K66: 天 | L66: 核心 | M66: / | N66: 30 | O66: aggr_nr_video_highspeedrail_usrcel_h | P66: 建维优 | Q66: 新建(升级) | R66: 沿用表aggr_nr_highspeedrail_video_cel_d表结构与字段名称
A67: 74 | B67: =HYPERLINK("#"&A67&"!A1",A67) -> 74 | C67: 网络数据处理系统 | D67: 中间层 | E67: 数据感知 | F67: aggr_nr_video_usrappcelarea_d | G67: 5G_video类型用户小区区域app维度天表 | H67: 5G_video类型用户小区区域app维度天 | I67: 用户|小区|区域|app | J67: 15分钟 | K67: 天 | L67: 核心 | M67: / | N67: 30 | O67: aggr_nr_usrareatime_cel_refactor_d、aggr_nr_dpi_video_usrappcel_q | P67: 建维优 | Q67: 新建(升级) | R67: 只上线用户级感知13省份，沿用表aggr_nr_usrarea_video_cel_d表结构与字段名称
A68: 78 | B68: =HYPERLINK("#"&A68&"!A1",A68) -> 78 | C68: 网络数据处理系统 | D68: 整合层 | E68: / | F68: fact_nr_dpi_https_q | G68: 5G_DPI_https整合层15分钟表 | H68: 5G_DPI_https整合层15分钟表 | I68: 详单 | J68: 详单 | K68: 15分钟 | L68: 前置 | M68: 否 | N68: 3 | O68: ods_5gdpi_https_e2e_telecom_q、fact_nr_cm_projdata、lte_cm_projdata、lte_cucc_cm_projdata、cfg_topweb_first_screen_host_list | Q68: 新建
A69: 79 | B69: =HYPERLINK("#"&A69&"!A1",A69) -> 79 | C69: 网络数据处理系统 | D69: 中间层 | E69: 数据感知 | F69: aggr_nr_dpi_https_base_q | G69: 5G_DPI_https基础维度15分钟表 | H69: 5G_DPI_https基础维度15分钟表 | I69: 用户|小区|app|dnn|切片|源IP类型 | J69: 15分钟 | K69: 15分钟 | L69: 前置 | M69: 是 | N69: 前置:7；核心:14 | O69: fact_nr_dpi_https_q | Q69: 新建
A70: 80 | B70: =HYPERLINK("#"&A70&"!A1",A70) -> 80 | C70: 网络数据处理系统 | D70: 中间层 | E70: 数据感知 | F70: aggr_nr_dpi_https_base_h | G70: 5G_DPI_https基础维度小时表 | H70: 5G_DPI_https基础维度小时表 | I70: 用户|小区|app|dnn|切片|源IP类型 | J70: 小时 | K70: 小时 | L70: 核心 | M70: / | N70: 14 | O70: aggr_nr_dpi_https_base_q | Q70: 新建
A71: 81 | B71: =HYPERLINK("#"&A71&"!A1",A71) -> 81 | C71: 网络数据处理系统 | D71: 中间层 | E71: 数据感知 | F71: aggr_nr_dpi_https_index_reduce_base_h | G71: 5G_DPI_https基础维度指标裁剪小时表 | H71: 5G_DPI_https基础维度指标裁剪小时表 | I71: 用户|小区|app|dnn|切片|源IP类型 | J71: 小时 | K71: 小时 | L71: 核心 | M71: / | N71: 14 | O71: aggr_nr_dpi_https_base_q | P71: 移动业务感知保障系统 | Q71: 新建 | R71: 沿用共享给移动业务感知保障系统的表aggr_5gdpi_https_usrappcel_e2e_h字段名称，但表结构存在变化
A72: 82 | B72: =HYPERLINK("#"&A72&"!A1",A72) -> 82 | C72: 网络数据处理系统 | D72: 中间层 | E72: 数据感知 | F72: aggr_nr_dpi_https_usrappcel_h | G72: 5G_DPI_https用户小区app维度小时表 | H72: 5G_DPI_https用户小区app维度小时表 | I72: 用户|小区|app | J72: 小时 | K72: 小时 | L72: 核心 | M72: / | N72: 14 | O72: aggr_nr_dpi_https_base_h | Q72: 新建
A73: 83 | B73: =HYPERLINK("#"&A73&"!A1",A73) -> 83 | C73: 网络数据处理系统 | D73: 中间层 | E73: 数据感知 | F73: aggr_nr_iov_https_usrappcel_refactor_h | G73: 5G_DPI_https车联网用户小区app维度小时表 | H73: 5G_DPI_https车联网用户小区app维度小时表 | I73: 用户|小区|app | J73: 小时 | K73: 小时 | L73: 核心 | M73: / | N73: 14 | O73: aggr_nr_dpi_https_usrappcel_h、cfg_dpi_servicetype、cfg_iov_usr_list | P73: 5G定制网 | Q73: 新建(升级) | R73: 沿用共享给5G定制网表aggr_nr_iov_https_usrappcel_h表结构及字段名称
A74: 84 | B74: =HYPERLINK("#"&A74&"!A1",A74) -> 84 | C74: 网络数据处理系统 | D74: 中间层 | E74: 数据感知 | F74: aggr_nr_dpi_https_usrcel_h | G74: 5G_DPI_https用户小区维度小时表 | H74: 5G_DPI_https用户小区维度小时表 | I74: 用户|小区 | J74: 小时 | K74: 小时 | L74: 核心 | M74: / | N74: 14 | O74: aggr_nr_dpi_https_usrappcel_h | Q74: 新建
A75: 85 | B75: =HYPERLINK("#"&A75&"!A1",A75) -> 85 | C75: 网络数据处理系统 | D75: 中间层 | E75: 数据感知 | F75: aggr_nr_dpi_https_appcel_h | G75: 5G_DPI_https小区app维度小时表 | H75: 5G_DPI_https小区app维度小时表 | I75: 小区|app | J75: 小时 | K75: 小时 | L75: 核心 | M75: / | N75: 14 | O75: aggr_nr_dpi_https_usrappcel_h | Q75: 新建
A76: 86 | B76: =HYPERLINK("#"&A76&"!A1",A76) -> 86 | C76: 网络数据处理系统 | D76: 中间层 | E76: 数据感知 | F76: aggr_nr_dpi_https_appcel_d | G76: 5G_DPI_https小区app维度天表 | H76: 5G_DPI_https小区app维度天表 | I76: 小区|app | J76: 天 | K76: 天 | L76: 核心 | M76: / | N76: 30 | O76: aggr_nr_dpi_https_appcel_h | Q76: 新建
A77: 87 | B77: =HYPERLINK("#"&A77&"!A1",A77) -> 87 | C77: 网络数据处理系统 | D77: 中间层 | E77: 数据感知 | F77: aggr_nr_dpi_https_cel_d | G77: 5G_DPI_https小区维度天表 | H77: 5G_DPI_https小区维度天表 | I77: 小区 | J77: 天 | K77: 天 | L77: 核心 | M77: / | N77: 30 | O77: aggr_nr_dpi_https_appcel_d | Q77: 新建
A78: 88 | B78: =HYPERLINK("#"&A78&"!A1",A78) -> 88 | C78: 网络数据处理系统 | D78: 中间层 | E78: 质量稽核 | F78: aggr_nr_dpi_usrcel_h | G78: 5G DPI主要接口用户小区小时表 | H78: 5G DPI主要接口用户小区小时表 | I78: 用户|小区 | J78: 小时 | K78: 小时 | L78: 核心 | M78: / | N78: 14 | O78: aggr_nr_dpi_n1n2_usrcel_h、aggr_nr_other_usrappcel_h、aggr_nr_dpi_dns_usrcel_h、aggr_nr_dpi_http_usrcel_h、aggr_nr_dpi_https_usrcel_h、aggr_nr_dpi_video_usrcel_h | Q78: 新建(升级) | R78: 对应一阶段重构后表fact_5g_user_ci_list_refactor_h
A79: 89 | B79: =HYPERLINK("#"&A79&"!A1",A79) -> 89 | C79: 网络数据处理系统 | D79: 中间层 | E79: 5G登网 | F79: aggr_5g_user_flux_d | G79: 5G用户流量天表 | H79: 5G用户流量天表 | I79: 用户 | J79: 天 | K79: 天 | L79: 核心 | M79: / | N79: 30 | O79: aggr_nr_dpi_usrcel_h | Q79: 升级 | R79: 先不上线，待割接时直接升级
A80: 90 | B80: =HYPERLINK("#"&A80&"!A1",A80) -> 90 | C80: 网络数据处理系统 | D80: 应用层 | E80: 质量稽核 | F80: dm_qulity_n1n2_cell_d | G80: 5G N1N2小区上报率稽核天表 | H80: 5G N1N2小区上报率稽核天表 | I80: 省 | J80: 天 | K80: 天 | L80: 核心 | M80: / | N80: 180 | O80: aggr_nr_dpi_usrcel_h | Q80: 升级 | R80: 先不上线，待割接时直接升级
A81: 91 | B81: =HYPERLINK("#"&A81&"!A1",A81) -> 91 | C81: 网络数据处理系统 | D81: 应用层 | E81: 质量稽核 | F81: dm_qulity_n1n2_no_cell_d | G81: 5G N1N2未上报小区清单天表 | H81: 5G N1N2未上报小区清单天表 | I81: 小区 | J81: 天 | K81: 天 | L81: 核心 | M81: / | N81: 180 | O81: aggr_nr_dpi_usrcel_h | Q81: 升级 | R81: 先不上线，待割接时直接升级
A82: 92 | B82: =HYPERLINK("#"&A82&"!A1",A82) -> 92 | C82: 网络数据处理系统 | D82: 中间层 | E82: 质量稽核 | F82: aggr_nr_dpi_mr_pm_cm_cel_d | G82: 5G DPI/MR/CM/PM小区清单天表 | H82: 5G DPI/MR/CM/PM小区清单天表 | I82: 小区 | J82: 天 | K82: 天 | L82: 核心 | M82: / | N82: 30 | O82: fact_pm_nr_lceldu_d、fact_nr_cm_projdata、aggr_nr_coverage_cel_refactor_d、aggr_nr_dpi_n1n2_cel_d、aggr_nr_dpi_http_cel_d、aggr_nr_dpi_https_cel_d、aggr_nr_dpi_video_cel_d、aggr_nr_dpi_dns_cel_d | Q82: 新建 | R82: 对应现网表dq_datasouce_5g_cell_check_list_new_d
A83: 93 | B83: =HYPERLINK("#"&A83&"!A1",A83) -> 93 | C83: 网络数据处理系统 | D83: 应用层 | E83: 质量稽核 | F83: dq_datasouce_5g_no_cell_list_d | G83: MR未上报小区清单 | H83: MR未上报小区清单 | I83: 小区 | J83: 天 | K83: 天 | L83: 核心 | M83: / | N83: 180 | O83: aggr_nr_dpi_mr_pm_cm_cel_d | Q83: 升级 | R83: 先不上线，待割接时直接升级
A84: 94 | B84: =HYPERLINK("#"&A84&"!A1",A84) -> 94 | C84: 网络数据处理系统 | D84: 中间层 | E84: 质量稽核 | F84: aggr_5g_wireless_cellnum_audit_d | G84: 各类无线数据小区上报率指标统计天表 | H84: MR未上报小区清单 | I84: 省|厂家 | J84: 天 | K84: 天 | L84: 核心 | M84: / | N84: 30 | O84: aggr_nr_dpi_mr_pm_cm_cel_d | Q84: 升级 | R84: 先不上线，待割接时直接升级
A85: 95 | B85: =HYPERLINK("#"&A85&"!A1",A85) -> 95 | C85: 网络数据处理系统 | D85: 应用层 | E85: 工参主数据 | F85: dm_5gdpi_cell_list_d | G85: 5G-DPI信令面数据小区天表（滚动历史7天） | H85: 5G-DPI信令面数据小区天表（滚动历史7天） | I85: 小区 | J85: 天 | K85: 天 | L85: 核心 | M85: / | N85: 180 | O85: aggr_nr_dpi_n1n2_cel_d | Q85: 升级 | R85: 先不上线，待割接时直接升级

Sheet 0.1
B1: =HYPERLINK("#"&"导航应用"&"!B1","返回") -> 返回
B2: 目标表基本信息描述
B3: 主题域 | C3: 目标表英文名 | D3: 目标表中文名 | E3: 数据频度 | F3: 模型主键 | G3: 数据描述 | H3: 推送数据库
C4: cfg_topweb_first_screen_host_list | D4: TOP网址首屏时延分析URL配置表 | E4: 维表
B6: 源表基本信息描述
B7: 来源系统 | C7: 源表英文名 | D7: 源表中文名 | E7: 别名 | F7: 任务描述 | G7: 备注 | H7: 是否主表
E8: A | H8: 是
E9: B
B11: 详细字段信息
B12: PDM字段英文名 | C12: PDM字段类型 | D12: PDM字段中文名（说明） | E12: 源表名 | F12: 源字段英文名 | G12: 算法加工逻辑 | H12: 关联与过滤条件 | I12: 备注 | J12: 字段属性 | K12: 单位 | L12: 取值范围
B13: host_id | C13: int | D13: 网址ID | J13: 配置表 | K13: 无 | L13: 无
B14: host | C14: string | D14: 网址 | J14: 配置表 | K14: 无 | L14: 无
B17: 维表数据
B19: host_id | C19: host
B20: 1 | C20: m.weibo.cn
B21: 2 | C21: xw.qq.com
B22: 3 | C22: m.jd.com
B23: 4 | C23: m.360.com
B24: 5 | C24: 3g.163.com/touch
B25: 6 | C25: 189.cn
B26: 7 | C26: sina.cn
B27: 8 | C27: m.sohu.com
B28: 9 | C28: m.taobao.com
B29: 10 | C29: m.baidu.com
B30: 11 | C30: www.apple.com/cn
B31: 12 | C31: i.ifeng.com
... B98: 79 | C98: www.eastmoney.com

Sheet 0.2
B1: =HYPERLINK("#导航!a2","返回") -> 返回
B2: 目标表基本信息描述
B3: 主题域 | C3: 目标表英文名 | D3: 目标表中文名 | E3: 数据频度 | F3: 模型主键 | G3: 数据描述 | H3: 推送数据库
B4: dpi | C4: cfg_http_status_type | D4: http-status状态码表 | E4: 维表 | F4: status_code | G4: 4G/5G httpstatus码相同
B6: 源表基本信息描述
B7: 来源系统 | C7: 源表英文名 | D7: 源表中文名 | E7: 别名 | F7: 任务描述 | G7: 备注 | H7: 是否主表
E8: A | H8: 是
E9: B
B11: 详细字段信息
B12: PDM字段英文名 | C12: PDM字段类型 | D12: PDM字段中文名（说明） | E12: 源表名 | F12: 源字段英文名 | G12: 算法加工逻辑 | H12: 关联与过滤条件 | I12: 备注 | J12: 字段属性 | K12: 单位 | L12: 取值范围
B13: status_code | C13: int | D13: HTTP状态码
B14: status_explain | C14: string | D14: HTTP状态码描述
B15: problem_demarcation | C15: string | D15: HTTP状态码问题定界
B16: problem_position | C16: string | D16: HTTP状态码问题定位
B17: normal_flag | C17: int | D17: 正常话单标志（1：正常，0：异常）
B21: 维表数据
B22: status_code | C22: status_explain | D22: problem_demarcation | E22: problem_position | F22: normal_flag
B23: HTTP状态码 | C23: HTTP状态码描述 | D23: HTTP状态码问题定界 | E23: HTTP状态码问题定位 | F23: 是否正常
B24: 200 | C24: 成功(200) | E24: 成功 | F24: 1
B25: 201 | C25: 已创建(201) | E25: 已创建 | F25: 1
B26: 202 | C26: 已接受(202) | E26: 已接受 | F26: 1
B27: 203 | C27: 非权威性信息(203) | E27: 非权威性信息 | F27: 1
B28: 204 | C28: 无内容(204) | E28: 无内容 | F28: 1
B29: 205 | C29: 重置内容(205) | E29: 重置内容 | F29: 1
B30: 206 | C30: 部分内容(206) | E30: 部分内容 | F30: 1
B31: 302 | C31: 对象已移动(302) | E31: 对象已移动 | F31: 1
B32: 304 | C32: 未修改(304) | E32: 未修改 | F32: 1
B33: 306 | C33: 临时重定向(306) | E33: 临时重定向 | F33: 1
B34: 400 | C34: 错误的请求(400) | D34: 用户 | E34: 错误的请求 | F34: 0
B35: 401 | C35: 访问被拒绝(401) | D35: 用户 | E35: 访问被拒绝 | F35: 0
B36: 403 | C36: 禁止访问(403) | D36: 用户 | E36: 禁止访问 | F36: 0
B37: 404 | C37: 未找到(404) | D37: 用户 | E37: 未找到 | F37: 0
B38: 405 | C38: 方法不被允许(405) | D38: 用户 | E38: 方法不被允许 | F38: 0
B39: 406 | C39: 不接受所请求页面的 MIME 类型(406) | D39: 用户 | E39: 不接受所请求页面的 MIME 类型 | F39: 0
B40: 407 | C40: 要求进行代理身份验证(407) | D40: 用户 | E40: 要求进行代理身份验证 | F40: 0
B41: 408 | C41: 请求超时(408) | D41: 用户 | E41: 请求超时 | F41: 0
B42: 412 | C42: 前提条件失败(412) | D42: 用户 | E42: 前提条件失败 | F42: 0
B43: 413 | C43: 请求实体太大(413) | D43: 用户 | E43: 请求实体太大 | F43: 0
B44: 414 | C44: 请求URI太长(414) | D44: 用户 | E44: 请求URI太长 | F44: 0
B45: 415 | C45: 不支持的媒体类型(415) | D45: 用户 | E45: 不支持的媒体类型 | F45: 0
... B54: 506 | C54: HTTP 版本不受支持(506) | D54: SP服务商 | E54: HTTP 版本不受支持 | F54: 0
B55: -2 | C55: 未知 | E55: 未知 | F55: 0
B56: -1 | C56: 超时内没有响应 | E56: 超时内没有响应 | F56: 0

Sheet 0.3
B1: =HYPERLINK("#导航!a2","返回") -> 返回
B3: 目标表基本信息描述
B4: 主题域 | C4: 目标表英文名 | D4: 目标表中文名 | E4: 数据频度 | F4: 模型主键 | G4: 数据描述 | H4: 推送数据库
B5: / | C5: fact_5gdpi_5gmro_ott_h | D5: 5G OTT定位指纹库清洗小时表 | E5: 小时
B7: 源表基本信息描述
B8: 来源系统 | C8: 源表英文名 | D8: 源表中文名 | E8: 别名 | F8: 任务描述 | G8: 备注 | H8: 是否主表
C9: ods_5gdpi_http_e2e_telecom_origin_q | D9: 5G_DPI_http贴源层详单表 | E9: A | G9: 将输入表ods_5gdpi_http_e2e_telecom_q调整为ods_5gdpi_http_e2e_telecom_origin_q，算法逻辑不变 | H9: 是
C10: fact_nr_cm_projdata | D10: 5G电联工参表 | E10: B
C11: ods_nr_mro_northctcc_q | D11: 5G MR用户回填15分钟表 | E11: C
B13: 详细字段信息
B14: 详细字段信息
B15: PDM字段英文名 | C15: PDM字段类型 | D15: PDM字段中文名（说明） | E15: 源表名 | F15: 源字段英文名 | G15: 算法加工逻辑 | H15: 关联与过滤条件 | I15: 备注 | J15: 字段属性 | K15: 单位 | L15: 取值范围
B16: imsi | C16: string | D16: 国际移动用户识别码 | E16: A | F16: supi | G16: 直取 | J16: 详单 | K16: 无 | L16: 无
B17: msisdn | C17: string | D17: 用户号码 | E17: A | F17: msisdn | G17: 直取 | J17: 详单 | K17: 无 | L17: 无
B18: gnbid | C18: bigint | D18: 基站ID | E18: A | G18: cast((substr(ncgi_ecgi,6)/4096) as bigint) | J18: 详单 | K18: 无 | L18: 无
B19: cellid | C19: int | D19: 小区ID | E19: A | G19: cast((substr(ncgi_ecgi,6)%4096) as bigint) | J19: 详单 | K19: 无 | L19: 无
B20: starttime | C20: timestamp | D20: 开始时间 | E20: A | G20: cast(from_unixtime(unix_timestamp(starttime,'yyyyMMddHHmmss'),'yyyy-MM-dd HH:mm:ss') as TIMESTAMP) | J20: 详单 | K20: 无 | L20: 无
B21: endtime | C21: timestamp | D21: 结束时间 | E21: A | G21: cast(from_unixtime(unix_timestamp(endtime,'yyyyMMddHHmmss'),'yyyy-MM-dd HH:mm:ss') as TIMESTAMP) | J21: 详单 | K21: 无 | L21: 无
B22: nrscssrsrp | C22: int | D22: NR服务小区的SSB参考信号接收功率 | E22: C | F22: nrscssrsrp | G22: 直取 | J22: 详单 | K22: 无 | L22: 无
B23: nrscssrsrq | C23: double | D23: NR服务小区的SSB参考信号接收质量 | E23: C | F23: nrscssrsrq | G23: 直取 | J23: 详单 | K23: 无 | L23: 无
B24: nrscsssinr | C24: double | D24: NR服务小区的SSB参考信号信噪比 | E24: C | F24: nrscsssinr | G24: 直取 | J24: 详单 | K24: 无 | L24: 无
B25: lon | C25: string | D25: 经度 | E25: A | G25: regexp_extract(destination_url,'11\\d\\.\\d{4,}|12\\d\\.\\d{4,}',0) | J25: 详单 | K25: 无 | L25: 无
B26: lat | C26: string | D26: 纬度 | E26: A | G26: regexp_extract(destination_url,'[2-4]\\d\\.\\d{4,}',0) | J26: 详单 | K26: 无 | L26: 无
B27: web_url | C27: string | D27: 网址url信息 | E27: A | G27: split(destination_url,'/')[2] | J27: 详单 | K27: 无 | L27: 无
B28: nrsctadv | C28: int | D28: NR服务小区的时间提前量 | E28: C | F28: nrsctadv | G28: 直取 | J28: 详单 | K28: 无 | L28: 无
B29: nrngnbid | C29: array<int> | D29: NR已定义邻区关系和未定义邻区关系小区的5G基站标识 | E29: C | F29: nrngnbid | G29: 直取 | J29: 详单 | K29: 无 | L29: 无
B30: nrncellid | C30: array<int> | D30: NR已定义邻区关系和未定义邻区关系小区的5G小区标识 | E30: C | F30: nrncellid | G30: 直取 | J30: 详单 | K30: 无 | L30: 无
B31: nrncssrsrp | C31: array<int> | D31: 5G小区5G邻区RSRP | E31: C | F31: nrncssrsrp | G31: 直取 | J31: 详单 | K31: 无 | L31: 无
B32: nrncssrsrq | C32: array<int> | D32: 5G小区5G邻区RSRQ | E32: C | F32: nrncssrsrq | G32: 直取 | J32: 详单 | K32: 无 | L32: 无
B33: nrncsssinr | C33: array<int> | D33: 5G小区5G邻区SINR | E33: C | F33: nrncsssinr | G33: 直取 | J33: 详单 | K33: 无 | L33: 无
B34: nrncarfcn | C34: array<int> | D34: NR已定义邻区关系和未定义邻区关系的邻区载波号 | E34: C | F34: nrncarfcn | G34: 直取 | J34: 详单 | K34: 无 | L34: 无
B35: nrncpci | C35: array<int> | D35: NR已定义邻区关系和未定义邻区关系的物理小区识别码 | E35: C | F35: nrncpci | G35: 直取 | J35: 详单 | K35: 无 | L35: 无
B36: nrscarfcn | C36: bigint | D36: NR服务小区载波号 | E36: C | F36: nrscarfcn | G36: 直取 | J36: 详单 | K36: 无 | L36: 无
B37: datetime | C37: string | D37: 测量时间 | E37: C | F37: datetime | G37: 直取 | J37: 详单 | K37: 无 | L37: 无
B38: differencetime | C38: int | D38: 时间差 | E38: AC | G38: t1.time1-t2.time2 | J38: 详单 | K38: 无 | L38: 无
B39: haoa | C39: int | D39: 水平方位 | E39: C | F39: haoa | G39: 直取 | J39: 详单 | K39: 无 | L39: 无
B40: vaoa | C40: int | D40: 垂直方位 | E40: C | F40: vaoa | G40: 直取 | J40: 详单 | K40: 无 | L40: 无
B41: nrscssbeamid | C41: smallint | D41: NR服务小区的SSB波束号 | E41: C | F41: nrscssbeamid | G41: 直取 | J41: 详单 | K41: 无 | L41: 无
B42: dis | C42: double | D42: 距离 | E42: C | F42: dis | G42: 直取 | J42: 详单 | K42: 无 | L42: 无
B43: freq | C43: string | D43: 频点 | E43: C | F43: freq | G43: 直取 | J43: 详单 | K43: 无 | L43: 无
B44: is_valid | C44: int | D44: 是否有效 | E44: C | F44: is_valid | G44: 直取 | J44: 详单 | K44: 无 | L44: 无
B45: dis1 | C45: double | D45: 距离 | E45: AC | G45: case when freq='2.1G' then nrsctadv*78.13 when freq='3.5G' then nrsctadv*39.06 end | J45: 详单 | K45: 无 | L45: 无
B46: p_provincecode | C46: int | D46: 省分区
B47: p_date | C47: string | D47: 天分区
B48: p_hour | C48: int | D48: 小时分区
B49: p_quarter | C49: int | D49: 15分钟分区

Sheet 1
B1: =HYPERLINK("#导航!a2","返回") -> 返回
B3: 目标表基本信息描述
B4: 主题域 | C4: 目标表英文名 | D4: 目标表中文名 | E4: 数据频度 | F4: 模型主键 | G4: 数据描述 | H4: 推送数据库
B5: / | C5: fact_nr_dpi_http_q | D5: 5G_DPI_http整合层15分钟表 | E5: quarter
B7: 源表基本信息描述
B8: 来源系统 | C8: 源表英文名 | D8: 源表中文名 | E8: 别名 | F8: 任务描述 | G8: 备注 | H8: 是否主表
C9: ods_5gdpi_http_e2e_telecom_origin_q | D9: 5G_DPI_http贴源层详单表 | E9: A | H9: 是
C10: fact_nr_cm_projdata | D10: 5G电联工参表 | E10: B1 | G10: A.cellkey=B1.cellkey
C11: lte_cm_projdata | D11: 4G电信工参 | E11: B2 | G11: A.cellkey=B2.reportcellkey
C12: lte_cucc_cm_projdata | D12: 4G联通工参 | E12: B3 | G12: A.cellkey=B3.cellkey
C13: cfg_topweb_first_screen_host_list | D13: TOP网址首屏时延分析URL配置表 | E13: C | G13: A.host=C.host
C14: cfg_http_status_type | D14: http-status状态码表 | E14: D | G14: A.httpstatus=D.status_code
B16: 详细字段信息
B17: 详细字段信息
B18: PDM字段英文名 | C18: PDM字段类型 | D18: PDM字段中文名（说明） | E18: 源表名 | F18: 源字段英文名 | G18: 算法加工逻辑 | H18: 关联与过滤条件 | I18: 备注 | J18: 字段属性 | K18: 单位 | L18: 取值范围
B19: interface | C19: int | D19: 接口 | E19: A | G19: 直取 | J19: 详单 | K19: 无 | L19: 无
B20: supi | C20: string | D20: 永久用户标识 | E20: A | G20: 直取 | J20: 详单 | K20: 无 | L20: 无
B21: msisdn | C21: string | D21: 用户号码 | E21: A | G21: regexp_replace(trim(msisdn),'^86','') | J21: 详单 | K21: 无 | L21: 无
B22: pei | C22: string | D22: 永久设备标识 | E22: A | F22: pei | G22: 直取 | J22: 详单 | K22: 无 | L22: 无
B23: dnn_apn | C23: string | D23: 网络接入标识 | E23: A | F23: dnn_apn | G23: 直取 | J23: 详单 | K23: 无 | L23: 无
B24: destinationip | C24: string | D24: 用户访问的目标IPv4或IPv6地址 | E24: A | F24: destinationip | G24: 直取 | J24: 详单 | K24: 无 | L24: 无
B25: destinationport | C25: int | D25: 用户访问的目标端口号 | E25: A | F25: destinationport | G25: 直取 | J25: 详单 | K25: 无 | L25: 无
B26: sourceip | C26: string | D26: 用户访问外部网络时使用的IPv4或IPv6地址 | E26: A | F26: sourceip | G26: 直取 | J26: 详单 | K26: 无 | L26: 无
B27: sourceport | C27: int | D27: 用户访问外部网络时使用的端口号 | E27: A | F27: sourceport | G27: 直取 | J27: 详单 | K27: 无 | L27: 无
B28: upfip | C28: string | D28: UPF的IPv4或IPv6地址 | E28: A | F28: upfip | G28: 直取 | J28: 详单 | K28: 无 | L28: 无
B29: ncgi_ecgi | C29: string | D29: NCGI：NR 小区全局标识符，MCC+MNC+NRCELLID； | E29: A | F29: ncgi_ecgi | G29: 直取 | I29: ncgi_ecgi： 4601131689682943 | J29: 详单 | K29: 无 | L29: 无
B30: tai | C30: string | D30: 跟踪区标识 | E30: A | F30: tai | G30: 直取 | I30: tai：460-11-8527873 | J30: 详单 | K30: 无 | L30: 无
B31: visitedplmnid | C31: string | D31: 拜访网络标识 | E31: A | F31: visitedplmnid | G31: 直取 | J31: 详单 | K31: 无 | L31: 无
B32: rattype | C32: int | D32: 用户所接入的网络类型 | E32: A | F32: rattype | G32: 直取 | J32: 详单 | K32: 无 | L32: 无
B33: protocolid | C33: int | D33: 协议类型，参见附录J | E33: A | F33: protocolid | G33: 直取 | J33: 详单 | K33: 无 | L33: 无
B34: servicetype | C34: string | D34: 业务应用 | E34: A | G34: case when destination_url like '%short.pay.weixin.qq.com%' then 88888888 else servicetype end | J34: 详单 | K34: 无 | L34: 无
B35: starttime | C35: string | D35: 业务流开始时间，格式为YYYYMMDDhhmmss（24小时制），如果开启中间记录模式，每条记录都填写相同的开始时间。 | E35: A | F35: starttime | G35: 直取 | J35: 详单 | K35: 无 | L35: 无
B36: endtime | C36: string | D36: 业务流结束时间，格式为YYYYMMDDhhmmss（24小时制），如果开启中间记录模式，只在最后一条记录填写结束时间。 | E36: A | F36: endtime | G36: 直取 | J36: 详单 | K36: 无 | L36: 无
B37: duration | C37: bigint | D37: 持续时间，单位毫秒 | E37: A | F37: duration | G37: 直取 | J37: 详单 | K37: 无 | L37: 无
B38: inputoctets | C38: bigint | D38: 发给用户的业务字节数 | E38: A | F38: inputoctets | G38: 直取 | J38: 详单 | K38: 无 | L38: 无
B39: outputoctets | C39: bigint | D39: 用户发出的业务字节数 | E39: A | F39: outputoctets | G39: 直取 | J39: 详单 | K39: 无 | L39: 无
B40: inputpacket | C40: bigint | D40: 发给用户的业务数据包数量 | E40: A | F40: inputpacket | G40: 直取 | J40: 详单 | K40: 无 | L40: 无
B41: outputpacket | C41: bigint | D41: 用户发出的业务数据包数量 | E41: A | F41: outputpacket | G41: 直取 | J41: 详单 | K41: 无 | L41: 无
B42: pduconnectionid | C42: string | D42: PDU连接的ID标识号 | E42: A | F42: pduconnectionid | G42: 直取 | J42: 详单 | K42: 无 | L42: 无
B43: recordclosecause | C43: int | D43: 记录关闭原因 | E43: A | F43: recordclosecause | G43: 直取 | J43: 详单 | K43: 无 | L43: 无
B44: gnbip | C44: string | D44: gNB的IPv4或IPv6地址 | E44: A | F44: gnbip | G44: 直取 | J44: 详单 | K44: 无 | L44: 无
B45: gnbgtp_teid | C45: int | D45: 填写该业务对应承载的gNB侧GTP-TEID | E45: A | F45: gnbgtp_teid | G45: 直取 | J45: 详单 | K45: 无 | L45: 无
B46: upfgtp_teid | C46: int | D46: 填写该业务对应承载的UPF侧GTP-TEID | E46: A | F46: upfgtp_teid | G46: 直取 | J46: 详单 | K46: 无 | L46: 无
... B52: dltcp_retranspacket | C52: bigint | D52: 下行TCP重传报文数 | E52: A | F52: dltcp_retranspacket | G52: 直取 | J52: 详单 | K52: 无 | L52: 无
B53: tcpsetupresponsedelay | C53: bigint | D53: TCP建链响应时延（ms） | E53: A | G53: case when tcpsetupresponsedelay>0 and tcpsetupresponsedelay<50000 then tcpsetupresponsedelay else null end | J53: 详单 | K53: ms | L53: (0,50000)
B54: tcpsetupackdelay | C54: bigint | D54: TCP建链确认时延（ms） | E54: A | G54: case when tcpsetupackdelay>0 and tcpsetupackdelay<50000 then tcpsetupackdelay else null end | J54: 详单 | K54: ms | L54: (0,50000)
B55: ulipfragpacks | C55: bigint | D55: 上行IP分片包大小 | E55: A | F55: ulipfragpacks | G55: 直取 | J55: 详单 | K55: 无 | L55: 无
B56: dlipfragpacks | C56: bigint | D56: 下行IP分片包大小 | E56: A | F56: dlipfragpacks | G56: 直取 | J56: 详单 | K56: 无 | L56: 无
B57: delay_setup_firsttransaction | C57: bigint | D57: TCP建链成功到第一条事务请求的时延（ms）。首包请求时延 | E57: A | F57: delay_setup_firsttransaction | G57: case when delay_setup_firsttransaction>0 and delay_setup_firsttransaction<100000 then delay_setup_firsttransaction else null end | J57: 详单 | K57: ms | L57: (0,100000)
B58: delay_firsttransaction_firstrespackt | C58: bigint | D58: 第一条事务请求到其第一个响应包时延（ms）。首包响应时延 | E58: A | F58: delay_firsttransaction_firstrespackt | G58: case when delay_firsttransaction_firstrespackt>0 and delay_firsttransaction_firstrespackt<100000 then delay_firsttransaction_firstrespackt else null end | J58: 详单 | K58: ms | L58: (0,100000)
B59: msssize | C59: int | D59: MSS大小 | E59: A | F59: msssize | G59: 直取 | J59: 详单 | K59: 无 | L59: 无
B60: tcpsynnumber | C60: int | D60: TCP建链尝试次数 | E60: A | F60: tcpsynnumber | G60: 直取 | J60: 详单 | K60: 无 | L60: 无
B61: tcpconnectstate | C61: int | D61: TCP连接状态指示 | E61: A | F61: tcpconnectstate | G61: 直取 | J61: 详单 | K61: 无 | L61: 无
B62: sessionstopflag | C62: int | D62: 会话是否结束标志 | E62: A | F62: sessionstopflag | G62: 直取 | J62: 详单 | K62: 无 | L62: 无
B63: nssai_sst | C63: int | D63: Slice Service Type (SST) | E63: A | F63: nssai_sst | G63: 直取 | J63: 详单 | K63: 无 | L63: 无
B64: nssai_sd | C64: int | D64: Slice Differentiator（SD） | E64: A | F64: nssai_sd | G64: 直取 | J64: 详单 | K64: 无 | L64: 无
B65: ul_session_ambr | C65: bigint | D65: ul_session_ambr | E65: A | F65: ul_session_ambr | G65: 直取 | J65: 详单 | K65: 无 | L65: 无
B66: dl_session_ambr | C66: bigint | D66: dl_session_ambr | E66: A | F66: dl_session_ambr | G66: 直取 | J66: 详单 | K66: 无 | L66: 无
... B124: transactions | C124: int | D124: 同一个流中的事务计数 | E124: A | F124: transactions | G124: 直取 | J124: 详单 | K124: 无 | L124: 无
B125: cellkey | C125: bigint | D125: 小区cellkey | E125: A | G125: 基站ID_小区ID 当interface=1时： 基站ID：int(cast(substr(ncgi_ecgi,6) as bigint)/256) 小区ID：int(cast(substr(ncgi_ecgi,6) as bigint) %256) 当interface!=1时： 基站ID：int(cast(substr(ncgi_ecgi,6) as bigint)/4096) 小区ID：int(cast(substr(ncgi_ecgi,6) as bigint) %4096) | J125: 详单 | K125: 无 | L125: 无
B126: citycode | C126: int | D126: 地市编码 | E126: B1|B2|B3 | F126: citycode | G126: 关联工参回填 | J126: 详单 | K126: 无 | L126: 无
B127: districtcode | C127: int | D127: 区县编码 | E127: B1|B2|B3 | F127: districtcode | G127: 关联工参回填 | J127: 详单 | K127: 无 | L127: 无
B128: province | C128: string | D128: 省名称 | E128: B1|B2|B3 | F128: B1/B2：province B3：province_name | G128: 关联工参回填 | J128: 详单 | K128: 无 | L128: 无
B129: city | C129: string | D129: 地市名称 | E129: B1|B2|B3 | F129: B1/B2：city B3：city_name | G129: 关联工参回填 | J129: 详单 | K129: 无 | L129: 无
B130: district | C130: string | D130: 区县名称 | E130: B1|B2|B3 | F130: B1/B2：district B3：district_name | G130: 关联工参回填 | J130: 详单 | K130: 无 | L130: 无
B131: http_req_cnt | C131: bigint | D131: http请求次数 | E131: A | G131: case when httpstatus is not null then 1 else 0 end | J131: 详单 | K131: 无 | L131: 1,0
B132: http_succ_cnt | C132: bigint | D132: http请求成功次数 | E132: A | G132: case when httpstatus>0 and httpstatus<400 then 1 else 0 end | J132: 详单 | K132: 无 | L132: 1,0
B133: http_complete_cnt | C133: bigint | D133: http请求完成次数 | E133: A | G133: case when httpstatus>0 and httpstatus<400 and lastpacktime>0 then 1 else 0 end | J133: 详单 | K133: 无 | L133: 1,0
B134: dnsresponse_delay | C134: bigint | D134: DNS响应时延 | E134: A | G134: case when dnsquery_time>0 and dnsresponse_time>dnsquery_time and dnsresponse_time - dnsquery_time < 30000 then dnsresponse_time-dnsquery_time else null end | I134: 现网算法（无明显变更）：case when dnsquerytime>0 and dnsresponsetime>0 and (dnsresponsetime-dnsquerytime)>=0 then (dnsresponsetime-dnsquerytime) else null end | J134: 详单 | K134: ms | L134: (0,30000)
B135: syntime_dnsresponse_delay | C135: bigint | D135: DNS建立完成到TCP握手时延 | E135: A | G135: case when dnsresponse_time>0 and syntime>dnsresponse_time and syntime-dnsresponse<50000 then syntime-dnsresponse_time else null end | I135: 现网算法（无明显变更）：case when DNSResponseTime is not null and SYNtime>DNSResponseTime then SYNtime-DNSResponseTime else null end | J135: 详单 | K135: ms | L135: (0,50000)
B136: tcpsetupdelay | C136: bigint | D136: TCP建立时延 | E136: A | G136: case when tcpsetupresponsedelay >=0 and tcpsetupackdelay >=0 and (tcpsetupresponsedelay+tcpsetupackdelay) <50000 then tcpsetupresponsedelay+tcpsetupackdelay else null end | I136: 现网算法（无明显变更）：case when tcpsetupresponsedelay<50000 and tcpsetupackdelay<50000 then (tcpsetupresponsedelay+tcpsetupackdelay) else null end | J136: 详单 | K136: ms | L136: (0,50000)
B137: httpwebrspdelay | C137: bigint | D137: 网页首包时延，也叫网页响应时延 | E137: A | G137: case when syntime>0 and first_packet_time>syntime and first_packet_time - syntime < 100000 then first_packet_time-syntime else null end | I137: 现网算法（无明显变更）：case when syntime>0 and (firstpackettime-syntime)<100000 and (firstpackettime-syntime)>0 then firstpackettime-syntime else null end | J137: 详单 | K137: ms | L137: (0,10000)
B138: httpwebdspdelay | C138: bigint | D138: 网页显示时延，也叫网页完整打开时延 | E138: A | G138: case when syntime > 0 and lastpacktime > syntime and lastpacktime - syntime < 30000 then lastpacktime-syntime else null end | I138: 现网算法（算法存在变更）：case when syntime>0 and (firstfinacktime-syntime)<30000 and (firstfinacktime-syntime)>0 then firstfinacktime-syntime else null end | J138: 详单 | K138: ms | L138: (0,10000)
B139: httpwebscreendelay | C139: bigint | D139: 网页首屏时延 | E139: A | G139: case when syntime >0 and first_screen_fin_time>syntime and first_screen_fin_time-syntime<100000 then first_screen_fin_time-syntime else null end | I139: 现网算法（算法存在变更）：case when DNSQueryTime is not null and FirstScreenFinTime>DNSQueryTime and DNSQueryTime !=0 then FirstScreenFinTime-DNSQueryTime when SYNtime is not null and FirstScreenFinTime>SYNtime then FirstScreenFinTime-SYNtime else 0 end | J139: 详单 | K139: ms | L139: (0,10000)
B140: is_topweb_first_screen_host | C140: int | D140: 是否用于计算首屏时延的主流网址（1：是；0：否） | E140: C | G140: 通过host关联C表，能关联上则取1，否则取0 | J140: 详单 | K140: 无 | L140: 1,0
B141: sourceip_type | C141: string | D141: 用户访问外部网络时使用的IP类型（IPv4/IPv6） | E141: A | G141: 根据sourceip回填属于IPV6/IPV4 | I141: case when sourceIP regexp '^((25[0-5]|2[0-4]\\d|[01]?\\d\\d?)\\.){3}(25[0-5]|2[0-4]\\d|[01]?\\d\\d?)$' then 'ipv4' when sourceIP regexp '^([\\da-fA-F]{1,4}:){7}[\\da-fA-F]{1,4}$' then 'ipv6' else '' end as sourceip_type | J141: 详单 | K141: 无 | L141: ipv4,ipv6
B142: business_type | C142: string | D142: 业务类型（im、web、game、video、other） | E142: A | G142: 1、先将微信扫码业务置为88888888，再分类 case when ((servicetype>=01000101 and servicetype<01999901) or (servicetype>=04000100 and servicetype<04999901) or (servicetype = 88888888)) and (servicetype not in (01000212,01004600,01001300)) then 'im' when ((servicetype>=13000100 and servicetype<13999901) or (servicetype>=16000100 and servicetype<16999901) or (servicetype>=10000101 and servicetype<10999901) or (servicetype>=07000100 and servicetype<07999901) or (servicetype>=19000100 and servicetype<19999901) or (servicetype>=09000101 and servicetype<09999901) or (servicetype>=06000101 and servicetype<06999901) or (servicetype>=08000101 and servicetype<08999901) or (servicetype>=11000101 and servicetype<11999901) or (servicetype>=14000101 and servicetype<14999901) or (servicetype>=17000101 and servicetype<17999901) or (servicetype>=18000101 and servicetype<18999901)) and (servicetyp not in (09000101,09000601,09000701,09000801,09001800,09001900,09002000,09001202,01000212,01001300,01004600,09000603)) then 'web' when servicetype>=05000100 and servicetype<05999901 then 'game' when (servicetype>=02000101 and servicetype<02999901) then 'video' else 'other' end | J142: 详单 | K142: 无 | L142: im,web,game,video,other
B143: is_abnormal | C143: int | D143: 是否质差话单 | E143: A | G143: case when (tcpsetupresponsedelay>= 110 and tcpsetupresponsedelay<50000) or (tcpsetupackdelay>=110 and tcpsetupackdelay<50000) or ultcp_retranspacket/outputpacket>=0.15 or dltcp_retranspacket/inputpacket>=0.15 then 1 else 0 end | J143: 详单 | K143: 无 | L143: 1,0
B144: is_core_delimit | C144: int | D144: 是否核心网问题 | E144: A | G144: case when (tcpsetupresponsedelay>110 and tcpsetupresponsedelay<50000) or ultcp_retranspacket/outputpacket>0.15 then 1 else 0 end | J144: 详单 | K144: 无 | L144: 1,0
B145: is_wireless_delimit | C145: int | D145: 是否无线网络问题 | E145: A | G145: case when (tcpsetupackdelay>110 and tcpsetupackdelay<50000) or dltcp_retranspacket/inputpacket>0.15 then 1 else 0 end | J145: 详单 | K145: 无 | L145: 1,0
B146: is_usr_delimit | C146: int | D146: 是否用户问题 | E146: D | G146: A表与D表关联，取D表problem_demarcation。 case when problem_demarcation='用户' then 1 else 0 end
B147: is_sp_delimit | C147: int | D147: 是否sp服务器问题 | E147: D | G147: A表与D表关联，取D表problem_demarcation。 case when problem_demarcation='SP服务商' then 1 else 0 end
B148: httpstatus_position | C148: string | D148: http状态码原因定位 | E148: D | F148: problem_position | G148: 直取
B149: p_provincecode | C149: int | D149: 省分区
B150: p_date | C150: string | D150: 天分区
B151: p_hour | C151: int | D151: 小时分区
B152: p_quarter | C152: int | D152: 15分钟分区

Sheet 2
B1: =HYPERLINK("#导航!a2","返回") -> 返回
B3: 目标表基本信息描述
B4: 主题域 | C4: 目标表英文名 | D4: 目标表中文名 | E4: 数据频度 | F4: 模型主键 | G4: 数据描述 | H4: 推送数据库
B5: 数据感知 | C5: aggr_nr_dpi_http_base_q | D5: 5G_DPI_http基础维度15分钟表 | E5: quarter
B7: 源表基本信息描述
B8: 来源系统 | C8: 源表英文名 | D8: 源表中文名 | E8: 别名 | F8: 任务描述 | G8: 备注 | H8: 是否主表
C9: fact_nr_dpi_http_q | D9: 5G_DPI_http整合层15分钟表 | E9: A | H9: 是
B11: 详细字段信息
B12: 详细字段信息
B13: PDM字段英文名 | C13: PDM字段类型 | D13: PDM字段中文名（说明） | E13: 源表名 | F13: 源字段英文名 | G13: 算法加工逻辑 | H13: 关联与过滤条件 | I13: 备注 | J13: 字段属性 | K13: 单位 | L13: 取值范围
B14: day | C14: string | D14: 日期 | E14: A | F14: p_date | G14: 直取 | J14: 维度 | K14: 无 | L14: yyyy-mm-dd
B15: hour | C15: int | D15: 小时 | E15: A | F15: p_hour | G15: 直取 | J15: 维度 | K15: 无 | L15: 0~23
B16: quarter | C16: int | D16: 15分钟 | E16: A | F16: p_quarter | G16: 直取 | J16: 维度 | K16: 无 | L16: 0~3
B17: interface | C17: int | D17: 接口类型 | E17: A | F17: interface | G17: 直取 | J17: 维度 | K17: 无 | L17: <=101
B18: rattype | C18: int | D18: 网络类型（4G：6；5G：10） | E18: A | F18: rattype | G18: 直取 | J18: 维度 | K18: 无 | L18: 6,10
B19: provincecode | C19: int | D19: 省编码 | E19: A | F19: p_provincecode | G19: 直取 | J19: 维度 | K19: 无 | L19: 6位数编码
B20: citycode | C20: int | D20: 市编码 | E20: A | F20: citycode | G20: 直取 | J20: 维度 | K20: 无 | L20: 6位数编码
B21: districtcode | C21: int | D21: 区编码 | E21: A | F21: districtcode | G21: 直取 | J21: 维度 | K21: 无 | L21: 6位数编码
B22: province | C22: string | D22: 省名称 | E22: A | F22: province | G22: 直取 | J22: 维度 | K22: 无 | L22: 无
B23: city | C23: string | D23: 地市名称 | E23: A | F23: city | G23: 直取 | J23: 维度 | K23: 无 | L23: 无
B24: district | C24: string | D24: 区县名称 | E24: A | F24: district | G24: 直取 | J24: 维度 | K24: 无 | L24: 无
B25: cellkey | C25: string | D25: 小区cellkey | E25: A | F25: cellkey | G25: 直取 | J25: 维度 | K25: 无 | L25: 无
... B46: httpstatus_position | C46: string | D46: http状态码原因定位 | E46: A | F46: httpstatus_position | G46: 直取 | J46: 维度 | K46: 无 | L46: 0,1
B47: abnormal_cnt | C47: bigint | D47: 质差话单数量 | E47: A | G47: sum(is_abnormal) | J47: 指标 | K47: 无 | L47: >=0
B48: record_cnt | C48: bigint | D48: 记录数 | E48: A | G48: count(1) | J48: 指标 | K48: 无 | L48: >=0
B49: speedlimit_cnt | C49: bigint | D49: 限速记录数 | E49: A | G49: sum(case when (ul_session_ambr>0 and ul_session_ambr<5000) or (dl_session_ambr>0 and dl_session_ambr<5000) then 1 else 0 end) | J49: 指标 | K49: 无 | L49: >=0
B50: duration | C50: bigint | D50: 持续时间，单位毫秒 | E50: A | G50: sum(duration) | J50: 指标 | K50: ms | L50: >=0
B51: outputoctets | C51: bigint | D51: 上行流量(byte) | E51: A | G51: sum(outputoctets) | J51: 指标 | K51: byte | L51: >=0
B52: inputoctets | C52: bigint | D52: 下行流量(byte) | E52: A | G52: sum(inputoctets) | J52: 指标 | K52: byte | L52: >=0
B53: outputoctets_above500_cnt | C53: bigint | D53: 上行大包条数(>=500KB) | E53: A | G53: sum(case when outputoctets>=500*1024 then 1 else 0 end) | J53: 指标 | K53: 无 | L53: >=0
B54: outputoctets_above500_highdelay_cnt | C54: bigint | D54: 上行大包高时延条数（>100ms） | E54: A | G54: sum(case when outputoctets>=500*1024 and tcpsetupresponsedelay>100 then 1 else 0 end) | J54: 指标 | K54: 无 | L54: >=0
B55: ul_above500_throughput_low_cnt | C55: bigint | D55: 上行大包低速率条数(<1M) | E55: A | G55: sum(case when outputoctets>=500*1024 and outputoctets/ul_data_transduration*8*1000/1024/1024<1 then 1 else 0 end) | J55: 指标 | K55: 无 | L55: >=0
B56: inputoctets_above500_cnt | C56: bigint | D56: 下行大包条数(>=500KB) | E56: A | G56: sum(case when inputoctets>=500*1024 then 1 else 0 end) | J56: 指标 | K56: 无 | L56: >=0
B57: inputoctets_above500_highdelay_cnt | C57: bigint | D57: 下行大包高时延条数（>100ms） | E57: A | G57: sum(case when inputoctets>=500*1024 and tcpsetupackdelay>100 then 1 else 0 end) | J57: 指标 | K57: 无 | L57: >=0
B58: dl_above500_throughput_low_cnt | C58: bigint | D58: 下行大包低速率条数(<1M) | E58: A | G58: sum(case when inputoctets>=500*1024 and inputoctets/dl_data_transduration*8*1000/1024/1024<1 then 1 else 0 end) | J58: 指标 | K58: 无 | L58: >=0
... B150: wellgamedelay_cnt | C150: bigint | D150: 游戏交互时延良好次数 | E150: A | G150: sum(case when tcpsetupdelay>100 and tcpsetupdelay<=120 then 1 else 0 end) | J150: 指标 | K150: 无 | L150: >=0
B151: min_starttime | C151: string | D151: 最小开始时间 | E151: A | G151: min(starttime) | I151: 20250415101139 | J151: 指标 | K151: 无 | L151: >0
B152: max_endtime | C152: string | D152: 最大结束时间 | E152: A | G152: max(endtime) | I152: 20250415101024 | J152: 指标 | K152: 无 | L152: >0
B153: p_provincecode | C153: int | D153: 省分区
B154: p_date | C154: string | D154: 天分区
B155: p_hour | C155: int | D155: 小时分区
B156: p_quarter | C156: int | D156: 15分钟分区

Sheet 3
B1: =HYPERLINK("#导航!a2","返回") -> 返回
B3: 目标表基本信息描述
B4: 主题域 | C4: 目标表英文名 | D4: 目标表中文名 | E4: 数据频度 | F4: 模型主键 | G4: 数据描述 | H4: 推送数据库
B5: 数据感知 | C5: aggr_nr_dpi_http_base_h | D5: 5G_DPI_http基础维度小时表 | E5: hour
B7: 源表基本信息描述
B8: 来源系统 | C8: 源表英文名 | D8: 源表中文名 | E8: 别名 | F8: 任务描述 | G8: 备注 | H8: 是否主表
C9: aggr_nr_dpi_http_base_q | D9: 5G_DPI_http基础维度15分钟表 | E9: A | H9: 是
B11: 详细字段信息
B12: 详细字段信息
B13: PDM字段英文名 | C13: PDM字段类型 | D13: PDM字段中文名（说明） | E13: 源表名 | F13: 源字段英文名 | G13: 算法加工逻辑 | H13: 关联与过滤条件 | I13: 备注 | J13: 字段属性 | K13: 单位 | L13: 取值范围
B14: day | C14: string | D14: 日期 | E14: A | F14: p_date | G14: 直取 | J14: 维度 | K14: 无 | L14: yyyy-mm-dd
B15: hour | C15: int | D15: 小时 | E15: A | F15: p_hour | G15: 直取 | J15: 维度 | K15: 无 | L15: 0~23
B16: interface | C16: int | D16: 接口类型 | E16: A | F16: interface | G16: 直取 | J16: 维度 | K16: 无 | L16: <=101
B17: rattype | C17: int | D17: 网络类型（4G：6；5G：10） | E17: A | F17: rattype | G17: 直取 | J17: 维度 | K17: 无 | L17: 6,10
B18: provincecode | C18: int | D18: 省编码 | E18: A | F18: provincecode | G18: 直取 | J18: 维度 | K18: 无 | L18: 6位数编码
B19: citycode | C19: int | D19: 市编码 | E19: A | F19: citycode | G19: 直取 | J19: 维度 | K19: 无 | L19: 6位数编码
B20: districtcode | C20: int | D20: 区编码 | E20: A | F20: districtcode | G20: 直取 | J20: 维度 | K20: 无 | L20: 6位数编码
B21: province | C21: string | D21: 省名称 | E21: A | F21: province | G21: 直取 | J21: 维度 | K21: 无 | L21: 无
B22: city | C22: string | D22: 地市名称 | E22: A | F22: city | G22: 直取 | J22: 维度 | K22: 无 | L22: 无
B23: district | C23: string | D23: 区县名称 | E23: A | F23: district | G23: 直取 | J23: 维度 | K23: 无 | L23: 无
B24: cellkey | C24: string | D24: 小区cellkey | E24: A | F24: cellkey | G24: 直取 | J24: 维度 | K24: 无 | L24: 无
B25: tai | C25: string | D25: 跟踪区标识 | E25: A | F25: tai | G25: 直取 | J25: 维度 | K25: 无 | L25: 无
... B45: httpstatus_position | C45: string | D45: http状态码原因定位 | E45: A | F45: httpstatus_position | G45: 直取 | J45: 维度 | K45: 无 | L45: 0,1
B46: abnormal_cnt | C46: bigint | D46: 质差话单数量 | E46: A | G46: sum(abnormal_cnt) | J46: 指标 | K46: 无 | L46: >=0
B47: record_cnt | C47: bigint | D47: 记录数 | E47: A | G47: sum(record_cnt) | J47: 指标 | K47: 无 | L47: >=0
B48: speedlimit_cnt | C48: bigint | D48: 限速记录数 | E48: A | G48: sum(speedlimit_cnt) | J48: 指标 | K48: 无 | L48: >=0
B49: duration | C49: bigint | D49: 持续时间，单位毫秒 | E49: A | G49: sum(duration) | J49: 指标 | K49: ms | L49: >=0
B50: outputoctets | C50: bigint | D50: 上行流量(byte) | E50: A | G50: sum(outputoctets) | J50: 指标 | K50: byte | L50: >=0
B51: inputoctets | C51: bigint | D51: 下行流量(byte) | E51: A | G51: sum(inputoctets) | J51: 指标 | K51: byte | L51: >=0
B52: outputoctets_above500_cnt | C52: bigint | D52: 上行大包条数(>=500KB) | E52: A | G52: sum(outputoctets_above500_cnt) | J52: 指标 | K52: 无 | L52: >=0
B53: outputoctets_above500_highdelay_cnt | C53: bigint | D53: 上行大包高时延条数（>100ms） | E53: A | G53: sum(outputoctets_above500_highdelay_cnt) | J53: 指标 | K53: 无 | L53: >=0
B54: ul_above500_throughput_low_cnt | C54: bigint | D54: 上行大包低速率条数(<1M) | E54: A | G54: sum(ul_above500_throughput_low_cnt) | J54: 指标 | K54: 无 | L54: >=0
B55: inputoctets_above500_cnt | C55: bigint | D55: 下行大包条数(>=500KB) | E55: A | G55: sum(inputoctets_above500_cnt) | J55: 指标 | K55: 无 | L55: >=0
B56: inputoctets_above500_highdelay_cnt | C56: bigint | D56: 下行大包高时延条数（>100ms） | E56: A | G56: sum(inputoctets_above500_highdelay_cnt) | J56: 指标 | K56: 无 | L56: >=0
B57: dl_above500_throughput_low_cnt | C57: bigint | D57: 下行大包低速率条数(<1M) | E57: A | G57: sum(dl_above500_throughput_low_cnt) | J57: 指标 | K57: 无 | L57: >=0
... B149: wellgamedelay_cnt | C149: bigint | D149: 游戏交互时延良好次数 | E149: A | G149: sum(wellgamedelay_cnt) | J149: 指标 | K149: 无 | L149: >=0
B150: min_starttime | C150: string | D150: 最小开始时间 | E150: A | G150: min(min_starttime) | I150: 20250415101139 | J150: 指标 | K150: 无 | L150: >0
B151: max_endtime | C151: string | D151: 最大结束时间 | E151: A | G151: max(max_endtime) | I151: 20250415101024 | J151: 指标 | K151: 无 | L151: >0
B152: p_provincecode | C152: int | D152: 省分区
B153: p_date | C153: string | D153: 天分区
B154: p_hour | C154: int | D154: 小时分区

Sheet 4
B1: =HYPERLINK("#导航!a2","返回") -> 返回
B3: 目标表基本信息描述
B4: 主题域 | C4: 目标表英文名 | D4: 目标表中文名 | E4: 数据频度 | F4: 模型主键 | G4: 数据描述 | H4: 推送数据库
B5: 数据感知 | C5: aggr_nr_dpi_http_index_reduce_base_h | D5: 5G_DPI_http基础维度指标裁剪小时表 | E5: hour
B7: 源表基本信息描述
B8: 来源系统 | C8: 源表英文名 | D8: 源表中文名 | E8: 别名 | F8: 任务描述 | G8: 备注 | H8: 是否主表
C9: aggr_nr_dpi_http_base_h | D9: 5G_DPI_http基础维度小时表 | E9: A | H9: 是
B11: 详细字段信息
B12: 详细字段信息
B13: PDM字段英文名 | C13: PDM字段类型 | D13: PDM字段中文名（说明） | E13: 源表名 | F13: 源字段英文名 | G13: 算法加工逻辑 | H13: 关联与过滤条件 | I13: 备注 | J13: 字段属性 | K13: 单位 | L13: 取值范围
B14: day | C14: string | D14: 上报时间，具体到天 | F14: p_date | G14: 直取 | J14: 维度 | K14: 无 | L14: 无
B15: hour | C15: int | D15: 小时 | F15: p_hour | G15: 直取 | J15: 维度 | K15: 无 | L15: 无
B16: provincecode | C16: int | D16: 拜访地省份 | F16: p_provincecode | G16: 直取 | J16: 维度 | K16: 无 | L16: 无
B17: citycode | C17: int | D17: 拜访地地市 | F17: citycode | G17: 直取 | J17: 维度 | K17: 无 | L17: 无
B18: interface | C18: int | D18: 接口 | F18: interface | G18: 直取 | J18: 维度 | K18: 无 | L18: 无
B19: rattype | C19: int | D19: 无线接入类型 | F19: RATType | G19: 直取 | J19: 维度 | K19: 无 | L19: 无
B20: nodebid | C20: bigint | D20: 4G eNodeBID/5G gNBID | G20: split(cellkey,"_")[0] | J20: 维度 | K20: 无 | L20: 无
B21: cellid | C21: bigint | D21: 小区ID | G21: split(cellkey,"_")[1] | J21: 维度 | K21: 无 | L21: 无
B22: cellkey | C22: string | D22: 小区cellkey | F22: cellkey | G22: 直取 | J22: 维度 | K22: 无 | L22: 无
B23: home_province | C23: string | D23: 归属省份 | F23: home_province | G23: 直取 | J23: 维度 | K23: 无 | L23: 无
B24: imsi_supi | C24: string | D24: 永久用户标识，永久用户标识。4G 填写用户IMSI。 | F24: supi | G24: 直取 | J24: 维度 | K24: 无 | L24: 无
B25: msisdn | C25: string | D25: MS International PSTN/ISDN Number (ISDN) | F25: msisdn | G25: 直取 | J25: 维度 | K25: 无 | L25: 无
B26: pei | C26: string | D26: 永久设备标识 | F26: pei | G26: 直取 | J26: 维度 | K26: 无 | L26: 无
B27: nssai_sst | C27: string | D27: Slice Service Type (SST) | F27: NSSAI_SST | G27: 直取 | J27: 维度 | K27: 无 | L27: 无
B28: nssai_sd | C28: string | D28: Slice Differentiator（SD） | F28: NSSAI_SD | G28: 直取 | J28: 维度 | K28: 无 | L28: 无
B29: dnn_apn | C29: string | D29: 网络接入标识 | F29: dnn_apn | G29: 直取 | J29: 维度 | K29: 无 | L29: 无
B30: upfip | C30: string | D30: UPF的IPv4或IPv6地址 | F30: upfip | G30: 直取 | J30: 维度 | K30: 无 | L30: 无
B31: gnbip | C31: string | D31: gNB的IPv4或IPv6地址 | F31: gnbip | G31: 直取 | J31: 维度 | K31: 无 | L31: 无
B32: servicetype | C32: int | D32: 业务应用 | F32: ServiceType | G32: 直取 | J32: 维度 | K32: 无 | L32: 无
B33: sourceip_type | C33: string | D33: 用户访问外部网络时使用的IP类型（IPv4/IPv6） | F33: sourceip_type | G33: 直取 | J33: 维度 | K33: 无 | L33: 无
B34: outputoctets_sum | C34: bigint | D34: 上行流量(byte) | G34: sum(outputoctets) | J34: 指标 | K34: byte | L34: >=0
B35: inputoctets_sum | C35: bigint | D35: 下行流量(byte) | G35: sum(inputoctets) | J35: 指标 | K35: byte | L35: >=0
B36: outputoctets_above500_cnt_sum | C36: bigint | D36: 上行大包条数(>=500KB) | G36: sum(outputoctets_above500_cnt) | J36: 指标 | K36: 无 | L36: >=0
B37: outputoctets_above500_highdelay_sum | C37: bigint | D37: 上行大包高时延条数（>100ms） | G37: sum(outputoctets_above500_highdelay_cnt) | J37: 指标 | K37: 无 | L37: >=0
B38: ul_above500_throughput_low_cnt_sum | C38: bigint | D38: 上行大包低速率条数(<1M) | G38: sum(ul_above500_throughput_low_cnt) | J38: 指标 | K38: 无 | L38: >=0
B39: inputoctets_above500_cnt_sum | C39: bigint | D39: 下行大包条数(>=500KB) | G39: sum(inputoctets_above500_cnt) | J39: 指标 | K39: 无 | L39: >=0
B40: inputoctets_above500_highdelay_sum | C40: bigint | D40: 下行大包高时延条数（>100ms） | G40: sum(inputoctets_above500_highdelay_cnt) | J40: 指标 | K40: 无 | L40: >=0
B41: dl_above500_throughput_low_cnt_sum | C41: bigint | D41: 下行大包低速率条数(<1M) | G41: sum(dl_above500_throughput_low_cnt) | J41: 指标 | K41: 无 | L41: >=0
B42: dl_above500_throughput_inferior_cnt_sum | C42: bigint | D42: 下行大包低速率条数(<3M) | G42: sum(dl_above500_throughput_inferior_cnt) | J42: 指标 | K42: 无 | L42: >=0
B43: inputpacket_sum | C43: bigint | D43: 发给用户的业务数据包数量 | G43: sum(inputpacket) | J43: 指标 | K43: 无 | L43: >=0
B44: outputpacket_sum | C44: bigint | D44: 用户发出的业务数据包数量 | G44: sum(outputpacket) | J44: 指标 | K44: 无 | L44: >=0
B45: ultcpreorderingpacket_sum | C45: bigint | D45: 上行TCP乱序报文数，L4协议，非TCP传输时，此字段填0 | G45: sum(ultcpreorderingpacket) | J45: 指标 | K45: 无 | L45: >=0
... B131: http_510_cnt | C131: bigint | D131: HTTP结果为510次数 | G131: sum(case when httpstatus = 510 then http_req_cnt else 0 end) | J131: 指标 | K131: 无 | L131: >=0
B132: p_provincecode | C132: int | D132: 省分区
B133: p_date | C133: string | D133: 天分区
B134: p_hour | C134: int | D134: 小时分区

Sheet 5
B1: =HYPERLINK("#导航!a2","返回") -> 返回
B3: 目标表基本信息描述
B4: 主题域 | C4: 目标表英文名 | D4: 目标表中文名 | E4: 数据频度 | F4: 模型主键 | G4: 数据描述 | H4: 推送数据库
B5: 数据感知 | C5: aggr_nr_dpi_http_usrappcel_h | D5: 5G_DPI_http用户小区app维度小时表 | E5: hour
B7: 源表基本信息描述
B8: 来源系统 | C8: 源表英文名 | D8: 源表中文名 | E8: 别名 | F8: 任务描述 | G8: 备注 | H8: 是否主表
C9: aggr_nr_dpi_http_base_h | D9: 5G_DPI_http基础维度小时表 | E9: A | H9: 是
B11: 详细字段信息
B12: 详细字段信息
B13: PDM字段英文名 | C13: PDM字段类型 | D13: PDM字段中文名（说明） | E13: 源表名 | F13: 源字段英文名 | G13: 算法加工逻辑 | H13: 关联与过滤条件 | I13: 备注 | J13: 字段属性 | K13: 单位 | L13: 取值范围
B14: day | C14: string | D14: 日期 | E14: A | F14: p_date | G14: 直取 | J14: 维度 | K14: 无 | L14: yyyy-mm-dd
B15: hour | C15: int | D15: 小时 | E15: A | F15: p_hour | G15: 直取 | J15: 维度 | K15: 无 | L15: 0~23
B16: interface | C16: int | D16: 接口类型 | E16: A | F16: interface | G16: 直取 | J16: 维度 | K16: 无 | L16: <=101
B17: provincecode | C17: int | D17: 省编码 | E17: A | F17: provincecode | G17: 直取 | J17: 维度 | K17: 无 | L17: 6位数编码
B18: citycode | C18: int | D18: 市编码 | E18: A | F18: citycode | G18: 直取 | J18: 维度 | K18: 无 | L18: 6位数编码
B19: districtcode | C19: int | D19: 区编码 | E19: A | F19: districtcode | G19: 直取 | J19: 维度 | K19: 无 | L19: 6位数编码
B20: province | C20: string | D20: 省名称 | E20: A | F20: province | G20: 直取 | J20: 维度 | K20: 无 | L20: 无
B21: city | C21: string | D21: 地市名称 | E21: A | F21: city | G21: 直取 | J21: 维度 | K21: 无 | L21: 无
B22: district | C22: string | D22: 区县名称 | E22: A | F22: district | G22: 直取 | J22: 维度 | K22: 无 | L22: 无
B23: cellkey | C23: string | D23: 小区cellkey | E23: A | F23: cellkey | G23: 直取 | J23: 维度 | K23: 无 | L23: 无
B24: tai | C24: string | D24: 跟踪区标识 | E24: A | F24: tai | G24: 直取 | J24: 维度 | K24: 无 | L24: 无
B25: gnbip | C25: string | D25: gNB的IPv4或IPv6地址 | E25: A | F25: gnbip | G25: 直取 | J25: 维度 | K25: 无 | L25: 无
... B31: home_province | C31: string | D31: 归属省份 | E31: A | F31: home_province | G31: 直取 | J31: 维度 | K31: 无 | L31: 6位数编码
B32: abnormal_cnt | C32: bigint | D32: 质差话单数量 | E32: A | G32: sum(abnormal_cnt) | J32: 指标 | K32: 无 | L32: >=0
B33: record_cnt | C33: bigint | D33: 记录数 | E33: A | G33: sum(record_cnt) | J33: 指标 | K33: 无 | L33: >=0
B34: speedlimit_cnt | C34: bigint | D34: 限速记录数 | E34: A | G34: sum(speedlimit_cnt) | J34: 指标 | K34: 无 | L34: >=0
B35: duration | C35: bigint | D35: 持续时间，单位毫秒 | E35: A | G35: sum(duration) | J35: 指标 | K35: ms | L35: >=0
B36: outputoctets | C36: bigint | D36: 上行流量(byte) | E36: A | G36: sum(outputoctets) | J36: 指标 | K36: byte | L36: >=0
B37: inputoctets | C37: bigint | D37: 下行流量(byte) | E37: A | G37: sum(inputoctets) | J37: 指标 | K37: byte | L37: >=0
B38: outputoctets_above500_cnt | C38: bigint | D38: 上行大包条数(>=500KB) | E38: A | G38: sum(outputoctets_above500_cnt) | J38: 指标 | K38: 无 | L38: >=0
B39: inputoctets_above500_cnt | C39: bigint | D39: 下行大包条数(>=500KB) | E39: A | G39: sum(inputoctets_above500_cnt) | J39: 指标 | K39: 无 | L39: >=0
B40: outputpacket | C40: bigint | D40: 上行包数 | E40: A | G40: sum(outputpacket) | J40: 指标 | K40: 无 | L40: >=0
B41: inputpacket | C41: bigint | D41: 下行包数 | E41: A | G41: sum(inputpacket) | J41: 指标 | K41: 无 | L41: >=0
B42: ultcpreorderingpacket | C42: bigint | D42: 上行TCP乱序报文数，L4协议，非TCP传输时，此字段填0 | E42: A | G42: sum(ultcpreorderingpacket) | J42: 指标 | K42: 无 | L42: >=0
B43: dltcpreorderingpacket | C43: bigint | D43: 下行TCP乱序报文数，非TCP传输时，此字段填0 | E43: A | G43: sum(dltcpreorderingpacket) | J43: 指标 | K43: 无 | L43: >=0
... B127: wellgamedelay_cnt | C127: bigint | D127: 游戏交互时延良好次数 | E127: A | G127: sum(wellgamedelay_cnt) | J127: 指标 | K127: 无 | L127: >=0
B128: min_starttime | C128: string | D128: 最小开始时间 | E128: A | G128: min(min_starttime) | I128: 20250415101139 | J128: 指标 | K128: 无 | L128: >0
B129: max_endtime | C129: string | D129: 最大结束时间 | E129: A | G129: max(max_endtime) | I129: 20250415101024 | J129: 指标 | K129: 无 | L129: >0
B130: p_provincecode | C130: int | D130: 省分区
B131: p_date | C131: string | D131: 天分区
B132: p_hour | C132: int | D132: 小时分区

Sheet 5.1
B1: =HYPERLINK("#导航!a2","返回") -> 返回
B3: 目标表基本信息描述
B4: 主题域 | C4: 目标表英文名 | D4: 目标表中文名 | E4: 数据频度 | F4: 模型主键 | G4: 数据描述 | H4: 推送数据库
B5: 数据感知 | C5: aggr_nr_dpi_http_usrapp_h | D5: 5G_DPI_http用户app维度小时表 | E5: hour
B7: 源表基本信息描述
B8: 来源系统 | C8: 源表英文名 | D8: 源表中文名 | E8: 别名 | F8: 任务描述 | G8: 备注 | H8: 是否主表
C9: aggr_nr_dpi_http_usrappcel_h | D9: 5G_DPI_http用户小区app维度小时表 | E9: A | H9: 是
B11: 详细字段信息
B12: 详细字段信息
B13: PDM字段英文名 | C13: PDM字段类型 | D13: PDM字段中文名（说明） | E13: 源表名 | F13: 源字段英文名 | G13: 算法加工逻辑 | H13: 关联与过滤条件 | I13: 备注 | J13: 字段属性 | K13: 单位 | L13: 取值范围
B14: day | C14: string | D14: 日期 | E14: A | F14: p_date | G14: 直取 | J14: 维度 | K14: 无 | L14: yyyy-mm-dd
B15: hour | C15: int | D15: 小时 | E15: A | F15: p_hour | G15: 直取 | J15: 维度 | K15: 无 | L15: 0~23
B16: interface | C16: int | D16: 接口类型 | E16: A | F16: interface | G16: 直取 | J16: 维度 | K16: 无 | L16: <=101
B17: provincecode | C17: int | D17: 省编码 | E17: A | F17: provincecode | G17: 直取 | J17: 维度 | K17: 无 | L17: 6位数编码
B18: citycode | C18: int | D18: 市编码 | E18: A | F18: citycode | G18: 直取 | J18: 维度 | K18: 无 | L18: 6位数编码
B19: districtcode | C19: int | D19: 区编码 | E19: A | F19: districtcode | G19: 直取 | J19: 维度 | K19: 无 | L19: 6位数编码
B20: province | C20: string | D20: 省名称 | E20: A | F20: province | G20: 直取 | J20: 维度 | K20: 无 | L20: 无
B21: city | C21: string | D21: 地市名称 | E21: A | F21: city | G21: 直取 | J21: 维度 | K21: 无 | L21: 无
B22: district | C22: string | D22: 区县名称 | E22: A | F22: district | G22: 直取 | J22: 维度 | K22: 无 | L22: 无
B23: supi | C23: string | D23: 用户imsi | E23: A | F23: supi | G23: 直取 | J23: 维度 | K23: 无 | L23: 无
B24: msisdn | C24: string | D24: 用户号码 | E24: A | F24: msisdn | G24: 直取 | J24: 维度 | K24: 无 | L24: 无
B25: pei | C25: string | D25: 用户终端 | E25: A | F25: pei | G25: 直取 | J25: 维度 | K25: 无 | L25: 无
... B27: business_type | C27: string | D27: 业务类型（im、web、game、video、other） | E27: A | F27: business_type | G27: 直取 | J27: 维度 | K27: 无 | L27: im,web,game,video,other
B28: abnormal_cnt | C28: bigint | D28: 质差话单数量 | E28: A | G28: sum(abnormal_cnt) | J28: 指标 | K28: 无 | L28: >=0
B29: record_cnt | C29: bigint | D29: 记录数 | E29: A | G29: sum(record_cnt) | J29: 指标 | K29: 无 | L29: >=0
B30: speedlimit_cnt | C30: bigint | D30: 限速记录数 | E30: A | G30: sum(speedlimit_cnt) | J30: 指标 | K30: 无 | L30: >=0
B31: duration | C31: bigint | D31: 持续时间，单位毫秒 | E31: A | G31: sum(duration) | J31: 指标 | K31: ms | L31: >=0
B32: outputoctets | C32: bigint | D32: 上行流量(byte) | E32: A | G32: sum(outputoctets) | J32: 指标 | K32: byte | L32: >=0
B33: inputoctets | C33: bigint | D33: 下行流量(byte) | E33: A | G33: sum(inputoctets) | J33: 指标 | K33: byte | L33: >=0
B34: outputoctets_above500_cnt | C34: bigint | D34: 上行大包条数(>=500KB) | E34: A | G34: sum(outputoctets_above500_cnt) | J34: 指标 | K34: 无 | L34: >=0
B35: inputoctets_above500_cnt | C35: bigint | D35: 下行大包条数(>=500KB) | E35: A | G35: sum(inputoctets_above500_cnt) | J35: 指标 | K35: 无 | L35: >=0
B36: outputpacket | C36: bigint | D36: 上行包数 | E36: A | G36: sum(outputpacket) | J36: 指标 | K36: 无 | L36: >=0
B37: inputpacket | C37: bigint | D37: 下行包数 | E37: A | G37: sum(inputpacket) | J37: 指标 | K37: 无 | L37: >=0
B38: ultcpreorderingpacket | C38: bigint | D38: 上行TCP乱序报文数，L4协议，非TCP传输时，此字段填0 | E38: A | G38: sum(ultcpreorderingpacket) | J38: 指标 | K38: 无 | L38: >=0
B39: dltcpreorderingpacket | C39: bigint | D39: 下行TCP乱序报文数，非TCP传输时，此字段填0 | E39: A | G39: sum(dltcpreorderingpacket) | J39: 指标 | K39: 无 | L39: >=0
... B123: wellgamedelay_cnt | C123: bigint | D123: 游戏交互时延良好次数 | E123: A | G123: sum(wellgamedelay_cnt) | J123: 指标 | K123: 无 | L123: >=0
B124: min_starttime | C124: string | D124: 最小开始时间 | E124: A | G124: min(min_starttime) | I124: 20250415101139 | J124: 指标 | K124: 无 | L124: >0
B125: max_endtime | C125: string | D125: 最大结束时间 | E125: A | G125: max(max_endtime) | I125: 20250415101024 | J125: 指标 | K125: 无 | L125: >0
B126: p_provincecode | C126: int | D126: 省分区
B127: p_date | C127: string | D127: 天分区
B128: p_hour | C128: int | D128: 小时分区

Sheet 5.2
B1: =HYPERLINK("#导航!a2","返回") -> 返回
B3: 目标表基本信息描述
B4: 主题域 | C4: 目标表英文名 | D4: 目标表中文名 | E4: 数据频度 | F4: 模型主键 | G4: 数据描述 | H4: 推送数据库
B5: 数据感知 | C5: aggr_nr_dpi_http_usrapp_d | D5: 5G_DPI_http用户app维度天表 | E5: day
B7: 源表基本信息描述
B8: 来源系统 | C8: 源表英文名 | D8: 源表中文名 | E8: 别名 | F8: 任务描述 | G8: 备注 | H8: 是否主表
C9: aggr_nr_dpi_http_usrapp_h | D9: 5G_DPI_http用户app维度小时表 | E9: A | H9: 是
B11: 详细字段信息
B12: 详细字段信息
B13: PDM字段英文名 | C13: PDM字段类型 | D13: PDM字段中文名（说明） | E13: 源表名 | F13: 源字段英文名 | G13: 算法加工逻辑 | H13: 关联与过滤条件 | I13: 备注 | J13: 字段属性 | K13: 单位 | L13: 取值范围
B14: day | C14: string | D14: 日期 | E14: A | F14: p_date | G14: 直取 | J14: 维度 | K14: 无 | L14: yyyy-mm-dd
B15: interface | C15: int | D15: 接口类型 | E15: A | F15: interface | G15: 直取 | J15: 维度 | K15: 无 | L15: <=101
B16: provincecode | C16: int | D16: 省编码 | E16: A | F16: provincecode | G16: 直取 | J16: 维度 | K16: 无 | L16: 6位数编码
B17: citycode | C17: int | D17: 市编码 | E17: A | F17: citycode | G17: 直取 | J17: 维度 | K17: 无 | L17: 6位数编码
B18: districtcode | C18: int | D18: 区编码 | E18: A | F18: districtcode | G18: 直取 | J18: 维度 | K18: 无 | L18: 6位数编码
B19: province | C19: string | D19: 省名称 | E19: A | F19: province | G19: 直取 | J19: 维度 | K19: 无 | L19: 无
B20: city | C20: string | D20: 地市名称 | E20: A | F20: city | G20: 直取 | J20: 维度 | K20: 无 | L20: 无
B21: district | C21: string | D21: 区县名称 | E21: A | F21: district | G21: 直取 | J21: 维度 | K21: 无 | L21: 无
B22: supi | C22: string | D22: 用户imsi | E22: A | F22: supi | G22: 直取 | J22: 维度 | K22: 无 | L22: 无
B23: msisdn | C23: string | D23: 用户号码 | E23: A | F23: msisdn | G23: 直取 | J23: 维度 | K23: 无 | L23: 无
B24: pei | C24: string | D24: 用户终端 | E24: A | F24: pei | G24: 直取 | J24: 维度 | K24: 无 | L24: 无
B25: servicetype | C25: string | D25: 业务应用 | E25: A | F25: servicetype | G25: 直取 | J25: 维度 | K25: 无 | L25: 无
B26: business_type | C26: string | D26: 业务类型（im、web、game、video、other） | E26: A | F26: business_type | G26: 直取 | J26: 维度 | K26: 无 | L26: im,web,game,video,other
B27: abnormal_cnt | C27: bigint | D27: 质差话单数量 | E27: A | G27: sum(abnormal_cnt) | J27: 指标 | K27: 无 | L27: >=0
B28: record_cnt | C28: bigint | D28: 记录数 | E28: A | G28: sum(record_cnt) | J28: 指标 | K28: 无 | L28: >=0
B29: speedlimit_cnt | C29: bigint | D29: 限速记录数 | E29: A | G29: sum(speedlimit_cnt) | J29: 指标 | K29: 无 | L29: >=0
B30: duration | C30: bigint | D30: 持续时间，单位毫秒 | E30: A | G30: sum(duration) | J30: 指标 | K30: ms | L30: >=0
B31: outputoctets | C31: bigint | D31: 上行流量(byte) | E31: A | G31: sum(outputoctets) | J31: 指标 | K31: byte | L31: >=0
B32: inputoctets | C32: bigint | D32: 下行流量(byte) | E32: A | G32: sum(inputoctets) | J32: 指标 | K32: byte | L32: >=0
B33: outputoctets_above500_cnt | C33: bigint | D33: 上行大包条数(>=500KB) | E33: A | G33: sum(outputoctets_above500_cnt) | J33: 指标 | K33: 无 | L33: >=0
B34: inputoctets_above500_cnt | C34: bigint | D34: 下行大包条数(>=500KB) | E34: A | G34: sum(inputoctets_above500_cnt) | J34: 指标 | K34: 无 | L34: >=0
B35: outputpacket | C35: bigint | D35: 上行包数 | E35: A | G35: sum(outputpacket) | J35: 指标 | K35: 无 | L35: >=0
B36: inputpacket | C36: bigint | D36: 下行包数 | E36: A | G36: sum(inputpacket) | J36: 指标 | K36: 无 | L36: >=0
B37: ultcpreorderingpacket | C37: bigint | D37: 上行TCP乱序报文数，L4协议，非TCP传输时，此字段填0 | E37: A | G37: sum(ultcpreorderingpacket) | J37: 指标 | K37: 无 | L37: >=0
B38: dltcpreorderingpacket | C38: bigint | D38: 下行TCP乱序报文数，非TCP传输时，此字段填0 | E38: A | G38: sum(dltcpreorderingpacket) | J38: 指标 | K38: 无 | L38: >=0
... B122: wellgamedelay_cnt | C122: bigint | D122: 游戏交互时延良好次数 | E122: A | G122: sum(wellgamedelay_cnt) | J122: 指标 | K122: 无 | L122: >=0
B123: min_starttime | C123: string | D123: 最小开始时间 | E123: A | G123: min(min_starttime) | I123: 20250415101139 | J123: 指标 | K123: 无 | L123: >0
B124: max_endtime | C124: string | D124: 最大结束时间 | E124: A | G124: max(max_endtime) | I124: 20250415101024 | J124: 指标 | K124: 无 | L124: >0
B125: p_provincecode | C125: int | D125: 省分区
B126: p_date | C126: string | D126: 天分区

Sheet 6
B1: =HYPERLINK("#导航!a2","返回") -> 返回
B3: 目标表基本信息描述
B4: 主题域 | C4: 目标表英文名 | D4: 目标表中文名 | E4: 数据频度 | F4: 模型主键 | G4: 数据描述 | H4: 推送数据库
B5: 数据感知 | C5: aggr_nr_iov_http_usrappcel_refactor_h | D5: 5G_DPI_http车联网用户小区app维度小时表 | E5: hour
B7: 源表基本信息描述
B8: 来源系统 | C8: 源表英文名 | D8: 源表中文名 | E8: 别名 | F8: 任务描述 | G8: 备注 | H8: 是否主表
C9: aggr_nr_dpi_http_usrappcel_h | D9: 5G_DPI_http用户小区app维度小时表 | E9: A | H9: 是
C10: cfg_dpi_servicetype | D10: DPI业务码表 | E10: B | F10: A left join B，关联条件：A.servicetype = B.servicetype
C11: cfg_iov_usr_list | D11: 车联网用户清单配置表 | E11: C | F11: A inner join C，关联条件：A.msisdn = C.msisdn
B13: 详细字段信息
B14: 详细字段信息
B15: PDM字段英文名 | C15: PDM字段类型 | D15: PDM字段中文名（说明） | E15: 源表名 | F15: 源字段英文名 | G15: 算法加工逻辑 | H15: 关联与过滤条件 | I15: 备注 | J15: 字段属性 | K15: 单位 | L15: 取值范围
B16: day | C16: string | D16: 日期 | E16: A | F16: p_date | G16: 直取 | H16: =VLOOKUP(F16,'5'!B:L,1,0) -> p_date | J16: 维度 | K16: 无 | L16: 无
B17: hour | C17: int | D17: 小时 | E17: A | F17: p_hour | G17: 直取 | H17: =VLOOKUP(F17,'5'!B:L,1,0) -> p_hour | J17: 维度 | K17: 无 | L17: 无
B18: interface | C18: int | D18: 接口类型 | E18: A | F18: interface | G18: 直取 | H18: =VLOOKUP(F18,'5'!B:L,1,0) -> interface | J18: 维度 | K18: 无 | L18: 无
B19: provincecode | C19: int | D19: 省编码 | E19: A | F19: p_provincecode | G19: 直取 | H19: =VLOOKUP(F19,'5'!B:L,1,0) -> p_provincecode | J19: 维度 | K19: 无 | L19: 无
B20: citycode | C20: int | D20: 市编码 | E20: A | F20: city | G20: 直取 | H20: =VLOOKUP(F20,'5'!B:L,1,0) -> city | J20: 维度 | K20: 无 | L20: 无
B21: districtcode | C21: int | D21: 区县编码 | E21: A | F21: districtcode | G21: 直取 | H21: =VLOOKUP(F21,'5'!B:L,1,0) -> districtcode | J21: 维度 | K21: 无 | L21: 无
B22: cellkey | C22: string | D22: 小区唯一标识："小区基站号"_"小区编号" | E22: A | F22: cellkey | G22: 直取 | H22: =VLOOKUP(F22,'5'!B:L,1,0) -> cellkey | J22: 维度 | K22: 无 | L22: 无
B23: imsi | C23: string | D23: 国际移动用户识别码 | E23: A | F23: supi | G23: 直取 | H23: =VLOOKUP(F23,'5'!B:L,1,0) -> supi | J23: 维度 | K23: 无 | L23: 无
B24: msisdn | C24: string | D24: 用户号码 | E24: A | F24: msisdn | G24: 直取 | H24: =VLOOKUP(F24,'5'!B:L,1,0) -> msisdn | J24: 维度 | K24: 无 | L24: 无
B25: imei | C25: string | D25: 终端识别码 | E25: A | F25: pei | G25: 直取 | H25: =VLOOKUP(F25,'5'!B:L,1,0) -> pei | J25: 维度 | K25: 无 | L25: 无
B26: servicetype | C26: string | D26: 业务应用分类ID | E26: A | F26: servicetype | G26: 直取 | H26: =VLOOKUP(F26,'5'!B:L,1,0) -> servicetype | J26: 维度 | K26: 无 | L26: 无
B27: app_type | C27: string | D27: 业务应用大类 | E27: A | G27: substr(servicetype,1,2) | J27: 维度 | K27: 无 | L27: 无
B28: app_name | C28: string | D28: 业务名称 | E28: B | F28: servicetype_name | G28: 直取 | J28: 维度 | K28: 无 | L28: 无
B29: min_starttime | C29: string | D29: 最小开始时间 | E29: A | G29: min(min_starttime) | J29: 指标 | K29: 无 | L29: 无
B30: max_endtime | C30: string | D30: 最大结束时间 | E30: A | G30: max(max_endtime) | J30: 指标 | K30: 无 | L30: 无
B31: total_cnt | C31: bigint | D31: 总话单数 | E31: A | G31: sum(record_cnt) | J31: 指标 | K31: 无 | L31: >=0
B32: abnormal_cnt | C32: bigint | D32: 总质差话单数 | E32: A | G32: sum(abnormal_cnt) | J32: 指标 | K32: 无 | L32: >=0
B33: abnormal_rate | C33: double | D33: 总质差话单占比 | E33: A | G33: sum(abnormal_cnt)/sum(record_cnt) | J33: 指标 | K33: 无 | L33: [0,1]
B34: duration | C34: bigint | D34: 业务时长(ms) | E34: A | G34: sum(duration) | J34: 指标 | K34: ms | L34: >=0
B35: flux | C35: bigint | D35: 业务流量(byte) | E35: A | G35: sum(nvl(outputoctets,0)+nvl(inputoctets,0)) | J35: 指标 | K35: byte | L35: >=0
B36: p_provincecode | C36: int | D36: 省分区
B37: p_date | C37: string | D37: 天分区
B38: p_hour | C38: int | D38: 小时分区

Sheet 7
B1: =HYPERLINK("#导航!a2","返回") -> 返回
B3: 目标表基本信息描述
B4: 主题域 | C4: 目标表英文名 | D4: 目标表中文名 | E4: 数据频度 | F4: 模型主键 | G4: 数据描述 | H4: 推送数据库
B5: 数据感知 | C5: aggr_nr_dpi_http_appcel_h | D5: 5G_DPI_http小区app维度小时表 | E5: hour
B7: 源表基本信息描述
B8: 来源系统 | C8: 源表英文名 | D8: 源表中文名 | E8: 别名 | F8: 任务描述 | G8: 备注 | H8: 是否主表
C9: aggr_nr_dpi_http_usrappcel_h | D9: 5G_DPI_http用户小区app维度小时表 | E9: A | H9: 是
B11: 详细字段信息
B12: 详细字段信息
B13: PDM字段英文名 | C13: PDM字段类型 | D13: PDM字段中文名（说明） | E13: 源表名 | F13: 源字段英文名 | G13: 算法加工逻辑 | H13: 关联与过滤条件 | I13: 备注 | J13: 字段属性 | K13: 单位 | L13: 取值范围
B14: day | C14: string | D14: 日期 | E14: A | F14: p_date | G14: 直取 | J14: 维度 | K14: 无 | L14: yyyy-mm-dd
B15: hour | C15: int | D15: 小时 | E15: A | F15: p_hour | G15: 直取 | J15: 维度 | K15: 无 | L15: 0~23
B16: interface | C16: int | D16: 接口类型 | E16: A | F16: interface | G16: 直取 | J16: 维度 | K16: 无 | L16: <=101
B17: provincecode | C17: int | D17: 省编码 | E17: A | F17: provincecode | G17: 直取 | J17: 维度 | K17: 无 | L17: 6位数编码
B18: citycode | C18: int | D18: 市编码 | E18: A | F18: citycode | G18: 直取 | J18: 维度 | K18: 无 | L18: 6位数编码
B19: districtcode | C19: int | D19: 区编码 | E19: A | F19: districtcode | G19: 直取 | J19: 维度 | K19: 无 | L19: 6位数编码
B20: province | C20: string | D20: 省名称 | E20: A | F20: province | G20: 直取 | J20: 维度 | K20: 无 | L20: 无
B21: city | C21: string | D21: 地市名称 | E21: A | F21: city | G21: 直取 | J21: 维度 | K21: 无 | L21: 无
B22: district | C22: string | D22: 区县名称 | E22: A | F22: district | G22: 直取 | J22: 维度 | K22: 无 | L22: 无
B23: cellkey | C23: string | D23: 小区cellkey | E23: A | F23: cellkey | G23: 直取 | J23: 维度 | K23: 无 | L23: 无
B24: servicetype | C24: string | D24: 业务应用 | E24: A | F24: servicetype | G24: 直取 | J24: 维度 | K24: 无 | L24: 无
B25: business_type | C25: string | D25: 业务类型（im、web、game、video、other） | E25: A | F25: business_type | G25: 直取 | J25: 维度 | K25: 无 | L25: im,web,game,video,other
B26: abnormal_cnt | C26: bigint | D26: 质差话单数量 | E26: A | G26: sum(abnormal_cnt) | J26: 指标 | K26: 无 | L26: >=0
B27: record_cnt | C27: bigint | D27: 记录数 | E27: A | G27: sum(record_cnt) | J27: 指标 | K27: 无 | L27: >=0
B28: speedlimit_cnt | C28: bigint | D28: 限速记录数 | E28: A | G28: sum(speedlimit_cnt) | J28: 指标 | K28: 无 | L28: >=0
B29: duration | C29: bigint | D29: 持续时间，单位毫秒 | E29: A | G29: sum(duration) | J29: 指标 | K29: ms | L29: >=0
B30: outputoctets | C30: bigint | D30: 上行流量(byte) | E30: A | G30: sum(outputoctets) | J30: 指标 | K30: byte | L30: >=0
B31: inputoctets | C31: bigint | D31: 下行流量(byte) | E31: A | G31: sum(inputoctets) | J31: 指标 | K31: byte | L31: >=0
B32: outputoctets_above500_cnt | C32: bigint | D32: 上行大包条数(>=500KB) | E32: A | G32: sum(outputoctets_above500_cnt) | J32: 指标 | K32: 无 | L32: >=0
B33: inputoctets_above500_cnt | C33: bigint | D33: 下行大包条数(>=500KB) | E33: A | G33: sum(inputoctets_above500_cnt) | J33: 指标 | K33: 无 | L33: >=0
B34: outputpacket | C34: bigint | D34: 上行包数 | E34: A | G34: sum(outputpacket) | J34: 指标 | K34: 无 | L34: >=0
B35: inputpacket | C35: bigint | D35: 下行包数 | E35: A | G35: sum(inputpacket) | J35: 指标 | K35: 无 | L35: >=0
B36: ultcpreorderingpacket | C36: bigint | D36: 上行TCP乱序报文数，L4协议，非TCP传输时，此字段填0 | E36: A | G36: sum(ultcpreorderingpacket) | J36: 指标 | K36: 无 | L36: >=0
B37: dltcpreorderingpacket | C37: bigint | D37: 下行TCP乱序报文数，非TCP传输时，此字段填0 | E37: A | G37: sum(dltcpreorderingpacket) | J37: 指标 | K37: 无 | L37: >=0
... B121: wellgamedelay_cnt | C121: bigint | D121: 游戏交互时延良好次数 | E121: A | G121: sum(wellgamedelay_cnt) | J121: 指标 | K121: 无 | L121: >=0
B122: min_starttime | C122: string | D122: 最小开始时间 | E122: A | G122: min(min_starttime) | I122: 20250415101139 | J122: 指标 | K122: 无 | L122: >0
B123: max_endtime | C123: string | D123: 最大结束时间 | E123: A | G123: max(max_endtime) | I123: 20250415101024 | J123: 指标 | K123: 无 | L123: >0
B124: p_provincecode | C124: int | D124: 省分区
B125: p_date | C125: string | D125: 天分区
B126: p_hour | C126: int | D126: 小时分区

Sheet 8
B1: =HYPERLINK("#导航!a2","返回") -> 返回
B3: 目标表基本信息描述
B4: 主题域 | C4: 目标表英文名 | D4: 目标表中文名 | E4: 数据频度 | F4: 模型主键 | G4: 数据描述 | H4: 推送数据库
B5: 数据感知 | C5: aggr_nr_dpi_http_appcel_d | D5: 5G_DPI_http小区app维度天表 | E5: day
B7: 源表基本信息描述
B8: 来源系统 | C8: 源表英文名 | D8: 源表中文名 | E8: 别名 | F8: 任务描述 | G8: 备注 | H8: 是否主表
C9: aggr_nr_dpi_http_appcel_h | D9: 5G_DPI_http小区app维度小时表 | E9: A | H9: 是
B11: 详细字段信息
B12: 详细字段信息
B13: PDM字段英文名 | C13: PDM字段类型 | D13: PDM字段中文名（说明） | E13: 源表名 | F13: 源字段英文名 | G13: 算法加工逻辑 | H13: 关联与过滤条件 | I13: 备注 | J13: 字段属性 | K13: 单位 | L13: 取值范围
B14: day | C14: string | D14: 日期 | E14: A | F14: p_date | G14: 直取 | J14: 维度 | K14: 无 | L14: yyyy-mm-dd
B15: interface | C15: int | D15: 接口类型 | E15: A | F15: interface | G15: 直取 | J15: 维度 | K15: 无 | L15: <=101
B16: provincecode | C16: int | D16: 省编码 | E16: A | F16: provincecode | G16: 直取 | J16: 维度 | K16: 无 | L16: 6位数编码
B17: citycode | C17: int | D17: 市编码 | E17: A | F17: citycode | G17: 直取 | J17: 维度 | K17: 无 | L17: 6位数编码
B18: districtcode | C18: int | D18: 区编码 | E18: A | F18: districtcode | G18: 直取 | J18: 维度 | K18: 无 | L18: 6位数编码
B19: province | C19: string | D19: 省名称 | E19: A | F19: province | G19: 直取 | J19: 维度 | K19: 无 | L19: 无
B20: city | C20: string | D20: 地市名称 | E20: A | F20: city | G20: 直取 | J20: 维度 | K20: 无 | L20: 无
B21: district | C21: string | D21: 区县名称 | E21: A | F21: district | G21: 直取 | J21: 维度 | K21: 无 | L21: 无
B22: cellkey | C22: string | D22: 小区cellkey | E22: A | F22: cellkey | G22: 直取 | J22: 维度 | K22: 无 | L22: 无
B23: servicetype | C23: string | D23: 业务应用 | E23: A | F23: servicetype | G23: 直取 | J23: 维度 | K23: 无 | L23: 无
B24: business_type | C24: string | D24: 业务类型（im、web、game、video、other） | E24: A | F24: business_type | G24: 直取 | J24: 维度 | K24: 无 | L24: im,web,game,video,other
B25: abnormal_cnt | C25: bigint | D25: 质差话单数量 | E25: A | G25: sum(abnormal_cnt) | J25: 指标 | K25: 无 | L25: >=0
B26: record_cnt | C26: bigint | D26: 记录数 | E26: A | G26: sum(record_cnt) | J26: 指标 | K26: 无 | L26: >=0
B27: speedlimit_cnt | C27: bigint | D27: 限速记录数 | E27: A | G27: sum(speedlimit_cnt) | J27: 指标 | K27: 无 | L27: >=0
B28: duration | C28: bigint | D28: 持续时间，单位毫秒 | E28: A | G28: sum(duration) | J28: 指标 | K28: ms | L28: >=0
B29: outputoctets | C29: bigint | D29: 上行流量(byte) | E29: A | G29: sum(outputoctets) | J29: 指标 | K29: byte | L29: >=0
B30: inputoctets | C30: bigint | D30: 下行流量(byte) | E30: A | G30: sum(inputoctets) | J30: 指标 | K30: byte | L30: >=0
B31: outputoctets_above500_cnt | C31: bigint | D31: 上行大包条数(>=500KB) | E31: A | G31: sum(outputoctets_above500_cnt) | J31: 指标 | K31: 无 | L31: >=0
B32: inputoctets_above500_cnt | C32: bigint | D32: 下行大包条数(>=500KB) | E32: A | G32: sum(inputoctets_above500_cnt) | J32: 指标 | K32: 无 | L32: >=0
B33: outputpacket | C33: bigint | D33: 上行包数 | E33: A | G33: sum(outputpacket) | J33: 指标 | K33: 无 | L33: >=0
B34: inputpacket | C34: bigint | D34: 下行包数 | E34: A | G34: sum(inputpacket) | J34: 指标 | K34: 无 | L34: >=0
B35: ultcpreorderingpacket | C35: bigint | D35: 上行TCP乱序报文数，L4协议，非TCP传输时，此字段填0 | E35: A | G35: sum(ultcpreorderingpacket) | J35: 指标 | K35: 无 | L35: >=0
B36: dltcpreorderingpacket | C36: bigint | D36: 下行TCP乱序报文数，非TCP传输时，此字段填0 | E36: A | G36: sum(dltcpreorderingpacket) | J36: 指标 | K36: 无 | L36: >=0
... B120: wellgamedelay_cnt | C120: bigint | D120: 游戏交互时延良好次数 | E120: A | G120: sum(wellgamedelay_cnt) | J120: 指标 | K120: 无 | L120: >=0
B121: p_provincecode | C121: int | D121: 省分区
B122: p_date | C122: string | D122: 天分区

Sheet 9
B1: =HYPERLINK("#导航!a2","返回") -> 返回
B3: 目标表基本信息描述
B4: 主题域 | C4: 目标表英文名 | D4: 目标表中文名 | E4: 数据频度 | F4: 模型主键 | G4: 数据描述 | H4: 推送数据库
B5: 数据感知 | C5: aggr_nr_dpi_http_cel_d | D5: 5G_DPI_http小区维度天表 | E5: day
B7: 源表基本信息描述
B8: 来源系统 | C8: 源表英文名 | D8: 源表中文名 | E8: 别名 | F8: 任务描述 | G8: 备注 | H8: 是否主表
C9: aggr_nr_dpi_http_appcel_d | D9: 5G_DPI_http小区app维度天表 | E9: A | H9: 是
B11: 详细字段信息
B12: 详细字段信息
B13: PDM字段英文名 | C13: PDM字段类型 | D13: PDM字段中文名（说明） | E13: 源表名 | F13: 源字段英文名 | G13: 算法加工逻辑 | H13: 关联与过滤条件 | I13: 备注 | J13: 字段属性 | K13: 单位 | L13: 取值范围
B14: day | C14: string | D14: 日期 | E14: A | F14: p_date | G14: 直取 | J14: 维度 | K14: 无 | L14: yyyy-mm-dd
B15: interface | C15: int | D15: 接口类型 | E15: A | F15: interface | G15: 直取 | J15: 维度 | K15: 无 | L15: <=101
B16: provincecode | C16: int | D16: 省编码 | E16: A | F16: provincecode | G16: 直取 | J16: 维度 | K16: 无 | L16: 6位数编码
B17: citycode | C17: int | D17: 市编码 | E17: A | F17: citycode | G17: 直取 | J17: 维度 | K17: 无 | L17: 6位数编码
B18: districtcode | C18: int | D18: 区编码 | E18: A | F18: districtcode | G18: 直取 | J18: 维度 | K18: 无 | L18: 6位数编码
B19: province | C19: string | D19: 省名称 | E19: A | F19: province | G19: 直取 | J19: 维度 | K19: 无 | L19: 无
B20: city | C20: string | D20: 地市名称 | E20: A | F20: city | G20: 直取 | J20: 维度 | K20: 无 | L20: 无
B21: district | C21: string | D21: 区县名称 | E21: A | F21: district | G21: 直取 | J21: 维度 | K21: 无 | L21: 无
B22: cellkey | C22: string | D22: 小区cellkey | E22: A | F22: cellkey | G22: 直取 | J22: 维度 | K22: 无 | L22: 无
B23: abnormal_cnt | C23: bigint | D23: 质差话单数量 | E23: A | G23: sum(abnormal_cnt) | J23: 指标 | K23: 无 | L23: >=0
B24: record_cnt | C24: bigint | D24: 记录数 | E24: A | G24: sum(record_cnt) | J24: 指标 | K24: 无 | L24: >=0
B25: speedlimit_cnt | C25: bigint | D25: 限速记录数 | E25: A | G25: sum(speedlimit_cnt) | J25: 指标 | K25: 无 | L25: >=0
B26: duration | C26: bigint | D26: 持续时间，单位毫秒 | E26: A | G26: sum(duration) | J26: 指标 | K26: ms | L26: >=0
B27: outputoctets | C27: bigint | D27: 上行流量(byte) | E27: A | G27: sum(outputoctets) | J27: 指标 | K27: byte | L27: >=0
B28: inputoctets | C28: bigint | D28: 下行流量(byte) | E28: A | G28: sum(inputoctets) | J28: 指标 | K28: byte | L28: >=0
B29: outputoctets_above500_cnt | C29: bigint | D29: 上行大包条数(>=500KB) | E29: A | G29: sum(outputoctets_above500_cnt) | J29: 指标 | K29: 无 | L29: >=0
B30: inputoctets_above500_cnt | C30: bigint | D30: 下行大包条数(>=500KB) | E30: A | G30: sum(inputoctets_above500_cnt) | J30: 指标 | K30: 无 | L30: >=0
B31: outputpacket | C31: bigint | D31: 上行包数 | E31: A | G31: sum(outputpacket) | J31: 指标 | K31: 无 | L31: >=0
B32: inputpacket | C32: bigint | D32: 下行包数 | E32: A | G32: sum(inputpacket) | J32: 指标 | K32: 无 | L32: >=0
B33: ultcpreorderingpacket | C33: bigint | D33: 上行TCP乱序报文数，L4协议，非TCP传输时，此字段填0 | E33: A | G33: sum(ultcpreorderingpacket) | J33: 指标 | K33: 无 | L33: >=0
B34: dltcpreorderingpacket | C34: bigint | D34: 下行TCP乱序报文数，非TCP传输时，此字段填0 | E34: A | G34: sum(dltcpreorderingpacket) | J34: 指标 | K34: 无 | L34: >=0
... B118: wellgamedelay_cnt | C118: bigint | D118: 游戏交互时延良好次数 | E118: A | G118: sum(wellgamedelay_cnt) | J118: 指标 | K118: 无 | L118: >=0
B119: p_provincecode | C119: int | D119: 省分区
B120: p_date | C120: string | D120: 天分区

Sheet 10
B1: =HYPERLINK("#导航!a2","返回") -> 返回
B3: 目标表基本信息描述
B4: 主题域 | C4: 目标表英文名 | D4: 目标表中文名 | E4: 数据频度 | F4: 模型主键 | G4: 数据描述 | H4: 推送数据库
B5: 数据感知 | C5: aggr_nr_dpi_http_index_reduce_cel_d | D5: 5G_DPI_http小区维度指标裁剪天表 | E5: day
B7: 源表基本信息描述
B8: 来源系统 | C8: 源表英文名 | D8: 源表中文名 | E8: 别名 | F8: 任务描述 | G8: 备注 | H8: 是否主表
C9: aggr_nr_dpi_http_cel_d | D9: 5G_DPI_http小区维度天表 | E9: A | H9: 是
B11: 详细字段信息
B12: 详细字段信息
B13: PDM字段英文名 | C13: PDM字段类型 | D13: PDM字段中文名（说明） | E13: 源表名 | F13: 源字段英文名 | G13: 算法加工逻辑 | H13: 关联与过滤条件 | I13: 备注 | J13: 字段属性 | K13: 单位 | L13: 取值范围
B14: clttime | C14: timestamp | D14: 上报时间，具体到天 | E14: A | F14: p_date | G14: 直取 | J14: 维度 | K14: 无 | L14: yyyy-mm-dd
B15: interface | C15: int | D15: 接口类型：1、S1-U，4、S11，6、S5/S8，100、N3 | E15: A | F15: interface | G15: 直取 | J15: 维度 | K15: 无 | L15: <=101
B16: visitedplmnid | C16: string | D16: 拜访网络标识 | E16: A | G16: 直取 | J16: 维度 | K16: 无
B17: ne_belong | C17: string | D17: 小区网元归属方 | E17: A | G17: 置空 | J17: 维度 | K17: 无
B18: tai | C18: string | D18: 跟踪区标识 | E18: A | G18: 置空 | J18: 维度 | K18: 无
B19: nodebid | C19: bigint | D19: 4G eNodeBID/5G gNBID | E19: A | G19: split(cellkey,"_")[0] | J19: 维度 | K19: 无 | L19: 无
B20: cellid | C20: bigint | D20: 小区ID | E20: A | G20: split(cellkey,"_")[1] | J20: 维度 | K20: 无 | L20: 无
B21: province | C21: int | D21: 拜访地省份 | E21: A | F21: p_provincecode | G21: 直取 | J21: 维度 | K21: 无 | L21: 6位数编码
B22: city | C22: int | D22: 拜访地地市 | E22: A | F22: citycode | G22: 直取 | J22: 维度 | K22: 无 | L22: 6位数编码
B23: area | C23: int | D23: 拜访地区县 | E23: A | F23: districtcode | G23: 直取 | J23: 维度 | K23: 无 | L23: 6位数编码
B24: httpstatus_abnormal_num | C24: bigint | D24: HTTP状态异常 | E24: A | G24: sum(nvl(http_req_cnt,0)-nvl(http_succ_cnt,0)) | J24: 指标 | K24: 无 | L24: >=0
B25: http_request_num | C25: bigint | D25: HTTP业务请求次数(页面请求次数) | E25: A | G25: sum(http_req_cnt) | J25: 指标 | K25: 无 | L25: >=0
B26: abnor_event_ratio | C26: double | D26: 异常事件比例 | E26: A | G26: sum(nvl(http_req_cnt,0)-nvl(http_succ_cnt,0))/sum(http_req_cnt) | J26: 指标 | K26: 无 | L26: [0,1]
B27: p_provincecode | C27: int | D27: 省分区
B28: p_date | C28: string | D28: 天分区

Sheet 11
B1: =HYPERLINK("#导航!a2","返回") -> 返回
B3: 目标表基本信息描述
B4: 主题域 | C4: 目标表英文名 | D4: 目标表中文名 | E4: 数据频度 | F4: 模型主键 | G4: 数据描述 | H4: 推送数据库
B5: 数据感知 | C5: aggr_nr_dpi_web_appcel_h | D5: 5G_DPI_web小区app维度小时表 | E5: hour
B7: 源表基本信息描述
B8: 来源系统 | C8: 源表英文名 | D8: 源表中文名 | E8: 别名 | F8: 任务描述 | G8: 备注 | H8: 是否主表
C9: aggr_nr_dpi_http_appcel_h | D9: 5G_DPI_http小区app维度小时表 | E9: A | G9: 过滤条件：business_type='web' | H9: 是
B11: 详细字段信息
B12: 详细字段信息
B13: PDM字段英文名 | C13: PDM字段类型 | D13: PDM字段中文名（说明） | E13: 源表名 | F13: 源字段英文名 | G13: 算法加工逻辑 | H13: 关联与过滤条件 | I13: 备注 | J13: 字段属性 | K13: 单位 | L13: 取值范围
B14: day | C14: string | D14: 日期 | E14: A | F14: p_date | G14: 直取 | J14: 维度 | K14: 无 | L14: yyyy-mm-dd
B15: hour | C15: int | D15: 小时 | E15: A | F15: p_hour | G15: 直取 | J15: 维度 | K15: 无 | L15: 0~23
B16: interface | C16: int | D16: 接口类型 | E16: A | F16: interface | G16: 直取 | J16: 维度 | K16: 无 | L16: <=101
B17: provincecode | C17: int | D17: 省编码 | E17: A | F17: provincecode | G17: 直取 | J17: 维度 | K17: 无 | L17: 6位数编码
B18: citycode | C18: int | D18: 市编码 | E18: A | F18: citycode | G18: 直取 | J18: 维度 | K18: 无 | L18: 6位数编码
B19: districtcode | C19: int | D19: 区编码 | E19: A | F19: districtcode | G19: 直取 | J19: 维度 | K19: 无 | L19: 6位数编码
B20: province | C20: string | D20: 省名称 | E20: A | F20: province | G20: 直取 | J20: 维度 | K20: 无 | L20: 无
B21: city | C21: string | D21: 地市名称 | E21: A | F21: city | G21: 直取 | J21: 维度 | K21: 无 | L21: 无
B22: district | C22: string | D22: 区县名称 | E22: A | F22: district | G22: 直取 | J22: 维度 | K22: 无 | L22: 无
B23: cellkey | C23: string | D23: 小区cellkey | E23: A | F23: cellkey | G23: 直取 | J23: 维度 | K23: 无 | L23: 无
B24: servicetype | C24: string | D24: 业务应用 | E24: A | F24: servicetype | G24: 直取 | J24: 维度 | K24: 无 | L24: 无
B25: abnormal_cnt | C25: bigint | D25: 质差话单数量 | E25: A | G25: sum(abnormal_cnt) | J25: 指标 | K25: 无 | L25: >=0
B26: record_cnt | C26: bigint | D26: 记录数 | E26: A | G26: sum(record_cnt) | J26: 指标 | K26: 无 | L26: >=0
B27: speedlimit_cnt | C27: bigint | D27: 限速记录数 | E27: A | G27: sum(speedlimit_cnt) | J27: 指标 | K27: 无 | L27: >=0
B28: duration | C28: bigint | D28: 持续时间，单位毫秒 | E28: A | G28: sum(duration) | J28: 指标 | K28: ms | L28: >=0
B29: outputoctets | C29: bigint | D29: 上行流量(byte) | E29: A | G29: sum(outputoctets) | J29: 指标 | K29: byte | L29: >=0
B30: inputoctets | C30: bigint | D30: 下行流量(byte) | E30: A | G30: sum(inputoctets) | J30: 指标 | K30: byte | L30: >=0
B31: outputoctets_above500_cnt | C31: bigint | D31: 上行大包条数(>=500KB) | E31: A | G31: sum(outputoctets_above500_cnt) | J31: 指标 | K31: 无 | L31: >=0
B32: inputoctets_above500_cnt | C32: bigint | D32: 下行大包条数(>=500KB) | E32: A | G32: sum(inputoctets_above500_cnt) | J32: 指标 | K32: 无 | L32: >=0
B33: outputpacket | C33: bigint | D33: 上行包数 | E33: A | G33: sum(outputpacket) | J33: 指标 | K33: 无 | L33: >=0
B34: inputpacket | C34: bigint | D34: 下行包数 | E34: A | G34: sum(inputpacket) | J34: 指标 | K34: 无 | L34: >=0
B35: ultcpreorderingpacket | C35: bigint | D35: 上行TCP乱序报文数，L4协议，非TCP传输时，此字段填0 | E35: A | G35: sum(ultcpreorderingpacket) | J35: 指标 | K35: 无 | L35: >=0
B36: dltcpreorderingpacket | C36: bigint | D36: 下行TCP乱序报文数，非TCP传输时，此字段填0 | E36: A | G36: sum(dltcpreorderingpacket) | J36: 指标 | K36: 无 | L36: >=0
... B117: wellcmpltdelay_cnt | C117: bigint | D117: 打开时延良好次数 | E117: A | G117: sum(wellcmpltdelay_cnt) | J117: 指标 | K117: 无 | L117: >=0
B118: p_provincecode | C118: int | D118: 省分区
B119: p_date | C119: string | D119: 天分区
B120: p_hour | C120: int | D120: 小时分区

Sheet 12
B1: =HYPERLINK("#导航!a2","返回") -> 返回
B3: 目标表基本信息描述
B4: 主题域 | C4: 目标表英文名 | D4: 目标表中文名 | E4: 数据频度 | F4: 模型主键 | G4: 数据描述 | H4: 推送数据库
B5: 数据感知 | C5: aggr_nr_dpi_web_appcel_d | D5: 5G_DPI_web小区app维度天表 | E5: day
B7: 源表基本信息描述
B8: 来源系统 | C8: 源表英文名 | D8: 源表中文名 | E8: 别名 | F8: 任务描述 | G8: 备注 | H8: 是否主表
C9: aggr_nr_dpi_web_appcel_h | D9: 5G_DPI_web小区app维度小时表 | E9: A | H9: 是
B11: 详细字段信息
B12: 详细字段信息
B13: PDM字段英文名 | C13: PDM字段类型 | D13: PDM字段中文名（说明） | E13: 源表名 | F13: 源字段英文名 | G13: 算法加工逻辑 | H13: 关联与过滤条件 | I13: 备注 | J13: 字段属性 | K13: 单位 | L13: 取值范围
B14: day | C14: string | D14: 日期 | E14: A | F14: p_date | G14: 直取 | J14: 维度 | K14: 无 | L14: yyyy-mm-dd
B15: interface | C15: int | D15: 接口类型 | E15: A | F15: interface | G15: 直取 | J15: 维度 | K15: 无 | L15: <=101
B16: provincecode | C16: int | D16: 省编码 | E16: A | F16: provincecode | G16: 直取 | J16: 维度 | K16: 无 | L16: 6位数编码
B17: citycode | C17: int | D17: 市编码 | E17: A | F17: citycode | G17: 直取 | J17: 维度 | K17: 无 | L17: 6位数编码
B18: districtcode | C18: int | D18: 区编码 | E18: A | F18: districtcode | G18: 直取 | J18: 维度 | K18: 无 | L18: 6位数编码
B19: province | C19: string | D19: 省名称 | E19: A | F19: province | G19: 直取 | J19: 维度 | K19: 无 | L19: 无
B20: city | C20: string | D20: 地市名称 | E20: A | F20: city | G20: 直取 | J20: 维度 | K20: 无 | L20: 无
B21: district | C21: string | D21: 区县名称 | E21: A | F21: district | G21: 直取 | J21: 维度 | K21: 无 | L21: 无
B22: cellkey | C22: string | D22: 小区cellkey | E22: A | F22: cellkey | G22: 直取 | J22: 维度 | K22: 无 | L22: 无
B23: servicetype | C23: string | D23: 业务应用 | E23: A | F23: servicetype | G23: 直取 | J23: 维度 | K23: 无 | L23: 无
B24: abnormal_cnt | C24: bigint | D24: 质差话单数量 | E24: A | G24: sum(abnormal_cnt) | J24: 指标 | K24: 无 | L24: >=0
B25: record_cnt | C25: bigint | D25: 记录数 | E25: A | G25: sum(record_cnt) | J25: 指标 | K25: 无 | L25: >=0
B26: speedlimit_cnt | C26: bigint | D26: 限速记录数 | E26: A | G26: sum(speedlimit_cnt) | J26: 指标 | K26: 无 | L26: >=0
B27: duration_sum | C27: bigint | D27: 持续时间，单位毫秒 | E27: A | G27: sum(duration) | J27: 指标 | K27: ms | L27: >=0
B28: outputoctets_sum | C28: bigint | D28: 上行流量(byte) | E28: A | G28: sum(outputoctets) | J28: 指标 | K28: byte | L28: >=0
B29: inputoctets_sum | C29: bigint | D29: 下行流量(byte) | E29: A | G29: sum(inputoctets) | J29: 指标 | K29: byte | L29: >=0
B30: outputoctets_above500_cnt | C30: bigint | D30: 上行大包条数(>=500KB) | E30: A | G30: sum(outputoctets_above500_cnt) | J30: 指标 | K30: 无 | L30: >=0
B31: inputoctets_above500_cnt | C31: bigint | D31: 下行大包条数(>=500KB) | E31: A | G31: sum(inputoctets_above500_cnt) | J31: 指标 | K31: 无 | L31: >=0
B32: outputpacket_sum | C32: bigint | D32: 上行包数 | E32: A | G32: sum(outputpacket) | J32: 指标 | K32: 无 | L32: >=0
B33: inputpacket_sum | C33: bigint | D33: 下行包数 | E33: A | G33: sum(inputpacket) | J33: 指标 | K33: 无 | L33: >=0
B34: ultcpreorderingpacket_sum | C34: bigint | D34: 上行TCP乱序报文数，L4协议，非TCP传输时，此字段填0 | E34: A | G34: sum(ultcpreorderingpacket) | J34: 指标 | K34: 无 | L34: >=0
B35: dltcpreorderingpacket_sum | C35: bigint | D35: 下行TCP乱序报文数，非TCP传输时，此字段填0 | E35: A | G35: sum(dltcpreorderingpacket) | J35: 指标 | K35: 无 | L35: >=0
... B116: times_wellcmpltdelay | C116: bigint | D116: 打开时延良好次数 | E116: A | G116: sum(wellcmpltdelay_cnt) | J116: 指标 | K116: 无 | L116: >=0
B117: p_provincecode | C117: int | D117: 省分区
B118: p_date | C118: string | D118: 天分区

Sheet 13
B1: =HYPERLINK("#导航!a2","返回") -> 返回
B3: 目标表基本信息描述
B4: 主题域 | C4: 目标表英文名 | D4: 目标表中文名 | E4: 数据频度 | F4: 模型主键 | G4: 数据描述 | H4: 推送数据库
B5: 数据感知 | C5: aggr_nr_dpi_web_cel_d | D5: 5G_DPI_web小区维度天表 | E5: day
B7: 源表基本信息描述
B8: 来源系统 | C8: 源表英文名 | D8: 源表中文名 | E8: 别名 | F8: 任务描述 | G8: 备注 | H8: 是否主表
C9: aggr_nr_dpi_web_appcel_d | D9: 5G_DPI_web小区app维度天表 | E9: A | H9: 是
B11: 详细字段信息
B12: 详细字段信息
B13: PDM字段英文名 | C13: PDM字段类型 | D13: PDM字段中文名（说明） | E13: 源表名 | F13: 源字段英文名 | G13: 算法加工逻辑 | H13: 关联与过滤条件 | I13: 备注 | J13: 字段属性 | K13: 单位 | L13: 取值范围
B14: day | C14: string | D14: 日期 | E14: A | F14: p_date | G14: 直取 | J14: 维度 | K14: 无 | L14: yyyy-mm-dd
B15: interface | C15: int | D15: 接口类型 | E15: A | F15: interface | G15: 直取 | J15: 维度 | K15: 无 | L15: <=101
B16: provincecode | C16: int | D16: 省编码 | E16: A | F16: provincecode | G16: 直取 | J16: 维度 | K16: 无 | L16: 6位数编码
B17: citycode | C17: int | D17: 市编码 | E17: A | F17: citycode | G17: 直取 | J17: 维度 | K17: 无 | L17: 6位数编码
B18: districtcode | C18: int | D18: 区编码 | E18: A | F18: districtcode | G18: 直取 | J18: 维度 | K18: 无 | L18: 6位数编码
B19: province | C19: string | D19: 省名称 | E19: A | F19: province | G19: 直取 | J19: 维度 | K19: 无 | L19: 无
B20: city | C20: string | D20: 地市名称 | E20: A | F20: city | G20: 直取 | J20: 维度 | K20: 无 | L20: 无
B21: district | C21: string | D21: 区县名称 | E21: A | F21: district | G21: 直取 | J21: 维度 | K21: 无 | L21: 无
B22: cellkey | C22: string | D22: 小区cellkey | E22: A | F22: cellkey | G22: 直取 | J22: 维度 | K22: 无 | L22: 无
B23: abnormal_cnt | C23: bigint | D23: 质差话单数量 | E23: A | F23: =VLOOKUP(B23,'12'!B:L,1,0) -> abnormal_cnt | G23: sum(abnormal_cnt) | J23: 指标 | K23: 无 | L23: >=0
B24: record_cnt | C24: bigint | D24: 记录数 | E24: A | F24: =VLOOKUP(B24,'12'!B:L,1,0) -> record_cnt | G24: sum(record_cnt) | J24: 指标 | K24: 无 | L24: >=0
B25: speedlimit_cnt | C25: bigint | D25: 限速记录数 | E25: A | F25: =VLOOKUP(B25,'12'!B:L,1,0) -> speedlimit_cnt | G25: sum(speedlimit_cnt) | J25: 指标 | K25: 无 | L25: >=0
B26: duration_sum | C26: bigint | D26: 持续时间，单位毫秒 | E26: A | G26: sum(duration_sum) | J26: 指标 | K26: ms | L26: >=0
B27: outputoctets_sum | C27: bigint | D27: 上行流量(byte) | E27: A | G27: sum(outputoctets_sum) | J27: 指标 | K27: byte | L27: >=0
B28: inputoctets_sum | C28: bigint | D28: 下行流量(byte) | E28: A | G28: sum(inputoctets_sum) | J28: 指标 | K28: byte | L28: >=0
B29: outputoctets_above500_cnt | C29: bigint | D29: 上行大包条数(>=500KB) | E29: A | G29: sum(outputoctets_above500_cnt) | J29: 指标 | K29: 无 | L29: >=0
B30: inputoctets_above500_cnt | C30: bigint | D30: 下行大包条数(>=500KB) | E30: A | G30: sum(inputoctets_above500_cnt) | J30: 指标 | K30: 无 | L30: >=0
B31: outputpacket_sum | C31: bigint | D31: 上行包数 | E31: A | G31: sum(outputpacket_sum) | J31: 指标 | K31: 无 | L31: >=0
B32: inputpacket_sum | C32: bigint | D32: 下行包数 | E32: A | G32: sum(inputpacket_sum) | J32: 指标 | K32: 无 | L32: >=0
B33: ultcpreorderingpacket_sum | C33: bigint | D33: 上行TCP乱序报文数，L4协议，非TCP传输时，此字段填0 | E33: A | G33: sum(ultcpreorderingpacket_sum) | J33: 指标 | K33: 无 | L33: >=0
B34: dltcpreorderingpacket_sum | C34: bigint | D34: 下行TCP乱序报文数，非TCP传输时，此字段填0 | E34: A | G34: sum(dltcpreorderingpacket_sum) | J34: 指标 | K34: 无 | L34: >=0
B35: ultcpretranspacket_sum | C35: bigint | D35: 上行TCP重传报文数，非TCP传输时，此字段填0 | E35: A | G35: sum(ultcpretranspacket_sum) | J35: 指标 | K35: 无 | L35: >=0
B36: dltcpretranspacket_sum | C36: bigint | D36: 下行TCP重传报文数，非TCP传输时，此字段填0 | E36: A | G36: sum(dltcpretranspacket_sum) | J36: 指标 | K36: 无 | L36: >=0
B37: tcpconnfail_cnt | C37: bigint | D37: TCP连接失败次数 | E37: A | G37: sum(tcpconnfail_cnt) | J37: 指标 | K37: 无 | L37: >=0
... B115: times_wellcmpltdelay | C115: bigint | D115: 打开时延良好次数 | E115: A | G115: sum(times_wellcmpltdelay) | J115: 指标 | K115: 无 | L115: >=0
B116: p_provincecode | C116: int | D116: 省分区
B117: p_date | C117: string | D117: 天分区

Sheet 14
B1: =HYPERLINK("#导航!a2","返回") -> 返回
B3: 目标表基本信息描述
B4: 主题域 | C4: 目标表英文名 | D4: 目标表中文名 | E4: 数据频度 | F4: 模型主键 | G4: 数据描述 | H4: 推送数据库
B5: 数据感知 | C5: aggr_nr_dpi_im_appcel_h | D5: 5G_DPI_im小区app维度小时表 | E5: hour
B7: 源表基本信息描述
B8: 来源系统 | C8: 源表英文名 | D8: 源表中文名 | E8: 别名 | F8: 任务描述 | G8: 备注 | H8: 是否主表
C9: aggr_nr_dpi_http_appcel_h | D9: 5G_DPI_http小区app维度小时表 | E9: A | G9: 过滤条件：business_type='im' | H9: 是
B11: 详细字段信息
B12: 详细字段信息
B13: PDM字段英文名 | C13: PDM字段类型 | D13: PDM字段中文名（说明） | E13: 源表名 | F13: 源字段英文名 | G13: 算法加工逻辑 | H13: 关联与过滤条件 | I13: 备注 | J13: 字段属性 | K13: 单位 | L13: 取值范围
B14: day | C14: string | D14: 日期 | E14: A | F14: p_date | G14: 直取 | J14: 维度 | K14: 无 | L14: yyyy-mm-dd
B15: hour | C15: int | D15: 小时 | E15: A | F15: p_hour | G15: 直取 | J15: 维度 | K15: 无 | L15: 0~23
B16: interface | C16: int | D16: 接口类型 | E16: A | F16: interface | G16: 直取 | J16: 维度 | K16: 无 | L16: <=101
B17: provincecode | C17: int | D17: 省编码 | E17: A | F17: provincecode | G17: 直取 | J17: 维度 | K17: 无 | L17: 6位数编码
B18: citycode | C18: int | D18: 市编码 | E18: A | F18: citycode | G18: 直取 | J18: 维度 | K18: 无 | L18: 6位数编码
B19: districtcode | C19: int | D19: 区编码 | E19: A | F19: districtcode | G19: 直取 | J19: 维度 | K19: 无 | L19: 6位数编码
B20: province | C20: string | D20: 省名称 | E20: A | F20: province | G20: 直取 | J20: 维度 | K20: 无 | L20: 无
B21: city | C21: string | D21: 地市名称 | E21: A | F21: city | G21: 直取 | J21: 维度 | K21: 无 | L21: 无
B22: district | C22: string | D22: 区县名称 | E22: A | F22: district | G22: 直取 | J22: 维度 | K22: 无 | L22: 无
B23: cellkey | C23: string | D23: 小区cellkey | E23: A | F23: cellkey | G23: 直取 | J23: 维度 | K23: 无 | L23: 无
B24: servicetype | C24: string | D24: 业务应用 | E24: A | F24: servicetype | G24: 直取 | J24: 维度 | K24: 无 | L24: 无
B25: abnormal_cnt | C25: bigint | D25: 质差话单数量 | E25: A | G25: sum(abnormal_cnt) | J25: 指标 | K25: 无 | L25: >=0
B26: record_cnt | C26: bigint | D26: 记录数 | E26: A | G26: sum(record_cnt) | J26: 指标 | K26: 无 | L26: >=0
B27: speedlimit_cnt | C27: bigint | D27: 限速记录数 | E27: A | G27: sum(speedlimit_cnt) | J27: 指标 | K27: 无 | L27: >=0
B28: duration | C28: bigint | D28: 持续时间，单位毫秒 | E28: A | G28: sum(duration) | J28: 指标 | K28: ms | L28: >=0
B29: outputoctets | C29: bigint | D29: 上行流量(byte) | E29: A | G29: sum(outputoctets) | J29: 指标 | K29: byte | L29: >=0
B30: inputoctets | C30: bigint | D30: 下行流量(byte) | E30: A | G30: sum(inputoctets) | J30: 指标 | K30: byte | L30: >=0
B31: outputoctets_above500_cnt | C31: bigint | D31: 上行大包条数(>=500KB) | E31: A | G31: sum(outputoctets_above500_cnt) | J31: 指标 | K31: 无 | L31: >=0
B32: inputoctets_above500_cnt | C32: bigint | D32: 下行大包条数(>=500KB) | E32: A | G32: sum(inputoctets_above500_cnt) | J32: 指标 | K32: 无 | L32: >=0
B33: outputpacket | C33: bigint | D33: 上行包数 | E33: A | G33: sum(outputpacket) | J33: 指标 | K33: 无 | L33: >=0
B34: inputpacket | C34: bigint | D34: 下行包数 | E34: A | G34: sum(inputpacket) | J34: 指标 | K34: 无 | L34: >=0
B35: ultcpreorderingpacket | C35: bigint | D35: 上行TCP乱序报文数，L4协议，非TCP传输时，此字段填0 | E35: A | G35: sum(ultcpreorderingpacket) | J35: 指标 | K35: 无 | L35: >=0
B36: dltcpreorderingpacket | C36: bigint | D36: 下行TCP乱序报文数，非TCP传输时，此字段填0 | E36: A | G36: sum(dltcpreorderingpacket) | J36: 指标 | K36: 无 | L36: >=0
... B103: syntime_dnsresponse_cnt | C103: bigint | D103: DNS建立完成到TCP握手次数 | E103: A | G103: sum(syntime_dnsresponse_cnt) | J103: 指标 | K103: 次 | L103: >=0
B104: p_provincecode | C104: int | D104: 省分区
B105: p_date | C105: string | D105: 天分区
B106: p_hour | C106: int | D106: 小时分区

Sheet 15
B1: =HYPERLINK("#导航!a2","返回") -> 返回
B3: 目标表基本信息描述
B4: 主题域 | C4: 目标表英文名 | D4: 目标表中文名 | E4: 数据频度 | F4: 模型主键 | G4: 数据描述 | H4: 推送数据库
B5: 数据感知 | C5: aggr_nr_dpi_im_appcel_d | D5: 5G_DPI_im小区app维度天表 | E5: day
B7: 源表基本信息描述
B8: 来源系统 | C8: 源表英文名 | D8: 源表中文名 | E8: 别名 | F8: 任务描述 | G8: 备注 | H8: 是否主表
C9: aggr_nr_dpi_im_appcel_h | D9: 5G_DPI_im小区app维度小时表 | E9: A | H9: 是
B11: 详细字段信息
B12: 详细字段信息
B13: PDM字段英文名 | C13: PDM字段类型 | D13: PDM字段中文名（说明） | E13: 源表名 | F13: 源字段英文名 | G13: 算法加工逻辑 | H13: 关联与过滤条件 | I13: 备注 | J13: 字段属性 | K13: 单位 | L13: 取值范围
B14: day | C14: string | D14: 日期 | E14: A | F14: p_date | G14: 直取 | J14: 维度 | K14: 无 | L14: yyyy-mm-dd
B15: interface | C15: int | D15: 接口类型 | E15: A | F15: interface | G15: 直取 | J15: 维度 | K15: 无 | L15: <=101
B16: provincecode | C16: int | D16: 省编码 | E16: A | F16: provincecode | G16: 直取 | J16: 维度 | K16: 无 | L16: 6位数编码
B17: citycode | C17: int | D17: 市编码 | E17: A | F17: citycode | G17: 直取 | J17: 维度 | K17: 无 | L17: 6位数编码
B18: districtcode | C18: int | D18: 区编码 | E18: A | F18: districtcode | G18: 直取 | J18: 维度 | K18: 无 | L18: 6位数编码
B19: province | C19: string | D19: 省名称 | E19: A | F19: province | G19: 直取 | J19: 维度 | K19: 无 | L19: 无
B20: city | C20: string | D20: 地市名称 | E20: A | F20: city | G20: 直取 | J20: 维度 | K20: 无 | L20: 无
B21: district | C21: string | D21: 区县名称 | E21: A | F21: district | G21: 直取 | J21: 维度 | K21: 无 | L21: 无
B22: cellkey | C22: string | D22: 小区cellkey | E22: A | F22: cellkey | G22: 直取 | J22: 维度 | K22: 无 | L22: 无
B23: servicetype | C23: string | D23: 业务应用 | E23: A | F23: servicetype | G23: 直取 | J23: 维度 | K23: 无 | L23: 无
B24: abnormal_cnt | C24: bigint | D24: 质差话单数量 | E24: A | G24: sum(abnormal_cnt) | J24: 指标 | K24: 无 | L24: >=0
B25: record_cnt | C25: bigint | D25: 记录数 | E25: A | G25: sum(record_cnt) | J25: 指标 | K25: 无 | L25: >=0
B26: speedlimit_cnt | C26: bigint | D26: 限速记录数 | E26: A | G26: sum(speedlimit_cnt) | J26: 指标 | K26: 无 | L26: >=0
B27: duration_sum | C27: bigint | D27: 持续时间，单位毫秒 | E27: A | G27: sum(duration) | J27: 指标 | K27: ms | L27: >=0
B28: outputoctets_sum | C28: bigint | D28: 上行流量(byte) | E28: A | G28: sum(outputoctets) | J28: 指标 | K28: byte | L28: >=0
B29: inputoctets_sum | C29: bigint | D29: 下行流量(byte) | E29: A | G29: sum(inputoctets) | J29: 指标 | K29: byte | L29: >=0
B30: outputoctets_above500_cnt | C30: bigint | D30: 上行大包条数(>=500KB) | E30: A | G30: sum(outputoctets_above500_cnt) | J30: 指标 | K30: 无 | L30: >=0
B31: inputoctets_above500_cnt | C31: bigint | D31: 下行大包条数(>=500KB) | E31: A | G31: sum(inputoctets_above500_cnt) | J31: 指标 | K31: 无 | L31: >=0
B32: outputpacket_sum | C32: bigint | D32: 上行包数 | E32: A | G32: sum(outputpacket) | J32: 指标 | K32: 无 | L32: >=0
B33: inputpacket_sum | C33: bigint | D33: 下行包数 | E33: A | G33: sum(inputpacket) | J33: 指标 | K33: 无 | L33: >=0
B34: ultcpreorderingpacket_sum | C34: bigint | D34: 上行TCP乱序报文数，L4协议，非TCP传输时，此字段填0 | E34: A | G34: sum(ultcpreorderingpacket) | J34: 指标 | K34: 无 | L34: >=0
B35: dltcpreorderingpacket_sum | C35: bigint | D35: 下行TCP乱序报文数，非TCP传输时，此字段填0 | E35: A | G35: sum(dltcpreorderingpacket) | J35: 指标 | K35: 无 | L35: >=0
... B102: syntime_dnsresponse_cnt | C102: bigint | D102: DNS建立完成到TCP握手次数 | E102: A | G102: sum(syntime_dnsresponse_cnt) | J102: 指标 | K102: 次 | L102: >=0
B103: p_provincecode | C103: int | D103: 省分区
B104: p_date | C104: string | D104: 天分区

Sheet 16
B1: =HYPERLINK("#导航!a2","返回") -> 返回
B3: 目标表基本信息描述
B4: 主题域 | C4: 目标表英文名 | D4: 目标表中文名 | E4: 数据频度 | F4: 模型主键 | G4: 数据描述 | H4: 推送数据库
B5: 数据感知 | C5: aggr_nr_dpi_im_cel_d | D5: 5G_DPI_im小区维度天表 | E5: day
B7: 源表基本信息描述
B8: 来源系统 | C8: 源表英文名 | D8: 源表中文名 | E8: 别名 | F8: 任务描述 | G8: 备注 | H8: 是否主表
C9: aggr_nr_dpi_im_appcel_d | D9: 5G_DPI_im小区app维度天表 | E9: A | H9: 是
B11: 详细字段信息
B12: 详细字段信息
B13: PDM字段英文名 | C13: PDM字段类型 | D13: PDM字段中文名（说明） | E13: 源表名 | F13: 源字段英文名 | G13: 算法加工逻辑 | H13: 关联与过滤条件 | I13: 备注 | J13: 字段属性 | K13: 单位 | L13: 取值范围
B14: day | C14: string | D14: 日期 | E14: A | F14: p_date | G14: 直取 | J14: 维度 | K14: 无 | L14: yyyy-mm-dd
B15: interface | C15: int | D15: 接口类型 | E15: A | F15: interface | G15: 直取 | J15: 维度 | K15: 无 | L15: <=101
B16: provincecode | C16: int | D16: 省编码 | E16: A | F16: provincecode | G16: 直取 | J16: 维度 | K16: 无 | L16: 6位数编码
B17: citycode | C17: int | D17: 市编码 | E17: A | F17: citycode | G17: 直取 | J17: 维度 | K17: 无 | L17: 6位数编码
B18: districtcode | C18: int | D18: 区编码 | E18: A | F18: districtcode | G18: 直取 | J18: 维度 | K18: 无 | L18: 6位数编码
B19: province | C19: string | D19: 省名称 | E19: A | F19: province | G19: 直取 | J19: 维度 | K19: 无 | L19: 无
B20: city | C20: string | D20: 地市名称 | E20: A | F20: city | G20: 直取 | J20: 维度 | K20: 无 | L20: 无
B21: district | C21: string | D21: 区县名称 | E21: A | F21: district | G21: 直取 | J21: 维度 | K21: 无 | L21: 无
B22: cellkey | C22: string | D22: 小区cellkey | E22: A | F22: cellkey | G22: 直取 | J22: 维度 | K22: 无 | L22: 无
B23: abnormal_cnt | C23: bigint | D23: 质差话单数量 | E23: A | G23: sum(abnormal_cnt) | J23: 指标 | K23: 无 | L23: >=0
B24: record_cnt | C24: bigint | D24: 记录数 | E24: A | G24: sum(record_cnt) | J24: 指标 | K24: 无 | L24: >=0
B25: speedlimit_cnt | C25: bigint | D25: 限速记录数 | E25: A | G25: sum(speedlimit_cnt) | J25: 指标 | K25: 无 | L25: >=0
B26: duration_sum | C26: bigint | D26: 持续时间，单位毫秒 | E26: A | G26: sum(duration_sum) | J26: 指标 | K26: ms | L26: >=0
B27: outputoctets_sum | C27: bigint | D27: 上行流量(byte) | E27: A | G27: sum(outputoctets_sum) | J27: 指标 | K27: byte | L27: >=0
B28: inputoctets_sum | C28: bigint | D28: 下行流量(byte) | E28: A | G28: sum(inputoctets_sum) | J28: 指标 | K28: byte | L28: >=0
B29: outputoctets_above500_cnt | C29: bigint | D29: 上行大包条数(>=500KB) | E29: A | G29: sum(outputoctets_above500_cnt) | J29: 指标 | K29: 无 | L29: >=0
B30: inputoctets_above500_cnt | C30: bigint | D30: 下行大包条数(>=500KB) | E30: A | G30: sum(inputoctets_above500_cnt) | J30: 指标 | K30: 无 | L30: >=0
B31: outputpacket_sum | C31: bigint | D31: 上行包数 | E31: A | G31: sum(outputpacket_sum) | J31: 指标 | K31: 无 | L31: >=0
B32: inputpacket_sum | C32: bigint | D32: 下行包数 | E32: A | G32: sum(inputpacket_sum) | J32: 指标 | K32: 无 | L32: >=0
B33: ultcpreorderingpacket_sum | C33: bigint | D33: 上行TCP乱序报文数，L4协议，非TCP传输时，此字段填0 | E33: A | G33: sum(ultcpreorderingpacket_sum) | J33: 指标 | K33: 无 | L33: >=0
B34: dltcpreorderingpacket_sum | C34: bigint | D34: 下行TCP乱序报文数，非TCP传输时，此字段填0 | E34: A | G34: sum(dltcpreorderingpacket_sum) | J34: 指标 | K34: 无 | L34: >=0
... B101: syntime_dnsresponse_cnt | C101: bigint | D101: DNS建立完成到TCP握手次数 | E101: A | G101: sum(syntime_dnsresponse_cnt) | J101: 指标 | K101: 次 | L101: >=0
B102: p_provincecode | C102: int | D102: 省分区
B103: p_date | C103: string | D103: 天分区

Sheet 17
B1: =HYPERLINK("#导航!a2","返回") -> 返回
B3: 目标表基本信息描述
B4: 主题域 | C4: 目标表英文名 | D4: 目标表中文名 | E4: 数据频度 | F4: 模型主键 | G4: 数据描述 | H4: 推送数据库
B5: 数据感知 | C5: aggr_nr_dpi_game_appcel_h | D5: 5G_DPI_game小区app维度小时表 | E5: hour
B7: 源表基本信息描述
B8: 来源系统 | C8: 源表英文名 | D8: 源表中文名 | E8: 别名 | F8: 任务描述 | G8: 备注 | H8: 是否主表
C9: aggr_nr_dpi_http_appcel_h | D9: 5G_DPI_http小区app维度小时表 | E9: A | G9: 过滤条件：business_type='game' | H9: 是
B11: 详细字段信息
B12: 详细字段信息
B13: PDM字段英文名 | C13: PDM字段类型 | D13: PDM字段中文名（说明） | E13: 源表名 | F13: 源字段英文名 | G13: 算法加工逻辑 | H13: 关联与过滤条件 | I13: 备注 | J13: 字段属性 | K13: 单位 | L13: 取值范围
B14: day | C14: string | D14: 日期 | E14: A | F14: p_date | G14: 直取 | J14: 维度 | K14: 无 | L14: yyyy-mm-dd
B15: hour | C15: int | D15: 小时 | E15: A | F15: p_hour | G15: 直取 | J15: 维度 | K15: 无 | L15: 0~23
B16: interface | C16: int | D16: 接口类型 | E16: A | F16: interface | G16: 直取 | J16: 维度 | K16: 无 | L16: <=101
B17: provincecode | C17: int | D17: 省编码 | E17: A | F17: provincecode | G17: 直取 | J17: 维度 | K17: 无 | L17: 6位数编码
B18: citycode | C18: int | D18: 市编码 | E18: A | F18: citycode | G18: 直取 | J18: 维度 | K18: 无 | L18: 6位数编码
B19: districtcode | C19: int | D19: 区编码 | E19: A | F19: districtcode | G19: 直取 | J19: 维度 | K19: 无 | L19: 6位数编码
B20: province | C20: string | D20: 省名称 | E20: A | F20: province | G20: 直取 | J20: 维度 | K20: 无 | L20: 无
B21: city | C21: string | D21: 地市名称 | E21: A | F21: city | G21: 直取 | J21: 维度 | K21: 无 | L21: 无
B22: district | C22: string | D22: 区县名称 | E22: A | F22: district | G22: 直取 | J22: 维度 | K22: 无 | L22: 无
B23: cellkey | C23: string | D23: 小区cellkey | E23: A | F23: cellkey | G23: 直取 | J23: 维度 | K23: 无 | L23: 无
B24: servicetype | C24: string | D24: 业务应用 | E24: A | F24: servicetype | G24: 直取 | J24: 维度 | K24: 无 | L24: 无
B25: abnormal_cnt | C25: bigint | D25: 质差话单数量 | E25: A | G25: sum(abnormal_cnt) | J25: 指标 | K25: 无 | L25: >=0
B26: record_cnt | C26: bigint | D26: 记录数 | E26: A | G26: sum(record_cnt) | J26: 指标 | K26: 无 | L26: >=0
B27: speedlimit_cnt | C27: bigint | D27: 限速记录数 | E27: A | G27: sum(speedlimit_cnt) | J27: 指标 | K27: 无 | L27: >=0
B28: duration | C28: bigint | D28: 持续时间，单位毫秒 | E28: A | G28: sum(duration) | J28: 指标 | K28: ms | L28: >=0
B29: outputoctets | C29: bigint | D29: 上行流量(byte) | E29: A | G29: sum(outputoctets) | J29: 指标 | K29: byte | L29: >=0
B30: inputoctets | C30: bigint | D30: 下行流量(byte) | E30: A | G30: sum(inputoctets) | J30: 指标 | K30: byte | L30: >=0
B31: outputoctets_above500_cnt | C31: bigint | D31: 上行大包条数(>=500KB) | E31: A | G31: sum(outputoctets_above500_cnt) | J31: 指标 | K31: 无 | L31: >=0
B32: inputoctets_above500_cnt | C32: bigint | D32: 下行大包条数(>=500KB) | E32: A | G32: sum(inputoctets_above500_cnt) | J32: 指标 | K32: 无 | L32: >=0
B33: outputpacket | C33: bigint | D33: 上行包数 | E33: A | G33: sum(outputpacket) | J33: 指标 | K33: 无 | L33: >=0
B34: inputpacket | C34: bigint | D34: 下行包数 | E34: A | G34: sum(inputpacket) | J34: 指标 | K34: 无 | L34: >=0
B35: ultcpreorderingpacket | C35: bigint | D35: 上行TCP乱序报文数，L4协议，非TCP传输时，此字段填0 | E35: A | G35: sum(ultcpreorderingpacket) | J35: 指标 | K35: 无 | L35: >=0
B36: dltcpreorderingpacket | C36: bigint | D36: 下行TCP乱序报文数，非TCP传输时，此字段填0 | E36: A | G36: sum(dltcpreorderingpacket) | J36: 指标 | K36: 无 | L36: >=0
... B106: wellgamedelay_cnt | C106: bigint | D106: 游戏交互时延良好次数 | E106: A | G106: sum(wellgamedelay_cnt) | J106: 指标 | K106: 无 | L106: >=0
B107: p_provincecode | C107: int | D107: 省分区
B108: p_date | C108: string | D108: 天分区
B109: p_hour | C109: int | D109: 小时分区

Sheet 18
B1: =HYPERLINK("#导航!a2","返回") -> 返回
B3: 目标表基本信息描述
B4: 主题域 | C4: 目标表英文名 | D4: 目标表中文名 | E4: 数据频度 | F4: 模型主键 | G4: 数据描述 | H4: 推送数据库
B5: 数据感知 | C5: aggr_nr_dpi_game_appcel_d | D5: 5G_DPI_game小区app维度天表 | E5: day
B7: 源表基本信息描述
B8: 来源系统 | C8: 源表英文名 | D8: 源表中文名 | E8: 别名 | F8: 任务描述 | G8: 备注 | H8: 是否主表
C9: aggr_nr_dpi_game_appcel_h | D9: 5G_DPI_game小区app维度小时表 | E9: A | H9: 是
B11: 详细字段信息
B12: 详细字段信息
B13: PDM字段英文名 | C13: PDM字段类型 | D13: PDM字段中文名（说明） | E13: 源表名 | F13: 源字段英文名 | G13: 算法加工逻辑 | H13: 关联与过滤条件 | I13: 备注 | J13: 字段属性 | K13: 单位 | L13: 取值范围
B14: day | C14: string | D14: 日期 | E14: A | F14: p_date | G14: 直取 | J14: 维度 | K14: 无 | L14: yyyy-mm-dd
B15: interface | C15: int | D15: 接口类型 | E15: A | F15: interface | G15: 直取 | J15: 维度 | K15: 无 | L15: <=101
B16: provincecode | C16: int | D16: 省编码 | E16: A | F16: provincecode | G16: 直取 | J16: 维度 | K16: 无 | L16: 6位数编码
B17: citycode | C17: int | D17: 市编码 | E17: A | F17: citycode | G17: 直取 | J17: 维度 | K17: 无 | L17: 6位数编码
B18: districtcode | C18: int | D18: 区编码 | E18: A | F18: districtcode | G18: 直取 | J18: 维度 | K18: 无 | L18: 6位数编码
B19: province | C19: string | D19: 省名称 | E19: A | F19: province | G19: 直取 | J19: 维度 | K19: 无 | L19: 无
B20: city | C20: string | D20: 地市名称 | E20: A | F20: city | G20: 直取 | J20: 维度 | K20: 无 | L20: 无
B21: district | C21: string | D21: 区县名称 | E21: A | F21: district | G21: 直取 | J21: 维度 | K21: 无 | L21: 无
B22: cellkey | C22: string | D22: 小区cellkey | E22: A | F22: cellkey | G22: 直取 | J22: 维度 | K22: 无 | L22: 无
B23: servicetype | C23: string | D23: 业务应用 | E23: A | F23: servicetype | G23: 直取 | J23: 维度 | K23: 无 | L23: 无
B24: abnormal_cnt | C24: bigint | D24: 质差话单数量 | E24: A | G24: sum(abnormal_cnt) | J24: 指标 | K24: 无 | L24: >=0
B25: record_cnt | C25: bigint | D25: 记录数 | E25: A | G25: sum(record_cnt) | J25: 指标 | K25: 无 | L25: >=0
B26: speedlimit_cnt | C26: bigint | D26: 限速记录数 | E26: A | G26: sum(speedlimit_cnt) | J26: 指标 | K26: 无 | L26: >=0
B27: duration_sum | C27: bigint | D27: 持续时间，单位毫秒 | E27: A | G27: sum(duration) | J27: 指标 | K27: ms | L27: >=0
B28: outputoctets_sum | C28: bigint | D28: 上行流量(byte) | E28: A | G28: sum(outputoctets) | J28: 指标 | K28: byte | L28: >=0
B29: inputoctets_sum | C29: bigint | D29: 下行流量(byte) | E29: A | G29: sum(inputoctets) | J29: 指标 | K29: byte | L29: >=0
B30: outputoctets_above500_cnt | C30: bigint | D30: 上行大包条数(>=500KB) | E30: A | G30: sum(outputoctets_above500_cnt) | J30: 指标 | K30: 无 | L30: >=0
B31: inputoctets_above500_cnt | C31: bigint | D31: 下行大包条数(>=500KB) | E31: A | G31: sum(inputoctets_above500_cnt) | J31: 指标 | K31: 无 | L31: >=0
B32: outputpacket_sum | C32: bigint | D32: 上行包数 | E32: A | G32: sum(outputpacket) | J32: 指标 | K32: 无 | L32: >=0
B33: inputpacket_sum | C33: bigint | D33: 下行包数 | E33: A | G33: sum(inputpacket) | J33: 指标 | K33: 无 | L33: >=0
B34: ultcpreorderingpacket_sum | C34: bigint | D34: 上行TCP乱序报文数，L4协议，非TCP传输时，此字段填0 | E34: A | G34: sum(ultcpreorderingpacket) | J34: 指标 | K34: 无 | L34: >=0
B35: dltcpreorderingpacket_sum | C35: bigint | D35: 下行TCP乱序报文数，非TCP传输时，此字段填0 | E35: A | G35: sum(dltcpreorderingpacket) | J35: 指标 | K35: 无 | L35: >=0
... B105: times_wellgamedelay | C105: bigint | D105: 游戏交互时延良好次数 | E105: A | G105: sum(wellgamedelay_cnt) | J105: 指标 | K105: 无 | L105: >=0
B106: p_provincecode | C106: int | D106: 省分区
B107: p_date | C107: string | D107: 天分区

Sheet 19
B1: =HYPERLINK("#导航!a2","返回") -> 返回
B3: 目标表基本信息描述
B4: 主题域 | C4: 目标表英文名 | D4: 目标表中文名 | E4: 数据频度 | F4: 模型主键 | G4: 数据描述 | H4: 推送数据库
B5: 数据感知 | C5: aggr_nr_dpi_game_cel_d | D5: 5G_DPI_game小区维度天表 | E5: day
B7: 源表基本信息描述
B8: 来源系统 | C8: 源表英文名 | D8: 源表中文名 | E8: 别名 | F8: 任务描述 | G8: 备注 | H8: 是否主表
C9: aggr_nr_dpi_game_appcel_d | D9: 5G_DPI_game小区app维度天表 | E9: A | H9: 是
B11: 详细字段信息
B12: 详细字段信息
B13: PDM字段英文名 | C13: PDM字段类型 | D13: PDM字段中文名（说明） | E13: 源表名 | F13: 源字段英文名 | G13: 算法加工逻辑 | H13: 关联与过滤条件 | I13: 备注 | J13: 字段属性 | K13: 单位 | L13: 取值范围
B14: day | C14: string | D14: 日期 | E14: A | F14: p_date | G14: 直取 | J14: 维度 | K14: 无 | L14: yyyy-mm-dd
B15: interface | C15: int | D15: 接口类型 | E15: A | F15: interface | G15: 直取 | J15: 维度 | K15: 无 | L15: <=101
B16: provincecode | C16: int | D16: 省编码 | E16: A | F16: provincecode | G16: 直取 | J16: 维度 | K16: 无 | L16: 6位数编码
B17: citycode | C17: int | D17: 市编码 | E17: A | F17: citycode | G17: 直取 | J17: 维度 | K17: 无 | L17: 6位数编码
B18: districtcode | C18: int | D18: 区编码 | E18: A | F18: districtcode | G18: 直取 | J18: 维度 | K18: 无 | L18: 6位数编码
B19: province | C19: string | D19: 省名称 | E19: A | F19: province | G19: 直取 | J19: 维度 | K19: 无 | L19: 无
B20: city | C20: string | D20: 地市名称 | E20: A | F20: city | G20: 直取 | J20: 维度 | K20: 无 | L20: 无
B21: district | C21: string | D21: 区县名称 | E21: A | F21: district | G21: 直取 | J21: 维度 | K21: 无 | L21: 无
B22: cellkey | C22: string | D22: 小区cellkey | E22: A | F22: cellkey | G22: 直取 | J22: 维度 | K22: 无 | L22: 无
B23: abnormal_cnt | C23: bigint | D23: 质差话单数量 | E23: A | G23: sum(abnormal_cnt) | J23: 指标 | K23: 无 | L23: >=0
B24: record_cnt | C24: bigint | D24: 记录数 | E24: A | G24: sum(record_cnt) | J24: 指标 | K24: 无 | L24: >=0
B25: speedlimit_cnt | C25: bigint | D25: 限速记录数 | E25: A | G25: sum(speedlimit_cnt) | J25: 指标 | K25: 无 | L25: >=0
B26: duration_sum | C26: bigint | D26: 持续时间，单位毫秒 | E26: A | G26: sum(duration_sum) | J26: 指标 | K26: ms | L26: >=0
B27: outputoctets_sum | C27: bigint | D27: 上行流量(byte) | E27: A | G27: sum(outputoctets_sum) | J27: 指标 | K27: byte | L27: >=0
B28: inputoctets_sum | C28: bigint | D28: 下行流量(byte) | E28: A | G28: sum(inputoctets_sum) | J28: 指标 | K28: byte | L28: >=0
B29: outputoctets_above500_cnt | C29: bigint | D29: 上行大包条数(>=500KB) | E29: A | G29: sum(outputoctets_above500_cnt) | J29: 指标 | K29: 无 | L29: >=0
B30: inputoctets_above500_cnt | C30: bigint | D30: 下行大包条数(>=500KB) | E30: A | G30: sum(inputoctets_above500_cnt) | J30: 指标 | K30: 无 | L30: >=0
B31: outputpacket_sum | C31: bigint | D31: 上行包数 | E31: A | G31: sum(outputpacket_sum) | J31: 指标 | K31: 无 | L31: >=0
B32: inputpacket_sum | C32: bigint | D32: 下行包数 | E32: A | G32: sum(inputpacket_sum) | J32: 指标 | K32: 无 | L32: >=0
B33: ultcpreorderingpacket_sum | C33: bigint | D33: 上行TCP乱序报文数，L4协议，非TCP传输时，此字段填0 | E33: A | G33: sum(ultcpreorderingpacket_sum) | J33: 指标 | K33: 无 | L33: >=0
B34: dltcpreorderingpacket_sum | C34: bigint | D34: 下行TCP乱序报文数，非TCP传输时，此字段填0 | E34: A | G34: sum(dltcpreorderingpacket_sum) | J34: 指标 | K34: 无 | L34: >=0
... B104: times_wellgamedelay | C104: bigint | D104: 游戏交互时延良好次数 | E104: A | G104: sum(times_wellgamedelay) | J104: 指标 | K104: 无 | L104: >=0
B105: p_provincecode | C105: int | D105: 省分区
B106: p_date | C106: string | D106: 天分区

Sheet 20
B1: =HYPERLINK("#导航!a2","返回") -> 返回
B3: 目标表基本信息描述
B4: 主题域 | C4: 目标表英文名 | D4: 目标表中文名 | E4: 数据频度 | F4: 模型主键 | G4: 数据描述 | H4: 推送数据库
B5: 数据感知 | C5: aggr_nr_dpi_http_apptype_usrcel_h | D5: 5G_DPI_http协议app类型用户小区维度小时表 | E5: hour
B7: 源表基本信息描述
B8: 来源系统 | C8: 源表英文名 | D8: 源表中文名 | E8: 别名 | F8: 任务描述 | G8: 备注 | H8: 是否主表
C9: aggr_nr_dpi_http_usrappcel_h | D9: 5G_DPI_http用户小区app维度小时表 | E9: A | H9: 是
B11: 详细字段信息
B12: 详细字段信息
B13: PDM字段英文名 | C13: PDM字段类型 | D13: PDM字段中文名（说明） | E13: 源表名 | F13: 源字段英文名 | G13: 算法加工逻辑 | H13: 关联与过滤条件 | I13: 备注 | J13: 字段属性 | K13: 单位 | L13: 取值范围
B14: day | C14: string | D14: 日期 | E14: A | F14: p_date | G14: 直取 | J14: 维度 | K14: 无 | L14: yyyy-mm-dd
B15: hour | C15: int | D15: 小时 | E15: A | F15: p_hour | G15: 直取 | J15: 维度 | K15: 无 | L15: 0~23
B16: interface | C16: int | D16: 接口类型 | E16: A | F16: interface | G16: 直取 | J16: 维度 | K16: 无 | L16: <=101
B17: provincecode | C17: int | D17: 省编码 | E17: A | F17: provincecode | G17: 直取 | J17: 维度 | K17: 无 | L17: 6位数编码
B18: citycode | C18: int | D18: 市编码 | E18: A | F18: citycode | G18: 直取 | J18: 维度 | K18: 无 | L18: 6位数编码
B19: districtcode | C19: int | D19: 区编码 | E19: A | F19: districtcode | G19: 直取 | J19: 维度 | K19: 无 | L19: 6位数编码
B20: province | C20: string | D20: 省名称 | E20: A | F20: province | G20: 直取 | J20: 维度 | K20: 无 | L20: 无
B21: city | C21: string | D21: 地市名称 | E21: A | F21: city | G21: 直取 | J21: 维度 | K21: 无 | L21: 无
B22: district | C22: string | D22: 区县名称 | E22: A | F22: district | G22: 直取 | J22: 维度 | K22: 无 | L22: 无
B23: cellkey | C23: string | D23: 小区cellkey | E23: A | F23: cellkey | G23: 直取 | J23: 维度 | K23: 无 | L23: 无
B24: tai | C24: string | D24: 跟踪区标识 | E24: A | F24: tai | G24: 直取 | J24: 维度 | K24: 无 | L24: 无
B25: gnbip | C25: string | D25: gNB的IPv4或IPv6地址 | E25: A | F25: gnbip | G25: 直取 | J25: 维度 | K25: 无 | L25: 无
... B29: business_type | C29: string | D29: 业务类型（im、web、game、video、other） | E29: A | F29: business_type | G29: 直取 | J29: 维度 | K29: 无 | L29: im、web、game、video、other
B30: is_wechat_payment | C30: int | D30: 是否微信支付 | E30: A | G30: case when servicetype='88888888' then 1 else 0 end | J30: 维度 | K30: 无 | L30: 0,1
B31: home_province | C31: string | D31: 归属省份 | E31: A | F31: home_province | G31: 直取 | J31: 维度 | K31: 无 | L31: 6位数编码
B32: abnormal_cnt | C32: bigint | D32: 质差话单数量 | E32: A | G32: sum(abnormal_cnt) | J32: 指标 | K32: 无 | L32: >=0
B33: record_cnt | C33: bigint | D33: 记录数 | E33: A | G33: sum(record_cnt) | J33: 指标 | K33: 无 | L33: >=0
B34: speedlimit_cnt | C34: bigint | D34: 限速记录数 | E34: A | G34: sum(speedlimit_cnt) | J34: 指标 | K34: 无 | L34: >=0
B35: duration | C35: bigint | D35: 持续时间，单位毫秒 | E35: A | G35: sum(duration) | J35: 指标 | K35: ms | L35: >=0
B36: outputoctets | C36: bigint | D36: 上行流量(byte) | E36: A | G36: sum(outputoctets) | J36: 指标 | K36: byte | L36: >=0
B37: inputoctets | C37: bigint | D37: 下行流量(byte) | E37: A | G37: sum(inputoctets) | J37: 指标 | K37: byte | L37: >=0
B38: outputoctets_above500_cnt | C38: bigint | D38: 上行大包条数(>=500KB) | E38: A | G38: sum(outputoctets_above500_cnt) | J38: 指标 | K38: 无 | L38: >=0
B39: inputoctets_above500_cnt | C39: bigint | D39: 下行大包条数(>=500KB) | E39: A | G39: sum(inputoctets_above500_cnt) | J39: 指标 | K39: 无 | L39: >=0
B40: outputpacket | C40: bigint | D40: 上行包数 | E40: A | G40: sum(outputpacket) | J40: 指标 | K40: 无 | L40: >=0
B41: inputpacket | C41: bigint | D41: 下行包数 | E41: A | G41: sum(inputpacket) | J41: 指标 | K41: 无 | L41: >=0
B42: ultcpreorderingpacket | C42: bigint | D42: 上行TCP乱序报文数，L4协议，非TCP传输时，此字段填0 | E42: A | G42: sum(ultcpreorderingpacket) | J42: 指标 | K42: 无 | L42: >=0
B43: dltcpreorderingpacket | C43: bigint | D43: 下行TCP乱序报文数，非TCP传输时，此字段填0 | E43: A | G43: sum(dltcpreorderingpacket) | J43: 指标 | K43: 无 | L43: >=0
... B127: wellgamedelay_cnt | C127: bigint | D127: 游戏交互时延良好次数 | E127: A | G127: sum(wellgamedelay_cnt) | J127: 指标 | K127: 无 | L127: >=0
B128: min_starttime | C128: string | D128: 最小开始时间 | E128: A | G128: min(min_starttime) | I128: 20250415101139 | J128: 指标 | K128: 无 | L128: >0
B129: max_endtime | C129: string | D129: 最大结束时间 | E129: A | G129: max(max_endtime) | I129: 20250415101024 | J129: 指标 | K129: 无 | L129: >0
B130: p_provincecode | C130: int | D130: 省分区
B131: p_date | C131: string | D131: 天分区
B132: p_hour | C132: int | D132: 小时分区

Sheet 21
B1: =HYPERLINK("#导航!a2","返回") -> 返回
B3: 目标表基本信息描述
B4: 主题域 | C4: 目标表英文名 | D4: 目标表中文名 | E4: 数据频度 | F4: 模型主键 | G4: 数据描述 | H4: 推送数据库
B5: 数据感知 | C5: aggr_nr_dpi_web_usrcel_d | D5: 5G_DPI_web用户小区维度天表 | E5: day
B7: 源表基本信息描述
B8: 来源系统 | C8: 源表英文名 | D8: 源表中文名 | E8: 别名 | F8: 任务描述 | G8: 备注 | H8: 是否主表
C9: aggr_nr_dpi_http_apptype_usrcel_h | D9: 5G_DPI_app类型用户小区维度小时表 | E9: A | G9: 过滤条件：business_type='web' | H9: 是
B11: 详细字段信息
B12: 详细字段信息
B13: PDM字段英文名 | C13: PDM字段类型 | D13: PDM字段中文名（说明） | E13: 源表名 | F13: 源字段英文名 | G13: 算法加工逻辑 | H13: 关联与过滤条件 | I13: 备注 | J13: 字段属性 | K13: 单位 | L13: 取值范围
B14: day | C14: string | D14: 日期 | E14: A | F14: p_date | G14: 直取 | J14: 维度 | K14: 无 | L14: yyyy-mm-dd
B15: interface | C15: int | D15: 接口类型 | E15: A | F15: interface | G15: 直取 | J15: 维度 | K15: 无 | L15: <=101
B16: provincecode | C16: int | D16: 省编码 | E16: A | F16: provincecode | G16: 直取 | J16: 维度 | K16: 无 | L16: 6位数编码
B17: citycode | C17: int | D17: 市编码 | E17: A | F17: citycode | G17: 直取 | J17: 维度 | K17: 无 | L17: 6位数编码
B18: districtcode | C18: int | D18: 区编码 | E18: A | F18: districtcode | G18: 直取 | J18: 维度 | K18: 无 | L18: 6位数编码
B19: province | C19: string | D19: 省名称 | E19: A | F19: province | G19: 直取 | J19: 维度 | K19: 无 | L19: 无
B20: city | C20: string | D20: 地市名称 | E20: A | F20: city | G20: 直取 | J20: 维度 | K20: 无 | L20: 无
B21: district | C21: string | D21: 区县名称 | E21: A | F21: district | G21: 直取 | J21: 维度 | K21: 无 | L21: 无
B22: cellkey | C22: string | D22: 小区cellkey | E22: A | F22: cellkey | G22: 直取 | J22: 维度 | K22: 无 | L22: 无
B23: supi | C23: string | D23: 用户imsi | E23: A | F23: supi | G23: 直取 | J23: 维度 | K23: 无 | L23: 无
B24: msisdn | C24: string | D24: 用户号码 | E24: A | F24: msisdn | G24: 直取 | J24: 维度 | K24: 无 | L24: 无
B25: pei | C25: string | D25: 用户终端 | E25: A | F25: pei | G25: 直取 | J25: 维度 | K25: 无 | L25: 无
B26: home_province | C26: string | D26: 归属省份 | E26: A | F26: home_province | G26: 直取 | J26: 维度 | K26: 无 | L26: 6位数编码
B27: abnormal_cnt | C27: bigint | D27: 质差话单数量 | E27: A | G27: sum(abnormal_cnt) | J27: 指标 | K27: 无 | L27: >=0
B28: record_cnt | C28: bigint | D28: 记录数 | E28: A | G28: sum(record_cnt) | J28: 指标 | K28: 无 | L28: >=0
B29: speedlimit_cnt | C29: bigint | D29: 限速记录数 | E29: A | G29: sum(speedlimit_cnt) | J29: 指标 | K29: 无 | L29: >=0
B30: duration_sum | C30: bigint | D30: 持续时间，单位毫秒 | E30: A | G30: sum(duration) | J30: 指标 | K30: ms | L30: >=0
B31: outputoctets_sum | C31: bigint | D31: 上行流量(byte) | E31: A | G31: sum(outputoctets) | J31: 指标 | K31: byte | L31: >=0
B32: inputoctets_sum | C32: bigint | D32: 下行流量(byte) | E32: A | G32: sum(inputoctets) | J32: 指标 | K32: byte | L32: >=0
B33: outputoctets_above500_cnt | C33: bigint | D33: 上行大包条数(>=500KB) | E33: A | G33: sum(outputoctets_above500_cnt) | J33: 指标 | K33: 无 | L33: >=0
B34: inputoctets_above500_cnt | C34: bigint | D34: 下行大包条数(>=500KB) | E34: A | G34: sum(inputoctets_above500_cnt) | J34: 指标 | K34: 无 | L34: >=0
B35: outputpacket_sum | C35: bigint | D35: 上行包数 | E35: A | G35: sum(outputpacket) | J35: 指标 | K35: 无 | L35: >=0
B36: inputpacket_sum | C36: bigint | D36: 下行包数 | E36: A | G36: sum(inputpacket) | J36: 指标 | K36: 无 | L36: >=0
B37: ultcpreorderingpacket_sum | C37: bigint | D37: 上行TCP乱序报文数，L4协议，非TCP传输时，此字段填0 | E37: A | G37: sum(ultcpreorderingpacket) | J37: 指标 | K37: 无 | L37: >=0
B38: dltcpreorderingpacket_sum | C38: bigint | D38: 下行TCP乱序报文数，非TCP传输时，此字段填0 | E38: A | G38: sum(dltcpreorderingpacket) | J38: 指标 | K38: 无 | L38: >=0
... B119: times_wellcmpltdelay | C119: bigint | D119: 打开时延良好次数 | E119: A | G119: sum(wellcmpltdelay_cnt) | J119: 指标 | K119: 无 | L119: >=0
B120: p_provincecode | C120: int | D120: 省分区
B121: p_date | C121: string | D121: 天分区

Sheet 22
B1: =HYPERLINK("#导航!a2","返回") -> 返回
B3: 目标表基本信息描述
B4: 主题域 | C4: 目标表英文名 | D4: 目标表中文名 | E4: 数据频度 | F4: 模型主键 | G4: 数据描述 | H4: 推送数据库
B5: 数据感知 | C5: aggr_nr_dpi_web_usr_d | D5: 5G_DPI_web用户维度天表 | E5: day
B7: 源表基本信息描述
B8: 来源系统 | C8: 源表英文名 | D8: 源表中文名 | E8: 别名 | F8: 任务描述 | G8: 备注 | H8: 是否主表
C9: aggr_nr_dpi_web_usrcel_d | D9: 5G_DPI_web用户小区维度天表 | E9: A | H9: 是
B11: 详细字段信息
B12: 详细字段信息
B13: PDM字段英文名 | C13: PDM字段类型 | D13: PDM字段中文名（说明） | E13: 源表名 | F13: 源字段英文名 | G13: 算法加工逻辑 | H13: 关联与过滤条件 | I13: 备注 | J13: 字段属性 | K13: 单位 | L13: 取值范围
B14: day | C14: string | D14: 日期 | E14: A | F14: p_date | G14: 直取 | J14: 维度 | K14: 无 | L14: yyyy-mm-dd
B15: interface | C15: int | D15: 接口类型 | E15: A | F15: interface | G15: 直取 | J15: 维度 | K15: 无 | L15: <=101
B16: provincecode | C16: int | D16: 省编码 | E16: A | F16: provincecode | G16: 直取 | J16: 维度 | K16: 无 | L16: 6位数编码
B17: citycode | C17: int | D17: 市编码 | E17: A | F17: citycode | G17: 直取 | J17: 维度 | K17: 无 | L17: 6位数编码
B18: districtcode | C18: int | D18: 区编码 | E18: A | F18: districtcode | G18: 直取 | J18: 维度 | K18: 无 | L18: 6位数编码
B19: province | C19: string | D19: 省名称 | E19: A | F19: province | G19: 直取 | J19: 维度 | K19: 无 | L19: 无
B20: city | C20: string | D20: 地市名称 | E20: A | F20: city | G20: 直取 | J20: 维度 | K20: 无 | L20: 无
B21: district | C21: string | D21: 区县名称 | E21: A | F21: district | G21: 直取 | J21: 维度 | K21: 无 | L21: 无
B22: cellkey | C22: string | D22: 小区cellkey | E22: A | F22: cellkey | G22: 直取 | J22: 维度 | K22: 无 | L22: 无
B23: supi | C23: string | D23: 用户imsi | E23: A | F23: supi | G23: 直取 | J23: 维度 | K23: 无 | L23: 无
B24: msisdn | C24: string | D24: 用户号码 | E24: A | F24: msisdn | G24: 直取 | J24: 维度 | K24: 无 | L24: 无
B25: pei | C25: string | D25: 用户终端 | E25: A | F25: pei | G25: 直取 | J25: 维度 | K25: 无 | L25: 无
B26: home_province | C26: string | D26: 归属省份 | E26: A | F26: home_province | G26: 直取 | J26: 维度 | K26: 无 | L26: 6位数编码
B27: abnormal_cnt | C27: bigint | D27: 质差话单数量 | E27: A | F27: =VLOOKUP(B27,'12'!B:L,1,0) -> abnormal_cnt | G27: sum(abnormal_cnt) | J27: 指标 | K27: 无 | L27: >=0
B28: record_cnt | C28: bigint | D28: 记录数 | E28: A | F28: =VLOOKUP(B28,'12'!B:L,1,0) -> record_cnt | G28: sum(record_cnt) | J28: 指标 | K28: 无 | L28: >=0
B29: speedlimit_cnt | C29: bigint | D29: 限速记录数 | E29: A | F29: =VLOOKUP(B29,'12'!B:L,1,0) -> speedlimit_cnt | G29: sum(speedlimit_cnt) | J29: 指标 | K29: 无 | L29: >=0
B30: duration_sum | C30: bigint | D30: 持续时间，单位毫秒 | E30: A | G30: sum(duration_sum) | J30: 指标 | K30: ms | L30: >=0
B31: outputoctets_sum | C31: bigint | D31: 上行流量(byte) | E31: A | G31: sum(outputoctets_sum) | J31: 指标 | K31: byte | L31: >=0
B32: inputoctets_sum | C32: bigint | D32: 下行流量(byte) | E32: A | G32: sum(inputoctets_sum) | J32: 指标 | K32: byte | L32: >=0
B33: outputoctets_above500_cnt | C33: bigint | D33: 上行大包条数(>=500KB) | E33: A | G33: sum(outputoctets_above500_cnt) | J33: 指标 | K33: 无 | L33: >=0
B34: inputoctets_above500_cnt | C34: bigint | D34: 下行大包条数(>=500KB) | E34: A | G34: sum(inputoctets_above500_cnt) | J34: 指标 | K34: 无 | L34: >=0
B35: outputpacket_sum | C35: bigint | D35: 上行包数 | E35: A | G35: sum(outputpacket_sum) | J35: 指标 | K35: 无 | L35: >=0
B36: inputpacket_sum | C36: bigint | D36: 下行包数 | E36: A | G36: sum(inputpacket_sum) | J36: 指标 | K36: 无 | L36: >=0
B37: ultcpreorderingpacket_sum | C37: bigint | D37: 上行TCP乱序报文数，L4协议，非TCP传输时，此字段填0 | E37: A | G37: sum(ultcpreorderingpacket_sum) | J37: 指标 | K37: 无 | L37: >=0
B38: dltcpreorderingpacket_sum | C38: bigint | D38: 下行TCP乱序报文数，非TCP传输时，此字段填0 | E38: A | G38: sum(dltcpreorderingpacket_sum) | J38: 指标 | K38: 无 | L38: >=0
B39: ultcpretranspacket_sum | C39: bigint | D39: 上行TCP重传报文数，非TCP传输时，此字段填0 | E39: A | G39: sum(ultcpretranspacket_sum) | J39: 指标 | K39: 无 | L39: >=0
B40: dltcpretranspacket_sum | C40: bigint | D40: 下行TCP重传报文数，非TCP传输时，此字段填0 | E40: A | G40: sum(dltcpretranspacket_sum) | J40: 指标 | K40: 无 | L40: >=0
B41: tcpconnfail_cnt | C41: bigint | D41: TCP连接失败次数 | E41: A | G41: sum(tcpconnfail_cnt) | J41: 指标 | K41: 无 | L41: >=0
... B119: times_wellcmpltdelay | C119: bigint | D119: 打开时延良好次数 | E119: A | G119: sum(times_wellcmpltdelay) | J119: 指标 | K119: 无 | L119: >=0
B120: p_provincecode | C120: int | D120: 省分区
B121: p_date | C121: string | D121: 天分区

Sheet 23
B1: =HYPERLINK("#导航!a2","返回") -> 返回
B3: 目标表基本信息描述
B4: 主题域 | C4: 目标表英文名 | D4: 目标表中文名 | E4: 数据频度 | F4: 模型主键 | G4: 数据描述 | H4: 推送数据库
B5: 数据感知 | C5: aggr_nr_dpi_im_usrcel_d | D5: 5G_DPI_im用户小区维度天表 | E5: day
B7: 源表基本信息描述
B8: 来源系统 | C8: 源表英文名 | D8: 源表中文名 | E8: 别名 | F8: 任务描述 | G8: 备注 | H8: 是否主表
C9: aggr_nr_dpi_http_apptype_usrcel_h | D9: 5G_DPI_app类型用户小区维度小时表 | E9: A | G9: 过滤条件：business_type='im' or is_wechat_payment=1 | H9: 是
B11: 详细字段信息
B12: 详细字段信息
B13: PDM字段英文名 | C13: PDM字段类型 | D13: PDM字段中文名（说明） | E13: 源表名 | F13: 源字段英文名 | G13: 算法加工逻辑 | H13: 关联与过滤条件 | I13: 备注 | J13: 字段属性 | K13: 单位 | L13: 取值范围
B14: day | C14: string | D14: 日期 | E14: A | F14: p_date | G14: 直取 | J14: 维度 | K14: 无 | L14: yyyy-mm-dd
B15: interface | C15: int | D15: 接口类型 | E15: A | F15: interface | G15: 直取 | J15: 维度 | K15: 无 | L15: <=101
B16: provincecode | C16: int | D16: 省编码 | E16: A | F16: provincecode | G16: 直取 | J16: 维度 | K16: 无 | L16: 6位数编码
B17: citycode | C17: int | D17: 市编码 | E17: A | F17: citycode | G17: 直取 | J17: 维度 | K17: 无 | L17: 6位数编码
B18: districtcode | C18: int | D18: 区编码 | E18: A | F18: districtcode | G18: 直取 | J18: 维度 | K18: 无 | L18: 6位数编码
B19: province | C19: string | D19: 省名称 | E19: A | F19: province | G19: 直取 | J19: 维度 | K19: 无 | L19: 无
B20: city | C20: string | D20: 地市名称 | E20: A | F20: city | G20: 直取 | J20: 维度 | K20: 无 | L20: 无
B21: district | C21: string | D21: 区县名称 | E21: A | F21: district | G21: 直取 | J21: 维度 | K21: 无 | L21: 无
B22: cellkey | C22: string | D22: 小区cellkey | E22: A | F22: cellkey | G22: 直取 | J22: 维度 | K22: 无 | L22: 无
B23: supi | C23: string | D23: 用户imsi | E23: A | F23: supi | G23: 直取 | J23: 维度 | K23: 无 | L23: 无
B24: msisdn | C24: string | D24: 用户号码 | E24: A | F24: msisdn | G24: 直取 | J24: 维度 | K24: 无 | L24: 无
B25: pei | C25: string | D25: 用户终端 | E25: A | F25: pei | G25: 直取 | J25: 维度 | K25: 无 | L25: 无
... B27: home_province | C27: string | D27: 归属省份 | E27: A | F27: home_province | G27: 直取 | J27: 维度 | K27: 无 | L27: 6位数编码
B28: abnormal_cnt | C28: bigint | D28: 质差话单数量 | E28: A | G28: sum(abnormal_cnt) | J28: 指标 | K28: 无 | L28: >=0
B29: record_cnt | C29: bigint | D29: 记录数 | E29: A | G29: sum(record_cnt) | J29: 指标 | K29: 无 | L29: >=0
B30: speedlimit_cnt | C30: bigint | D30: 限速记录数 | E30: A | G30: sum(speedlimit_cnt) | J30: 指标 | K30: 无 | L30: >=0
B31: duration_sum | C31: bigint | D31: 持续时间，单位毫秒 | E31: A | G31: sum(duration) | J31: 指标 | K31: ms | L31: >=0
B32: outputoctets_sum | C32: bigint | D32: 上行流量(byte) | E32: A | G32: sum(outputoctets) | J32: 指标 | K32: byte | L32: >=0
B33: inputoctets_sum | C33: bigint | D33: 下行流量(byte) | E33: A | G33: sum(inputoctets) | J33: 指标 | K33: byte | L33: >=0
B34: outputoctets_above500_cnt | C34: bigint | D34: 上行大包条数(>=500KB) | E34: A | G34: sum(outputoctets_above500_cnt) | J34: 指标 | K34: 无 | L34: >=0
B35: inputoctets_above500_cnt | C35: bigint | D35: 下行大包条数(>=500KB) | E35: A | G35: sum(inputoctets_above500_cnt) | J35: 指标 | K35: 无 | L35: >=0
B36: outputpacket_sum | C36: bigint | D36: 上行包数 | E36: A | G36: sum(outputpacket) | J36: 指标 | K36: 无 | L36: >=0
B37: inputpacket_sum | C37: bigint | D37: 下行包数 | E37: A | G37: sum(inputpacket) | J37: 指标 | K37: 无 | L37: >=0
B38: ultcpreorderingpacket_sum | C38: bigint | D38: 上行TCP乱序报文数，L4协议，非TCP传输时，此字段填0 | E38: A | G38: sum(ultcpreorderingpacket) | J38: 指标 | K38: 无 | L38: >=0
B39: dltcpreorderingpacket_sum | C39: bigint | D39: 下行TCP乱序报文数，非TCP传输时，此字段填0 | E39: A | G39: sum(dltcpreorderingpacket) | J39: 指标 | K39: 无 | L39: >=0
... B106: syntime_dnsresponse_cnt | C106: bigint | D106: DNS建立完成到TCP握手次数 | E106: A | G106: sum(syntime_dnsresponse_cnt) | J106: 指标 | K106: 次 | L106: >=0
B107: p_provincecode | C107: int | D107: 省分区
B108: p_date | C108: string | D108: 天分区

Sheet 24
B1: =HYPERLINK("#导航!a2","返回") -> 返回
B3: 目标表基本信息描述
B4: 主题域 | C4: 目标表英文名 | D4: 目标表中文名 | E4: 数据频度 | F4: 模型主键 | G4: 数据描述 | H4: 推送数据库
B5: 数据感知 | C5: aggr_nr_dpi_im_usr_d | D5: 5G_DPI_im用户维度天表 | E5: day
B7: 源表基本信息描述
B8: 来源系统 | C8: 源表英文名 | D8: 源表中文名 | E8: 别名 | F8: 任务描述 | G8: 备注 | H8: 是否主表
C9: aggr_nr_dpi_im_usrcel_d | D9: 5G_DPI_im用户小区维度天表 | E9: A | H9: 是
B11: 详细字段信息
B12: 详细字段信息
B13: PDM字段英文名 | C13: PDM字段类型 | D13: PDM字段中文名（说明） | E13: 源表名 | F13: 源字段英文名 | G13: 算法加工逻辑 | H13: 关联与过滤条件 | I13: 备注 | J13: 字段属性 | K13: 单位 | L13: 取值范围
B14: day | C14: string | D14: 日期 | E14: A | F14: p_date | G14: 直取 | J14: 维度 | K14: 无 | L14: yyyy-mm-dd
B15: interface | C15: int | D15: 接口类型 | E15: A | F15: interface | G15: 直取 | J15: 维度 | K15: 无 | L15: <=101
B16: provincecode | C16: int | D16: 省编码 | E16: A | F16: provincecode | G16: 直取 | J16: 维度 | K16: 无 | L16: 6位数编码
B17: citycode | C17: int | D17: 市编码 | E17: A | F17: citycode | G17: 直取 | J17: 维度 | K17: 无 | L17: 6位数编码
B18: districtcode | C18: int | D18: 区编码 | E18: A | F18: districtcode | G18: 直取 | J18: 维度 | K18: 无 | L18: 6位数编码
B19: province | C19: string | D19: 省名称 | E19: A | F19: province | G19: 直取 | J19: 维度 | K19: 无 | L19: 无
B20: city | C20: string | D20: 地市名称 | E20: A | F20: city | G20: 直取 | J20: 维度 | K20: 无 | L20: 无
B21: district | C21: string | D21: 区县名称 | E21: A | F21: district | G21: 直取 | J21: 维度 | K21: 无 | L21: 无
B22: supi | C22: string | D22: 用户imsi | E22: A | F22: supi | G22: 直取 | J22: 维度 | K22: 无 | L22: 无
B23: msisdn | C23: string | D23: 用户号码 | E23: A | F23: msisdn | G23: 直取 | J23: 维度 | K23: 无 | L23: 无
B24: pei | C24: string | D24: 用户终端 | E24: A | F24: pei | G24: 直取 | J24: 维度 | K24: 无 | L24: 无
B25: home_province | C25: string | D25: 归属省份 | E25: A | F25: home_province | G25: 直取 | J25: 维度 | K25: 无 | L25: 6位数编码
B26: abnormal_cnt | C26: bigint | D26: 质差话单数量 | E26: A | G26: sum(abnormal_cnt) | J26: 指标 | K26: 无 | L26: >=0
B27: record_cnt | C27: bigint | D27: 记录数 | E27: A | G27: sum(record_cnt) | J27: 指标 | K27: 无 | L27: >=0
B28: speedlimit_cnt | C28: bigint | D28: 限速记录数 | E28: A | G28: sum(speedlimit_cnt) | J28: 指标 | K28: 无 | L28: >=0
B29: duration_sum | C29: bigint | D29: 持续时间，单位毫秒 | E29: A | G29: sum(duration_sum) | J29: 指标 | K29: ms | L29: >=0
B30: outputoctets_sum | C30: bigint | D30: 上行流量(byte) | E30: A | G30: sum(outputoctets_sum) | J30: 指标 | K30: byte | L30: >=0
B31: inputoctets_sum | C31: bigint | D31: 下行流量(byte) | E31: A | G31: sum(inputoctets_sum) | J31: 指标 | K31: byte | L31: >=0
B32: outputoctets_above500_cnt | C32: bigint | D32: 上行大包条数(>=500KB) | E32: A | G32: sum(outputoctets_above500_cnt) | J32: 指标 | K32: 无 | L32: >=0
B33: inputoctets_above500_cnt | C33: bigint | D33: 下行大包条数(>=500KB) | E33: A | G33: sum(inputoctets_above500_cnt) | J33: 指标 | K33: 无 | L33: >=0
B34: outputpacket_sum | C34: bigint | D34: 上行包数 | E34: A | G34: sum(outputpacket_sum) | J34: 指标 | K34: 无 | L34: >=0
B35: inputpacket_sum | C35: bigint | D35: 下行包数 | E35: A | G35: sum(inputpacket_sum) | J35: 指标 | K35: 无 | L35: >=0
B36: ultcpreorderingpacket_sum | C36: bigint | D36: 上行TCP乱序报文数，L4协议，非TCP传输时，此字段填0 | E36: A | G36: sum(ultcpreorderingpacket_sum) | J36: 指标 | K36: 无 | L36: >=0
B37: dltcpreorderingpacket_sum | C37: bigint | D37: 下行TCP乱序报文数，非TCP传输时，此字段填0 | E37: A | G37: sum(dltcpreorderingpacket_sum) | J37: 指标 | K37: 无 | L37: >=0
... B104: syntime_dnsresponse_cnt | C104: bigint | D104: DNS建立完成到TCP握手次数 | E104: A | G104: sum(syntime_dnsresponse_cnt) | J104: 指标 | K104: 次 | L104: >=0
B105: p_provincecode | C105: int | D105: 省分区
B106: p_date | C106: string | D106: 天分区

Sheet 25
B1: =HYPERLINK("#导航!a2","返回") -> 返回
B3: 目标表基本信息描述
B4: 主题域 | C4: 目标表英文名 | D4: 目标表中文名 | E4: 数据频度 | F4: 模型主键 | G4: 数据描述 | H4: 推送数据库
B5: 数据感知 | C5: aggr_nr_wechat_payment_usrcel_d | D5: 5G微信支付用户小区天表 | E5: day
B7: 源表基本信息描述
B8: 来源系统 | C8: 源表英文名 | D8: 源表中文名 | E8: 别名 | F8: 任务描述 | G8: 备注 | H8: 是否主表
C9: aggr_nr_dpi_im_usrcel_d | D9: 5G_DPI_im用户小区维度天表 | E9: A | G9: 过滤条件：is_wechat_payment = 1 | H9: 是
C10: fact_nr_cm_projdata | D10: 5G电联工参 | E10: B1 | F10: 按照cellkey去重 | G10: 使用cellkey关联工参：A表interface=1时，关联4G工参；否则关联5G工参
C11: lte_cm_projdata | D11: 4G电信工参 | E11: B2 | F11: B2与B3先合并，并按cellkey去重
C12: lte_cucc_cm_projdata | D12: 4G联通工参 | E12: B3
B14: 详细字段信息
B15: 详细字段信息
B16: PDM字段英文名 | C16: PDM字段类型 | D16: PDM字段中文名（说明） | E16: 源表名 | F16: 源字段英文名 | G16: 算法加工逻辑 | H16: 关联与过滤条件 | I16: 备注 | J16: 字段属性 | K16: 单位 | L16: 取值范围
B17: interface | C17: int | D17: 接口 | F17: interface | G17: 直取 | J17: 维度 | K17: 无 | L17: <=101
B18: day | C18: string | D18: 上报时间，具体到天 | F18: p_date | G18: 直取 | J18: 维度 | K18: 无 | L18: yyyy-mm-dd
B19: rattype | C19: int | D19: 用户所接入的网络类型 | G19: 置空 | J19: 维度 | K19: 无 | L19: 无
B20: nodebid | C20: int | D20: 基站标识 | G20: split(cellkey,"_")[0] | J20: 维度 | K20: 无 | L20: 无
B21: cellid | C21: string | D21: 小区ID | G21: split(cellkey,"_")[1] | J21: 维度 | K21: 无 | L21: 无
B22: msisdn | C22: string | D22: 用户号码 | F22: msisdn | G22: 直取 | J22: 维度 | K22: 无 | L22: 无
B23: cellkey | C23: string | D23: 小区cellkey | F23: cellkey | G23: 直取 | J23: 维度 | K23: 无 | L23: 无
B24: cellname | C24: string | D24: 小区名称 | F24: B1/B2：cellname B3：cell_name | G24: 关联工参回填 | J24: 维度 | K24: 无 | L24: 无
B25: provincecode | C25: string | D25: 省ID | F25: provincecode | G25: 直取 | J25: 维度 | K25: 无 | L25: 6位数编码
B26: province | C26: string | D26: 省名称 | F26: province | G26: 直取 | J26: 维度 | K26: 无 | L26: 无
B27: citycode | C27: string | D27: 地市ID | F27: citycode | G27: 直取 | J27: 维度 | K27: 无 | L27: 6位数编码
B28: city | C28: string | D28: 地市名称 | F28: city | G28: 直取 | J28: 维度 | K28: 无 | L28: 无
B29: districtcode | C29: int | D29: 区县ID | F29: districtcode | G29: 直取 | J29: 维度 | K29: 无 | L29: 6位数编码
B30: district | C30: string | D30: 区县名称 | F30: district | G30: 直取 | J30: 维度 | K30: 无 | L30: 无
B31: duration_sum | C31: double | D31: 总时延（ms） | G31: sum(duration_sum) | J31: 指标 | K31: ms | L31: >=0
B32: scan_code_num | C32: bigint | D32: 微信支付扫码次数 | G32: sum(record_cnt) | J32: 指标 | K32: 次 | L32: >=0
B33: duration_avg | C33: double | D33: 平均时延（ms） | G33: sum(duration_sum)/sum(record_cnt) | J33: 指标 | K33: ms | L33: >=0
B34: tcpsetupackdelay_sum | C34: double | D34: TCP二三次握手总时延（ms） | G34: sum(tcpsetupackdelay_avg*tcpsetupackdelay_cnt) | J34: 指标 | K34: ms | L34: >=0
B35: tcpsetupackdelay_avg | C35: double | D35: TCP二三次握手时延（ms） | G35: sum(tcpsetupackdelay_avg*tcpsetupackdelay_cnt)/sum(tcpsetupackdelay_cnt) | J35: 指标 | K35: ms | L35: >=0
B36: ultcpretranspacket_sum | C36: bigint | D36: 上行TCP重传报文数 | G36: sum(ultcpretranspacket_sum) | J36: 指标 | K36: 无 | L36: >=0
B37: dltcpretranspacket_sum | C37: bigint | D37: 下行TCP重传报文数 | G37: sum(dltcpretranspacket_sum) | J37: 指标 | K37: 无 | L37: >=0
B38: ultcpreorderingpacket_sum | C38: bigint | D38: 上行TCP乱序报文数 | G38: sum(ultcpreorderingpacket_sum) | J38: 指标 | K38: 无 | L38: >=0
B39: dltcpreorderingpacket_sum | C39: bigint | D39: 下行TCP乱序报文数 | G39: sum(dltcpreorderingpacket_sum) | J39: 指标 | K39: 无 | L39: >=0
B40: outputpacket_sum | C40: bigint | D40: 用户发出的业务数据包数量 | G40: sum(outputpacket_sum) | J40: 指标 | K40: 无 | L40: >=0
B41: inputpacket_sum | C41: bigint | D41: 发给用户的业务数据包数量 | G41: sum(inputpacket_sum) | J41: 指标 | K41: 无 | L41: >=0
B42: ultcpretrans_rate | C42: double | D42: 上行重传率 | G42: sum(ultcpretranspacket_sum)/sum(outputpacket_sum) | J42: 指标 | K42: 无 | L42: [0,1]
... B45: dltcpreordering_rate | C45: double | D45: 下行乱序率 | G45: sum(dltcpreorderingpacket_sum)/sum(inputpacket_sum) | J45: 指标 | K45: 无 | L45: [0,1]
B46: p_provincecode | C46: int | D46: 省分区
B47: p_date | C47: string | D47: 天分区

Sheet 26
B1: =HYPERLINK("#导航!a2","返回") -> 返回
B3: 目标表基本信息描述
B4: 主题域 | C4: 目标表英文名 | D4: 目标表中文名 | E4: 数据频度 | F4: 模型主键 | G4: 数据描述 | H4: 推送数据库
B5: 数据感知 | C5: aggr_nr_dpi_game_usrcel_d | D5: 5G_DPI_game用户小区维度天表 | E5: day
B7: 源表基本信息描述
B8: 来源系统 | C8: 源表英文名 | D8: 源表中文名 | E8: 别名 | F8: 任务描述 | G8: 备注 | H8: 是否主表
C9: aggr_nr_dpi_http_apptype_usrcel_h | D9: 5G_DPI_app类型用户小区维度小时表 | E9: A | G9: 过滤条件：business_type='game' | H9: 是
B11: 详细字段信息
B12: 详细字段信息
B13: PDM字段英文名 | C13: PDM字段类型 | D13: PDM字段中文名（说明） | E13: 源表名 | F13: 源字段英文名 | G13: 算法加工逻辑 | H13: 关联与过滤条件 | I13: 备注 | J13: 字段属性 | K13: 单位 | L13: 取值范围
B14: day | C14: string | D14: 日期 | E14: A | F14: p_date | G14: 直取 | J14: 维度 | K14: 无 | L14: yyyy-mm-dd
B15: interface | C15: int | D15: 接口类型 | E15: A | F15: interface | G15: 直取 | J15: 维度 | K15: 无 | L15: <=101
B16: provincecode | C16: int | D16: 省编码 | E16: A | F16: provincecode | G16: 直取 | J16: 维度 | K16: 无 | L16: 6位数编码
B17: citycode | C17: int | D17: 市编码 | E17: A | F17: citycode | G17: 直取 | J17: 维度 | K17: 无 | L17: 6位数编码
B18: districtcode | C18: int | D18: 区编码 | E18: A | F18: districtcode | G18: 直取 | J18: 维度 | K18: 无 | L18: 6位数编码
B19: province | C19: string | D19: 省名称 | E19: A | F19: province | G19: 直取 | J19: 维度 | K19: 无 | L19: 无
B20: city | C20: string | D20: 地市名称 | E20: A | F20: city | G20: 直取 | J20: 维度 | K20: 无 | L20: 无
B21: district | C21: string | D21: 区县名称 | E21: A | F21: district | G21: 直取 | J21: 维度 | K21: 无 | L21: 无
B22: cellkey | C22: string | D22: 小区cellkey | E22: A | F22: cellkey | G22: 直取 | J22: 维度 | K22: 无 | L22: 无
B23: supi | C23: string | D23: 用户imsi | E23: A | F23: supi | G23: 直取 | J23: 维度 | K23: 无 | L23: 无
B24: msisdn | C24: string | D24: 用户号码 | E24: A | F24: msisdn | G24: 直取 | J24: 维度 | K24: 无 | L24: 无
B25: pei | C25: string | D25: 用户终端 | E25: A | F25: pei | G25: 直取 | J25: 维度 | K25: 无 | L25: 无
B26: home_province | C26: string | D26: 归属省份 | E26: A | F26: home_province | G26: 直取 | J26: 维度 | K26: 无 | L26: 6位数编码
B27: abnormal_cnt | C27: bigint | D27: 质差话单数量 | E27: A | G27: sum(abnormal_cnt) | J27: 指标 | K27: 无 | L27: >=0
B28: record_cnt | C28: bigint | D28: 记录数 | E28: A | G28: sum(record_cnt) | J28: 指标 | K28: 无 | L28: >=0
B29: speedlimit_cnt | C29: bigint | D29: 限速记录数 | E29: A | G29: sum(speedlimit_cnt) | J29: 指标 | K29: 无 | L29: >=0
B30: duration_sum | C30: bigint | D30: 持续时间，单位毫秒 | E30: A | G30: sum(duration) | J30: 指标 | K30: ms | L30: >=0
B31: outputoctets_sum | C31: bigint | D31: 上行流量(byte) | E31: A | G31: sum(outputoctets) | J31: 指标 | K31: byte | L31: >=0
B32: inputoctets_sum | C32: bigint | D32: 下行流量(byte) | E32: A | G32: sum(inputoctets) | J32: 指标 | K32: byte | L32: >=0
B33: outputoctets_above500_cnt | C33: bigint | D33: 上行大包条数(>=500KB) | E33: A | G33: sum(outputoctets_above500_cnt) | J33: 指标 | K33: 无 | L33: >=0
B34: inputoctets_above500_cnt | C34: bigint | D34: 下行大包条数(>=500KB) | E34: A | G34: sum(inputoctets_above500_cnt) | J34: 指标 | K34: 无 | L34: >=0
B35: outputpacket_sum | C35: bigint | D35: 上行包数 | E35: A | G35: sum(outputpacket) | J35: 指标 | K35: 无 | L35: >=0
B36: inputpacket_sum | C36: bigint | D36: 下行包数 | E36: A | G36: sum(inputpacket) | J36: 指标 | K36: 无 | L36: >=0
B37: ultcpreorderingpacket_sum | C37: bigint | D37: 上行TCP乱序报文数，L4协议，非TCP传输时，此字段填0 | E37: A | G37: sum(ultcpreorderingpacket) | J37: 指标 | K37: 无 | L37: >=0
B38: dltcpreorderingpacket_sum | C38: bigint | D38: 下行TCP乱序报文数，非TCP传输时，此字段填0 | E38: A | G38: sum(dltcpreorderingpacket) | J38: 指标 | K38: 无 | L38: >=0
... B108: times_wellgamedelay | C108: bigint | D108: 游戏交互时延良好次数 | E108: A | G108: sum(wellgamedelay_cnt) | J108: 指标 | K108: 无 | L108: >=0
B109: p_provincecode | C109: int | D109: 省分区
B110: p_date | C110: string | D110: 天分区

Sheet 27
B1: =HYPERLINK("#导航!a2","返回") -> 返回
B3: 目标表基本信息描述
B4: 主题域 | C4: 目标表英文名 | D4: 目标表中文名 | E4: 数据频度 | F4: 模型主键 | G4: 数据描述 | H4: 推送数据库
B5: 数据感知 | C5: aggr_nr_dpi_game_usr_d | D5: 5G_DPI_game用户维度天表 | E5: day
B7: 源表基本信息描述
B8: 来源系统 | C8: 源表英文名 | D8: 源表中文名 | E8: 别名 | F8: 任务描述 | G8: 备注 | H8: 是否主表
C9: aggr_nr_dpi_game_usrcel_d | D9: 5G_DPI_game用户小区维度天表 | E9: A | H9: 是
B11: 详细字段信息
B12: 详细字段信息
B13: PDM字段英文名 | C13: PDM字段类型 | D13: PDM字段中文名（说明） | E13: 源表名 | F13: 源字段英文名 | G13: 算法加工逻辑 | H13: 关联与过滤条件 | I13: 备注 | J13: 字段属性 | K13: 单位 | L13: 取值范围
B14: day | C14: string | D14: 日期 | E14: A | F14: p_date | G14: 直取 | J14: 维度 | K14: 无 | L14: yyyy-mm-dd
B15: interface | C15: int | D15: 接口类型 | E15: A | F15: interface | G15: 直取 | J15: 维度 | K15: 无 | L15: <=101
B16: provincecode | C16: int | D16: 省编码 | E16: A | F16: provincecode | G16: 直取 | J16: 维度 | K16: 无 | L16: 6位数编码
B17: citycode | C17: int | D17: 市编码 | E17: A | F17: citycode | G17: 直取 | J17: 维度 | K17: 无 | L17: 6位数编码
B18: districtcode | C18: int | D18: 区编码 | E18: A | F18: districtcode | G18: 直取 | J18: 维度 | K18: 无 | L18: 6位数编码
B19: province | C19: string | D19: 省名称 | E19: A | F19: province | G19: 直取 | J19: 维度 | K19: 无 | L19: 无
B20: city | C20: string | D20: 地市名称 | E20: A | F20: city | G20: 直取 | J20: 维度 | K20: 无 | L20: 无
B21: district | C21: string | D21: 区县名称 | E21: A | F21: district | G21: 直取 | J21: 维度 | K21: 无 | L21: 无
B22: supi | C22: string | D22: 用户imsi | E22: A | F22: supi | G22: 直取 | J22: 维度 | K22: 无 | L22: 无
B23: msisdn | C23: string | D23: 用户号码 | E23: A | F23: msisdn | G23: 直取 | J23: 维度 | K23: 无 | L23: 无
B24: pei | C24: string | D24: 用户终端 | E24: A | F24: pei | G24: 直取 | J24: 维度 | K24: 无 | L24: 无
B25: home_province | C25: string | D25: 归属省份 | E25: A | F25: home_province | G25: 直取 | J25: 维度 | K25: 无 | L25: 6位数编码
B26: abnormal_cnt | C26: bigint | D26: 质差话单数量 | E26: A | G26: sum(abnormal_cnt) | J26: 指标 | K26: 无 | L26: >=0
B27: record_cnt | C27: bigint | D27: 记录数 | E27: A | G27: sum(record_cnt) | J27: 指标 | K27: 无 | L27: >=0
B28: speedlimit_cnt | C28: bigint | D28: 限速记录数 | E28: A | G28: sum(speedlimit_cnt) | J28: 指标 | K28: 无 | L28: >=0
B29: duration_sum | C29: bigint | D29: 持续时间，单位毫秒 | E29: A | G29: sum(duration_sum) | J29: 指标 | K29: ms | L29: >=0
B30: outputoctets_sum | C30: bigint | D30: 上行流量(byte) | E30: A | G30: sum(outputoctets_sum) | J30: 指标 | K30: byte | L30: >=0
B31: inputoctets_sum | C31: bigint | D31: 下行流量(byte) | E31: A | G31: sum(inputoctets_sum) | J31: 指标 | K31: byte | L31: >=0
B32: outputoctets_above500_cnt | C32: bigint | D32: 上行大包条数(>=500KB) | E32: A | G32: sum(outputoctets_above500_cnt) | J32: 指标 | K32: 无 | L32: >=0
B33: inputoctets_above500_cnt | C33: bigint | D33: 下行大包条数(>=500KB) | E33: A | G33: sum(inputoctets_above500_cnt) | J33: 指标 | K33: 无 | L33: >=0
B34: outputpacket_sum | C34: bigint | D34: 上行包数 | E34: A | G34: sum(outputpacket_sum) | J34: 指标 | K34: 无 | L34: >=0
B35: inputpacket_sum | C35: bigint | D35: 下行包数 | E35: A | G35: sum(inputpacket_sum) | J35: 指标 | K35: 无 | L35: >=0
B36: ultcpreorderingpacket_sum | C36: bigint | D36: 上行TCP乱序报文数，L4协议，非TCP传输时，此字段填0 | E36: A | G36: sum(ultcpreorderingpacket_sum) | J36: 指标 | K36: 无 | L36: >=0
B37: dltcpreorderingpacket_sum | C37: bigint | D37: 下行TCP乱序报文数，非TCP传输时，此字段填0 | E37: A | G37: sum(dltcpreorderingpacket_sum) | J37: 指标 | K37: 无 | L37: >=0
... B107: times_wellgamedelay | C107: bigint | D107: 游戏交互时延良好次数 | E107: A | G107: sum(times_wellgamedelay) | J107: 指标 | K107: 无 | L107: >=0
B108: p_provincecode | C108: int | D108: 省分区
B109: p_date | C109: string | D109: 天分区

Sheet 28
B1: =HYPERLINK("#导航!a2","返回") -> 返回
B3: 目标表基本信息描述
B4: 主题域 | C4: 目标表英文名 | D4: 目标表中文名 | E4: 数据频度 | F4: 模型主键 | G4: 数据描述 | H4: 推送数据库
B5: 数据感知 | C5: aggr_nr_dpi_http_apptype_usrappcel_q | D5: 5G_DPI_app类型用户小区app维度15分钟表 | E5: quarter
B7: 源表基本信息描述
B8: 来源系统 | C8: 源表英文名 | D8: 源表中文名 | E8: 别名 | F8: 任务描述 | G8: 备注 | H8: 是否主表
C9: aggr_nr_dpi_http_base_q | D9: 5G_DPI_http基础维度15分钟表 | E9: A | G9: 过滤条件：business_type in ('web','im','game') | H9: 是
B11: 详细字段信息
B12: 详细字段信息
B13: PDM字段英文名 | C13: PDM字段类型 | D13: PDM字段中文名（说明） | E13: 源表名 | F13: 源字段英文名 | G13: 算法加工逻辑 | H13: 关联与过滤条件 | I13: 备注 | J13: 字段属性 | K13: 单位 | L13: 取值范围
B14: day | C14: string | D14: 日期 | E14: A | F14: p_date | G14: 直取 | J14: 维度 | K14: 无 | L14: yyyy-mm-dd
B15: hour | C15: int | D15: 小时 | E15: A | F15: p_hour | G15: 直取 | J15: 维度 | K15: 无 | L15: 0~23
B16: quarter | C16: int | D16: 刻钟 | E16: A | F16: p_quarter | G16: 直取 | J16: 维度 | K16: 无 | L16: 0,1,2,3
B17: interface | C17: int | D17: 接口类型 | E17: A | F17: interface | G17: 直取 | J17: 维度 | K17: 无 | L17: <=101
B18: provincecode | C18: int | D18: 省编码 | E18: A | F18: provincecode | G18: 直取 | J18: 维度 | K18: 无 | L18: 6位数编码
B19: citycode | C19: int | D19: 市编码 | E19: A | F19: citycode | G19: 直取 | J19: 维度 | K19: 无 | L19: 6位数编码
B20: districtcode | C20: int | D20: 区编码 | E20: A | F20: districtcode | G20: 直取 | J20: 维度 | K20: 无 | L20: 6位数编码
B21: province | C21: string | D21: 省名称 | E21: A | F21: province | G21: 直取 | J21: 维度 | K21: 无 | L21: 无
B22: city | C22: string | D22: 地市名称 | E22: A | F22: city | G22: 直取 | J22: 维度 | K22: 无 | L22: 无
B23: district | C23: string | D23: 区县名称 | E23: A | F23: district | G23: 直取 | J23: 维度 | K23: 无 | L23: 无
B24: cellkey | C24: string | D24: 小区cellkey | E24: A | F24: cellkey | G24: 直取 | J24: 维度 | K24: 无 | L24: 无
B25: tai | C25: string | D25: 跟踪区标识 | E25: A | F25: tai | G25: 直取 | J25: 维度 | K25: 无 | L25: 无
... B31: home_province | C31: string | D31: 归属省份 | E31: A | F31: home_province | G31: 直取 | J31: 维度 | K31: 无 | L31: 6位数编码
B32: abnormal_cnt | C32: bigint | D32: 质差话单数量 | E32: A | G32: sum(abnormal_cnt) | J32: 指标 | K32: 无 | L32: >=0
B33: record_cnt | C33: bigint | D33: 记录数 | E33: A | G33: sum(record_cnt) | J33: 指标 | K33: 无 | L33: >=0
B34: speedlimit_cnt | C34: bigint | D34: 限速记录数 | E34: A | G34: sum(speedlimit_cnt) | J34: 指标 | K34: 无 | L34: >=0
B35: duration | C35: bigint | D35: 持续时间，单位毫秒 | E35: A | G35: sum(duration) | J35: 指标 | K35: ms | L35: >=0
B36: outputoctets | C36: bigint | D36: 上行流量(byte) | E36: A | G36: sum(outputoctets) | J36: 指标 | K36: byte | L36: >=0
B37: inputoctets | C37: bigint | D37: 下行流量(byte) | E37: A | G37: sum(inputoctets) | J37: 指标 | K37: byte | L37: >=0
B38: outputoctets_above500_cnt | C38: bigint | D38: 上行大包条数(>=500KB) | E38: A | G38: sum(outputoctets_above500_cnt) | J38: 指标 | K38: 无 | L38: >=0
B39: inputoctets_above500_cnt | C39: bigint | D39: 下行大包条数(>=500KB) | E39: A | G39: sum(inputoctets_above500_cnt) | J39: 指标 | K39: 无 | L39: >=0
B40: outputpacket | C40: bigint | D40: 上行包数 | E40: A | G40: sum(outputpacket) | J40: 指标 | K40: 无 | L40: >=0
B41: inputpacket | C41: bigint | D41: 下行包数 | E41: A | G41: sum(inputpacket) | J41: 指标 | K41: 无 | L41: >=0
B42: ultcpreorderingpacket | C42: bigint | D42: 上行TCP乱序报文数，L4协议，非TCP传输时，此字段填0 | E42: A | G42: sum(ultcpreorderingpacket) | J42: 指标 | K42: 无 | L42: >=0
B43: dltcpreorderingpacket | C43: bigint | D43: 下行TCP乱序报文数，非TCP传输时，此字段填0 | E43: A | G43: sum(dltcpreorderingpacket) | J43: 指标 | K43: 无 | L43: >=0
... B127: wellgamedelay_cnt | C127: bigint | D127: 游戏交互时延良好次数 | E127: A | G127: sum(wellgamedelay_cnt) | J127: 指标 | K127: 无 | L127: >=0
B128: p_provincecode | C128: int | D128: 省分区
B129: p_date | C129: string | D129: 天分区
B130: p_hour | C130: int | D130: 小时分区
B131: p_quarter | C131: int | D131: 15分钟分区

Sheet 29
B1: =HYPERLINK("#导航!a2","返回") -> 返回
B3: 目标表基本信息描述
B4: 主题域 | C4: 目标表英文名 | D4: 目标表中文名 | E4: 数据频度 | F4: 模型主键 | G4: 数据描述 | H4: 推送数据库
B5: 数据感知 | C5: aggr_nr_dpi_web_usrappcel_q | D5: 5G_DPI_web类型用户小区app维度15分钟表 | E5: quarter
B7: 源表基本信息描述
B8: 来源系统 | C8: 源表英文名 | D8: 源表中文名 | E8: 别名 | F8: 任务描述 | G8: 备注 | H8: 是否主表
C9: aggr_nr_dpi_http_apptype_usrappcel_q | D9: 5G_DPI_app类型用户小区app维度15分钟表 | E9: A | G9: 过滤条件：business_type = 'web' | H9: 是
B11: 详细字段信息
B12: 详细字段信息
B13: PDM字段英文名 | C13: PDM字段类型 | D13: PDM字段中文名（说明） | E13: 源表名 | F13: 源字段英文名 | G13: 算法加工逻辑 | H13: 关联与过滤条件 | I13: 备注 | J13: 字段属性 | K13: 单位 | L13: 取值范围
B14: day | C14: string | D14: 日期 | E14: A | F14: p_date | G14: 直取 | J14: 维度 | K14: 无 | L14: yyyy-mm-dd
B15: hour | C15: int | D15: 小时 | E15: A | F15: p_hour | G15: 直取 | J15: 维度 | K15: 无 | L15: 0~23
B16: quarter | C16: int | D16: 刻钟 | E16: A | F16: p_quarter | G16: 直取 | J16: 维度 | K16: 无 | L16: 0,1,2,3
B17: interface | C17: int | D17: 接口类型 | E17: A | F17: interface | G17: 直取 | J17: 维度 | K17: 无 | L17: <=101
B18: provincecode | C18: int | D18: 省编码 | E18: A | F18: provincecode | G18: 直取 | J18: 维度 | K18: 无 | L18: 6位数编码
B19: citycode | C19: int | D19: 市编码 | E19: A | F19: citycode | G19: 直取 | J19: 维度 | K19: 无 | L19: 6位数编码
B20: districtcode | C20: int | D20: 区编码 | E20: A | F20: districtcode | G20: 直取 | J20: 维度 | K20: 无 | L20: 6位数编码
B21: province | C21: string | D21: 省名称 | E21: A | F21: province | G21: 直取 | J21: 维度 | K21: 无 | L21: 无
B22: city | C22: string | D22: 地市名称 | E22: A | F22: city | G22: 直取 | J22: 维度 | K22: 无 | L22: 无
B23: district | C23: string | D23: 区县名称 | E23: A | F23: district | G23: 直取 | J23: 维度 | K23: 无 | L23: 无
B24: cellkey | C24: string | D24: 小区cellkey | E24: A | F24: cellkey | G24: 直取 | J24: 维度 | K24: 无 | L24: 无
B25: tai | C25: string | D25: 跟踪区标识 | E25: A | F25: tai | G25: 直取 | J25: 维度 | K25: 无 | L25: 无
... B31: home_province | C31: string | D31: 归属省份 | E31: A | F31: home_province | G31: 直取 | J31: 维度 | K31: 无 | L31: 6位数编码
B32: abnormal_cnt | C32: bigint | D32: 质差话单数量 | E32: A | G32: sum(abnormal_cnt) | J32: 指标 | K32: 无 | L32: >=0
B33: record_cnt | C33: bigint | D33: 记录数 | E33: A | G33: sum(record_cnt) | J33: 指标 | K33: 无 | L33: >=0
B34: speedlimit_cnt | C34: bigint | D34: 限速记录数 | E34: A | G34: sum(speedlimit_cnt) | J34: 指标 | K34: 无 | L34: >=0
B35: duration | C35: bigint | D35: 持续时间，单位毫秒 | E35: A | G35: sum(duration) | J35: 指标 | K35: ms | L35: >=0
B36: outputoctets | C36: bigint | D36: 上行流量(byte) | E36: A | G36: sum(outputoctets) | J36: 指标 | K36: byte | L36: >=0
B37: inputoctets | C37: bigint | D37: 下行流量(byte) | E37: A | G37: sum(inputoctets) | J37: 指标 | K37: byte | L37: >=0
B38: outputoctets_above500_cnt | C38: bigint | D38: 上行大包条数(>=500KB) | E38: A | G38: sum(outputoctets_above500_cnt) | J38: 指标 | K38: 无 | L38: >=0
B39: inputoctets_above500_cnt | C39: bigint | D39: 下行大包条数(>=500KB) | E39: A | G39: sum(inputoctets_above500_cnt) | J39: 指标 | K39: 无 | L39: >=0
B40: outputpacket | C40: bigint | D40: 上行包数 | E40: A | G40: sum(outputpacket) | J40: 指标 | K40: 无 | L40: >=0
B41: inputpacket | C41: bigint | D41: 下行包数 | E41: A | G41: sum(inputpacket) | J41: 指标 | K41: 无 | L41: >=0
B42: ultcpreorderingpacket | C42: bigint | D42: 上行TCP乱序报文数，L4协议，非TCP传输时，此字段填0 | E42: A | G42: sum(ultcpreorderingpacket) | J42: 指标 | K42: 无 | L42: >=0
B43: dltcpreorderingpacket | C43: bigint | D43: 下行TCP乱序报文数，非TCP传输时，此字段填0 | E43: A | G43: sum(dltcpreorderingpacket) | J43: 指标 | K43: 无 | L43: >=0
... B124: wellcmpltdelay_cnt | C124: bigint | D124: 打开时延良好次数 | E124: A | G124: sum(wellcmpltdelay_cnt) | J124: 指标 | K124: 无 | L124: >=0
B125: p_provincecode | C125: int | D125: 省分区
B126: p_date | C126: string | D126: 天分区
B127: p_hour | C127: int | D127: 小时分区
B128: p_quarter | C128: int | D128: 15分钟分区

Sheet 30
B1: =HYPERLINK("#导航!a2","返回") -> 返回
B3: 目标表基本信息描述
B4: 主题域 | C4: 目标表英文名 | D4: 目标表中文名 | E4: 数据频度 | F4: 模型主键 | G4: 数据描述 | H4: 推送数据库
B5: 数据感知 | C5: aggr_nr_dpi_im_usrappcel_q | D5: 5G_DPI_im类型用户小区app维度15分钟表 | E5: quarter
B7: 源表基本信息描述
B8: 来源系统 | C8: 源表英文名 | D8: 源表中文名 | E8: 别名 | F8: 任务描述 | G8: 备注 | H8: 是否主表
C9: aggr_nr_dpi_http_apptype_usrappcel_q | D9: 5G_DPI_app类型用户小区app维度15分钟表 | E9: A | G9: 过滤条件：business_type = 'im' | H9: 是
B11: 详细字段信息
B12: 详细字段信息
B13: PDM字段英文名 | C13: PDM字段类型 | D13: PDM字段中文名（说明） | E13: 源表名 | F13: 源字段英文名 | G13: 算法加工逻辑 | H13: 关联与过滤条件 | I13: 备注 | J13: 字段属性 | K13: 单位 | L13: 取值范围
B14: day | C14: string | D14: 日期 | E14: A | F14: p_date | G14: 直取 | J14: 维度 | K14: 无 | L14: yyyy-mm-dd
B15: hour | C15: int | D15: 小时 | E15: A | F15: p_hour | G15: 直取 | J15: 维度 | K15: 无 | L15: 0~23
B16: quarter | C16: int | D16: 刻钟 | E16: A | F16: p_quarter | G16: 直取 | J16: 维度 | K16: 无 | L16: 0,1,2,3
B17: interface | C17: int | D17: 接口类型 | E17: A | F17: interface | G17: 直取 | J17: 维度 | K17: 无 | L17: <=101
B18: provincecode | C18: int | D18: 省编码 | E18: A | F18: provincecode | G18: 直取 | J18: 维度 | K18: 无 | L18: 6位数编码
B19: citycode | C19: int | D19: 市编码 | E19: A | F19: citycode | G19: 直取 | J19: 维度 | K19: 无 | L19: 6位数编码
B20: districtcode | C20: int | D20: 区编码 | E20: A | F20: districtcode | G20: 直取 | J20: 维度 | K20: 无 | L20: 6位数编码
B21: province | C21: string | D21: 省名称 | E21: A | F21: province | G21: 直取 | J21: 维度 | K21: 无 | L21: 无
B22: city | C22: string | D22: 地市名称 | E22: A | F22: city | G22: 直取 | J22: 维度 | K22: 无 | L22: 无
B23: district | C23: string | D23: 区县名称 | E23: A | F23: district | G23: 直取 | J23: 维度 | K23: 无 | L23: 无
B24: cellkey | C24: string | D24: 小区cellkey | E24: A | F24: cellkey | G24: 直取 | J24: 维度 | K24: 无 | L24: 无
B25: tai | C25: string | D25: 跟踪区标识 | E25: A | F25: tai | G25: 直取 | J25: 维度 | K25: 无 | L25: 无
... B31: home_province | C31: string | D31: 归属省份 | E31: A | F31: home_province | G31: 直取 | J31: 维度 | K31: 无 | L31: 6位数编码
B32: abnormal_cnt | C32: bigint | D32: 质差话单数量 | E32: A | G32: sum(abnormal_cnt) | J32: 指标 | K32: 无 | L32: >=0
B33: record_cnt | C33: bigint | D33: 记录数 | E33: A | G33: sum(record_cnt) | J33: 指标 | K33: 无 | L33: >=0
B34: speedlimit_cnt | C34: bigint | D34: 限速记录数 | E34: A | G34: sum(speedlimit_cnt) | J34: 指标 | K34: 无 | L34: >=0
B35: duration | C35: bigint | D35: 持续时间，单位毫秒 | E35: A | G35: sum(duration) | J35: 指标 | K35: ms | L35: >=0
B36: outputoctets | C36: bigint | D36: 上行流量(byte) | E36: A | G36: sum(outputoctets) | J36: 指标 | K36: byte | L36: >=0
B37: inputoctets | C37: bigint | D37: 下行流量(byte) | E37: A | G37: sum(inputoctets) | J37: 指标 | K37: byte | L37: >=0
B38: outputoctets_above500_cnt | C38: bigint | D38: 上行大包条数(>=500KB) | E38: A | G38: sum(outputoctets_above500_cnt) | J38: 指标 | K38: 无 | L38: >=0
B39: inputoctets_above500_cnt | C39: bigint | D39: 下行大包条数(>=500KB) | E39: A | G39: sum(inputoctets_above500_cnt) | J39: 指标 | K39: 无 | L39: >=0
B40: outputpacket | C40: bigint | D40: 上行包数 | E40: A | G40: sum(outputpacket) | J40: 指标 | K40: 无 | L40: >=0
B41: inputpacket | C41: bigint | D41: 下行包数 | E41: A | G41: sum(inputpacket) | J41: 指标 | K41: 无 | L41: >=0
B42: ultcpreorderingpacket | C42: bigint | D42: 上行TCP乱序报文数，L4协议，非TCP传输时，此字段填0 | E42: A | G42: sum(ultcpreorderingpacket) | J42: 指标 | K42: 无 | L42: >=0
B43: dltcpreorderingpacket | C43: bigint | D43: 下行TCP乱序报文数，非TCP传输时，此字段填0 | E43: A | G43: sum(dltcpreorderingpacket) | J43: 指标 | K43: 无 | L43: >=0
... B124: wellcmpltdelay_cnt | C124: bigint | D124: 打开时延良好次数 | E124: A | G124: sum(wellcmpltdelay_cnt) | J124: 指标 | K124: 无 | L124: >=0
B125: p_provincecode | C125: int | D125: 省分区
B126: p_date | C126: string | D126: 天分区
B127: p_hour | C127: int | D127: 小时分区
B128: p_quarter | C128: int | D128: 15分钟分区

Sheet 31
B1: =HYPERLINK("#导航!a2","返回") -> 返回
B3: 目标表基本信息描述
B4: 主题域 | C4: 目标表英文名 | D4: 目标表中文名 | E4: 数据频度 | F4: 模型主键 | G4: 数据描述 | H4: 推送数据库
B5: 数据感知 | C5: aggr_nr_dpi_game_usrappcel_q | D5: 5G_DPI_game类型用户小区app维度15分钟表 | E5: quarter
B7: 源表基本信息描述
B8: 来源系统 | C8: 源表英文名 | D8: 源表中文名 | E8: 别名 | F8: 任务描述 | G8: 备注 | H8: 是否主表
C9: aggr_nr_dpi_http_apptype_usrappcel_q | D9: 5G_DPI_app类型用户小区app维度15分钟表 | E9: A | G9: 过滤条件：business_type = 'game' | H9: 是
B11: 详细字段信息
B12: 详细字段信息
B13: PDM字段英文名 | C13: PDM字段类型 | D13: PDM字段中文名（说明） | E13: 源表名 | F13: 源字段英文名 | G13: 算法加工逻辑 | H13: 关联与过滤条件 | I13: 备注 | J13: 字段属性 | K13: 单位 | L13: 取值范围
B14: day | C14: string | D14: 日期 | E14: A | F14: p_date | G14: 直取 | J14: 维度 | K14: 无 | L14: yyyy-mm-dd
B15: hour | C15: int | D15: 小时 | E15: A | F15: p_hour | G15: 直取 | J15: 维度 | K15: 无 | L15: 0~23
B16: quarter | C16: int | D16: 刻钟 | E16: A | F16: p_quarter | G16: 直取 | J16: 维度 | K16: 无 | L16: 0,1,2,3
B17: interface | C17: int | D17: 接口类型 | E17: A | F17: interface | G17: 直取 | J17: 维度 | K17: 无 | L17: <=101
B18: provincecode | C18: int | D18: 省编码 | E18: A | F18: provincecode | G18: 直取 | J18: 维度 | K18: 无 | L18: 6位数编码
B19: citycode | C19: int | D19: 市编码 | E19: A | F19: citycode | G19: 直取 | J19: 维度 | K19: 无 | L19: 6位数编码
B20: districtcode | C20: int | D20: 区编码 | E20: A | F20: districtcode | G20: 直取 | J20: 维度 | K20: 无 | L20: 6位数编码
B21: province | C21: string | D21: 省名称 | E21: A | F21: province | G21: 直取 | J21: 维度 | K21: 无 | L21: 无
B22: city | C22: string | D22: 地市名称 | E22: A | F22: city | G22: 直取 | J22: 维度 | K22: 无 | L22: 无
B23: district | C23: string | D23: 区县名称 | E23: A | F23: district | G23: 直取 | J23: 维度 | K23: 无 | L23: 无
B24: cellkey | C24: string | D24: 小区cellkey | E24: A | F24: cellkey | G24: 直取 | J24: 维度 | K24: 无 | L24: 无
B25: tai | C25: string | D25: 跟踪区标识 | E25: A | F25: tai | G25: 直取 | J25: 维度 | K25: 无 | L25: 无
... B31: home_province | C31: string | D31: 归属省份 | E31: A | F31: home_province | G31: 直取 | J31: 维度 | K31: 无 | L31: 6位数编码
B32: abnormal_cnt | C32: bigint | D32: 质差话单数量 | E32: A | G32: sum(abnormal_cnt) | J32: 指标 | K32: 无 | L32: >=0
B33: record_cnt | C33: bigint | D33: 记录数 | E33: A | G33: sum(record_cnt) | J33: 指标 | K33: 无 | L33: >=0
B34: speedlimit_cnt | C34: bigint | D34: 限速记录数 | E34: A | G34: sum(speedlimit_cnt) | J34: 指标 | K34: 无 | L34: >=0
B35: duration | C35: bigint | D35: 持续时间，单位毫秒 | E35: A | G35: sum(duration) | J35: 指标 | K35: ms | L35: >=0
B36: outputoctets | C36: bigint | D36: 上行流量(byte) | E36: A | G36: sum(outputoctets) | J36: 指标 | K36: byte | L36: >=0
B37: inputoctets | C37: bigint | D37: 下行流量(byte) | E37: A | G37: sum(inputoctets) | J37: 指标 | K37: byte | L37: >=0
B38: outputoctets_above500_cnt | C38: bigint | D38: 上行大包条数(>=500KB) | E38: A | G38: sum(outputoctets_above500_cnt) | J38: 指标 | K38: 无 | L38: >=0
B39: inputoctets_above500_cnt | C39: bigint | D39: 下行大包条数(>=500KB) | E39: A | G39: sum(inputoctets_above500_cnt) | J39: 指标 | K39: 无 | L39: >=0
B40: outputpacket | C40: bigint | D40: 上行包数 | E40: A | G40: sum(outputpacket) | J40: 指标 | K40: 无 | L40: >=0
B41: inputpacket | C41: bigint | D41: 下行包数 | E41: A | G41: sum(inputpacket) | J41: 指标 | K41: 无 | L41: >=0
B42: ultcpreorderingpacket | C42: bigint | D42: 上行TCP乱序报文数，L4协议，非TCP传输时，此字段填0 | E42: A | G42: sum(ultcpreorderingpacket) | J42: 指标 | K42: 无 | L42: >=0
B43: dltcpreorderingpacket | C43: bigint | D43: 下行TCP乱序报文数，非TCP传输时，此字段填0 | E43: A | G43: sum(dltcpreorderingpacket) | J43: 指标 | K43: 无 | L43: >=0
... B90: wellgamedelay_cnt | C90: bigint | D90: 游戏交互时延良好次数 | E90: A | G90: sum(wellgamedelay_cnt) | J90: 指标 | K90: 无 | L90: >=0
B91: p_provincecode | C91: int | D91: 省分区
B92: p_date | C92: string | D92: 天分区
B93: p_hour | C93: int | D93: 小时分区
B94: p_quarter | C94: int | D94: 15分钟分区

Sheet 32
B1: =HYPERLINK("#导航!a2","返回") -> 返回
B3: 目标表基本信息描述
B4: 主题域 | C4: 目标表英文名 | D4: 目标表中文名 | E4: 数据频度 | F4: 模型主键 | G4: 数据描述 | H4: 推送数据库
B5: 数据感知 | C5: aggr_nr_web_usrappcelarea_d | D5: 5G_web类型用户小区区域app维度天 | E5: 天
B7: 源表基本信息描述
B8: 来源系统 | C8: 源表英文名 | D8: 源表中文名 | E8: 别名 | F8: 任务描述 | G8: 备注 | H8: 是否主表
C9: aggr_nr_usrareatime_cel_refactor_d | D9: 5G_MR用户聚区结果天表 | E9: A | G9: A LEFT JOIN B。关联条件：B.cellkey=A.cellkey and B.supi=A.imsi and B.hour=A.hour and B.quarter=A.quarter | H9: 是
C10: aggr_nr_dpi_web_usrappcel_q | D10: 5G_DPI_web类型用户小区app维度15分钟表 | E10: B | F10: interface=100
B12: 详细字段信息
B13: 详细字段信息
B14: PDM字段英文名 | C14: PDM字段类型 | D14: PDM字段中文名（说明） | E14: 源表名 | F14: 源字段英文名 | G14: 算法加工逻辑 | H14: 关联与过滤条件 | I14: 备注 | J14: 字段属性 | K14: 单位 | L14: 取值范围
B15: day | C15: string | D15: 省编码 | E15: A | F15: day | G15: 直取 | J15: 维度 | K15: 无 | L15: 无
B16: hour | C16: int | D16: 小时 | E16: A | F16: hour | G16: 直取 | J16: 维度 | K16: 无 | L16: 无
B17: quarter | C17: int | D17: 15分钟 | E17: A | F17: quarter | G17: 直取 | J17: 维度 | K17: 无 | L17: 无
B18: imsi | C18: string | D18: 日期 | E18: A | F18: imsi | G18: 直取 | J18: 维度 | K18: 无 | L18: 无
B19: area_id | C19: string | D19: 区域ID | E19: A | F19: area_id | G19: 直取 | J19: 维度 | K19: 无 | L19: 无
B20: area_regionid | C20: string | D20: 区域栅格ID | E20: A | F20: area_regionid | G20: 直取 | J20: 维度 | K20: 无 | L20: 无
B21: area_x_offset_20 | C21: string | D21: 区域栅格坐标x轴偏移 | E21: A | F21: area_x_offset_20 | G21: 直取 | J21: 维度 | K21: 无 | L21: 无
B22: area_y_offset_20 | C22: string | D22: 区域栅格坐标y轴偏移 | E22: A | F22: area_y_offset_20 | G22: 直取 | J22: 维度 | K22: 无 | L22: 无
B23: area_lon | C23: double | D23: 区域经度 | E23: A | F23: area_lon | G23: 直取 | J23: 维度 | K23: 无 | L23: 无
B24: area_lat | C24: double | D24: 区域纬度 | E24: A | F24: area_lat | G24: 直取 | J24: 维度 | K24: 无 | L24: 无
B25: cellkey | C25: string | D25: 小区cellkey | E25: A | F25: cellkey | G25: 直取 | J25: 维度 | K25: 无 | L25: 无
B26: servicetype | C26: int | D26: 业务应用 | E26: B | F26: servicetype | G26: 直取 | J26: 维度 | K26: 无 | L26: 无
B27: duration_sum | C27: bigint | D27: 持续时间，单位毫秒 | E27: B | G27: sum(duration) | J27: 指标 | K27: ms | L27: >=0
B28: outputoctets_sum | C28: bigint | D28: 上行流量(byte) | E28: B | G28: sum(outputoctets) | J28: 指标 | K28: byte | L28: >=0
B29: inputoctets_sum | C29: bigint | D29: 下行流量(byte) | E29: B | G29: sum(inputoctets) | J29: 指标 | K29: byte | L29: >=0
B30: tcpsetupresponsedelay_sum | C30: bigint | D30: TCP建链响应时延_sum | E30: B | G30: sum(tcpsetupresponsedelay_avg*tcpsetupresponsedelay_cnt) | J30: 指标 | K30: ms | L30: >=0
B31: tcpsetupackdelay_sum | C31: bigint | D31: TCP建链确认时延_sum | E31: B | G31: sum(tcpsetupackdelay_avg*tcpsetupackdelay_cnt) | J31: 指标 | K31: ms | L31: >=0
B32: tcpsetupdelay_sum | C32: bigint | D32: TCP建立时延_sum | E32: B | G32: sum(tcpsetupdelay_avg*tcpsetupdelay_cnt) | J32: 指标 | K32: ms | L32: >=0
B33: httpwebreqcount | C33: bigint | D33: http请求次数 | E33: B | G33: sum(http_req_cnt) | J33: 指标 | K33: 无 | L33: >=0
B34: httpwebrspcount | C34: bigint | D34: http响应次数 | E34: B | G34: sum(http_succ_cnt) | J34: 指标 | K34: 无 | L34: >=0
B35: httpwebdspcount | C35: bigint | D35: http完整打开次数 | E35: B | G35: sum(http_complete_cnt) | J35: 指标 | K35: 无 | L35: >=0
B36: httpwebrspdelay_sum | C36: bigint | D36: 网页首包时延，也叫网页响应时延 | E36: B | G36: sum(httpwebrspdelay*http_succ_cnt) | J36: 指标 | K36: ms | L36: >=0
B37: httpwebdspdelay_sum | C37: bigint | D37: 网页显示时延，也叫网页完整打开时延 | E37: B | G37: sum(httpwebdspdelay*http_succ_cnt) | J37: 指标 | K37: ms | L37: >=0
B38: httpwebscreendelay_sum | C38: bigint | D38: 网页首屏时延(ms) | E38: B | G38: sum(httpwebscreendelay*httpwebscreen_cnt) | J38: 指标 | K38: ms | L38: >=0
... B50: dnsquerydelay_avg | C50: bigint | D50: DNS请求时延_avg | E50: B | G50: sum(dnsresponse_delay*dnsresponse_cnt)/sum(dnsresponse_cnt) | J50: 指标 | K50: ms | L50: >=0
B51: dnsquerydelay_seg_1 | C51: bigint | D51: DNS请求时延_seg_1 | E51: B | G51: 置0 | J51: 指标 | K51: 无 | L51: 0
B52: dnsquerydelay_seg_2 | C52: bigint | D52: DNS请求时延_seg_2 | E52: B | G52: 置0 | J52: 指标 | K52: 无 | L52: 0
B53: dnsquerydelay_seg_3 | C53: bigint | D53: DNS请求时延_seg_3 | E53: B | G53: 置0 | J53: 指标 | K53: 无 | L53: 0
B54: dnsquerydelay_seg_4 | C54: bigint | D54: DNS请求时延_seg_4 | E54: B | G54: 置0 | J54: 指标 | K54: 无 | L54: 0
B55: dnsquerydelay_seg_5 | C55: bigint | D55: DNS请求时延_seg_5 | E55: B | G55: 置0 | J55: 指标 | K55: 无 | L55: 0
B56: tcpsetupresponsedelay_avg | C56: bigint | D56: TCP建链响应时延_avg | E56: B | G56: sum(tcpsetupresponsedelay_avg*tcpsetupresponsedelay_cnt)/sum(tcpsetupresponsedelay_cnt) | J56: 指标 | K56: ms | L56: >=0
B57: tcpsetupresponsedelay_seg_1 | C57: bigint | D57: TCP建链响应时延_seg_1 | E57: B | G57: sum(tcpsetupresponsedelay_cnt_0_50) | J57: 指标 | K57: 无 | L57: >=0
B58: tcpsetupresponsedelay_seg_2 | C58: bigint | D58: TCP建链响应时延_seg_2 | E58: B | G58: sum(tcpsetupresponsedelay_cnt_50_100) | J58: 指标 | K58: 无 | L58: >=0
B59: tcpsetupresponsedelay_seg_3 | C59: bigint | D59: TCP建链响应时延_seg_3 | E59: B | G59: sum(tcpsetupresponsedelay_cnt_100_150) | J59: 指标 | K59: 无 | L59: >=0
B60: tcpsetupresponsedelay_seg_4 | C60: bigint | D60: TCP建链响应时延_seg_4 | E60: B | G60: sum(tcpsetupresponsedelay_cnt_150_200) | J60: 指标 | K60: 无 | L60: >=0
B61: tcpsetupresponsedelay_seg_5 | C61: bigint | D61: TCP建链响应时延_seg_5 | E61: B | G61: sum(tcpsetupresponsedelay_cnt_greater_200) | J61: 指标 | K61: 无 | L61: >=0
B62: tcpsetupackdelay_avg | C62: bigint | D62: TCP建链确认时延_avg | E62: B | G62: sum(tcpsetupackdelay_avg*tcpsetupackdelay_cnt)/sum(tcpsetupackdelay_cnt) | J62: 指标 | K62: ms | L62: >=0
B63: tcpsetupackdelay_seg_1 | C63: bigint | D63: TCP建链确认时延_seg_1 | E63: B | G63: sum(tcpsetupackdelay_cnt_0_50) | J63: 指标 | K63: 无 | L63: >=0
B64: tcpsetupackdelay_seg_2 | C64: bigint | D64: TCP建链确认时延_seg_2 | E64: B | G64: sum(tcpsetupackdelay_cnt_50_100) | J64: 指标 | K64: 无 | L64: >=0
B65: tcpsetupackdelay_seg_3 | C65: bigint | D65: TCP建链确认时延_seg_3 | E65: B | G65: sum(tcpsetupackdelay_cnt_100_150) | J65: 指标 | K65: 无 | L65: >=0
B66: tcpsetupackdelay_seg_4 | C66: bigint | D66: TCP建链确认时延_seg_4 | E66: B | G66: sum(tcpsetupackdelay_cnt_150_200) | J66: 指标 | K66: 无 | L66: >=0
B67: tcpsetupackdelay_seg_5 | C67: bigint | D67: TCP建链确认时延_seg_5 | E67: B | G67: sum(tcpsetupackdelay_cnt_greater_200) | J67: 指标 | K67: 无 | L67: >=0
... B91: httpwebscreendelay_seg_5 | C91: bigint | D91: 网页首屏时延_seg_5 | E91: B | G91: sum(httpwebscreendelay_seg_5) | J91: 指标 | K91: 次 | L91: >=0
B92: setuprsrp_avg | C92: double | D92: 平均RSRP | E92: B | G92: 置NULL | J92: 指标 | K92: 无 | L92: 0
B93: setuprsrp_count | C93: bigint | D93: RSRP次数 | E93: B | G93: 赋值：0 | J93: 指标 | K93: 无 | L93: 0
B94: setuprsrp_seg_1 | C94: bigint | D94: setuprsrp_seg_1次数 | E94: B | G94: 赋值：0 | J94: 指标 | K94: 无 | L94: 0
B95: setuprsrp_seg_2 | C95: bigint | D95: setuprsrp_seg_2次数 | E95: B | G95: 赋值：0 | J95: 指标 | K95: 无 | L95: 0
B96: setuprsrp_seg_3 | C96: bigint | D96: setuprsrp_seg_3次数 | E96: B | G96: 赋值：0 | J96: 指标 | K96: 无 | L96: 0
B97: setuprsrp_seg_4 | C97: bigint | D97: setuprsrp_seg_4次数 | E97: B | G97: 赋值：0 | J97: 指标 | K97: 无 | L97: 0
B98: setuprsrp_seg_5 | C98: bigint | D98: setuprsrp_seg_5次数 | E98: B | G98: 赋值：0 | J98: 指标 | K98: 无 | L98: 0
B99: setuprsrp_seg_6 | C99: bigint | D99: setuprsrp_seg_6次数 | E99: B | G99: 赋值：0 | J99: 指标 | K99: 无 | L99: 0
B100: setuprsrp_seg_7 | C100: bigint | D100: setuprsrp_seg_7次数 | E100: B | G100: 赋值：0 | J100: 指标 | K100: 无 | L100: 0
B101: setuprsrp_seg_8 | C101: bigint | D101: setuprsrp_seg_8次数 | E101: B | G101: 赋值：0 | J101: 指标 | K101: 无 | L101: 0
B102: setuprsrp_seg_9 | C102: bigint | D102: setuprsrp_seg_9次数 | E102: B | G102: 赋值：0 | J102: 指标 | K102: 无 | L102: 0
B103: setuprsrp_seg_10 | C103: bigint | D103: setuprsrp_seg_10次数 | E103: B | G103: 赋值：0 | J103: 指标 | K103: 无 | L103: 0
B104: p_provincecode | C104: int | D104: 省分区
B105: p_date | C105: string | D105: 天分区

Sheet 34
B1: =HYPERLINK("#导航!a2","返回") -> 返回
B3: 目标表基本信息描述
B4: 主题域 | C4: 目标表英文名 | D4: 目标表中文名 | E4: 数据频度 | F4: 模型主键 | G4: 数据描述 | H4: 推送数据库
B5: 高铁优化 | C5: aggr_nr_web_highspeedrail_usrcel_h | D5: 高铁5G web业务用户小区小时表 | E5: hour
B7: 源表基本信息描述
B8: 来源系统 | C8: 源表英文名 | D8: 源表中文名 | E8: 别名 | F8: 任务描述 | G8: 备注 | H8: 是否主表
C9: aggr_highspeedrail_usrlist_d | D9: 高铁用户清单结果表 | E9: A | G9: 参考现网任务aggr_nr_highspeedrail_web_base_h A inner join B。关联条件：a.imsi=b.supi and a.p_date=b.p_date and a.hour=b.hour and a.quarter=b.quarter | H9: 是
C10: aggr_nr_dpi_web_usrappcel_q | D10: 5G_DPI_web类型用户小区app维度15分钟表 | E10: B | F10: 过滤条件：interface=100
B11: 详细字段信息
B12: 详细字段信息
B13: PDM字段英文名 | C13: PDM字段类型 | D13: PDM字段中文名（说明） | E13: 源表名 | F13: 源字段英文名 | G13: 算法加工逻辑 | H13: 关联与过滤条件 | I13: 备注 | J13: 字段属性 | K13: 单位 | L13: 取值范围
B14: day | C14: string | D14: 日期 | E14: B | F14: p_date | G14: 直取 | J14: 维度 | K14: 无 | L14: 无
B15: hour | C15: int | D15: 小时 | E15: B | F15: p_hour | G15: 直取 | J15: 维度 | K15: 无 | L15: 无
B16: interface | C16: int | D16: 接口 | E16: B | F16: interface | G16: 直取 | J16: 维度 | K16: 无 | L16: 无
B17: rattype | C17: int | D17: 网络类型 | E17: B | G17: 置空 | J17: 维度 | K17: 无 | L17: 无
B18: cellkey | C18: string | D18: 小区cellkey | E18: B | F18: cellkey | G18: 直取 | J18: 维度 | K18: 无 | L18: 无
B19: provincecode | C19: int | D19: 省编码 | E19: B | F19: p_provincecode | G19: 直取 | J19: 维度 | K19: 无 | L19: 无
B20: province | C20: string | D20: 省名称 | E20: B | F20: province | G20: 直取 | J20: 维度 | K20: 无 | L20: 无
B21: citycode | C21: int | D21: 城市编码 | E21: B | F21: citycode | G21: 直取 | J21: 维度 | K21: 无 | L21: 无
B22: city | C22: string | D22: 城市名称 | E22: B | F22: city | G22: 直取 | J22: 维度 | K22: 无 | L22: 无
B23: districtcode | C23: int | D23: 区县编码 | E23: B | F23: districtcode | G23: 直取 | J23: 维度 | K23: 无 | L23: 无
B24: district | C24: string | D24: 区县名称 | E24: B | F24: district | G24: 直取 | J24: 维度 | K24: 无 | L24: 无
B25: lineid | C25: int | D25: 高铁线路id | E25: A | F25: line_id | G25: 直取 | J25: 维度 | K25: 无 | L25: 无
B26: line_name | C26: string | D26: 高铁线路名称 | E26: A | F26: line_name | G26: 直取 | J26: 维度 | K26: 无 | L26: 无
B27: imsi | C27: string | D27: 用户imsi | E27: A | F27: imsi | G27: 直取 | J27: 维度 | K27: 无 | L27: 无
B28: msisdn | C28: string | D28: 用户号码 | E28: A | F28: msisdn | G28: 直取 | J28: 维度 | K28: 无 | L28: 无
B29: tacid | C29: string | D29: tacid | E29: B | G29: 取字段pei前8位 | J29: 维度 | K29: 无 | L29: 无
B30: duration_sum | C30: bigint | D30: 持续时间，单位毫秒，根据业务流开始和结束统计得出的时间 | E30: B | G30: sum(duration) | J30: 指标 | K30: ms | L30: >=0
B31: outputoctets_sum | C31: bigint | D31: 上行流量(byte) | E31: B | G31: sum(outputoctets) | J31: 指标 | K31: byte | L31: >=0
B32: inputoctets_sum | C32: bigint | D32: 下行流量(byte) | E32: B | G32: sum(inputoctets) | J32: 指标 | K32: byte | L32: >=0
B33: inputpacket_sum | C33: bigint | D33: 发给用户的业务数据包数量 | E33: B | G33: sum(inputpacket) | J33: 指标 | K33: 包 | L33: >=0
B34: outputpacket_sum | C34: bigint | D34: 用户发出的业务数据包数量 | E34: B | G34: sum(outputpacket) | J34: 指标 | K34: 包 | L34: >=0
B35: ultcpreorderingpacket_sum | C35: bigint | D35: 上行TCP乱序报文数，L4协议，非TCP传输时，此字段填0 | E35: B | G35: sum(ultcpreorderingpacket) | J35: 指标 | K35: 包 | L35: >=0
B36: dltcpreorderingpacket_sum | C36: bigint | D36: 下行TCP乱序报文数，非TCP传输时，此字段填0 | E36: B | G36: sum(dltcpreorderingpacket) | J36: 指标 | K36: 包 | L36: >=0
B37: ultcpretranspacket_sum | C37: bigint | D37: 上行TCP重传报文数，非TCP传输时，此字段填0 | E37: B | G37: sum(ultcpretranspacket) | J37: 指标 | K37: 包 | L37: >=0
B38: dltcpretranspacket_sum | C38: bigint | D38: 下行TCP重传报文数，非TCP传输时，此字段填0 | E38: B | G38: sum(dltcpretranspacket) | J38: 指标 | K38: 包 | L38: >=0
B39: httpwebreqcount | C39: bigint | D39: Http请求次数 | E39: B | G39: sum(http_req_cnt) | J39: 指标 | K39: 无 | L39: >=0
B40: httpwebrspcount | C40: bigint | D40: Http请求成功次数 | E40: B | G40: sum(http_succ_cnt) | J40: 指标 | K40: 无 | L40: >=0
... B85: httpwebscreendelay_seg_5 | C85: bigint | D85: 网页首屏时延_seg_5 | E85: B | G85: sum(httpwebscreendelay_seg_5) | J85: 指标 | K85: 次 | L85: >=0
B86: p_provincecode | C86: int | D86: 省分区
B87: p_date | C87: string | D87: 天分区
B88: p_hour | C88: int | D88: 小时分区

Sheet 35
B1: =HYPERLINK("#导航!a2","返回") -> 返回
B3: 目标表基本信息描述
B4: 主题域 | C4: 目标表英文名 | D4: 目标表中文名 | E4: 数据频度 | F4: 模型主键 | G4: 数据描述 | H4: 推送数据库
B5: 数据感知 | C5: aggr_nr_im_usrappcelarea_d | D5: 5G_im类型用户小区区域app维度天 | E5: 天
B7: 源表基本信息描述
B8: 来源系统 | C8: 源表英文名 | D8: 源表中文名 | E8: 别名 | F8: 任务描述 | G8: 备注 | H8: 是否主表
C9: aggr_nr_usrareatime_cel_refactor_d | D9: 5G_MR用户聚区结果天表 | E9: A | G9: A LEFT JOIN B。关联条件：B.cellkey=A.cellkey and B.supi=A.imsi and B.hour=A.hour and B.quarter=A.quarter | H9: 是
C10: aggr_nr_dpi_im_usrappcel_q | D10: 5G_DPI_im类型用户小区app维度15分钟表 | E10: B | F10: interface=100
B12: 详细字段信息
B13: 详细字段信息
B14: PDM字段英文名 | C14: PDM字段类型 | D14: PDM字段中文名（说明） | E14: 源表名 | F14: 源字段英文名 | G14: 算法加工逻辑 | H14: 关联与过滤条件 | I14: 备注 | J14: 字段属性 | K14: 单位 | L14: 取值范围
B15: day | C15: string | D15: 省编码 | E15: A | F15: day | G15: 直取 | J15: 维度 | K15: 无 | L15: 无
B16: hour | C16: int | D16: 小时 | E16: A | F16: hour | G16: 直取 | J16: 维度 | K16: 无 | L16: 无
B17: quarter | C17: int | D17: 15分钟 | E17: A | F17: quarter | G17: 直取 | J17: 维度 | K17: 无 | L17: 无
B18: imsi | C18: string | D18: 日期 | E18: A | F18: imsi | G18: 直取 | J18: 维度 | K18: 无 | L18: 无
B19: area_id | C19: string | D19: 区域ID | E19: A | F19: area_id | G19: 直取 | J19: 维度 | K19: 无 | L19: 无
B20: area_regionid | C20: string | D20: 区域栅格ID | E20: A | F20: area_regionid | G20: 直取 | J20: 维度 | K20: 无 | L20: 无
B21: area_x_offset_20 | C21: string | D21: 区域栅格坐标x轴偏移 | E21: A | F21: area_x_offset_20 | G21: 直取 | J21: 维度 | K21: 无 | L21: 无
B22: area_y_offset_20 | C22: string | D22: 区域栅格坐标y轴偏移 | E22: A | F22: area_y_offset_20 | G22: 直取 | J22: 维度 | K22: 无 | L22: 无
B23: area_lon | C23: double | D23: 区域经度 | E23: A | F23: area_lon | G23: 直取 | J23: 维度 | K23: 无 | L23: 无
B24: area_lat | C24: double | D24: 区域纬度 | E24: A | F24: area_lat | G24: 直取 | J24: 维度 | K24: 无 | L24: 无
B25: cellkey | C25: string | D25: 小区cellkey | E25: A | F25: cellkey | G25: 直取 | J25: 维度 | K25: 无 | L25: 无
B26: servicetype | C26: int | D26: 业务应用 | E26: B | F26: servicetype | G26: 直取 | J26: 维度 | K26: 无 | L26: 无
B27: duration_sum | C27: bigint | D27: 持续时间，单位毫秒 | E27: B | G27: sum(duration) | J27: 指标 | K27: ms | L27: >=0
B28: outputoctets_sum | C28: bigint | D28: 上行流量(byte) | E28: B | G28: sum(outputoctets) | J28: 指标 | K28: byte | L28: >=0
B29: inputoctets_sum | C29: bigint | D29: 下行流量(byte) | E29: B | G29: sum(inputoctets) | J29: 指标 | K29: byte | L29: >=0
B30: tcpsetupresponsedelay_sum | C30: bigint | D30: TCP建链响应时延_sum | E30: B | G30: sum(tcpsetupresponsedelay_avg*tcpsetupresponsedelay_cnt) | J30: 指标 | K30: ms | L30: >=0
B31: tcpsetupackdelay_sum | C31: bigint | D31: TCP建链确认时延_sum | E31: B | G31: sum(tcpsetupackdelay_avg*tcpsetupackdelay_cnt) | J31: 指标 | K31: ms | L31: >=0
B32: tcpsetupdelay_sum | C32: bigint | D32: TCP建立时延_sum | E32: B | G32: sum(tcpsetupdelay_avg*tcpsetupdelay_cnt) | J32: 指标 | K32: ms | L32: >=0
B33: ul_text_cnt | C33: bigint | D33: 上行次数 | E33: B | G33: sum(http_req_cnt) | J33: 指标 | K33: 无 | L33: >=0
B34: ul_text_succ_cnt | C34: bigint | D34: 上行成功次数 | E34: B | G34: sum(http_succ_cnt) | J34: 指标 | K34: 无 | L34: >=0
B35: dl_text_cnt | C35: bigint | D35: 下行次数 | E35: B | G35: sum(http_req_cnt) | J35: 指标 | K35: 无 | L35: >=0
B36: dl_text_succ_cnt | C36: bigint | D36: 下行成功次数 | E36: B | G36: sum(http_succ_cnt) | J36: 指标 | K36: 无 | L36: >=0
B37: times_excellentsentrate | C37: bigint | D37: 消息发送优秀次数 | E37: B | G37: sum(http_succ_cnt) | J37: 指标 | K37: 无 | L37: >=0
B38: times_inferiorsentrate | C38: bigint | D38: 消息发送质差次数 | E38: B | G38: sum(nvl(http_req_cnt,0) - nvl(http_succ_cnt,0)) | J38: 指标 | K38: 无 | L38: >=0
B39: times_wellsentrate | C39: bigint | D39: 消息发送良好次数 | E39: B | G39: 置0 | J39: 指标 | K39: 无 | L39: 0
B40: httpwebreqcount | C40: bigint | D40: http请求次数 | E40: B | G40: sum(http_req_cnt) | J40: 指标 | K40: 无 | L40: >=0
B41: dnsqueryreqcount | C41: bigint | D41: DNS请求次数 | E41: B | G41: sum(dnsquery_cnt) | J41: 指标 | K41: 无 | L41: >=0
B42: dnsqueryrspcount | C42: bigint | D42: DNS响应次数 | E42: B | G42: sum(dnsresponse_cnt) | J42: 指标 | K42: 无 | L42: >=0
B43: dnsquerytime_sum | C43: bigint | D43: DNS请求时延_sum | E43: B | G43: sum(dnsresponse_delay*dnsresponse_cnt) | J43: 指标 | K43: ms | L43: >=0
B44: dnsquerydelay_avg | C44: bigint | D44: DNS请求时延_avg | E44: B | G44: sum(dnsresponse_delay*dnsresponse_cnt)/sum(dnsresponse_cnt) | J44: 指标 | K44: 无 | L44: 0
B45: dnsquerydelay_seg_1 | C45: bigint | D45: DNS请求时延_seg_1 | E45: B | G45: 置0 | J45: 指标 | K45: 无 | L45: 0
B46: dnsquerydelay_seg_2 | C46: bigint | D46: DNS请求时延_seg_2 | E46: B | G46: 置0 | J46: 指标 | K46: 无 | L46: 0
B47: dnsquerydelay_seg_3 | C47: bigint | D47: DNS请求时延_seg_3 | E47: B | G47: 置0 | J47: 指标 | K47: 无 | L47: 0
B48: dnsquerydelay_seg_4 | C48: bigint | D48: DNS请求时延_seg_4 | E48: B | G48: 置0 | J48: 指标 | K48: 无 | L48: 0
B49: dnsquerydelay_seg_5 | C49: bigint | D49: DNS请求时延_seg_5 | E49: B | G49: 置0 | J49: 指标 | K49: 无 | L49: 0
B50: tcpsetupresponsedelay_avg | C50: bigint | D50: TCP建链响应时延_avg | E50: B | G50: sum(tcpsetupresponsedelay_avg*tcpsetupresponsedelay_cnt)/sum(tcpsetupresponsedelay_cnt) | J50: 指标 | K50: ms | L50: >=0
B51: tcpsetupresponsedelay_seg_1 | C51: bigint | D51: TCP建链响应时延_seg_1 | E51: B | G51: sum(tcpsetupresponsedelay_cnt_0_50) | J51: 指标 | K51: 无 | L51: >=0
B52: tcpsetupresponsedelay_seg_2 | C52: bigint | D52: TCP建链响应时延_seg_2 | E52: B | G52: sum(tcpsetupresponsedelay_cnt_50_100) | J52: 指标 | K52: 无 | L52: >=0
B53: tcpsetupresponsedelay_seg_3 | C53: bigint | D53: TCP建链响应时延_seg_3 | E53: B | G53: sum(tcpsetupresponsedelay_cnt_100_150) | J53: 指标 | K53: 无 | L53: >=0
B54: tcpsetupresponsedelay_seg_4 | C54: bigint | D54: TCP建链响应时延_seg_4 | E54: B | G54: sum(tcpsetupresponsedelay_cnt_150_200) | J54: 指标 | K54: 无 | L54: >=0
B55: tcpsetupresponsedelay_seg_5 | C55: bigint | D55: TCP建链响应时延_seg_5 | E55: B | G55: sum(tcpsetupresponsedelay_cnt_greater_200) | J55: 指标 | K55: 无 | L55: >=0
B56: tcpsetupackdelay_avg | C56: bigint | D56: TCP建链确认时延_avg | E56: B | G56: sum(tcpsetupackdelay_avg*tcpsetupackdelay_cnt)/sum(tcpsetupackdelay_cnt) | J56: 指标 | K56: ms | L56: >=0
B57: tcpsetupackdelay_seg_1 | C57: bigint | D57: TCP建链确认时延_seg_1 | E57: B | G57: sum(tcpsetupackdelay_cnt_0_50) | J57: 指标 | K57: 无 | L57: >=0
B58: tcpsetupackdelay_seg_2 | C58: bigint | D58: TCP建链确认时延_seg_2 | E58: B | G58: sum(tcpsetupackdelay_cnt_50_100) | J58: 指标 | K58: 无 | L58: >=0
B59: tcpsetupackdelay_seg_3 | C59: bigint | D59: TCP建链确认时延_seg_3 | E59: B | G59: sum(tcpsetupackdelay_cnt_100_150) | J59: 指标 | K59: 无 | L59: >=0
B60: tcpsetupackdelay_seg_4 | C60: bigint | D60: TCP建链确认时延_seg_4 | E60: B | G60: sum(tcpsetupackdelay_cnt_150_200) | J60: 指标 | K60: 无 | L60: >=0
B61: tcpsetupackdelay_seg_5 | C61: bigint | D61: TCP建链确认时延_seg_5 | E61: B | G61: sum(tcpsetupackdelay_cnt_greater_200) | J61: 指标 | K61: 无 | L61: >=0
... B67: tcpsetupdelay_seg_5 | C67: bigint | D67: TCP建立时延_seg_5 | E67: B | G67: sum(tcpsetupdelay_cnt_greater_200) | J67: 指标 | K67: 无 | L67: >=0
B68: p_provincecode | C68: int | D68: 省分区
B69: p_date | C69: string | D69: 天分区

Sheet 37
B1: =HYPERLINK("#导航!a2","返回") -> 返回
B3: 目标表基本信息描述
B4: 主题域 | C4: 目标表英文名 | D4: 目标表中文名 | E4: 数据频度 | F4: 模型主键 | G4: 数据描述 | H4: 推送数据库
B5: 数据感知 | C5: aggr_nr_game_usrappcelarea_d | D5: 5G_game类型用户小区区域app维度天 | E5: 天
B7: 源表基本信息描述
B8: 来源系统 | C8: 源表英文名 | D8: 源表中文名 | E8: 别名 | F8: 任务描述 | G8: 备注 | H8: 是否主表
C9: aggr_nr_usrareatime_cel_refactor_d | D9: 5G_MR用户聚区结果天表 | E9: A | G9: A LEFT JOIN B。关联条件：B.cellkey=A.cellkey and B.supi=A.imsi and B.hour=A.hour and B.quarter=A.quarter | H9: 是
C10: aggr_nr_dpi_game_usrappcel_q | D10: 5G_DPI_game类型用户小区app维度15分钟表 | E10: B | F10: interface=100
B12: 详细字段信息
B13: 详细字段信息
B14: PDM字段英文名 | C14: PDM字段类型 | D14: PDM字段中文名（说明） | E14: 源表名 | F14: 源字段英文名 | G14: 算法加工逻辑 | H14: 关联与过滤条件 | I14: 备注 | J14: 字段属性 | K14: 单位 | L14: 取值范围
B15: day | C15: string | D15: 省编码 | E15: A | F15: day | G15: 直取 | J15: 维度 | K15: 无 | L15: 无
B16: hour | C16: int | D16: 小时 | E16: A | F16: hour | G16: 直取 | J16: 维度 | K16: 无 | L16: 无
B17: quarter | C17: int | D17: 15分钟 | E17: A | F17: quarter | G17: 直取 | J17: 维度 | K17: 无 | L17: 无
B18: imsi | C18: string | D18: 日期 | E18: A | F18: imsi | G18: 直取 | J18: 维度 | K18: 无 | L18: 无
B19: area_id | C19: string | D19: 区域ID | E19: A | F19: area_id | G19: 直取 | J19: 维度 | K19: 无 | L19: 无
B20: area_regionid | C20: string | D20: 区域栅格ID | E20: A | F20: area_regionid | G20: 直取 | J20: 维度 | K20: 无 | L20: 无
B21: area_x_offset_20 | C21: string | D21: 区域栅格坐标x轴偏移 | E21: A | F21: area_x_offset_20 | G21: 直取 | J21: 维度 | K21: 无 | L21: 无
B22: area_y_offset_20 | C22: string | D22: 区域栅格坐标y轴偏移 | E22: A | F22: area_y_offset_20 | G22: 直取 | J22: 维度 | K22: 无 | L22: 无
B23: area_lon | C23: double | D23: 区域经度 | E23: A | F23: area_lon | G23: 直取 | J23: 维度 | K23: 无 | L23: 无
B24: area_lat | C24: double | D24: 区域纬度 | E24: A | F24: area_lat | G24: 直取 | J24: 维度 | K24: 无 | L24: 无
B25: cellkey | C25: string | D25: 小区cellkey | E25: A | F25: cellkey | G25: 直取 | J25: 维度 | K25: 无 | L25: 无
B26: servicetype | C26: int | D26: 业务应用 | E26: B | F26: servicetype | G26: 直取 | J26: 维度 | K26: 无 | L26: 无
B27: duration_sum | C27: bigint | D27: 持续时间，单位毫秒 | E27: B | G27: sum(duration) | J27: 指标 | K27: ms | L27: >=0
B28: outputoctets_sum | C28: bigint | D28: 上行流量(byte) | E28: B | G28: sum(outputoctets) | J28: 指标 | K28: byte | L28: >=0
B29: inputoctets_sum | C29: bigint | D29: 下行流量(byte) | E29: B | G29: sum(inputoctets) | J29: 指标 | K29: byte | L29: >=0
B30: tcpsetupresponsedelay_sum | C30: bigint | D30: TCP建链响应时延_sum | E30: B | G30: sum(tcpsetupresponsedelay_avg*tcpsetupresponsedelay_cnt) | J30: 指标 | K30: ms | L30: >=0
B31: tcpsetupackdelay_sum | C31: bigint | D31: TCP建链确认时延_sum | E31: B | G31: sum(tcpsetupackdelay_avg*tcpsetupackdelay_cnt) | J31: 指标 | K31: ms | L31: >=0
B32: tcpsetupdelay_sum | C32: bigint | D32: TCP建立时延_sum | E32: B | G32: sum(tcpsetupdelay_avg*tcpsetupdelay_cnt) | J32: 指标 | K32: ms | L32: >=0
B33: gameinteractdelay_sum | C33: bigint | D33: 游戏交互时延_sum | E33: B | G33: sum(tcpsetupdelay_avg*tcpsetupdelay_cnt) | J33: 指标 | K33: ms | L33: >=0
B34: times_excellentgamedelay | C34: bigint | D34: 游戏交互时延优秀次数 | E34: B | G34: sum(excellentgamedelay_cnt) | J34: 指标 | K34: 次 | L34: >=0
B35: times_inferiorgamedelay | C35: bigint | D35: 游戏交互时延质差次数 | E35: B | G35: sum(inferiorgamedelay_cnt) | J35: 指标 | K35: 次 | L35: >=0
B36: times_wellgamedelay | C36: bigint | D36: 游戏交互时延良好次数 | E36: B | G36: sum(wellgamedelay_cnt) | J36: 指标 | K36: 次 | L36: >=0
B37: httpwebreqcount | C37: bigint | D37: http请求次数 | E37: B | G37: sum(http_req_cnt) | J37: 指标 | K37: 次 | L37: >=0
B38: httpwebrspcount | C38: bigint | D38: http响应次数 | E38: B | G38: sum(http_succ_cnt) | J38: 指标 | K38: 次 | L38: >=0
... B43: dnsquerydelay_avg | C43: bigint | D43: DNS请求时延_avg | E43: B | G43: sum(dnsresponse_delay*dnsresponse_cnt)/sum(dnsresponse_cnt) | J43: 指标 | K43: ms | L43: >=0
B44: dnsquerydelay_seg_1 | C44: bigint | D44: DNS请求时延_seg_1 | E44: B | G44: 置0 | J44: 指标 | K44: 无 | L44: 0
B45: dnsquerydelay_seg_2 | C45: bigint | D45: DNS请求时延_seg_2 | E45: B | G45: 置0 | J45: 指标 | K45: 无 | L45: 0
B46: dnsquerydelay_seg_3 | C46: bigint | D46: DNS请求时延_seg_3 | E46: B | G46: 置0 | J46: 指标 | K46: 无 | L46: 0
B47: dnsquerydelay_seg_4 | C47: bigint | D47: DNS请求时延_seg_4 | E47: B | G47: 置0 | J47: 指标 | K47: 无 | L47: 0
B48: dnsquerydelay_seg_5 | C48: bigint | D48: DNS请求时延_seg_5 | E48: B | G48: 置0 | J48: 指标 | K48: 无 | L48: 0
B49: tcpsetupresponsedelay_avg | C49: bigint | D49: TCP建链响应时延_avg | E49: B | G49: sum(tcpsetupresponsedelay_avg*tcpsetupresponsedelay_cnt)/sum(tcpsetupresponsedelay_cnt) | J49: 指标 | K49: ms | L49: >=0
B50: tcpsetupresponsedelay_seg_1 | C50: bigint | D50: TCP建链响应时延_seg_1 | E50: B | G50: sum(tcpsetupresponsedelay_cnt_0_50) | J50: 指标 | K50: 无 | L50: >=0
B51: tcpsetupresponsedelay_seg_2 | C51: bigint | D51: TCP建链响应时延_seg_2 | E51: B | G51: sum(tcpsetupresponsedelay_cnt_50_100) | J51: 指标 | K51: 无 | L51: >=0
B52: tcpsetupresponsedelay_seg_3 | C52: bigint | D52: TCP建链响应时延_seg_3 | E52: B | G52: sum(tcpsetupresponsedelay_cnt_100_150) | J52: 指标 | K52: 无 | L52: >=0
B53: tcpsetupresponsedelay_seg_4 | C53: bigint | D53: TCP建链响应时延_seg_4 | E53: B | G53: sum(tcpsetupresponsedelay_cnt_150_200) | J53: 指标 | K53: 无 | L53: >=0
B54: tcpsetupresponsedelay_seg_5 | C54: bigint | D54: TCP建链响应时延_seg_5 | E54: B | G54: sum(tcpsetupresponsedelay_cnt_greater_200) | J54: 指标 | K54: 无 | L54: >=0
B55: tcpsetupackdelay_avg | C55: bigint | D55: TCP建链确认时延_avg | E55: B | G55: sum(tcpsetupackdelay_avg*tcpsetupackdelay_cnt)/sum(tcpsetupackdelay_cnt) | J55: 指标 | K55: ms | L55: >=0
B56: tcpsetupackdelay_seg_1 | C56: bigint | D56: TCP建链确认时延_seg_1 | E56: B | G56: sum(tcpsetupackdelay_cnt_0_50) | J56: 指标 | K56: 无 | L56: >=0
B57: tcpsetupackdelay_seg_2 | C57: bigint | D57: TCP建链确认时延_seg_2 | E57: B | G57: sum(tcpsetupackdelay_cnt_50_100) | J57: 指标 | K57: 无 | L57: >=0
B58: tcpsetupackdelay_seg_3 | C58: bigint | D58: TCP建链确认时延_seg_3 | E58: B | G58: sum(tcpsetupackdelay_cnt_100_150) | J58: 指标 | K58: 无 | L58: >=0
B59: tcpsetupackdelay_seg_4 | C59: bigint | D59: TCP建链确认时延_seg_4 | E59: B | G59: sum(tcpsetupackdelay_cnt_150_200) | J59: 指标 | K59: 无 | L59: >=0
B60: tcpsetupackdelay_seg_5 | C60: bigint | D60: TCP建链确认时延_seg_5 | E60: B | G60: sum(tcpsetupackdelay_cnt_greater_200) | J60: 指标 | K60: 无 | L60: >=0
... B72: gameinteractdelay_seg_5 | C72: bigint | D72: 游戏交互时延_seg_5 | E72: B | G72: sum(tcpsetupdelay_cnt_greater_200) | J72: 指标 | K72: 无 | L72: >=0
B73: p_provincecode | C73: int | D73: 省分区
B74: p_date | C74: string | D74: 天分区

Sheet 39
B1: =HYPERLINK("#导航!a2","返回") -> 返回
B3: 目标表基本信息描述
B4: 主题域 | C4: 目标表英文名 | D4: 目标表中文名 | E4: 数据频度 | F4: 模型主键 | G4: 数据描述 | H4: 推送数据库
B5: 数据感知 | C5: aggr_nr_web_index_reduce_cel_d | D5: 5G_web类型小区指标删减天表 | E5: day
B7: 源表基本信息描述
B8: 来源系统 | C8: 源表英文名 | D8: 源表中文名 | E8: 别名 | F8: 任务描述 | G8: 备注 | H8: 是否主表
C9: aggr_nr_dpi_web_cel_d | D9: 5G_DPI_web小区维度天表 | E9: A | G9: 过滤条件：Interface=100 | H9: 是
B11: 详细字段信息
B12: 详细字段信息
B13: PDM字段英文名 | C13: PDM字段类型 | D13: PDM字段中文名（说明） | E13: 源表名 | F13: 源字段英文名 | G13: 算法加工逻辑 | H13: 关联与过滤条件 | I13: 备注 | J13: 字段属性 | K13: 单位 | L13: 取值范围
B14: clttime | C14: string | D14: 上报时间，具体到天 | E14: A | F14: p_date | G14: 直取 | J14: 维度 | K14: 无 | L14: 无
B15: interface | C15: int | D15: 接口类型：1、S1-U，4、S11，6、S5/S8，100、N3 | E15: A | F15: interface | G15: 直取 | J15: 维度 | K15: 无 | L15: 无
B16: visitedplmnid | C16: string | D16: 拜访网络标识 | E16: A | G16: 置空 | J16: 维度 | K16: 无 | L16: 无
B17: ne_belong | C17: string | D17: 小区网元归属方 | E17: A | G17: 置空 | J17: 维度 | K17: 无 | L17: 无
B18: tai | C18: string | D18: 跟踪区标识 | E18: A | G18: 置空 | J18: 维度 | K18: 无 | L18: 无
B19: nodebid | C19: bigint | D19: 4G eNodeBID/5G gNBID | E19: A | G19: split(cellkey,"_")[0] | J19: 维度 | K19: 无 | L19: 无
B20: cellid | C20: bigint | D20: 小区ID | E20: A | G20: split(cellkey,"_")[1] | J20: 维度 | K20: 无 | L20: 无
B21: province | C21: int | D21: 拜访地省份 | E21: A | F21: p_provincecode | G21: 直取 | J21: 维度 | K21: 无 | L21: 无
B22: city | C22: int | D22: 拜访地地市 | E22: A | F22: citycode | G22: 直取 | J22: 维度 | K22: 无 | L22: 无
B23: area | C23: int | D23: 拜访地区县 | E23: A | F23: districtcode | G23: 直取 | J23: 维度 | K23: 无 | L23: 无
B24: duration_sum | C24: bigint | D24: 持续时间，单位毫秒，根据业务流开始和结束统计得出的时间 | E24: A | G24: sum(duration_sum) | J24: 指标 | K24: ms | L24: >=0
B25: outputoctets_sum | C25: bigint | D25: 上行流量(byte) | E25: A | G25: sum(outputoctets_sum) | J25: 指标 | K25: byte | L25: >=0
B26: inputoctets_sum | C26: bigint | D26: 下行流量(byte) | E26: A | G26: sum(inputoctets_sum) | J26: 指标 | K26: byte | L26: >=0
B27: times_excellentrspdelay | C27: bigint | D27: 首屏时延优秀次数 | E27: A | G27: sum(times_excellentrspdelay) | J27: 指标 | K27: 次 | L27: >=0
B28: times_inferiorrspdelay | C28: bigint | D28: 首屏时延质差次数 | E28: A | G28: sum(times_inferiorrspdelay) | J28: 指标 | K28: 次 | L28: >=0
B29: times_wellrspdelay | C29: bigint | D29: 首屏时延良好次数 | E29: A | G29: sum(times_wellrspdelay) | J29: 指标 | K29: 次 | L29: >=0
B30: times_excellentcmpltdelay | C30: bigint | D30: 打开时延优秀次数 | E30: A | G30: sum(times_excellentcmpltdelay) | J30: 指标 | K30: 次 | L30: >=0
B31: times_inferiorcmpltdelay | C31: bigint | D31: 打开时延质差次数 | E31: A | G31: sum(times_inferiorcmpltdelay) | J31: 指标 | K31: 次 | L31: >=0
B32: times_wellcmpltdelay | C32: bigint | D32: 打开时延良好次数 | E32: A | G32: sum(times_wellcmpltdelay) | J32: 指标 | K32: 次 | L32: >=0
B33: tcpsetupresponsedelay_avg | C33: bigint | D33: TCP建链响应时延_avg | E33: A | G33: sum(tcpsetupresponsedelay_avg*tcpsetupresponsedelay_cnt)/sum(tcpsetupresponsedelay_cnt) | J33: 指标 | K33: ms | L33: >=0
