Workbook
Name DT.10: #REF!
Name DT.11: #REF!
Name vlookup: #REF!
Name 主小区MR详细信息AGPS: #REF!
Name 主小区MR详细信息全量室内外: #REF!

Sheet 0
A1: p_date | B1: p_hour | C1: p_quarter | D1: 类型 | E1: 维度 | F1: 维度说明 | G1: 省份 | H1: 汇聚后记录数 | I1: 时间粒度 | J1: 增加质差定界维度后汇聚记录数
A2: 45735 | B2: 10 | C2: 0 | D2: dns | E2: 详单数据 | F2: 详单数据 | G2: 110000 | H2: 592369026 | I2: quarter
A3: 45735 | B3: 10 | C3: 0 | D3: dns | E3: interface,supi,msisdn,pei,home_province,rattype,ncgi_ecgi,dnn_apn,upfip,servicetype,gnbip,l4protocol,5qi,nssai_sst,nssai_sd,sourceip_type | F3: 基础全维度(含sourceip_type) | G3: 110000 | H3: 48687010 | I3: quarter
A4: 45735 | B4: 10 | C4: 0 | D4: dns | E4: interface,supi,msisdn,pei,home_province,rattype,ncgi_ecgi,dnn_apn,upfip,servicetype,gnbip,l4protocol,5qi,nssai_sst,nssai_sd | F4: 基础全维度(不含sourceip_type) | G4: 110000 | H4: 45759090 | I4: quarter
A5: 45735 | B5: 10 | C5: 0 | D5: dns | E5: usr|app|cel | F5: 用户小区app | G5: 110000 | H5: 37997730 | I5: quarter
A6: 45735 | B6: 10 | C6: / | D6: dns | E6: interface,supi,msisdn,pei,home_province,rattype,ncgi_ecgi,dnn_apn,upfip,servicetype,gnbip,l4protocol,5qi,nssai_sst,nssai_sd,sourceip_type | F6: 基础全维度(含sourceip_type) | G6: 110000 | H6: 155526310 | I6: hour
A7: 45735 | B7: 10 | C7: / | D7: dns | E7: usr|app|cel | F7: 用户小区app | G7: 110000 | H7: 110357808 | I7: hour
A8: 45735 | B8: 10 | C8: 0 | D8: other | E8: 详单数据 | F8: 详单数据 | G8: 110000 | H8: 398259579 | I8: quarter
A9: 45735 | B9: 10 | C9: 0 | D9: other | E9: interface,supi,msisdn,pei,home_province,rattype,ncgi_ecgi,dnn_apn,upfip,servicetype,gnbip,l4protocol,5qi,nssai_sst,nssai_sd,sourceip_type | F9: 基础全维度(含sourceip_type) | G9: 110000 | H9: 37922501 | I9: quarter | J9: 40308104 | K9: =J9/H9 -> 1.0629073
A10: 45735 | B10: 10 | C10: 0 | D10: other | E10: interface,supi,msisdn,pei,home_province,rattype,ncgi_ecgi,dnn_apn,upfip,servicetype,gnbip,l4protocol,5qi,nssai_sst,nssai_sd | F10: 基础全维度(不含sourceip_type) | G10: 110000 | H10: 30356434 | I10: quarter
A11: 45735 | B11: 10 | C11: 0 | D11: other | E11: usr|app|cel | F11: 用户小区app | G11: 110000 | H11: 18777303 | I11: quarter
A12: 45735 | B12: 10 | C12: / | D12: other | E12: interface,supi,msisdn,pei,home_province,rattype,ncgi_ecgi,dnn_apn,upfip,servicetype,gnbip,l4protocol,5qi,nssai_sst,nssai_sd,sourceip_type | F12: 基础全维度(含sourceip_type) | G12: 110000 | H12: 111340755 | I12: hour
A13: 45735 | B13: 10 | C13: / | D13: other | E13: usr|app|cel | F13: 用户小区app | G13: 110000 | H13: 46973226 | I13: hour
A14: 45735 | B14: 10 | C14: / | D14: http | E14: interface,supi,msisdn,pei,home_province,rattype,ncgi_ecgi,dnn_apn,upfip,servicetype,gnbip,l4protocol,5qi,nssai_sst,nssai_sd,sourceip_type | F14: 基础全维度(含sourceip_type) | G14: 110000 | H14: 50135986 | I14: hour
A15: 45735 | B15: 10 | C15: / | D15: http | E15: usr|app|cel | F15: 用户小区app | G15: 110000 | H15: 30660131 | I15: hour
A16: 45735 | B16: 10 | C16: / | D16: https | E16: interface,supi,msisdn,pei,home_province,rattype,ncgi_ecgi,dnn_apn,upfip,servicetype,gnbip,l4protocol,5qi,nssai_sst,nssai_sd,sourceip_type | F16: 基础全维度(含sourceip_type) | G16: 110000 | H16: 146683745 | I16: hour
A17: 45735 | B17: 10 | C17: / | D17: https | E17: usr|app|cel | F17: 用户小区app | G17: 110000 | H17: 90059602 | I17: hour
A18: 45735 | B18: 10 | C18: / | D18: video | E18: interface,supi,msisdn,pei,home_province,rattype,ncgi_ecgi,dnn_apn,upfip,servicetype,gnbip,l4protocol,5qi,nssai_sst,nssai_sd,video_resolution,video_type,sourceip_type | F18: 基础全维度(含sourceip_type) | G18: 110000 | H18: 4946010 | I18: hour
A19: 45735 | B19: 10 | C19: / | D19: video | E19: usr|app|cel | F19: 用户小区app | G19: 110000 | H19: 2467043 | I19: hour
A20: 45735 | B20: 10 | C20: / | D20: N1N2 | E20: p_date,p_hour,p_provincecode,interface,supi,pei,msisdn,rat,home_province,amf_ip_add,gnb_ip_add,other_cell_id,s_nssai_sst,s_nssai_sd,ci,pdu_session_dnn,procedure_type,procedure_status,problem_demarcation,problem_position,failure_cause_type,failure_cause,keyword | F20: 基础全维度(增加procedure_type,procedure_status,keyword,failure_cause_type,failure_cause,问题定界,问题定位维度) | G20: 110000 | H20: 85862767 | I20: hour | J20: =H20/H23 -> 1.717041 | K20: 285973344 | L20: =K20/H20 -> 3.3305862
A21: 45735 | B21: 10 | C21: / | D21: N1N2 | E21: p_date,p_hour,p_provincecode,interface,supi,pei,msisdn,rat,home_province,amf_ip_add,gnb_ip_add,other_cell_id,s_nssai_sst,s_nssai_sd,ci,pdu_session_dnn,procedure_type,procedure_status,problem_demarcation,problem_position,failure_cause_type,failure_cause | F21: 基础全维度(增加procedure_type,procedure_status,failure_cause_type,failure_cause,问题定界,问题定位维度) | G21: 110000 | H21: 81525903 | I21: hour
A22: 45735 | B22: 10 | C22: / | D22: N1N2 | E22: interface,supi,pei,msisdn,rat,home_province,amf_ip_add,gnb_ip_add,other_cell_id,s_nssai_sst,s_nssai_sd,ci,pdu_session_dnn | F22: 基础全维度(增加procedure_type,procedure_status维度) | G22: 110000 | H22: 76910353 | I22: hour
A23: 45735 | B23: 10 | C23: / | D23: N1N2 | E23: interface,supi,pei,msisdn,rat,home_province,amf_ip_add,gnb_ip_add,other_cell_id,s_nssai_sst,s_nssai_sd,ci,pdu_session_dnn | F23: 基础全维度 | G23: 110000 | H23: 50006242 | I23: hour
A24: 45735 | B24: 10 | C24: / | D24: N1N2 | E24: interface,supi,pei,msisdn,home_province,ci | F24: 用户小区 | G24: 110000 | H24: 26938820 | I24: hour

Sheet Sheet1
A1: 表英文名 | B1: 表中文名 | C1: 最小时间分区 | D1: 计算位置 | E1: 是否同步 | F1: 生命周期（存储周期单位：天） | G1: 备注
A2: aggr_nr_dpi_dns_base_q | B2: 5G_DPI_dns基础维度15分钟表 | C2: 15分钟 | D2: 前置 | E2: 是 | F2: 前置：7；核心：14
A3: aggr_nr_dpi_dns_usrappcel_q | B3: 5G_DPI_dns用户小区app维度15分钟表 | C3: 15分钟 | D3: 核心 | E3: / | F3: 14
A4: aggr_nr_dpi_dns_base_h | B4: 5G_DPI_dns基础维度小时表 | C4: 小时 | D4: 核心 | E4: / | F4: 14
A5: aggr_nr_usrarea_dns_cel_refactor_d | B5: 5G_DPI_dns用户小区区域维度天表 | C5: 天 | D5: 核心 | E5: / | F5: 30
A6: aggr_nr_dpi_dns_usrcel_h | B6: 5G_DPI_dns用户小区维度小时表 | C6: 小时 | D6: 核心 | E6: / | F6: 14
A7: aggr_nr_dpi_dns_cel_h | B7: 5G_DPI_dns小区维度小时表 | C7: 小时 | D7: 核心 | E7: / | F7: 14
A8: aggr_nr_dpi_dns_cel_d | B8: 5G_DPI_dns小区维度天表 | C8: 天 | D8: 核心 | E8: / | F8: 30
A9: aggr_nr_dpi_other_base_q | B9: 5G_DPI_other基础维度15分钟表 | C9: 15分钟 | D9: 前置 | E9: 是 | F9: 前置：7；核心：14
A10: aggr_nr_dpi_other_base_h | B10: 5G_DPI_other基础维度小时表 | C10: 小时 | D10: 核心 | E10: / | F10: 14
A11: aggr_nr_dpi_other_base_reduce_h | B11: 5G_DPI_other基础维度共享小时表 | C11: 小时 | D11: 核心 | E11: / | F11: 14
A12: aggr_nr_other_usrappcel_h | B12: 5G_DPI_other用户小区app维度小时表 | C12: 小时 | D12: 核心 | E12: / | F12: 14
A13: aggr_nr_iov_other_usrappcel_refactor_h | B13: 车联网用户5G_DPI_other用户小区app维度小时表 | C13: 小时 | D13: 核心 | E13: / | F13: 14
A14: fact_nr_dpi_n1n2_q | B14: 5G_DPI_N1N2整合层15分钟表 | C14: 15分钟 | D14: 前置 | E14: 否 | F14: 3
A15: aggr_nr_dpi_n1n2_base_q | B15: 5G_DPI_N1N2基础维度15分钟汇聚表(含定界定位) | C15: 15分钟 | D15: 前置 | E15: 是 | F15: 前置：7；核心：14
A16: aggr_nr_resident_usrcel_h | B16: 5G_DPI_N1N2用户驻留小区小时表 | C16: 小时 | D16: 核心 | E16: / | F16: 14
A17: aggr_nr_resident_usrcel_d | B17: 5G_DPI_N1N2用户驻留小区天表 | C17: 天 | D17: 核心 | E17: / | F17: 30
A18: aggr_nr_resident_usrcel_wd | B18: 5G_DPI_N1N2用户常驻小区滚动周表 | C18: 天 | D18: 核心 | E18: / | F18: 30
A19: aggr_nr_dpi_n1n2_failcause_base_h | B19: N1N2接口失败原因基础小时表 | C19: 小时 | D19: 核心 | E19: / | F19: 14
A20: aggr_nr_n1n2_failcause_base_refactor_h | B20: N1N2接口失败原因基础共享小时表 | C20: 小时 | D20: 核心 | E20: / | F20: 14
A21: aggr_nr_dpi_n1n2_base_h | B21: 5G_DPI_N1N2基础维度小时汇聚表(无定界定位) | C21: 小时 | D21: 核心 | E21: / | F21: 14
A22: aggr_nr_dpi_n1n2_index_reduce_base_h | B22: 5G_DPI_N1N2基础维度指标裁剪共享小时表 | C22: 小时 | D22: 核心 | E22: / | F22: 14
A23: aggr_nr_dpi_n1n2_usrcel_h | B23: 5G_DPI_N1N2用户小区维度小时表 | C23: 小时 | D23: 核心 | E23: / | F23: 14
A24: aggr_nr_iov_attach_usrcel_refactor_h | B24: 车联网用户5G_DPI_N1N2用户小区维度附着指标小时表 | C24: 小时 | D24: 核心 | E24: / | F24: 14
A25: aggr_nr_dpi_n1n2_usrcel_d | B25: 5G_DPI_N1N2用户小区维度天表 | C25: 小时 | D25: 核心 | E25: / | F25: 30
A26: aggr_nr_dpi_n1n2_cel_d | B26: 5G_DPI_N1N2小区维度天表 | C26: 天 | D26: 核心 | E26: / | F26: 30
A27: aggr_nr_dpi_n1n2_usr_d | B27: 5G_DPI_N1N2用户维度天表 | C27: 天 | D27: 核心 | E27: / | F27: 30
A28: aggr_nr_copycard_usrgnb_refactor_h | B28: 反诈复制卡用户接入基站清单 | C28: 小时 | D28: 核心 | E28: / | F28: 360 | G28: 数据量很小，反诈要求保存时间长
A29: fact_5g_user_ci_list_refactor_h | B29: 5G DPI主要接口用户小区小时表 | C29: 小时 | D29: 核心 | E29: / | F29: 14

Sheet 导航
A1: 内部编号 | B1: 索引 | C1: 项目名称 | D1: 数据层级 | E1: 主题域 | F1: 表英文名 | G1: 表中文名 | H1: 数据描述 | I1: 汇聚维度 | J1: 数据时间粒度 | K1: 最小时间分区 | L1: 计算位置 | M1: 是否同步 | N1: 生命周期（存储周期单位：天） | O1: 前向表 | P1: 支撑应用/系统 | Q1: 新建/升级 | R1: 备注 | S1: 同步数据库
A2: 1 | B2: =HYPERLINK("#"&A2&"!A1",A2) -> 1 | C2: 网络数据处理系统 | D2: 中间层 | E2: 数据感知 | F2: aggr_nr_dpi_dns_base_q | G2: 5G_DPI_dns基础维度15分钟表 | H2: 5G_DPI_dns基础维度15分钟表 | I2: 用户|小区|app|dnn|切片|源IP类型 | J2: 15分钟 | K2: 15分钟 | L2: 前置 | M2: 是 | N2: 7 | O2: ods_5gdpi_dns_e2e_telecom_origin_q、fact_nr_cm_projdata、lte_cm_projdata、lte_cucc_cm_projdata | Q2: 新建
A3: 0.1 | B3: =HYPERLINK("#"&A3&"!A1",A3) -> 0.1 | C3: 网络数据处理系统 | D3: 整合层 | E3: / | F3: fact_5gdpi_n1n2_customweb_e2e_telecom_h | G3: SA控制面N1N2接口事实表 | H3: =G3 -> SA控制面N1N2接口事实表 | O3: ods_5gdpi_n1n2_e2e_telecom_5min | Q3: 无变更
A4: 0.2 | B4: =HYPERLINK("#"&A4&"!A1",A4) -> 0.2 | C4: 网络数据处理系统 | D4: 整合层 | E4: / | F4: fact_5gdpi_n26_customweb_e2e_telecom_h | G4: SA控制面N26接口事实表 | H4: =G4 -> SA控制面N26接口事实表 | O4: ods_5gdpi_n26_e2e_telecom_q | Q4: 无变更
A5: 0.3 | B5: =HYPERLINK("#"&A5&"!A1",A5) -> 0.3 | C5: 网络数据处理系统 | D5: 整合层 | E5: / | F5: fact_5gdpi_https_customweb_e2e_telecom_h | G5: SA用户面https定制网事实表 | H5: =G5 -> SA用户面https定制网事实表 | O5: ods_5gdpi_https_e2e_telecom_q | Q5: 无变更
A6: 0.4 | B6: =HYPERLINK("#"&A6&"!A1",A6) -> 0.4 | C6: 网络数据处理系统 | D6: 整合层 | E6: / | F6: fact_5gdpi_http_customweb_e2e_telecom_h | G6: SA用户面http定制网事实表 | H6: =G6 -> SA用户面http定制网事实表 | O6: ods_5gdpi_http_e2e_telecom_origin_q | Q6: 无变更
A7: 0.5 | B7: =HYPERLINK("#"&A7&"!A1",A7) -> 0.5 | C7: 网络数据处理系统 | D7: 整合层 | E7: / | F7: fact_5gdpi_email_customweb_e2e_telecom_h | G7: SA用户面email定制网事实表 | H7: =G7 -> SA用户面email定制网事实表 | O7: ods_5gdpi_email_e2e_telecom_q | Q7: 无变更
A8: 0.6 | B8: =HYPERLINK("#"&A8&"!A1",A8) -> 0.6 | C8: 网络数据处理系统 | D8: 整合层 | E8: / | F8: fact_5gdpi_dns_customweb_e2e_telecom_h | G8: SA用户面dns定制网事实表 | H8: =G8 -> SA用户面dns定制网事实表 | O8: ods_5gdpi_dns_e2e_telecom_origin_q | Q8: 无变更
A9: 0.7 | B9: =HYPERLINK("#"&A9&"!A1",A9) -> 0.7 | C9: 网络数据处理系统 | D9: 整合层 | E9: / | F9: fact_5gdpi_coap_customweb_e2e_telecom_h | G9: SA用户面coap定制网事实表 | H9: =G9 -> SA用户面coap定制网事实表 | O9: ods_5gdpi_coap_e2e_telecom_q | Q9: 无变更
A10: 0.8 | B10: =HYPERLINK("#"&A10&"!A1",A10) -> 0.8 | C10: 网络数据处理系统 | D10: 整合层 | E10: / | F10: fact_5gdpi_ftp_customweb_e2e_telecom_h | G10: SA用户面ftp定制网事实表 | H10: =G10 -> SA用户面ftp定制网事实表 | O10: ods_5gdpi_ftp_e2e_telecom_q | Q10: 无变更
A11: 0.9 | B11: =HYPERLINK("#"&A11&"!A1",A11) -> 0.9 | C11: 网络数据处理系统 | D11: 整合层 | E11: / | F11: fact_5gdpi_mqtt_customweb_e2e_telecom_h | G11: SA用户面mqtt定制网事实表 | H11: =G11 -> SA用户面mqtt定制网事实表 | O11: ods_5gdpi_mqtt_e2e_telecom_q | Q11: 无变更
A12: 1.2 | B12: =HYPERLINK("#"&A12&"!A1",A12) -> 1.2 | C12: 网络数据处理系统 | D12: 整合层 | E12: / | F12: fact_5gdpi_other_customweb_e2e_telecom_h | G12: SA用户面other定制网事实表 | H12: =G12 -> SA用户面other定制网事实表 | O12: ods_5gdpi_other_e2e_telecom_q | Q12: 无变更
A13: 1.3 | B13: =HYPERLINK("#"&A13&"!A1",A13) -> 1.3 | C13: 网络数据处理系统 | D13: 整合层 | E13: / | F13: fact_5gdpi_video_customweb_e2e_telecom_h | G13: SA用户面video定制网事实表 | H13: =G13 -> SA用户面video定制网事实表 | O13: ods_5gdpi_video_e2e_telecom_origin_q | Q13: 无变更
A14: 1.4 | B14: =HYPERLINK("#"&A14&"!A1",A14) -> 1.4 | C14: 网络数据处理系统 | D14: 整合层 | E14: / | F14: fact_5gdpi_game_customweb_e2e_telecom_h | G14: SA用户面game定制网事实表 | H14: =G14 -> SA用户面game定制网事实表 | O14: ods_5gdpi_game_e2e_telecom_q | Q14: 无变更
A15: 1.1 | B15: =HYPERLINK("#"&A15&"!A1",A15) -> 1.1 | C15: 网络数据处理系统 | D15: 中间层 | E15: 数据感知 | F15: aggr_nr_dpi_dns_usrappcel_q | G15: 5G_DPI_dns用户小区app维度15分钟表 | H15: 5G_DPI_dns用户小区app维度15分钟表 | I15: 用户|小区|app | J15: 15分钟 | K15: 15分钟 | L15: 核心 | M15: / | N15: 14 | O15: aggr_nr_dpi_dns_base_q | Q15: 新建
A16: 2 | B16: =HYPERLINK("#"&A16&"!A1",A16) -> 2 | C16: 网络数据处理系统 | D16: 中间层 | E16: 数据感知 | F16: aggr_nr_dpi_dns_base_h | G16: 5G_DPI_dns基础维度小时表 | H16: 5G_DPI_dns基础维度小时表 | I16: 用户|小区|app|dnn|切片|源IP类型 | J16: 小时 | K16: 小时 | L16: 核心 | M16: / | N16: 14 | O16: aggr_nr_dpi_dns_base_q | P16: 移动业务感知保障系统 | Q16: 新建 | R16: 对应共享给移动业务感知保障系统aggr_5gdpi_dns_e2e_telecom_share_h
A17: 3 | B17: =HYPERLINK("#"&A17&"!A1",A17) -> 3 | C17: 网络数据处理系统 | D17: 中间层 | E17: 用户级感知 | F17: aggr_nr_usrarea_dns_cel_refactor_d | G17: 5G_DPI_dns用户小区区域维度天表 | H17: 5G_DPI_dns用户小区区域维度天表 | I17: 用户|小区|app|区域 | J17: 15分钟 | K17: 天 | L17: 核心 | M17: / | N17: 30 | O17: aggr_nr_usrareatime_cel_refactor_d、aggr_nr_dpi_dns_usrappcel_q | P17: 建维优 | Q17: 新建(升级) | R17: 只上线用户级感知省份，对应现网aggr_nr_usrarea_dns_cel_d表，字段名称未修改，与现网表字段名称一致
A18: 4 | B18: =HYPERLINK("#"&A18&"!A1",A18) -> 4 | C18: 网络数据处理系统 | D18: 中间层 | E18: 数据感知 | F18: aggr_nr_dpi_dns_usrcel_h | G18: 5G_DPI_dns用户小区维度小时表 | H18: 5G_DPI_dns用户小区维度小时表 | I18: 用户|小区 | J18: 小时 | K18: 小时 | L18: 核心 | M18: / | N18: 14 | O18: aggr_nr_dpi_dns_base_h | Q18: 新建
A19: 5 | B19: =HYPERLINK("#"&A19&"!A1",A19) -> 5 | C19: 网络数据处理系统 | D19: 中间层 | E19: 数据感知 | F19: aggr_nr_dpi_dns_cel_h | G19: 5G_DPI_dns小区维度小时表 | H19: 5G_DPI_dns小区维度小时表 | I19: 小区 | J19: 小时 | K19: 小时 | L19: 核心 | M19: / | N19: 14 | O19: aggr_nr_dpi_dns_usrcel_h | Q19: 新建
A20: 6 | B20: =HYPERLINK("#"&A20&"!A1",A20) -> 6 | C20: 网络数据处理系统 | D20: 中间层 | E20: 数据感知 | F20: aggr_nr_dpi_dns_cel_d | G20: 5G_DPI_dns小区维度天表 | H20: 5G_DPI_dns小区维度天表 | I20: 小区 | J20: 天 | K20: 天 | L20: 核心 | M20: / | N20: 30 | O20: aggr_nr_dpi_dns_cel_h | Q20: 新建 | R20: 对应共享给5GR的表aggr_5gdpi_dns_e2e_telecom_share_d，字段名称与表结构已调整，字段与现网对应关系已标记
A21: 7 | B21: =HYPERLINK("#"&A21&"!A1",A21) -> 7 | C21: 网络数据处理系统 | D21: 中间层 | E21: 数据感知 | F21: aggr_nr_dpi_other_base_q | G21: 5G_DPI_other基础维度15分钟表 | H21: 5G_DPI_other基础维度15分钟表 | I21: 用户|小区|app|dnn|切片|源IP类型 | J21: 15分钟 | K21: 15分钟 | L21: 前置 | M21: 是 | N21: 7 | O21: ods_5gdpi_other_e2e_telecom_q、fact_nr_cm_projdata、lte_cm_projdata、lte_cucc_cm_projdata | Q21: 新建
A22: 8 | B22: =HYPERLINK("#"&A22&"!A1",A22) -> 8 | C22: 网络数据处理系统 | D22: 中间层 | E22: 数据感知 | F22: aggr_nr_dpi_other_base_h | G22: 5G_DPI_other基础维度小时表 | H22: 5G_DPI_other基础维度小时表 | I22: 用户|小区|app|dnn|切片|源IP类型|定界|切片 | J22: 小时 | K22: 小时 | L22: 核心 | M22: / | N22: 14 | O22: aggr_nr_dpi_other_base_q | Q22: 新建
A23: 8.1 | B23: =HYPERLINK("#"&A23&"!A1",A23) -> 8.1 | C23: 网络数据处理系统 | D23: 中间层 | E23: 数据感知 | F23: aggr_nr_dpi_other_base_reduce_h | G23: 5G_DPI_other基础维度共享小时表 | H23: 5G_DPI_other基础维度共享小时表 | I23: 用户|小区|app|dnn|切片|源IP类型 | J23: 小时 | K23: 小时 | L23: 核心 | M23: / | N23: 14 | O23: aggr_nr_dpi_other_base_h | Q23: 新建(升级) | R23: 对应共享给移动业务感知保障系统aggr_5gdpi_other_base_h，字段名称与现网一致,表结构存在字段删减
A24: 9 | B24: =HYPERLINK("#"&A24&"!A1",A24) -> 9 | C24: 网络数据处理系统 | D24: 中间层 | E24: 数据感知 | F24: aggr_nr_other_usrappcel_h | G24: 5G_DPI_other用户小区app维度小时表 | H24: 5G_DPI_other用户小区app维度小时表 | I24: 用户|小区|app | J24: 小时 | K24: 小时 | L24: 核心 | M24: / | N24: 14 | O24: aggr_nr_dpi_other_base_h | Q24: 新建
A25: 10 | B25: =HYPERLINK("#"&A25&"!A1",A25) -> 10 | C25: 网络数据处理系统 | D25: 中间层 | E25: 数据感知 | F25: aggr_nr_iov_other_usrappcel_refactor_h | G25: 车联网用户5G_DPI_other用户小区app维度小时表 | H25: 车联网用户5G_DPI_other用户小区app维度小时表 | I25: 用户|小区|app | J25: 小时 | K25: 小时 | L25: 核心 | M25: / | N25: 14 | O25: aggr_nr_other_usrappcel_h、cfg_dpi_servicetype、cfg_iov_usr_list | Q25: 新建(升级) | R25: 对应共享给车联网aggr_nr_iov_other_usrappcel_h，字段名称及表结构与现网一致
A26: 11.1 | B26: =HYPERLINK("#"&A26&"!A1",A26) -> 11.1 | C26: 网络数据处理系统 | D26: 维度层 | E26: 信令感知 | F26: cfg_n1n2_cause_code_list | G26: n1n2定界定位编码表 | H26: n1n2定界定位编码表 | I26: / | J26: / | K26: / | L26: 前置 | M26: 否 | N26: / | O26: / | Q26: 升级 | R26: 现网表结构已存在，但数据有重复，需对数据删除重复项
A27: 11.2 | B27: =HYPERLINK("#"&A27&"!A1",A27) -> 11.2 | C27: 网络数据处理系统 | D27: 维度层 | E27: 信令感知 | F27: cfg_n1n2_keyword_type | G27: n1n2关键字编码 | H27: n1n2关键字编码 | I27: / | J27: / | K27: / | L27: 前置 | M27: 否 | N27: / | O27: / | Q27: 升级
A28: 11.3 | B28: =HYPERLINK("#"&A28&"!A1",A28) -> 11.3 | C28: 网络数据处理系统 | D28: 维度层 | E28: 信令感知 | F28: cfg_45g_procedure_type | G28: 45G流程码维表 | H28: 45G流程码维表 | I28: / | J28: / | K28: / | L28: 前置 | M28: 否 | N28: / | O28: / | Q28: 升级
A29: 11 | B29: =HYPERLINK("#"&A29&"!A1",A29) -> 11 | C29: 网络数据处理系统 | D29: 整合层 | E29: / | F29: fact_nr_dpi_n1n2_q | G29: 5G_DPI_N1N2整合层15分钟表 | H29: 5G_DPI_N1N2整合层15分钟表 | I29: 详单 | J29: 15分钟 | K29: 15分钟 | L29: 前置 | M29: 否 | N29: 3 | O29: ods_5gdpi_n1n2_e2e_telecom_5min、cfg_45g_procedure_type、cfg_n1n2_cause_code_list、cfg_n1n2_keyword_type、fact_nr_cm_projdata | Q29: 新建
A30: 12 | B30: =HYPERLINK("#"&A30&"!A1",A30) -> 12 | C30: 网络数据处理系统 | D30: 中间层 | E30: 信令感知 | F30: aggr_nr_dpi_n1n2_base_q | G30: 5G_DPI_N1N2基础维度15分钟汇聚表(含定界定位) | H30: 5G_DPI_N1N2基础维度15分钟汇聚表(含定界定位) | I30: 用户|小区|DNN|切片|切换目标小区|流程编码|流程状态|失败原因|keyword|定界|定位 | J30: 15分钟 | K30: 15分钟 | L30: 前置 | M30: 是 | N30: 7 | O30: fact_nr_dpi_n1n2_q | Q30: 新建
A31: 13 | B31: =HYPERLINK("#"&A31&"!A1",A31) -> 13 | C31: 网络数据处理系统 | D31: 中间层 | E31: 用户常驻 | F31: aggr_nr_resident_usrcel_h | G31: 5G_DPI_N1N2用户驻留小区小时表 | H31: 5G_DPI_N1N2用户驻留小区小时表 | I31: 用户|小区 | J31: 小时 | K31: 小时 | L31: 核心 | M31: / | N31: 14 | O31: aggr_nr_dpi_n1n2_base_q、cfg_city | Q31: 新建 | R31: 对应现网aggr_5g_resident_celusr_h
A32: 14 | B32: =HYPERLINK("#"&A32&"!A1",A32) -> 14 | C32: 网络数据处理系统 | D32: 中间层 | E32: 用户常驻 | F32: aggr_nr_resident_usrcel_d | G32: 5G_DPI_N1N2用户驻留小区天表 | H32: 5G_DPI_N1N2用户驻留小区天表 | I32: 用户|小区 | J32: 天 | K32: 天 | L32: 核心 | M32: / | N32: 30 | O32: aggr_nr_resident_usrcel_h | Q32: 新建 | R32: 对应现网aggr_5g_resident_celusr_d
A33: 15 | B33: =HYPERLINK("#"&A33&"!A1",A33) -> 15 | C33: 网络数据处理系统 | D33: 中间层 | E33: 用户常驻 | F33: aggr_nr_resident_usrcel_wd | G33: 5G_DPI_N1N2用户常驻小区滚动周表 | H33: 5G_DPI_N1N2用户常驻小区滚动周表 | I33: 用户|小区 | J33: 天 | K33: 天 | L33: 核心 | M33: / | N33: 30 | O33: aggr_nr_resident_usrcel_d | Q33: 新建 | R33: 对应现网共享核心系统的aggr_5g_resident_celusr_w，字段名称存在变更（字段顺序无变化，相同含义的字段依然占据相同位置），字段与现网对应关系已标记
A34: 16 | B34: =HYPERLINK("#"&A34&"!A1",A34) -> 16 | C34: 网络数据处理系统 | D34: 中间层 | E34: 信令感知 | F34: aggr_nr_dpi_n1n2_failcause_base_h | G34: N1N2接口失败原因基础小时表 | H34: N1N2接口失败原因基础小时表 | I34: 用户|小区|DNN|切片|切换目标小区|流程编码|流程状态|失败原因|keyword|定界|定位 | J34: 小时 | K34: 小时 | L34: 核心 | M34: / | N34: 14 | O34: aggr_nr_dpi_n1n2_base_q | Q34: 新建
A35: 17 | B35: =HYPERLINK("#"&A35&"!A1",A35) -> 17 | C35: 网络数据处理系统 | D35: 中间层 | E35: 信令感知 | F35: aggr_nr_n1n2_failcause_base_refactor_h | G35: N1N2接口失败原因基础共享小时表 | H35: N1N2接口失败原因基础共享小时表 | I35: 用户|小区|DNN|切片|流程编码|失败原因 | J35: 小时 | K35: 小时 | L35: 核心 | M35: / | N35: 14 | O35: aggr_nr_dpi_n1n2_failcause_base_h | Q35: 新建(升级) | R35: 对应共享给移动业务感知保障系统aggr_nr_n1n2_failcause_base_h，字段名称及表结构无变化
A36: 18 | B36: =HYPERLINK("#"&A36&"!A1",A36) -> 18 | C36: 网络数据处理系统 | D36: 中间层 | E36: 信令感知 | F36: aggr_nr_dpi_n1n2_base_h | G36: 5G_DPI_N1N2基础维度小时汇聚表(无定界定位) | H36: 5G_DPI_N1N2基础维度小时汇聚表(无定界定位) | I36: 用户|小区|DNN|切片|切换目标小区 | J36: 小时 | K36: 小时 | L36: 核心 | M36: / | N36: 14 | O36: aggr_nr_dpi_n1n2_base_q、cfg_city | Q36: 新建
A37: 19 | B37: =HYPERLINK("#"&A37&"!A1",A37) -> 19 | C37: 网络数据处理系统 | D37: 中间层 | E37: 信令感知 | F37: aggr_nr_dpi_n1n2_index_reduce_base_h | G37: 5G_DPI_N1N2基础维度指标裁剪共享小时表 | H37: 5G_DPI_N1N2基础维度指标裁剪共享小时表 | I37: 用户|小区|DNN|切片|切换目标小区 | J37: 小时 | K37: 小时 | L37: 核心 | M37: / | N37: 14 | O37: aggr_nr_dpi_n1n2_base_h | Q37: 新建(升级) | R37: 对应共享给移动业务感知保障系统aggr_5gdpi_n1n2_multi_reduce_h，字段名称及表结构无变化
A38: 20 | B38: =HYPERLINK("#"&A38&"!A1",A38) -> 20 | C38: 网络数据处理系统 | D38: 中间层 | E38: 信令感知 | F38: aggr_nr_dpi_n1n2_usrcel_h | G38: 5G_DPI_N1N2用户小区维度小时表 | H38: 5G_DPI_N1N2用户小区维度小时表 | I38: 用户|小区 | J38: 小时 | K38: 小时 | L38: 核心 | M38: / | N38: 14 | O38: aggr_nr_dpi_n1n2_base_h | Q38: 新建
A39: 21 | B39: =HYPERLINK("#"&A39&"!A1",A39) -> 21 | C39: 网络数据处理系统 | D39: 中间层 | E39: 信令感知 | F39: aggr_nr_iov_attach_usrcel_refactor_h | G39: 车联网用户5G_DPI_N1N2用户小区维度附着指标小时表 | H39: 车联网用户5G_DPI_N1N2用户小区维度附着指标小时表 | I39: 用户|小区 | J39: 小时 | K39: 小时 | L39: 核心 | M39: / | N39: 14 | O39: aggr_nr_dpi_n1n2_usrcel_h、cfg_iov_usr_list | Q39: 新建(升级) | R39: 对应共享给车联网aggr_nr_iov_attach_usrcel_h，字段名称及表结构无变化
A40: 22 | B40: =HYPERLINK("#"&A40&"!A1",A40) -> 22 | C40: 网络数据处理系统 | D40: 中间层 | E40: 信令感知 | F40: aggr_nr_dpi_n1n2_usrcel_d | G40: 5G_DPI_N1N2用户小区维度天表 | H40: 5G_DPI_N1N2小区维度小时表 | I40: 小区 | J40: 小时 | K40: 小时 | L40: 核心 | M40: / | N40: 30 | O40: aggr_nr_dpi_n1n2_usrcel_h | Q40: 新建
A41: 24 | B41: =HYPERLINK("#"&A41&"!A1",A41) -> 24 | C41: 网络数据处理系统 | D41: 中间层 | E41: 信令感知 | F41: aggr_nr_dpi_n1n2_cel_d | G41: 5G_DPI_N1N2小区维度天表 | H41: 5G_DPI_N1N2小区维度天表 | I41: 小区 | J41: 天 | K41: 天 | L41: 核心 | M41: / | N41: 30 | O41: aggr_nr_dpi_n1n2_usrcel_d | Q41: 新建
A42: 25 | B42: =HYPERLINK("#"&A42&"!A1",A42) -> 25 | C42: 网络数据处理系统 | D42: 中间层 | E42: 信令感知 | F42: aggr_nr_dpi_n1n2_usr_d | G42: 5G_DPI_N1N2用户维度天表 | H42: 5G_DPI_N1N2用户维度天表 | I42: 用户 | J42: 天 | K42: 天 | L42: 核心 | M42: / | N42: 30 | O42: aggr_nr_dpi_n1n2_usrcel_d | Q42: 新建
A43: 26 | B43: =HYPERLINK("#"&A43&"!A1",A43) -> 26 | C43: 网络数据处理系统 | D43: 中间层 | E43: 信令感知 | F43: aggr_nr_copycard_usrgnb_refactor_h | G43: 反诈复制卡用户接入基站清单 | H43: 反诈复制卡用户接入基站清单 | I43: 用户|基站 | J43: 小时 | K43: 小时 | L43: 核心 | M43: / | N43: 360 | O43: aggr_nr_dpi_n1n2_usrcel_h、fact_nr_cm_projdata | Q43: 新建 | R43: 数据量很小，反诈要求保存时间长

Sheet 1
B1: =HYPERLINK("#导航!a2","返回") -> 返回
B3: 目标表基本信息描述
B4: 主题域 | C4: 目标表英文名 | D4: 目标表中文名 | E4: 数据频度 | F4: 模型主键 | G4: 数据描述 | H4: 推送数据库
B5: 数据感知 | C5: aggr_nr_dpi_dns_base_q | D5: 5G_DPI_dns基础维度15分钟表 | E5: quarter
B7: 源表基本信息描述
B8: 来源系统 | C8: 源表英文名 | D8: 源表中文名 | E8: 别名 | F8: 任务描述 | G8: 备注 | H8: 是否主表
C9: ods_5gdpi_dns_e2e_telecom_origin_q | D9: 5G_DPI_dns贴源层详单表 | E9: A | H9: 是
C10: fact_nr_cm_projdata | D10: 5G电联工参 | E10: B1 | G10: 按照cellkey去重后关联
C11: lte_cm_projdata | D11: 4G电信工参 | E11: B2 | G11: 按照reportcellkey去重后关联
C12: lte_cucc_cm_projdata | D12: 4G联通工参 | E12: B3 | G12: 按照cellkey去重后关联
B14: 详细字段信息
B15: 详细字段信息
B16: PDM字段英文名 | C16: PDM字段类型 | D16: PDM字段中文名（说明） | E16: 源表名 | F16: 源字段英文名 | G16: 算法加工逻辑 | H16: 关联与过滤条件 | I16: 备注 | J16: 字段属性 | K16: 单位 | L16: 取值范围
B17: day | C17: string | D17: 日期 | E17: A | F17: p_date | G17: 直取 | J17: 维度 | K17: 无 | L17: yyyy-mm-dd
B18: hour | C18: int | D18: 小时 | E18: A | F18: p_hour | G18: 直取 | J18: 维度 | K18: 无 | L18: 0~23
B19: quarter | C19: int | D19: 15分钟 | E19: A | F19: p_quarter | G19: 直取 | J19: 维度 | K19: 无 | L19: 0~3
B20: interface | C20: int | D20: 接口类型 | E20: A | F20: interface | G20: 直取 | J20: 维度 | K20: 无 | L20: <=101
B21: rattype | C21: int | D21: 网络类型（4G：6；5G：10） | E21: A | F21: rattype | G21: 直取 | J21: 维度 | K21: 无 | L21: 6,10
B22: provincecode | C22: int | D22: 省编码 | E22: A | F22: p_provincecode | G22: 直取 | J22: 维度 | K22: 无 | L22: 6位数编码
B23: citycode | C23: int | D23: 市编码 | E23: B1|B2|B3 | F23: citycode | G23: 关联工参回填 | J23: 维度 | K23: 无 | L23: 6位数编码
B24: districtcode | C24: int | D24: 区编码 | E24: B1|B2|B3 | F24: districtcode | G24: 关联工参回填 | J24: 维度 | K24: 无 | L24: 6位数编码
B25: province | C25: string | D25: 省名称 | E25: B1|B2|B3 | F25: B1/B2：province B3：province_name | G25: 关联工参回填 | J25: 维度 | K25: 无 | L25: 无
B26: city | C26: string | D26: 地市名称 | E26: B1|B2|B3 | F26: B1/B2：city B3：city_name | G26: 关联工参回填 | J26: 维度 | K26: 无 | L26: 无
B27: district | C27: string | D27: 区县名称 | E27: B1|B2|B3 | F27: B1/B2：district B3：district_name | G27: 关联工参回填 | J27: 维度 | K27: 无 | L27: 无
B28: cellname | C28: string | D28: 小区名称 | E28: B1|B2|B3 | F28: B1/B2：cellname B3：cell_name | G28: 关联工参回填 | J28: 维度 | K28: 无 | L28: 无
B29: cellkey | C29: string | D29: 小区cellkey | E29: A | G29: case when interface=1 then int(substring(ncgi_ecgi,6)/256) when (interface=100 or interface=101) then int(substring(ncgi_ecgi,6)/4096) else null end as gnbid case when interface=1 then int(substring(ncgi_ecgi,6)%256) when (interface=100 or interface=101) then int(substring(ncgi_ecgi,6)%4096) else null end as cellid | I29: ncgi_ecgi： 4601131689682943 | J29: 维度 | K29: 无 | L29: 无
B30: tai | C30: string | D30: 跟踪区标识 | E30: A | F30: tai | G30: 直取 | I30: tai：460-11-8527873 | J30: 维度 | K30: 无 | L30: 无
B31: supi | C31: string | D31: 用户imsi | E31: A | F31: supi | G31: 直取 | J31: 维度 | K31: 无 | L31: 无
B32: msisdn | C32: string | D32: 用户号码 | E32: A | G32: regexp_replace(trim(msisdn),'^86','') | J32: 维度 | K32: 无 | L32: 无
B33: pei | C33: string | D33: 用户终端 | E33: A | F33: pei | G33: 直取 | J33: 维度 | K33: 无 | L33: 无
B34: dnn_apn | C34: string | D34: 网络接入技术 | E34: A | F34: dnn_apn | G34: 直取 | J34: 维度 | K34: 无 | L34: 无
B35: upfip | C35: string | D35: UPF的IPv4或IPv6地址 | E35: A | F35: upfip | G35: 直取 | J35: 维度 | K35: 无 | L35: 无
B36: servicetype | C36: string | D36: 业务应用 | E36: A | F36: servicetype | G36: 直取 | J36: 维度 | K36: 无 | L36: 无
B37: gnbip | C37: string | D37: gNB的IPv4或IPv6地址 | E37: A | F37: gnbip | G37: 直取 | J37: 维度 | K37: 无 | L37: 无
B38: home_province | C38: string | D38: 归属省份 | E38: A | F38: home_province | G38: 直取 | J38: 维度 | K38: 无 | L38: 6位数编码
B39: nssai_sst | C39: string | D39: Slice Service Type (SST) | E39: A | F39: nssai_sst | G39: 直取 | J39: 维度 | K39: 无 | L39: 无
B40: nssai_sd | C40: string | D40: Slice Differentiator（SD） | E40: A | F40: nssai_sd | G40: 直取 | J40: 维度 | K40: 无 | L40: 无
B41: l4protocol | C41: int | D41: L4协议类型： 0：TCP；1：UDP | E41: A | F41: l4protocol | G41: 直取 | J41: 维度 | K41: 无 | L41: 0,1
B42: five_qi | C42: int | D42: 服务质量等级标识 | E42: A | F42: 5qi | G42: 直取 | J42: 维度 | K42: 无 | L42: 无
B43: sourceip_type | C43: string | D43: 用户访问外部网络时使用的IP类型（IPv4/IPv6） | E43: A | G43: 根据sourceip字段结果识别 | I43: case when sourceIP regexp '^((25[0-5]|2[0-4]\\d|[01]?\\d\\d?)\\.){3}(25[0-5]|2[0-4]\\d|[01]?\\d\\d?)$' then 'ipv4' when sourceIP regexp '^([\\da-fA-F]{1,4}:){7}[\\da-fA-F]{1,4}$' then 'ipv6' else '' end as sourceip_type | J43: 维度 | K43: 无 | L43: 无
B44: dnssuctime_sum | C44: bigint | D44: DNS查询成功时延_求和 | E44: A | G44: sum(case when reply_code=0 and response_time- query_time>0 and response_time- query_time<30000 then response_time- query_time else null end) | J44: 指标 | K44: 无 | L44: >=0
B45: dnssuc_over2s_cnt | C45: bigint | D45: DNS查询时延>2s次数 | E45: A | G45: sum(case when reply_code=0 and response_time- query_time>2000 then 1 else 0 end) | J45: 指标 | K45: 无 | L45: >=0
B46: replycode1_cnt | C46: bigint | D46: DNS格式错误次数 | E46: A | G46: sum(case when reply_code=1 then 1 else 0 end) | J46: 指标 | K46: 无 | L46: >=0
B47: replycode2_cnt | C47: bigint | D47: DNS服务器错误次数 | E47: A | G47: sum(case when reply_code=2 then 1 else 0 end) | J47: 指标 | K47: 无 | L47: >=0
B48: replycode3_cnt | C48: bigint | D48: DNS域名错误次数 | E48: A | G48: sum(case when reply_code=3 then 1 else 0 end) | J48: 指标 | K48: 无 | L48: >=0
B49: replycode4_cnt | C49: bigint | D49: DNS未实现次数 | E49: A | G49: sum(case when reply_code=4 then 1 else 0 end) | J49: 指标 | K49: 无 | L49: >=0
B50: replycode5_cnt | C50: bigint | D50: DNS服务器拒绝次数 | E50: A | G50: sum(case when reply_code=5 then 1 else 0 end) | J50: 指标 | K50: 无 | L50: >=0
B51: replycode_null_cnt | C51: bigint | D51: DNS无响应次数 | E51: A | G51: sum(case when reply_code is null then 1 else 0 end) | J51: 指标 | K51: 无 | L51: >=0
B52: xdr_suc_cnt | C52: bigint | D52: xdr成功条数 | E52: A | G52: sum(case when tcpconnectstate=0 or sessionstopflag=1 then 1 else 0 end) | J52: 指标 | K52: 无 | L52: >=0
B53: abnormal_cnt | C53: bigint | D53: 质差话单数量 | E53: A | G53: sum(case when tcpsetupresponsedelay>= 110 or tcpsetupackdelay>=110 or ultcp_retranspacket/outputpacket>=0.15 or dltcp_retranspacket/inputpacket>=0.15 then 1 else 0 end) | J53: 指标 | K53: 无 | L53: >=0
B54: dns_query_cnt | C54: int | D54: DNS请求次数 | E54: A | G54: count(1) | J54: 指标 | K54: 无 | L54: >=0
B55: dns_suc_cnt | C55: int | D55: DNS成功次数 | E55: A | G55: sum(case when reply_code=0 then 1 else 0 end) | J55: 指标 | K55: 无 | L55: >=0
... B63: dns_delay_cnt_greater_200 | C63: bigint | D63: DNS查询时延在(200,200000]的次数 | E63: A | G63: sum(case when response_time-query_time>200 and response_time-query_time<=200000 then 1 else 0 end) | J63: 指标 | K63: 无 | L63: >=0
B64: p_provincecode | C64: int | D64: 省分区
B65: p_date | C65: string | D65: 天分区
B66: p_hour | C66: int | D66: 小时分区
B67: p_quarter | C67: int | D67: 15分钟分区

Sheet 0.1
B1: =HYPERLINK("#导航!a2","返回") -> 返回
B3: 目标表基本信息描述
B4: 主题域 | C4: 目标表英文名 | D4: 目标表中文名 | E4: 数据频度 | F4: 模型主键 | G4: 数据描述 | H4: 推送数据库
C5: fact_5gdpi_n1n2_customweb_e2e_telecom_h | D5: SA控制面N1N2接口事实表 | E5: hour
B7: 源表基本信息描述
B8: 来源系统 | C8: 源表英文名 | D8: 源表中文名 | E8: 别名 | F8: 任务描述 | G8: 备注 | H8: 是否主表
C9: ods_5gdpi_n1n2_e2e_telecom_5min | D9: 5G_DPI_n1n2贴源层详表 | E9: A | H9: 是
B11: 详细字段信息
B12: 详细字段信息
B13: PDM字段英文名 | C13: PDM字段类型 | D13: PDM字段中文名（说明） | E13: 源表名 | F13: 源字段英文名 | G13: 算法加工逻辑 | H13: 关联与过滤条件 | I13: 备注 | J13: 字段属性 | K13: 单位 | L13: 取值范围
B14: Interface | C14: int | D14: 必填字段。接口类型： 1：S1-U 2：S1-MME 3：S6a 4：S11 6：S5-C 14：L2TP 16：Gm信令面 28：Gm接口VoLTE会话xDR（Gm Session xDR） 29：Gm接口VoLTE切片xDR（Gm Slice xDR） 31：S1-U接口VoLTE切片xDR（S1-U Slice xDR） 35：Radius 50：N1N2 51：N4 52：N5 53：N7 54：N8 55：N10 56：N11 57：N12 58：N14 59：N15 66：N16 60：N22 61：N26 62：N40 63：N13 100：User Plane（5G SA指N3接口） | E14: A | F14: =B14 -> Interface | G14: 直取 | J14: 详单 | K14: 无 | L14: 无
B15: SUPI | C15: string | D15: 永久用户标识。4G 填写用户IMSI。 | E15: A | F15: =B15 -> SUPI | G15: 直取 | J15: 详单 | K15: 无 | L15: 无
B16: MSISDN | C16: string | D16: 用户号码。 | E16: A | F16: =B16 -> MSISDN | G16: 直取 | J16: 详单 | K16: 无 | L16: 无
B17: Procedure_Type | C17: int | D17: 流程类型编码，具体取值如下： 0： Registration 1： De-registration 2： Service Request 3： UE Configuration Update 4： SMS 30： PDU Session Establishment 31： PDU Session Modification 32： PDU Session Release 60： N2 HO Out 61： N2 HO In 62： N2 HO Cancel 63： Xn HO 64： UE Context Release 73： UE Capability Info Indication 74： UE Radio Capability Check 75： Trace Start 76： Deactivate Trace 77： Cell traffic Trace 78： NG Reset 79： Error indication 80： NG Setup 81： RAN Configuration Update 82： AMF Configuration Update 83： Overload Start 84： Overload Stop | E17: A | F17: =B17 -> Procedure_Type | G17: 直取 | J17: 详单 | K17: 无 | L17: 无
B18: Procedure_Start_Time | C18: bigint | D18: 业务流程开始时间，UTC时间，从1970/1/1 00:00:00开始到当前的毫秒数。 | E18: A | F18: =B18 -> Procedure_Start_Time | G18: 直取 | J18: 详单 | K18: 无 | L18: 无
B19: Procedure_End_Time | C19: bigint | D19: 业务流程结束时间，UTC时间，从1970/1/1 00:00:00开始到当前的毫秒数。 | E19: A | F19: =B19 -> Procedure_End_Time | G19: 直取 | J19: 详单 | K19: 无 | L19: 无
B20: Procedure_Status | C20: int | D20: 流程状态 1：成功； 2：失败； 3：超时 | E20: A | F20: =B20 -> Procedure_Status | G20: 直取 | J20: 详单 | K20: 无 | L20: 无
B21: Failure_Cause_Type | C21: int | D21: 标识流程失败响应消息中cause字段所对应的Cause Group。 失败原因类型，对于5G NAS流程： 1：5GMM 2：5GSM 对于NGAP流程： 1：Radio Network Layer 2：Transport Layer 3：NAS 4：Protocol 5：Misc 对于SMS流程： 1：CP Cause 2：RP Cause | E21: A | F21: =B21 -> Failure_Cause_Type | G21: 直取 | J21: 详单 | K21: 无 | L21: 无
B22: Failure_Cause | C22: int | D22: 流程失败响应消息中的值。 CauseValue，规范参见： > 5GMM具体CauseValue取值参见3GPP 24.501第9.11.3.2节Table 9.11.3.2.1； > 5GSM具体CauseValue取值参见3GPP 24.501第9.11.4.2节Table 9.11.4.2.1； > NGAP具体CauseValue取值参见3GPP 38.413第9.3.1.2节； 详见5.3.2.2.16 | E22: A | F22: =B22 -> Failure_Cause | G22: 直取 | J22: 详单 | K22: 无 | L22: 无
B23: AMF_IP_Add | C23: string | D23: AMF信令面的IP地址； | E23: A | F23: =B23 -> AMF_IP_Add | G23: 直取 | J23: 详单 | K23: 无 | L23: 无
B24: gNB_IP_Add | C24: string | D24: gNodeB信令面的IP地址； | E24: A | F24: =B24 -> gNB_IP_Add | G24: 直取 | J24: 详单 | K24: 无 | L24: 无
B25: PDU_Session_DNN | C25: string | D25: 第1个Date Network Name,取值参考23.003 9.1节 | E25: A | F25: =B25 -> PDU_Session_DNN | G25: 直取 | J25: 详单 | K25: 无 | L25: 无
... B35: s_nssai_sd | C35: string | D35: 网络切片选择辅助信息（切片差分器）。若有多个切片，以“,”分隔。 | E35: A | F35: =B35 -> s_nssai_sd | G35: 直取 | J35: 详单 | K35: 无 | L35: 无
B36: p_provincecode | C36: int | D36: 省分区
B37: p_date | C37: string | D37: 天分区
B38: p_hour | C38: int | D38: 小时分区

Sheet 0.2
B1: =HYPERLINK("#导航!a2","返回") -> 返回
B3: 目标表基本信息描述
B4: 主题域 | C4: 目标表英文名 | D4: 目标表中文名 | E4: 数据频度 | F4: 模型主键 | G4: 数据描述 | H4: 推送数据库
C5: fact_5gdpi_n26_customweb_e2e_telecom_h | D5: SA控制面N26接口事实表 | E5: hour
B7: 源表基本信息描述
B8: 来源系统 | C8: 源表英文名 | D8: 源表中文名 | E8: 别名 | F8: 任务描述 | G8: 备注 | H8: 是否主表
C9: ods_5gdpi_n26_e2e_telecom_q | D9: 5G_DPI_n26贴源层详表 | E9: A | H9: 是
B11: 详细字段信息
B12: 详细字段信息
B13: PDM字段英文名 | C13: PDM字段类型 | D13: PDM字段中文名（说明） | E13: 源表名 | F13: 源字段英文名 | G13: 算法加工逻辑 | H13: 关联与过滤条件 | I13: 备注 | J13: 字段属性 | K13: 单位 | L13: 取值范围
B14: Interface | C14: int | D14: 必填字段。接口类型： 1：S1-U 2：S1-MME 3：S6a 4：S11 6：S5-C 14：L2TP 16：Gm信令面 28：Gm接口VoLTE会话xDR（Gm Session xDR） 29：Gm接口VoLTE切片xDR（Gm Slice xDR） 31：S1-U接口VoLTE切片xDR（S1-U Slice xDR） 35：Radius 50：N1N2 51：N4 52：N5 53：N7 54：N8 55：N10 56：N11 57：N12 58：N14 59：N15 66：N16 60：N22 61：N26 62：N40 63：N13 100：User Plane（5G SA指N3接口） | E14: A | F14: =B14 -> Interface | G14: 直取 | J14: 详单 | K14: 无 | L14: 无
B15: SUPI | C15: string | D15: 永久用户标识。4G 填写用户IMSI。 | E15: A | F15: =B15 -> SUPI | G15: 直取 | J15: 详单 | K15: 无 | L15: 无
B16: MSISDN | C16: string | D16: 用户号码。 | E16: A | F16: =B16 -> MSISDN | G16: 直取 | J16: 详单 | K16: 无 | L16: 无
B17: Procedure_Type | C17: int | D17: 流程类型编码，具体取值如下： 21：Identification Request 22：Context Request 23：Forward Relocation Request 24：Forward Relocation Complete Notification 26：Relocation Cancel Request 27：Configuration Transfer Tunnel | E17: A | F17: =B17 -> Procedure_Type | G17: 直取 | J17: 详单 | K17: 无 | L17: 无
B18: Procedure_Start_Time | C18: bigint | D18: 业务流程开始时间，UTC时间，从1970/1/1 00:00:00开始到当前的毫秒数。 | E18: A | F18: =B18 -> Procedure_Start_Time | G18: 直取 | J18: 详单 | K18: 无 | L18: 无
B19: Procedure_End_Time | C19: bigint | D19: 业务流程结束时间，UTC时间，从1970/1/1 00:00:00开始到当前的毫秒数。 | E19: A | F19: =B19 -> Procedure_End_Time | G19: 直取 | J19: 详单 | K19: 无 | L19: 无
B20: Procedure_Status | C20: int | D20: 流程状态 1：成功； 2：失败； 3：超时； 【处理方式】初始HTTP Request消息后，如果在时间T（默认值为10S）： 收到2XX Response，赋值为1； 收到3XX、4XX、5XX Response，赋值2； 没有收到任何Response消息则赋值3。 | E20: A | F20: =B20 -> Procedure_Status | G20: 直取 | J20: 详单 | K20: 无 | L20: 无
B21: Failure_Cause | C21: int | D21: 首条HTTP Request消息的类型 1：POST 2：PUT 3：GET 4：PATCH 5：DELETE 参见3GPP 29.274第8.4节中Table 8.4-1 | E21: A | F21: =B21 -> Failure_Cause | G21: 直取 | J21: 详单 | K21: 无 | L21: 无
B22: APN | C22: string | D22: APN | E22: A | F22: =B22 -> APN | G22: 直取 | J22: 详单 | K22: 无 | L22: 无
B23: pei | C23: string | D23: 永久设备标识。4G填写IMEI/IMEISV。保持信令抽取的原样，无需进行IMEI和IMEISV间的转化。 | E23: A | F23: =B23 -> pei | G23: 直取 | J23: 详单 | K23: 无 | L23: 无
B24: mme_address | C24: string | D24: MME信令面IP地址。 | E24: A | F24: =B24 -> mme_address | G24: 直取 | J24: 详单 | K24: 无 | L24: 无
B25: amf_address | C25: string | D25: AMF信令面IP地址。 | E25: A | F25: =B25 -> amf_address | G25: 直取 | J25: 详单 | K25: 无 | L25: 无
... B29: cell_id | C29: bigint | D29: 当前小区的ECI | E29: A | F29: =B29 -> cell_id | G29: 直取 | J29: 详单 | K29: 无 | L29: 无
B30: p_provincecode | C30: int | D30: 省分区
B31: p_date | C31: string | D31: 天分区
B32: p_hour | C32: int | D32: 小时分区

Sheet 0.3
B1: =HYPERLINK("#导航!a2","返回") -> 返回
B3: 目标表基本信息描述
B4: 主题域 | C4: 目标表英文名 | D4: 目标表中文名 | E4: 数据频度 | F4: 模型主键 | G4: 数据描述 | H4: 推送数据库
C5: fact_5gdpi_https_customweb_e2e_telecom_h | D5: SA用户面https定制网事实表 | E5: hour
B7: 源表基本信息描述
B8: 来源系统 | C8: 源表英文名 | D8: 源表中文名 | E8: 别名 | F8: 任务描述 | G8: 备注 | H8: 是否主表
C9: ods_5gdpi_https_e2e_telecom_q | D9: 5G_DPI_https贴源层详表 | E9: A | H9: 是
B11: 详细字段信息
B12: 详细字段信息
B13: PDM字段英文名 | C13: PDM字段类型 | D13: PDM字段中文名（说明） | E13: 源表名 | F13: 源字段英文名 | G13: 算法加工逻辑 | H13: 关联与过滤条件 | I13: 备注 | J13: 字段属性 | K13: 单位 | L13: 取值范围
B14: interface | C14: int | D14: 必填字段。接口类型： 1：S1-U 2：S1-MME 3：S6a 4：S11 6：S5-C 14：L2TP 16：Gm信令面 28：Gm接口VoLTE会话xDR（Gm Session xDR） 29：Gm接口VoLTE切片xDR（Gm Slice xDR） 31：S1-U接口VoLTE切片xDR（S1-U Slice xDR） 35：Radius 50：N1N2 51：N4 52：N5 53：N7 54：N8 55：N10 56：N11 57：N12 58：N14 59：N15 66：N16 60：N22 61：N26 62：N40 63：N13 100：User Plane（5G SA指N3接口） | E14: A | F14: =B14 -> interface | G14: 直取 | J14: 详单 | K14: 无 | L14: 无
B15: supi | C15: string | D15: 永久用户标识 | E15: A | F15: =B15 -> supi | G15: 直取 | J15: 详单 | K15: 无 | L15: 无
B16: msisdn | C16: string | D16: 用户号码 | E16: A | F16: =B16 -> msisdn | G16: 直取 | J16: 详单 | K16: 无 | L16: 无
B17: destinationip | C17: string | D17: 用户访问的目标IPv4或IPv6地址 | E17: A | F17: =B17 -> destinationip | G17: 直取 | J17: 详单 | K17: 无 | L17: 无
B18: destinationport | C18: int | D18: 用户访问的目标端口号 | E18: A | F18: =B18 -> destinationport | G18: 直取 | J18: 详单 | K18: 无 | L18: 无
B19: sourceip | C19: string | D19: 用户访问外部网络时使用的IPv4或IPv6地址 | E19: A | F19: =B19 -> sourceip | G19: 直取 | J19: 详单 | K19: 无 | L19: 无
B20: sourceport | C20: int | D20: 用户访问外部网络时使用的端口号 | E20: A | F20: =B20 -> sourceport | G20: 直取 | J20: 详单 | K20: 无 | L20: 无
B21: upfip | C21: string | D21: UPF的IPv4或IPv6地址 | E21: A | F21: =B21 -> upfip | G21: 直取 | J21: 详单 | K21: 无 | L21: 无
B22: ncgi_ecgi | C22: string | D22: NCGI：NR 小区全局标识符，MCC+MNC+NRCELLID； ECGI：E-UTRAN 小区全局标识符，MCC+MNC+CELLID； | E22: A | F22: =B22 -> ncgi_ecgi | G22: 直取 | J22: 详单 | K22: 无 | L22: 无
B23: protocolid | C23: int | D23: 协议类型 | E23: A | F23: =B23 -> protocolid | G23: 直取 | J23: 详单 | K23: 无 | L23: 无
B24: starttime | C24: string | D24: 业务流开始时间，格式为YYYYMMDDhhmmss（24小时制），如果开启中间记录模式，每条记录都填写相同的开始时间。 | E24: A | F24: =B24 -> starttime | G24: 直取 | J24: 详单 | K24: 无 | L24: 无
B25: endtime | C25: string | D25: 业务流结束时间，格式为YYYYMMDDhhmmss（24小时制），如果开启中间记录模式，只在最后一条记录填写结束时间。 | E25: A | F25: =B25 -> endtime | G25: 直取 | J25: 详单 | K25: 无 | L25: 无
... B66: sum_hand_shake_delay | C66: bigint | D66: 加密握手总时延，单位毫秒 | E66: A | F66: =B66 -> sum_hand_shake_delay | G66: 直取 | J66: 详单 | K66: 无 | L66: 无
B67: p_provincecode | C67: int | D67: 省分区
B68: p_date | C68: string | D68: 天分区
B69: p_hour | C69: int | D69: 小时分区

Sheet 0.4
B1: =HYPERLINK("#导航!a2","返回") -> 返回
B3: 目标表基本信息描述
B4: 主题域 | C4: 目标表英文名 | D4: 目标表中文名 | E4: 数据频度 | F4: 模型主键 | G4: 数据描述 | H4: 推送数据库
C5: fact_5gdpi_http_customweb_e2e_telecom_h | D5: SA用户面http定制网事实表 | E5: hour
B7: 源表基本信息描述
B8: 来源系统 | C8: 源表英文名 | D8: 源表中文名 | E8: 别名 | F8: 任务描述 | G8: 备注 | H8: 是否主表
C9: ods_5gdpi_http_e2e_telecom_origin_q | D9: 5G_DPI_http贴源层详表 | E9: A | H9: 是
B11: 详细字段信息
B12: 详细字段信息
B13: PDM字段英文名 | C13: PDM字段类型 | D13: PDM字段中文名（说明） | E13: 源表名 | F13: 源字段英文名 | G13: 算法加工逻辑 | H13: 关联与过滤条件 | I13: 备注 | J13: 字段属性 | K13: 单位 | L13: 取值范围
B14: interface | C14: int | D14: 必填字段。接口类型： 1：S1-U 2：S1-MME 3：S6a 4：S11 6：S5-C 14：L2TP 16：Gm信令面 28：Gm接口VoLTE会话xDR（Gm Session xDR） 29：Gm接口VoLTE切片xDR（Gm Slice xDR） 31：S1-U接口VoLTE切片xDR（S1-U Slice xDR） 35：Radius 50：N1N2 51：N4 52：N5 53：N7 54：N8 55：N10 56：N11 57：N12 58：N14 59：N15 66：N16 60：N22 61：N26 62：N40 63：N13 100：User Plane（5G SA指N3接口） | E14: A | F14: =B14 -> interface | G14: 直取 | J14: 详单 | K14: 无 | L14: 无
B15: supi | C15: string | D15: 永久用户标识 | E15: A | F15: =B15 -> supi | G15: 直取 | J15: 详单 | K15: 无 | L15: 无
B16: msisdn | C16: string | D16: 用户号码 | E16: A | F16: =B16 -> msisdn | G16: 直取 | J16: 详单 | K16: 无 | L16: 无
B17: destinationip | C17: string | D17: 用户访问的目标IPv4或IPv6地址 | E17: A | F17: =B17 -> destinationip | G17: 直取 | J17: 详单 | K17: 无 | L17: 无
B18: destinationport | C18: int | D18: 用户访问的目标端口号 | E18: A | F18: =B18 -> destinationport | G18: 直取 | J18: 详单 | K18: 无 | L18: 无
B19: sourceip | C19: string | D19: 用户访问外部网络时使用的IPv4或IPv6地址 | E19: A | F19: =B19 -> sourceip | G19: 直取 | J19: 详单 | K19: 无 | L19: 无
B20: sourceport | C20: int | D20: 用户访问外部网络时使用的端口号 | E20: A | F20: =B20 -> sourceport | G20: 直取 | J20: 详单 | K20: 无 | L20: 无
B21: upfip | C21: string | D21: UPF的IPv4或IPv6地址 | E21: A | F21: =B21 -> upfip | G21: 直取 | J21: 详单 | K21: 无 | L21: 无
B22: ncgi_ecgi | C22: string | D22: NCGI：NR 小区全局标识符，MCC+MNC+NRCELLID； ECGI：E-UTRAN 小区全局标识符，MCC+MNC+CELLID； | E22: A | F22: =B22 -> ncgi_ecgi | G22: 直取 | J22: 详单 | K22: 无 | L22: 无
B23: protocolid | C23: int | D23: 协议类型 | E23: A | F23: =B23 -> protocolid | G23: 直取 | J23: 详单 | K23: 无 | L23: 无
B24: starttime | C24: string | D24: 业务流开始时间，格式为YYYYMMDDhhmmss（24小时制），如果开启中间记录模式，每条记录都填写相同的开始时间。 | E24: A | F24: =B24 -> starttime | G24: 直取 | J24: 详单 | K24: 无 | L24: 无
B25: endtime | C25: string | D25: 业务流结束时间，格式为YYYYMMDDhhmmss（24小时制），如果开启中间记录模式，只在最后一条记录填写结束时间。 | E25: A | F25: =B25 -> endtime | G25: 直取 | J25: 详单 | K25: 无 | L25: 无
... B67: dnsflow_id | C67: bigint | D67: HTTP流与DNS流的关联ID。无关联流时，此字段填写0 | E67: A | F67: =B67 -> dnsflow_id | G67: 直取 | J67: 详单 | K67: 无 | L67: 无
B68: p_provincecode | C68: int | D68: 省分区
B69: p_date | C69: string | D69: 天分区
B70: p_hour | C70: int | D70: 小时分区

Sheet 0.5
B1: =HYPERLINK("#导航!a2","返回") -> 返回
B3: 目标表基本信息描述
B4: 主题域 | C4: 目标表英文名 | D4: 目标表中文名 | E4: 数据频度 | F4: 模型主键 | G4: 数据描述 | H4: 推送数据库
C5: fact_5gdpi_email_customweb_e2e_telecom_h | D5: SA用户面email定制网事实表 | E5: hour
B7: 源表基本信息描述
B8: 来源系统 | C8: 源表英文名 | D8: 源表中文名 | E8: 别名 | F8: 任务描述 | G8: 备注 | H8: 是否主表
C9: ods_5gdpi_email_e2e_telecom_q | D9: 5G_DPI_email贴源层详表 | E9: A | H9: 是
B11: 详细字段信息
B12: 详细字段信息
B13: PDM字段英文名 | C13: PDM字段类型 | D13: PDM字段中文名（说明） | E13: 源表名 | F13: 源字段英文名 | G13: 算法加工逻辑 | H13: 关联与过滤条件 | I13: 备注 | J13: 字段属性 | K13: 单位 | L13: 取值范围
B14: interface | C14: int | D14: 必填字段。接口类型： 1：S1-U 2：S1-MME 3：S6a 4：S11 6：S5-C 14：L2TP 16：Gm信令面 28：Gm接口VoLTE会话xDR（Gm Session xDR） 29：Gm接口VoLTE切片xDR（Gm Slice xDR） 31：S1-U接口VoLTE切片xDR（S1-U Slice xDR） 35：Radius 50：N1N2 51：N4 52：N5 53：N7 54：N8 55：N10 56：N11 57：N12 58：N14 59：N15 66：N16 60：N22 61：N26 62：N40 63：N13 100：User Plane（5G SA指N3接口） | E14: A | F14: =B14 -> interface | G14: 直取 | J14: 详单 | K14: 无 | L14: 无
B15: supi | C15: string | D15: 永久用户标识 | E15: A | F15: =B15 -> supi | G15: 直取 | J15: 详单 | K15: 无 | L15: 无
B16: msisdn | C16: string | D16: 用户号码 | E16: A | F16: =B16 -> msisdn | G16: 直取 | J16: 详单 | K16: 无 | L16: 无
B17: destinationip | C17: string | D17: 用户访问的目标IPv4或IPv6地址 | E17: A | F17: =B17 -> destinationip | G17: 直取 | J17: 详单 | K17: 无 | L17: 无
B18: destinationport | C18: int | D18: 用户访问的目标端口号 | E18: A | F18: =B18 -> destinationport | G18: 直取 | J18: 详单 | K18: 无 | L18: 无
B19: sourceip | C19: string | D19: 用户访问外部网络时使用的IPv4或IPv6地址 | E19: A | F19: =B19 -> sourceip | G19: 直取 | J19: 详单 | K19: 无 | L19: 无
B20: sourceport | C20: int | D20: 用户访问外部网络时使用的端口号 | E20: A | F20: =B20 -> sourceport | G20: 直取 | J20: 详单 | K20: 无 | L20: 无
B21: upfip | C21: string | D21: UPF的IPv4或IPv6地址 | E21: A | F21: =B21 -> upfip | G21: 直取 | J21: 详单 | K21: 无 | L21: 无
B22: ncgi_ecgi | C22: string | D22: NCGI：NR 小区全局标识符，MCC+MNC+NRCELLID； ECGI：E-UTRAN 小区全局标识符，MCC+MNC+CELLID； | E22: A | F22: =B22 -> ncgi_ecgi | G22: 直取 | J22: 详单 | K22: 无 | L22: 无
B23: protocolid | C23: int | D23: 协议类型 | E23: A | F23: =B23 -> protocolid | G23: 直取 | J23: 详单 | K23: 无 | L23: 无
B24: starttime | C24: string | D24: 业务流开始时间，格式为YYYYMMDDhhmmss（24小时制），如果开启中间记录模式，每条记录都填写相同的开始时间。 | E24: A | F24: =B24 -> starttime | G24: 直取 | J24: 详单 | K24: 无 | L24: 无
B25: endtime | C25: string | D25: 业务流结束时间，格式为YYYYMMDDhhmmss（24小时制），如果开启中间记录模式，只在最后一条记录填写结束时间。 | E25: A | F25: =B25 -> endtime | G25: 直取 | J25: 详单 | K25: 无 | L25: 无
... B58: status | C58: int | D58: 状态PROCEDURE_STATUS=1 成功 | E58: A | F58: =B58 -> status | G58: 直取 | J58: 详单 | K58: 无 | L58: 无
B59: p_provincecode | C59: int | D59: 省分区
B60: p_date | C60: string | D60: 天分区
B61: p_hour | C61: int | D61: 小时分区

Sheet 0.6
B1: =HYPERLINK("#导航!a2","返回") -> 返回
B3: 目标表基本信息描述
B4: 主题域 | C4: 目标表英文名 | D4: 目标表中文名 | E4: 数据频度 | F4: 模型主键 | G4: 数据描述 | H4: 推送数据库
C5: fact_5gdpi_dns_customweb_e2e_telecom_h | D5: SA用户面dns定制网事实表 | E5: hour
B7: 源表基本信息描述
B8: 来源系统 | C8: 源表英文名 | D8: 源表中文名 | E8: 别名 | F8: 任务描述 | G8: 备注 | H8: 是否主表
C9: ods_5gdpi_dns_e2e_telecom_origin_q | D9: 5G_DPI_dns贴源层详表 | E9: A | H9: 是
B11: 详细字段信息
B12: 详细字段信息
B13: PDM字段英文名 | C13: PDM字段类型 | D13: PDM字段中文名（说明） | E13: 源表名 | F13: 源字段英文名 | G13: 算法加工逻辑 | H13: 关联与过滤条件 | I13: 备注 | J13: 字段属性 | K13: 单位 | L13: 取值范围
B14: interface | C14: int | D14: 必填字段。接口类型： 1：S1-U 2：S1-MME 3：S6a 4：S11 6：S5-C 14：L2TP 16：Gm信令面 28：Gm接口VoLTE会话xDR（Gm Session xDR） 29：Gm接口VoLTE切片xDR（Gm Slice xDR） 31：S1-U接口VoLTE切片xDR（S1-U Slice xDR） 35：Radius 50：N1N2 51：N4 52：N5 53：N7 54：N8 55：N10 56：N11 57：N12 58：N14 59：N15 66：N16 60：N22 61：N26 62：N40 63：N13 100：User Plane（5G SA指N3接口） | E14: A | F14: =B14 -> interface | G14: 直取 | J14: 详单 | K14: 无 | L14: 无
B15: supi | C15: string | D15: 永久用户标识 | E15: A | F15: =B15 -> supi | G15: 直取 | J15: 详单 | K15: 无 | L15: 无
B16: msisdn | C16: string | D16: 用户号码 | E16: A | F16: =B16 -> msisdn | G16: 直取 | J16: 详单 | K16: 无 | L16: 无
B17: destinationip | C17: string | D17: 用户访问的目标IPv4或IPv6地址 | E17: A | F17: =B17 -> destinationip | G17: 直取 | J17: 详单 | K17: 无 | L17: 无
B18: destinationport | C18: int | D18: 用户访问的目标端口号 | E18: A | F18: =B18 -> destinationport | G18: 直取 | J18: 详单 | K18: 无 | L18: 无
B19: sourceip | C19: string | D19: 用户访问外部网络时使用的IPv4或IPv6地址 | E19: A | F19: =B19 -> sourceip | G19: 直取 | J19: 详单 | K19: 无 | L19: 无
B20: sourceport | C20: int | D20: 用户访问外部网络时使用的端口号 | E20: A | F20: =B20 -> sourceport | G20: 直取 | J20: 详单 | K20: 无 | L20: 无
B21: upfip | C21: string | D21: UPF的IPv4或IPv6地址 | E21: A | F21: =B21 -> upfip | G21: 直取 | J21: 详单 | K21: 无 | L21: 无
B22: ncgi_ecgi | C22: string | D22: NCGI：NR 小区全局标识符，MCC+MNC+NRCELLID； ECGI：E-UTRAN 小区全局标识符，MCC+MNC+CELLID； | E22: A | F22: =B22 -> ncgi_ecgi | G22: 直取 | J22: 详单 | K22: 无 | L22: 无
B23: protocolid | C23: int | D23: 协议类型 | E23: A | F23: =B23 -> protocolid | G23: 直取 | J23: 详单 | K23: 无 | L23: 无
B24: starttime | C24: string | D24: 业务流开始时间，格式为YYYYMMDDhhmmss（24小时制），如果开启中间记录模式，每条记录都填写相同的开始时间。 | E24: A | F24: =B24 -> starttime | G24: 直取 | J24: 详单 | K24: 无 | L24: 无
B25: endtime | C25: string | D25: 业务流结束时间，格式为YYYYMMDDhhmmss（24小时制），如果开启中间记录模式，只在最后一条记录填写结束时间。 | E25: A | F25: =B25 -> endtime | G25: 直取 | J25: 详单 | K25: 无 | L25: 无
... B65: response_number | C65: int | D65: response_number | E65: A | F65: =B65 -> response_number | G65: 直取 | J65: 详单 | K65: 无 | L65: 无
B66: p_provincecode | C66: int | D66: 省分区
B67: p_date | C67: string | D67: 天分区
B68: p_hour | C68: int | D68: 小时分区

Sheet 0.7
B1: =HYPERLINK("#导航!a2","返回") -> 返回
B3: 目标表基本信息描述
B4: 主题域 | C4: 目标表英文名 | D4: 目标表中文名 | E4: 数据频度 | F4: 模型主键 | G4: 数据描述 | H4: 推送数据库
C5: fact_5gdpi_coap_customweb_e2e_telecom_h | D5: SA用户面coap定制网事实表 | E5: hour
B7: 源表基本信息描述
B8: 来源系统 | C8: 源表英文名 | D8: 源表中文名 | E8: 别名 | F8: 任务描述 | G8: 备注 | H8: 是否主表
C9: ods_5gdpi_coap_e2e_telecom_q | D9: 5G_DPI_coap贴源层详表 | E9: A | H9: 是
B11: 详细字段信息
B12: 详细字段信息
B13: PDM字段英文名 | C13: PDM字段类型 | D13: PDM字段中文名（说明） | E13: 源表名 | F13: 源字段英文名 | G13: 算法加工逻辑 | H13: 关联与过滤条件 | I13: 备注 | J13: 字段属性 | K13: 单位 | L13: 取值范围
B14: interface | C14: int | D14: 必填字段。接口类型： 1：S1-U 2：S1-MME 3：S6a 4：S11 6：S5-C 14：L2TP 16：Gm信令面 28：Gm接口VoLTE会话xDR（Gm Session xDR） 29：Gm接口VoLTE切片xDR（Gm Slice xDR） 31：S1-U接口VoLTE切片xDR（S1-U Slice xDR） 35：Radius 50：N1N2 51：N4 52：N5 53：N7 54：N8 55：N10 56：N11 57：N12 58：N14 59：N15 66：N16 60：N22 61：N26 62：N40 63：N13 100：User Plane（5G SA指N3接口） | E14: A | F14: =B14 -> interface | G14: 直取 | J14: 详单 | K14: 无 | L14: 无
B15: supi | C15: string | D15: 永久用户标识 | E15: A | F15: =B15 -> supi | G15: 直取 | J15: 详单 | K15: 无 | L15: 无
B16: msisdn | C16: string | D16: 用户号码 | E16: A | F16: =B16 -> msisdn | G16: 直取 | J16: 详单 | K16: 无 | L16: 无
B17: destinationip | C17: string | D17: 用户访问的目标IPv4或IPv6地址 | E17: A | F17: =B17 -> destinationip | G17: 直取 | J17: 详单 | K17: 无 | L17: 无
B18: destinationport | C18: int | D18: 用户访问的目标端口号 | E18: A | F18: =B18 -> destinationport | G18: 直取 | J18: 详单 | K18: 无 | L18: 无
B19: sourceip | C19: string | D19: 用户访问外部网络时使用的IPv4或IPv6地址 | E19: A | F19: =B19 -> sourceip | G19: 直取 | J19: 详单 | K19: 无 | L19: 无
B20: sourceport | C20: int | D20: 用户访问外部网络时使用的端口号 | E20: A | F20: =B20 -> sourceport | G20: 直取 | J20: 详单 | K20: 无 | L20: 无
B21: upfip | C21: string | D21: UPF的IPv4或IPv6地址 | E21: A | F21: =B21 -> upfip | G21: 直取 | J21: 详单 | K21: 无 | L21: 无
B22: ncgi_ecgi | C22: string | D22: NCGI：NR 小区全局标识符，MCC+MNC+NRCELLID； ECGI：E-UTRAN 小区全局标识符，MCC+MNC+CELLID； | E22: A | F22: =B22 -> ncgi_ecgi | G22: 直取 | J22: 详单 | K22: 无 | L22: 无
B23: protocolid | C23: int | D23: 协议类型 | E23: A | F23: =B23 -> protocolid | G23: 直取 | J23: 详单 | K23: 无 | L23: 无
B24: starttime | C24: string | D24: 业务流开始时间，格式为YYYYMMDDhhmmss（24小时制），如果开启中间记录模式，每条记录都填写相同的开始时间。 | E24: A | F24: =B24 -> starttime | G24: 直取 | J24: 详单 | K24: 无 | L24: 无
B25: endtime | C25: string | D25: 业务流结束时间，格式为YYYYMMDDhhmmss（24小时制），如果开启中间记录模式，只在最后一条记录填写结束时间。 | E25: A | F25: =B25 -> endtime | G25: 直取 | J25: 详单 | K25: 无 | L25: 无
... B64: destination_uri | C64: string | D64: 用户访问的目标的URI。 | E64: A | F64: =B64 -> destination_uri | G64: 直取 | J64: 详单 | K64: 无 | L64: 无
B65: p_provincecode | C65: int | D65: 省分区
B66: p_date | C66: string | D66: 天分区
B67: p_hour | C67: int | D67: 小时分区

Sheet 0.8
B1: =HYPERLINK("#导航!a2","返回") -> 返回
B3: 目标表基本信息描述
B4: 主题域 | C4: 目标表英文名 | D4: 目标表中文名 | E4: 数据频度 | F4: 模型主键 | G4: 数据描述 | H4: 推送数据库
C5: fact_5gdpi_ftp_customweb_e2e_telecom_h | D5: SA用户面ftp定制网事实表 | E5: hour
B7: 源表基本信息描述
B8: 来源系统 | C8: 源表英文名 | D8: 源表中文名 | E8: 别名 | F8: 任务描述 | G8: 备注 | H8: 是否主表
C9: ods_5gdpi_ftp_e2e_telecom_q | D9: 5G_DPI_ftp贴源层详表 | E9: A | H9: 是
B11: 详细字段信息
B12: 详细字段信息
B13: PDM字段英文名 | C13: PDM字段类型 | D13: PDM字段中文名（说明） | E13: 源表名 | F13: 源字段英文名 | G13: 算法加工逻辑 | H13: 关联与过滤条件 | I13: 备注 | J13: 字段属性 | K13: 单位 | L13: 取值范围
B14: interface | C14: int | D14: 必填字段。接口类型： 1：S1-U 2：S1-MME 3：S6a 4：S11 6：S5-C 14：L2TP 16：Gm信令面 28：Gm接口VoLTE会话xDR（Gm Session xDR） 29：Gm接口VoLTE切片xDR（Gm Slice xDR） 31：S1-U接口VoLTE切片xDR（S1-U Slice xDR） 35：Radius 50：N1N2 51：N4 52：N5 53：N7 54：N8 55：N10 56：N11 57：N12 58：N14 59：N15 66：N16 60：N22 61：N26 62：N40 63：N13 100：User Plane（5G SA指N3接口） | E14: A | F14: =B14 -> interface | G14: 直取 | J14: 详单 | K14: 无 | L14: 无
B15: supi | C15: string | D15: 永久用户标识 | E15: A | F15: =B15 -> supi | G15: 直取 | J15: 详单 | K15: 无 | L15: 无
B16: msisdn | C16: string | D16: 用户号码 | E16: A | F16: =B16 -> msisdn | G16: 直取 | J16: 详单 | K16: 无 | L16: 无
B17: destinationip | C17: string | D17: 用户访问的目标IPv4或IPv6地址 | E17: A | F17: =B17 -> destinationip | G17: 直取 | J17: 详单 | K17: 无 | L17: 无
B18: destinationport | C18: int | D18: 用户访问的目标端口号 | E18: A | F18: =B18 -> destinationport | G18: 直取 | J18: 详单 | K18: 无 | L18: 无
B19: sourceip | C19: string | D19: 用户访问外部网络时使用的IPv4或IPv6地址 | E19: A | F19: =B19 -> sourceip | G19: 直取 | J19: 详单 | K19: 无 | L19: 无
B20: sourceport | C20: int | D20: 用户访问外部网络时使用的端口号 | E20: A | F20: =B20 -> sourceport | G20: 直取 | J20: 详单 | K20: 无 | L20: 无
B21: upfip | C21: string | D21: UPF的IPv4或IPv6地址 | E21: A | F21: =B21 -> upfip | G21: 直取 | J21: 详单 | K21: 无 | L21: 无
B22: ncgi_ecgi | C22: string | D22: NCGI：NR 小区全局标识符，MCC+MNC+NRCELLID； ECGI：E-UTRAN 小区全局标识符，MCC+MNC+CELLID； | E22: A | F22: =B22 -> ncgi_ecgi | G22: 直取 | J22: 详单 | K22: 无 | L22: 无
B23: protocolid | C23: int | D23: 协议类型 | E23: A | F23: =B23 -> protocolid | G23: 直取 | J23: 详单 | K23: 无 | L23: 无
B24: starttime | C24: string | D24: 业务流开始时间，格式为YYYYMMDDhhmmss（24小时制），如果开启中间记录模式，每条记录都填写相同的开始时间。 | E24: A | F24: =B24 -> starttime | G24: 直取 | J24: 详单 | K24: 无 | L24: 无
B25: endtime | C25: string | D25: 业务流结束时间，格式为YYYYMMDDhhmmss（24小时制），如果开启中间记录模式，只在最后一条记录填写结束时间。 | E25: A | F25: =B25 -> endtime | G25: 直取 | J25: 详单 | K25: 无 | L25: 无
... B61: delay | C61: bigint | D61: 时延 | E61: A | F61: =B61 -> delay | G61: 直取 | J61: 详单 | K61: 无 | L61: 无
B62: p_provincecode | C62: int | D62: 省分区
B63: p_date | C63: string | D63: 天分区
B64: p_hour | C64: int | D64: 小时分区

Sheet 0.9
B1: =HYPERLINK("#导航!a2","返回") -> 返回
B3: 目标表基本信息描述
B4: 主题域 | C4: 目标表英文名 | D4: 目标表中文名 | E4: 数据频度 | F4: 模型主键 | G4: 数据描述 | H4: 推送数据库
C5: fact_5gdpi_mqtt_customweb_e2e_telecom_h | D5: SA用户面mqtt定制网事实表 | E5: hour
B7: 源表基本信息描述
B8: 来源系统 | C8: 源表英文名 | D8: 源表中文名 | E8: 别名 | F8: 任务描述 | G8: 备注 | H8: 是否主表
C9: ods_5gdpi_mqtt_e2e_telecom_q | D9: 5G_DPI_mqtt贴源层详表 | E9: A | H9: 是
B11: 详细字段信息
B12: 详细字段信息
B13: PDM字段英文名 | C13: PDM字段类型 | D13: PDM字段中文名（说明） | E13: 源表名 | F13: 源字段英文名 | G13: 算法加工逻辑 | H13: 关联与过滤条件 | I13: 备注 | J13: 字段属性 | K13: 单位 | L13: 取值范围
B14: interface | C14: int | D14: 必填字段。接口类型： 1：S1-U 2：S1-MME 3：S6a 4：S11 6：S5-C 14：L2TP 16：Gm信令面 28：Gm接口VoLTE会话xDR（Gm Session xDR） 29：Gm接口VoLTE切片xDR（Gm Slice xDR） 31：S1-U接口VoLTE切片xDR（S1-U Slice xDR） 35：Radius 50：N1N2 51：N4 52：N5 53：N7 54：N8 55：N10 56：N11 57：N12 58：N14 59：N15 66：N16 60：N22 61：N26 62：N40 63：N13 100：User Plane（5G SA指N3接口） | E14: A | F14: =B14 -> interface | G14: 直取 | J14: 详单 | K14: 无 | L14: 无
B15: supi | C15: string | D15: 永久用户标识 | E15: A | F15: =B15 -> supi | G15: 直取 | J15: 详单 | K15: 无 | L15: 无
B16: msisdn | C16: string | D16: 用户号码 | E16: A | F16: =B16 -> msisdn | G16: 直取 | J16: 详单 | K16: 无 | L16: 无
B17: destinationip | C17: string | D17: 用户访问的目标IPv4或IPv6地址 | E17: A | F17: =B17 -> destinationip | G17: 直取 | J17: 详单 | K17: 无 | L17: 无
B18: destinationport | C18: int | D18: 用户访问的目标端口号 | E18: A | F18: =B18 -> destinationport | G18: 直取 | J18: 详单 | K18: 无 | L18: 无
B19: sourceip | C19: string | D19: 用户访问外部网络时使用的IPv4或IPv6地址 | E19: A | F19: =B19 -> sourceip | G19: 直取 | J19: 详单 | K19: 无 | L19: 无
B20: sourceport | C20: int | D20: 用户访问外部网络时使用的端口号 | E20: A | F20: =B20 -> sourceport | G20: 直取 | J20: 详单 | K20: 无 | L20: 无
B21: upfip | C21: string | D21: UPF的IPv4或IPv6地址 | E21: A | F21: =B21 -> upfip | G21: 直取 | J21: 详单 | K21: 无 | L21: 无
B22: ncgi_ecgi | C22: string | D22: NCGI：NR 小区全局标识符，MCC+MNC+NRCELLID； ECGI：E-UTRAN 小区全局标识符，MCC+MNC+CELLID； | E22: A | F22: =B22 -> ncgi_ecgi | G22: 直取 | J22: 详单 | K22: 无 | L22: 无
B23: protocolid | C23: int | D23: 协议类型 | E23: A | F23: =B23 -> protocolid | G23: 直取 | J23: 详单 | K23: 无 | L23: 无
B24: starttime | C24: string | D24: 业务流开始时间，格式为YYYYMMDDhhmmss（24小时制），如果开启中间记录模式，每条记录都填写相同的开始时间。 | E24: A | F24: =B24 -> starttime | G24: 直取 | J24: 详单 | K24: 无 | L24: 无
B25: endtime | C25: string | D25: 业务流结束时间，格式为YYYYMMDDhhmmss（24小时制），如果开启中间记录模式，只在最后一条记录填写结束时间。 | E25: A | F25: =B25 -> endtime | G25: 直取 | J25: 详单 | K25: 无 | L25: 无
... B62: respdelay | C62: bigint | D62: 响应时延，单位毫秒 | E62: A | F62: =B62 -> respdelay | G62: 直取 | J62: 详单 | K62: 无 | L62: 无
B63: p_provincecode | C63: int | D63: 省分区
B64: p_date | C64: string | D64: 天分区
B65: p_hour | C65: int | D65: 小时分区

Sheet 1.2
B1: =HYPERLINK("#导航!a2","返回") -> 返回
B3: 目标表基本信息描述
B4: 主题域 | C4: 目标表英文名 | D4: 目标表中文名 | E4: 数据频度 | F4: 模型主键 | G4: 数据描述 | H4: 推送数据库
C5: fact_5gdpi_other_customweb_e2e_telecom_h | D5: SA用户面other定制网事实表 | E5: hour
B7: 源表基本信息描述
B8: 来源系统 | C8: 源表英文名 | D8: 源表中文名 | E8: 别名 | F8: 任务描述 | G8: 备注 | H8: 是否主表
C9: ods_5gdpi_other_e2e_telecom_q | D9: 5G_DPI_other贴源层详表 | E9: A | H9: 是
B11: 详细字段信息
B12: 详细字段信息
B13: PDM字段英文名 | C13: PDM字段类型 | D13: PDM字段中文名（说明） | E13: 源表名 | F13: 源字段英文名 | G13: 算法加工逻辑 | H13: 关联与过滤条件 | I13: 备注 | J13: 字段属性 | K13: 单位 | L13: 取值范围
B14: interface | C14: int | D14: 必填字段。接口类型： 1：S1-U 2：S1-MME 3：S6a 4：S11 6：S5-C 14：L2TP 16：Gm信令面 28：Gm接口VoLTE会话xDR（Gm Session xDR） 29：Gm接口VoLTE切片xDR（Gm Slice xDR） 31：S1-U接口VoLTE切片xDR（S1-U Slice xDR） 35：Radius 50：N1N2 51：N4 52：N5 53：N7 54：N8 55：N10 56：N11 57：N12 58：N14 59：N15 66：N16 60：N22 61：N26 62：N40 63：N13 100：User Plane（5G SA指N3接口） | E14: A | F14: =B14 -> interface | G14: 直取 | J14: 详单 | K14: 无 | L14: 无
B15: supi | C15: string | D15: 永久用户标识 | E15: A | F15: =B15 -> supi | G15: 直取 | J15: 详单 | K15: 无 | L15: 无
B16: msisdn | C16: string | D16: 用户号码 | E16: A | F16: =B16 -> msisdn | G16: 直取 | J16: 详单 | K16: 无 | L16: 无
B17: destinationip | C17: string | D17: 用户访问的目标IPv4或IPv6地址 | E17: A | F17: =B17 -> destinationip | G17: 直取 | J17: 详单 | K17: 无 | L17: 无
B18: destinationport | C18: int | D18: 用户访问的目标端口号 | E18: A | F18: =B18 -> destinationport | G18: 直取 | J18: 详单 | K18: 无 | L18: 无
B19: sourceip | C19: string | D19: 用户访问外部网络时使用的IPv4或IPv6地址 | E19: A | F19: =B19 -> sourceip | G19: 直取 | J19: 详单 | K19: 无 | L19: 无
B20: sourceport | C20: int | D20: 用户访问外部网络时使用的端口号 | E20: A | F20: =B20 -> sourceport | G20: 直取 | J20: 详单 | K20: 无 | L20: 无
B21: upfip | C21: string | D21: UPF的IPv4或IPv6地址 | E21: A | F21: =B21 -> upfip | G21: 直取 | J21: 详单 | K21: 无 | L21: 无
B22: ncgi_ecgi | C22: string | D22: NCGI：NR 小区全局标识符，MCC+MNC+NRCELLID； ECGI：E-UTRAN 小区全局标识符，MCC+MNC+CELLID； | E22: A | F22: =B22 -> ncgi_ecgi | G22: 直取 | J22: 详单 | K22: 无 | L22: 无
B23: protocolid | C23: int | D23: 协议类型 | E23: A | F23: =B23 -> protocolid | G23: 直取 | J23: 详单 | K23: 无 | L23: 无
B24: starttime | C24: string | D24: 业务流开始时间，格式为YYYYMMDDhhmmss（24小时制），如果开启中间记录模式，每条记录都填写相同的开始时间。 | E24: A | F24: =B24 -> starttime | G24: 直取 | J24: 详单 | K24: 无 | L24: 无
B25: endtime | C25: string | D25: 业务流结束时间，格式为YYYYMMDDhhmmss（24小时制），如果开启中间记录模式，只在最后一条记录填写结束时间。 | E25: A | F25: =B25 -> endtime | G25: 直取 | J25: 详单 | K25: 无 | L25: 无
... B57: dl_session_ambr | C57: bigint | D57: 下行聚合最大比特率，kbps | E57: A | F57: =B57 -> dl_session_ambr | G57: 直取 | J57: 详单 | K57: 无 | L57: 无
B58: p_provincecode | C58: int | D58: 省分区
B59: p_date | C59: string | D59: 天分区
B60: p_hour | C60: int | D60: 小时分区

Sheet 1.3
B1: =HYPERLINK("#导航!a2","返回") -> 返回
B3: 目标表基本信息描述
B4: 主题域 | C4: 目标表英文名 | D4: 目标表中文名 | E4: 数据频度 | F4: 模型主键 | G4: 数据描述 | H4: 推送数据库
C5: fact_5gdpi_video_customweb_e2e_telecom_h | D5: SA用户面video定制网事实表 | E5: hour
B7: 源表基本信息描述
B8: 来源系统 | C8: 源表英文名 | D8: 源表中文名 | E8: 别名 | F8: 任务描述 | G8: 备注 | H8: 是否主表
C9: ods_5gdpi_video_e2e_telecom_origin_q | D9: 5G_DPI_video贴源层详表 | E9: A | H9: 是
B11: 详细字段信息
B12: 详细字段信息
B13: PDM字段英文名 | C13: PDM字段类型 | D13: PDM字段中文名（说明） | E13: 源表名 | F13: 源字段英文名 | G13: 算法加工逻辑 | H13: 关联与过滤条件 | I13: 备注 | J13: 字段属性 | K13: 单位 | L13: 取值范围
B14: interface | C14: int | D14: 必填字段。接口类型： 1：S1-U 2：S1-MME 3：S6a 4：S11 6：S5-C 14：L2TP 16：Gm信令面 28：Gm接口VoLTE会话xDR（Gm Session xDR） 29：Gm接口VoLTE切片xDR（Gm Slice xDR） 31：S1-U接口VoLTE切片xDR（S1-U Slice xDR） 35：Radius 50：N1N2 51：N4 52：N5 53：N7 54：N8 55：N10 56：N11 57：N12 58：N14 59：N15 66：N16 60：N22 61：N26 62：N40 63：N13 100：User Plane（5G SA指N3接口） | E14: A | F14: =B14 -> interface | G14: 直取 | J14: 详单 | K14: 无 | L14: 无
B15: supi | C15: string | D15: 永久用户标识 | E15: A | F15: =B15 -> supi | G15: 直取 | J15: 详单 | K15: 无 | L15: 无
B16: msisdn | C16: string | D16: 用户号码 | E16: A | F16: =B16 -> msisdn | G16: 直取 | J16: 详单 | K16: 无 | L16: 无
B17: destinationip | C17: string | D17: 用户访问的目标IPv4或IPv6地址 | E17: A | F17: =B17 -> destinationip | G17: 直取 | J17: 详单 | K17: 无 | L17: 无
B18: destinationport | C18: int | D18: 用户访问的目标端口号 | E18: A | F18: =B18 -> destinationport | G18: 直取 | J18: 详单 | K18: 无 | L18: 无
B19: sourceip | C19: string | D19: 用户访问外部网络时使用的IPv4或IPv6地址 | E19: A | F19: =B19 -> sourceip | G19: 直取 | J19: 详单 | K19: 无 | L19: 无
B20: sourceport | C20: int | D20: 用户访问外部网络时使用的端口号 | E20: A | F20: =B20 -> sourceport | G20: 直取 | J20: 详单 | K20: 无 | L20: 无
B21: upfip | C21: string | D21: UPF的IPv4或IPv6地址 | E21: A | F21: =B21 -> upfip | G21: 直取 | J21: 详单 | K21: 无 | L21: 无
B22: ncgi_ecgi | C22: string | D22: NCGI：NR 小区全局标识符，MCC+MNC+NRCELLID； ECGI：E-UTRAN 小区全局标识符，MCC+MNC+CELLID； | E22: A | F22: =B22 -> ncgi_ecgi | G22: 直取 | J22: 详单 | K22: 无 | L22: 无
B23: protocolid | C23: int | D23: 协议类型 | E23: A | F23: =B23 -> protocolid | G23: 直取 | J23: 详单 | K23: 无 | L23: 无
B24: starttime | C24: string | D24: 业务流开始时间，格式为YYYYMMDDhhmmss（24小时制），如果开启中间记录模式，每条记录都填写相同的开始时间。 | E24: A | F24: =B24 -> starttime | G24: 直取 | J24: 详单 | K24: 无 | L24: 无
B25: endtime | C25: string | D25: 业务流结束时间，格式为YYYYMMDDhhmmss（24小时制），如果开启中间记录模式，只在最后一条记录填写结束时间。 | E25: A | F25: =B25 -> endtime | G25: 直取 | J25: 详单 | K25: 无 | L25: 无
... B72: video_resolution | C72: string | D72: 视频分辨率 | E72: A | F72: =B72 -> video_resolution | G72: 直取 | J72: 详单 | K72: 无 | L72: 无
B73: p_provincecode | C73: int | D73: 省分区
B74: p_date | C74: string | D74: 天分区
B75: p_hour | C75: int | D75: 小时分区

Sheet 1.4
B1: =HYPERLINK("#导航!a2","返回") -> 返回
B3: 目标表基本信息描述
B4: 主题域 | C4: 目标表英文名 | D4: 目标表中文名 | E4: 数据频度 | F4: 模型主键 | G4: 数据描述 | H4: 推送数据库
C5: fact_5gdpi_game_customweb_e2e_telecom_h | D5: SA用户面game定制网事实表 | E5: hour
B7: 源表基本信息描述
B8: 来源系统 | C8: 源表英文名 | D8: 源表中文名 | E8: 别名 | F8: 任务描述 | G8: 备注 | H8: 是否主表
C9: ods_5gdpi_game_e2e_telecom_q | D9: 5G_DPI_game贴源层详表 | E9: A | H9: 是
B11: 详细字段信息
B12: 详细字段信息
B13: PDM字段英文名 | C13: PDM字段类型 | D13: PDM字段中文名（说明） | E13: 源表名 | F13: 源字段英文名 | G13: 算法加工逻辑 | H13: 关联与过滤条件 | I13: 备注 | J13: 字段属性 | K13: 单位 | L13: 取值范围
B14: interface | C14: int | D14: 必填字段。接口类型： 1：S1-U 2：S1-MME 3：S6a 4：S11 6：S5-C 14：L2TP 16：Gm信令面 28：Gm接口VoLTE会话xDR（Gm Session xDR） 29：Gm接口VoLTE切片xDR（Gm Slice xDR） 31：S1-U接口VoLTE切片xDR（S1-U Slice xDR） 35：Radius 50：N1N2 51：N4 52：N5 53：N7 54：N8 55：N10 56：N11 57：N12 58：N14 59：N15 66：N16 60：N22 61：N26 62：N40 63：N13 100：User Plane（5G SA指N3接口） | E14: A | F14: =B14 -> interface | G14: 直取 | J14: 详单 | K14: 无 | L14: 无
B15: supi | C15: string | D15: 永久用户标识 | E15: A | F15: =B15 -> supi | G15: 直取 | J15: 详单 | K15: 无 | L15: 无
B16: msisdn | C16: string | D16: 用户号码 | E16: A | F16: =B16 -> msisdn | G16: 直取 | J16: 详单 | K16: 无 | L16: 无
B17: destinationip | C17: string | D17: 用户访问的目标IPv4或IPv6地址 | E17: A | F17: =B17 -> destinationip | G17: 直取 | J17: 详单 | K17: 无 | L17: 无
B18: destinationport | C18: int | D18: 用户访问的目标端口号 | E18: A | F18: =B18 -> destinationport | G18: 直取 | J18: 详单 | K18: 无 | L18: 无
B19: sourceip | C19: string | D19: 用户访问外部网络时使用的IPv4或IPv6地址 | E19: A | F19: =B19 -> sourceip | G19: 直取 | J19: 详单 | K19: 无 | L19: 无
B20: sourceport | C20: int | D20: 用户访问外部网络时使用的端口号 | E20: A | F20: =B20 -> sourceport | G20: 直取 | J20: 详单 | K20: 无 | L20: 无
B21: upfip | C21: string | D21: UPF的IPv4或IPv6地址 | E21: A | F21: =B21 -> upfip | G21: 直取 | J21: 详单 | K21: 无 | L21: 无
B22: ncgi_ecgi | C22: string | D22: NCGI：NR 小区全局标识符，MCC+MNC+NRCELLID； ECGI：E-UTRAN 小区全局标识符，MCC+MNC+CELLID； | E22: A | F22: =B22 -> ncgi_ecgi | G22: 直取 | J22: 详单 | K22: 无 | L22: 无
B23: protocolid | C23: int | D23: 协议类型 | E23: A | F23: =B23 -> protocolid | G23: 直取 | J23: 详单 | K23: 无 | L23: 无
B24: starttime | C24: string | D24: 业务流开始时间，格式为YYYYMMDDhhmmss（24小时制），如果开启中间记录模式，每条记录都填写相同的开始时间。 | E24: A | F24: =B24 -> starttime | G24: 直取 | J24: 详单 | K24: 无 | L24: 无
B25: endtime | C25: string | D25: 业务流结束时间，格式为YYYYMMDDhhmmss（24小时制），如果开启中间记录模式，只在最后一条记录填写结束时间。 | E25: A | F25: =B25 -> endtime | G25: 直取 | J25: 详单 | K25: 无 | L25: 无
... B58: avg_delay | C58: bigint | D58: 平均时延 | E58: A | F58: =B58 -> avg_delay | G58: 直取 | J58: 详单 | K58: 无 | L58: 无
B59: p_provincecode | C59: int | D59: 省分区
B60: p_date | C60: string | D60: 天分区
B61: p_hour | C61: int | D61: 小时分区

Sheet 1.1
B1: =HYPERLINK("#导航!a2","返回") -> 返回
B3: 目标表基本信息描述
B4: 主题域 | C4: 目标表英文名 | D4: 目标表中文名 | E4: 数据频度 | F4: 模型主键 | G4: 数据描述 | H4: 推送数据库
B5: 数据感知 | C5: aggr_nr_dpi_dns_usrappcel_q | D5: 5G_DPI_dns用户小区app维度15分钟表 | E5: quarter
B7: 源表基本信息描述
B8: 来源系统 | C8: 源表英文名 | D8: 源表中文名 | E8: 别名 | F8: 任务描述 | G8: 备注 | H8: 是否主表
C9: aggr_nr_dpi_dns_base_q | D9: 5G_DPI_dns基础维度15分钟表 | E9: A | H9: 是
B11: 详细字段信息
B12: 详细字段信息
B13: PDM字段英文名 | C13: PDM字段类型 | D13: PDM字段中文名（说明） | E13: 源表名 | F13: 源字段英文名 | G13: 算法加工逻辑 | H13: 关联与过滤条件 | I13: 备注 | J13: 字段属性 | K13: 单位 | L13: 取值范围
B14: day | C14: string | D14: 日期 | E14: A | F14: p_date | G14: 直取 | I14: 对应字段：date | J14: 维度 | K14: 无 | L14: yyyy-mm-dd
B15: hour | C15: int | D15: 小时 | E15: A | F15: p_hour | G15: 直取 | I15: 对应字段：hour | J15: 维度 | K15: 无 | L15: 0~23
B16: interface | C16: int | D16: 接口类型 | E16: A | F16: interface | G16: 直取 | I16: 对应字段：interface | J16: 维度 | K16: 无 | L16: 1100101
B17: provincecode | C17: int | D17: 省编码 | E17: A | F17: p_provincecode | G17: 直取 | I17: 对应字段：provincecode | J17: 维度 | K17: 无 | L17: 6位数编码
B18: citycode | C18: int | D18: 市编码 | E18: A | F18: citycode | G18: 直取 | I18: 对应字段：citycode | J18: 维度 | K18: 无 | L18: 6位数编码
B19: districtcode | C19: int | D19: 区编码 | E19: A | F19: districtcode | G19: 直取 | I19: 对应字段：districtcode | J19: 维度 | K19: 无 | L19: 6位数编码
B20: province | C20: string | D20: 省名称 | E20: A | F20: province | G20: 直取 | I20: 对应字段：province | J20: 维度 | K20: 无 | L20: 无
B21: city | C21: string | D21: 地市名称 | E21: A | F21: city | G21: 直取 | I21: 对应字段：city | J21: 维度 | K21: 无 | L21: 无
B22: district | C22: string | D22: 区县名称 | E22: A | F22: district | G22: 直取 | I22: 对应字段：district | J22: 维度 | K22: 无 | L22: 无
B23: cellkey | C23: string | D23: 小区cellkey | E23: A | F23: cellkey | G23: 直取 | I23: 对应字段：cell_key | J23: 维度 | K23: 无 | L23: 无
B24: supi | C24: string | D24: 用户imsi | E24: A | F24: supi | G24: 直取 | I24: 对应字段：supi | J24: 维度 | K24: 无 | L24: 无
B25: msisdn | C25: string | D25: 用户号码 | E25: A | F25: msisdn | G25: 直取 | I25: 对应字段：msisdn | J25: 维度 | K25: 无 | L25: 无
B26: pei | C26: string | D26: 用户终端 | E26: A | F26: pei | G26: 直取 | I26: 对应字段：pei | J26: 维度 | K26: 无 | L26: 无
B27: servicetype | C27: string | D27: 业务应用 | E27: A | F27: servicetype | G27: 直取 | I27: 对应字段：servicetype | J27: 维度 | K27: 无 | L27: 无
B28: abnormal_cnt | C28: bigint | D28: 质差话单数量 | E28: A | G28: sum(abnormal_cnt) | J28: 指标 | K28: 无 | L28: >=0
B29: dns_query_cnt | C29: int | D29: DNS请求次数 | E29: A | G29: sum(dns_query_cnt) | I29: 对应字段：query_dns_cnt | J29: 指标 | K29: 无 | L29: >=0
B30: dns_suc_cnt | C30: int | D30: DNS成功次数 | E30: A | G30: sum(dns_suc_cnt) | I30: 对应字段：query_dns_suc_cnt | J30: 指标 | K30: 无 | L30: >=0
B31: dns_suc_rate | C31: double | D31: DNS查询成功率 | E31: A | G31: sum(dns_suc_cnt)/sum(dns_query_cnt) | I31: 对应字段：query_dns_suc_rate | J31: 指标 | K31: 无 | L31: [0,1]
B32: dns_delay | C32: double | D32: DNS时延 | E32: A | G32: sum(dns_delay*dns_query_cnt)/sum(dns_query_cnt) | J32: 指标 | K32: 无 | L32: >=0
B33: dns_delay_custom | C33: double | D33: DNS时延（剔除时延大于100ms的详单数据） | E33: A | G33: sum(dns_delay_custom*dns_query_cnt)/sum(dns_query_cnt) | I33: 对应字段：dns_query_time_avg | J33: 指标 | K33: 无 | L33: [0,100]
B34: dns_delay_cnt_0_50 | C34: bigint | D34: DNS查询时延在(0,50]的次数 | E34: A | G34: sum(dns_delay_cnt_0_50) | J34: 指标 | K34: 无 | L34: >=0
B35: dns_delay_cnt_50_100 | C35: bigint | D35: DNS查询时延在(50,100]的次数 | E35: A | G35: sum(dns_delay_cnt_50_100) | J35: 指标 | K35: 无 | L35: >=0
B36: dns_delay_cnt_100_150 | C36: bigint | D36: DNS查询时延在(100,150]的次数 | E36: A | G36: sum(dns_delay_cnt_100_150) | J36: 指标 | K36: 无 | L36: >=0
B37: dns_delay_cnt_150_200 | C37: bigint | D37: DNS查询时延在(150,200]的次数 | E37: A | G37: sum(dns_delay_cnt_150_200) | J37: 指标 | K37: 无 | L37: >=0
B38: dns_delay_cnt_greater_200 | C38: bigint | D38: DNS查询时延在(200,200000]的次数 | E38: A | G38: sum(dns_delay_cnt_greater_200) | J38: 指标 | K38: 无 | L38: >=0
B39: p_provincecode | C39: int | D39: 省分区
B40: p_date | C40: string | D40: 天分区
B41: p_hour | C41: int | D41: 小时分区
B42: p_quarter | C42: int | D42: 15分钟分区

Sheet 2
B1: =HYPERLINK("#导航!a2","返回") -> 返回
B3: 目标表基本信息描述
B4: 主题域 | C4: 目标表英文名 | D4: 目标表中文名 | E4: 数据频度 | F4: 模型主键 | G4: 数据描述 | H4: 推送数据库
B5: 数据感知 | C5: aggr_nr_dpi_dns_base_h | D5: 5G_DPI_dns基础维度小时表 | E5: hour | G5: 对应共享给移动业务感知保障系统aggr_5gdpi_dns_e2e_telecom_share_h，字段对应关系如备注，但原有共享表中有三个字段未提供：ncgi、gnbid、cellid
B7: 源表基本信息描述
B8: 来源系统 | C8: 源表英文名 | D8: 源表中文名 | E8: 别名 | F8: 任务描述 | G8: 备注 | H8: 是否主表
C9: aggr_nr_dpi_dns_base_q | D9: 5G_DPI_dns基础维度15分钟表 | E9: A | H9: 是
B11: 详细字段信息
B12: 详细字段信息
B13: PDM字段英文名 | C13: PDM字段类型 | D13: PDM字段中文名（说明） | E13: 源表名 | F13: 源字段英文名 | G13: 算法加工逻辑 | H13: 关联与过滤条件 | I13: 备注 | J13: 字段属性 | K13: 单位 | L13: 取值范围
B14: day | C14: string | D14: 日期 | E14: A | F14: p_date | G14: 直取 | I14: 对应字段：date | J14: 维度 | K14: 无 | L14: yyyy-mm-dd
B15: hour | C15: int | D15: 小时 | E15: A | F15: p_hour | G15: 直取 | I15: 对应字段：hour | J15: 维度 | K15: 无 | L15: 0~23
B16: interface | C16: int | D16: 接口类型 | E16: A | F16: interface | G16: 直取 | I16: 对应字段：interface | J16: 维度 | K16: 无 | L16: <=101
B17: rattype | C17: int | D17: 网络类型（4G：6；5G：10） | E17: A | F17: rattype | G17: 直取 | I17: 对应字段：rattype | J17: 维度 | K17: 无 | L17: 6,10
B18: provincecode | C18: int | D18: 省编码 | E18: A | F18: p_provincecode | G18: 直取 | I18: 对应字段：provincecode | J18: 维度 | K18: 无 | L18: 6位数编码
B19: citycode | C19: int | D19: 市编码 | E19: A | F19: citycode | G19: 直取 | I19: 对应字段：citycode | J19: 维度 | K19: 无 | L19: 6位数编码
B20: districtcode | C20: int | D20: 区编码 | E20: A | F20: districtcode | G20: 直取 | I20: 对应字段：districtcode | J20: 维度 | K20: 无 | L20: 6位数编码
B21: province | C21: string | D21: 省名称 | E21: A | F21: province | G21: 直取 | I21: 对应字段：province | J21: 维度 | K21: 无 | L21: 无
B22: city | C22: string | D22: 地市名称 | E22: A | F22: city | G22: 直取 | I22: 对应字段：city | J22: 维度 | K22: 无 | L22: 无
B23: district | C23: string | D23: 区县名称 | E23: A | F23: district | G23: 直取 | I23: 对应字段：district | J23: 维度 | K23: 无 | L23: 无
B24: cellname | C24: string | D24: 小区名称 | E24: A | F24: cellname | G24: 直取 | I24: 对应字段：celname | J24: 维度 | K24: 无 | L24: 无
B25: cellkey | C25: string | D25: 小区cellkey | E25: A | F25: cellkey | G25: 直取 | I25: 对应字段：cell_key | J25: 维度 | K25: 无 | L25: 无
B26: tai | C26: string | D26: 跟踪区标识 | E26: A | F26: tai | G26: 直取 | I26: 对应字段：tai | J26: 维度 | K26: 无 | L26: 无
B27: visitedplmnid | C27: string | D27: 拜访网络标识 | G27: 直接赋值：'46011' | I27: 对应字段：visitedplmnid | J27: 维度 | K27: 无 | L27: 无
B28: ne_belong | C28: string | D28: 小区网元归属方 | G28: 直接赋值：'电信' | I28: 对应字段：ne_belong | J28: 维度 | K28: 无 | L28: 无
B29: supi | C29: string | D29: 用户imsi | E29: A | F29: supi | G29: 直取 | I29: 对应字段：supi | J29: 维度 | K29: 无 | L29: 无
B30: msisdn | C30: string | D30: 用户号码 | E30: A | F30: msisdn | G30: 直取 | I30: 对应字段：msisdn | J30: 维度 | K30: 无 | L30: 无
B31: pei | C31: string | D31: 用户终端 | E31: A | F31: pei | G31: 直取 | I31: 对应字段：pei | J31: 维度 | K31: 无 | L31: 无
B32: dnn_apn | C32: string | D32: 网络接入技术 | E32: A | F32: dnn_apn | G32: 直取 | I32: 对应字段：dnn_apn | J32: 维度 | K32: 无 | L32: 无
B33: upfip | C33: string | D33: UPF的IPv4或IPv6地址 | E33: A | F33: upfip | G33: 直取 | I33: 对应字段：upfip | J33: 维度 | K33: 无 | L33: 无
B34: servicetype | C34: string | D34: 业务应用 | E34: A | F34: servicetype | G34: 直取 | I34: 对应字段：servicetype | J34: 维度 | K34: 无 | L34: 无
B35: gnbip | C35: string | D35: gNB的IPv4或IPv6地址 | E35: A | F35: gnbip | G35: 直取 | I35: 对应字段：gnbip | J35: 维度 | K35: 无 | L35: 无
B36: home_province | C36: string | D36: 归属省份 | E36: A | F36: home_province | G36: 直取 | I36: 对应字段：home_province | J36: 维度 | K36: 无 | L36: 6位数编码
B37: nssai_sst | C37: string | D37: Slice Service Type (SST) | E37: A | F37: nssai_sst | G37: 直取 | I37: 对应字段：nssai_sst | J37: 维度 | K37: 无 | L37: 无
B38: nssai_sd | C38: string | D38: Slice Differentiator（SD） | E38: A | F38: nssai_sd | G38: 直取 | I38: 对应字段：nssai_sd | J38: 维度 | K38: 无 | L38: 无
B39: l4protocol | C39: int | D39: L4协议类型： 0：TCP；1：UDP | E39: A | F39: l4protocol | G39: 直取 | J39: 维度 | K39: 无 | L39: 0,1
B40: five_qi | C40: int | D40: 服务质量等级标识 | E40: A | F40: five_qi | G40: 直取 | J40: 维度 | K40: 无 | L40: 无
B41: sourceip_type | C41: string | D41: 用户访问外部网络时使用的IP类型（IPv4/IPv6） | E41: A | F41: sourceip_type | G41: 直取 | I41: 对应字段：sourceip | J41: 维度 | K41: 无 | L41: 无
B42: dnssuctime_sum | C42: bigint | D42: DNS查询成功时延_求和 | E42: A | G42: sum(dnssuctime_sum) | I42: 对应字段：dnssuctime_sum | J42: 指标 | K42: 无 | L42: >=0
B43: dnssuc_over2s_cnt | C43: bigint | D43: DNS查询时延>2s次数 | E43: A | G43: sum(dnssuc_over2s_cnt) | I43: 对应字段：dnssuc_over2s_cnt | J43: 指标 | K43: 无 | L43: >=0
B44: replycode1_cnt | C44: bigint | D44: DNS格式错误次数 | E44: A | G44: sum(replycode1_cnt) | I44: 对应字段：replycode1_cnt | J44: 指标 | K44: 无 | L44: >=0
B45: replycode2_cnt | C45: bigint | D45: DNS服务器错误次数 | E45: A | G45: sum(replycode2_cnt) | I45: 对应字段：replycode2_cnt | J45: 指标 | K45: 无 | L45: >=0
B46: replycode3_cnt | C46: bigint | D46: DNS域名错误次数 | E46: A | G46: sum(replycode3_cnt) | I46: 对应字段：replycode3_cnt | J46: 指标 | K46: 无 | L46: >=0
B47: replycode4_cnt | C47: bigint | D47: DNS未实现次数 | E47: A | G47: sum(replycode4_cnt) | I47: 对应字段：replycode4_cnt | J47: 指标 | K47: 无 | L47: >=0
B48: replycode5_cnt | C48: bigint | D48: DNS服务器拒绝次数 | E48: A | G48: sum(replycode5_cnt) | I48: 对应字段：replycode5_cnt | J48: 指标 | K48: 无 | L48: >=0
B49: replycode_null_cnt | C49: bigint | D49: DNS无响应次数 | E49: A | G49: sum(replycode_null_cnt) | I49: 对应字段：replycode_null_cnt | J49: 指标 | K49: 无 | L49: >=0
B50: xdr_suc_cnt | C50: bigint | D50: xdr成功条数 | E50: A | G50: sum(xdr_suc_cnt) | I50: 对应字段：xdr_suc_cnt | J50: 指标 | K50: 无 | L50: >=0
B51: abnormal_cnt | C51: bigint | D51: 质差话单数量 | E51: A | G51: sum(abnormal_cnt) | J51: 指标 | K51: 无 | L51: >=0
B52: dns_query_cnt | C52: int | D52: DNS请求次数 | E52: A | G52: sum(dns_query_cnt) | I52: 对应字段：query_dns_cnt | J52: 指标 | K52: 无 | L52: >=0
B53: dns_suc_cnt | C53: int | D53: DNS成功次数 | E53: A | G53: sum(dns_suc_cnt) | I53: 对应字段：query_dns_suc_cnt | J53: 指标 | K53: 无 | L53: >=0
B54: dns_suc_rate | C54: double | D54: DNS查询成功率 | E54: A | G54: sum(dns_suc_cnt)/sum(dns_query_cnt) | I54: 对应字段：query_dns_suc_rate | J54: 指标 | K54: 无 | L54: [0,1]
B55: dns_delay | C55: double | D55: DNS时延 | E55: A | G55: sum(dns_delay*dns_query_cnt)/sum(dns_query_cnt) | J55: 指标 | K55: 无 | L55: >=0
B56: dns_delay_custom | C56: double | D56: DNS时延（剔除时延大于100ms的详单数据） | E56: A | G56: sum(dns_delay_custom*dns_query_cnt)/sum(dns_query_cnt) | I56: 对应字段：dns_query_time_avg | J56: 指标 | K56: 无 | L56: [0,100]
B57: dns_delay_cnt_0_50 | C57: bigint | D57: DNS查询时延在(0,50]的次数 | E57: A | G57: sum(dns_delay_cnt_0_50) | J57: 指标 | K57: 无 | L57: >=0
B58: dns_delay_cnt_50_100 | C58: bigint | D58: DNS查询时延在(50,100]的次数 | E58: A | G58: sum(dns_delay_cnt_50_100) | J58: 指标 | K58: 无 | L58: >=0
B59: dns_delay_cnt_100_150 | C59: bigint | D59: DNS查询时延在(100,150]的次数 | E59: A | G59: sum(dns_delay_cnt_100_150) | J59: 指标 | K59: 无 | L59: >=0
B60: dns_delay_cnt_150_200 | C60: bigint | D60: DNS查询时延在(150,200]的次数 | E60: A | G60: sum(dns_delay_cnt_150_200) | J60: 指标 | K60: 无 | L60: >=0
B61: dns_delay_cnt_greater_200 | C61: bigint | D61: DNS查询时延在(200,200000]的次数 | E61: A | G61: sum(dns_delay_cnt_greater_200) | J61: 指标 | K61: 无 | L61: >=0
B62: p_provincecode | C62: int | D62: 省分区
B63: p_date | C63: string | D63: 天分区
B64: p_hour | C64: int | D64: 小时分区

Sheet 3
B1: =HYPERLINK("#导航!a2","返回") -> 返回
B3: 目标表基本信息描述
B4: 主题域 | C4: 目标表英文名 | D4: 目标表中文名 | E4: 数据频度 | F4: 模型主键 | G4: 数据描述 | H4: 推送数据库
B5: 用户级感知 | C5: aggr_nr_usrarea_dns_cel_refactor_d | D5: 5G_DPI_dns用户小区区域维度天表 | E5: 天 | G5: 只上线用户级感知省份，对应现网aggr_nr_usrarea_dns_cel_d表，字段名称及表结构未修改，与现网一致
B7: 源表基本信息描述
B8: 来源系统 | C8: 源表英文名 | D8: 源表中文名 | E8: 别名 | F8: 任务描述 | G8: 备注 | H8: 是否主表
C9: aggr_nr_usrareatime_cel_refactor_d | D9: 5G_MR用户聚区小区天表 | E9: A | F9: A left join B，关联条件：b.cellkey=a.cellkey and b.supi=a.imsi and b.hour=a.hour and b.quarter=a.quarter | H9: 是
C10: aggr_nr_dpi_dns_usrappcel_q | D10: 5G_DPI_dns用户小区app维度15分钟表 | E10: B
B12: 详细字段信息
B13: 详细字段信息
B14: PDM字段英文名 | C14: PDM字段类型 | D14: PDM字段中文名（说明） | E14: 源表名 | F14: 源字段英文名 | G14: 算法加工逻辑 | H14: 关联与过滤条件 | I14: 备注 | J14: 字段属性 | K14: 单位 | L14: 取值范围
B15: day | C15: string | D15: 日期 | E15: A | F15: day | G15: 直取 | J15: 维度 | K15: 无 | L15: yyyy-mm-dd
B16: hour | C16: int | D16: 小时 | E16: A | F16: hour | G16: 直取 | J16: 维度 | K16: 无 | L16: 0~23
B17: quarter | C17: int | D17: 15分钟 | E17: A | F17: quarter | G17: 直取 | J17: 维度 | K17: 无 | L17: 0~3
B18: imsi | C18: string | D18: imsi标识 | E18: A | F18: imsi | G18: 直取 | J18: 维度 | K18: 无 | L18: 无
B19: area_id | C19: string | D19: 区域ID | E19: A | F19: area_id | G19: 直取 | J19: 维度 | K19: 无 | L19: 无
B20: area_regionid | C20: string | D20: 区域栅格ID | E20: A | F20: area_regionid | G20: 直取 | J20: 维度 | K20: 无 | L20: 无
B21: area_x_offset_20 | C21: string | D21: 区域栅格X偏移_20 | E21: A | F21: area_x_offset_20 | G21: 直取 | J21: 维度 | K21: 无 | L21: 无
B22: area_y_offset_20 | C22: string | D22: 区域栅格Y偏移_20 | E22: A | F22: area_y_offset_20 | G22: 直取 | J22: 维度 | K22: 无 | L22: 无
B23: area_lon | C23: double | D23: 区域经度 | E23: A | F23: area_lon | G23: 直取 | J23: 维度 | K23: 无 | L23: 无
B24: area_lat | C24: double | D24: 区域纬度 | E24: A | F24: area_lat | G24: 直取 | J24: 维度 | K24: 无 | L24: 无
B25: cellkey | C25: string | D25: 小区cellkey | E25: A | F25: cellkey | G25: 直取 | J25: 维度 | K25: 无 | L25: 无
B26: servicetype | C26: int | D26: 业务小类编码 | E26: B | F26: servicetype | G26: 直取 | J26: 维度 | K26: 无 | L26: 无
B27: dnsqueryreqcount | C27: bigint | D27: DNS查询请求次数 | E27: B | G27: sum(dns_query_cnt) | J27: 指标 | K27: 无 | L27: >=0
B28: dnsqueryrspcount | C28: bigint | D28: DNS查询成功次数 | E28: B | G28: sum(dns_suc_cnt) | J28: 指标 | K28: 无 | L28: >=0
B29: dnsquerytime_avg | C29: bigint | D29: DNS查询时延 | E29: B | G29: sum(dns_suc_cnt)/sum(dns_query_cnt) | J29: 指标 | K29: 无 | L29: [0,1]
B30: dnsquerytime_seg_1 | C30: bigint | D30: DNS查询时延在(0,50]的次数 | E30: B | G30: sum(dns_delay_cnt_0_50) | J30: 指标 | K30: 无 | L30: >=0
B31: dnsquerytime_seg_2 | C31: bigint | D31: DNS查询时延在(50,100]的次数 | E31: B | G31: sum(dns_delay_cnt_50_100) | J31: 指标 | K31: 无 | L31: >=0
B32: dnsquerytime_seg_3 | C32: bigint | D32: DNS查询时延在(100,150]的次数 | E32: B | G32: sum(dns_delay_cnt_100_150) | J32: 指标 | K32: 无 | L32: >=0
B33: dnsquerytime_seg_4 | C33: bigint | D33: DNS查询时延在(150,200]的次数 | E33: B | G33: sum(dns_delay_cnt_150_200) | J33: 指标 | K33: 无 | L33: >=0
B34: dnsquerytime_seg_5 | C34: bigint | D34: DNS查询时延在(200,200000]的次数 | E34: B | G34: sum(dns_delay_cnt_greater_200) | J34: 指标 | K34: 无 | L34: >=0
B35: p_provincecode | C35: int | D35: 省分区
B36: p_date | C36: string | D36: 天分区

Sheet 4
B1: =HYPERLINK("#导航!a2","返回") -> 返回
B3: 目标表基本信息描述
B4: 主题域 | C4: 目标表英文名 | D4: 目标表中文名 | E4: 数据频度 | F4: 模型主键 | G4: 数据描述 | H4: 推送数据库
B5: 数据感知 | C5: aggr_nr_dpi_dns_usrcel_h | D5: 5G_DPI_dns用户小区维度小时表 | E5: hour
B7: 源表基本信息描述
B8: 来源系统 | C8: 源表英文名 | D8: 源表中文名 | E8: 别名 | F8: 任务描述 | G8: 备注 | H8: 是否主表
C9: aggr_nr_dpi_dns_base_h | D9: 5G_DPI_dns基础维度小时表 | E9: A | H9: 是
B11: 详细字段信息
B12: 详细字段信息
B13: PDM字段英文名 | C13: PDM字段类型 | D13: PDM字段中文名（说明） | E13: 源表名 | F13: 源字段英文名 | G13: 算法加工逻辑 | H13: 关联与过滤条件 | I13: 备注 | J13: 字段属性 | K13: 单位 | L13: 取值范围
B14: day | C14: string | D14: 日期 | E14: A | F14: p_date | G14: 直取 | J14: 维度 | K14: 无 | L14: yyyy-mm-dd
B15: hour | C15: int | D15: 小时 | E15: A | F15: p_hour | G15: 直取 | J15: 维度 | K15: 无 | L15: 0~23
B16: interface | C16: int | D16: 接口类型 | E16: A | F16: interface | G16: 直取 | J16: 维度 | K16: 无 | L16: <=101
B17: rattype | C17: int | D17: 网络类型（4G：6；5G：10） | E17: A | F17: rattype | G17: 直取 | J17: 维度 | K17: 无 | L17: 6,10
B18: provincecode | C18: int | D18: 省编码 | E18: A | F18: p_provincecode | G18: 直取 | J18: 维度 | K18: 无 | L18: 6位数编码
B19: citycode | C19: int | D19: 市编码 | E19: A | F19: citycode | G19: 直取 | J19: 维度 | K19: 无 | L19: 6位数编码
B20: districtcode | C20: int | D20: 区编码 | E20: A | F20: districtcode | G20: 直取 | J20: 维度 | K20: 无 | L20: 6位数编码
B21: province | C21: string | D21: 省名称 | E21: A | F21: province | G21: 直取 | J21: 维度 | K21: 无 | L21: 无
B22: city | C22: string | D22: 地市名称 | E22: A | F22: city | G22: 直取 | J22: 维度 | K22: 无 | L22: 无
B23: district | C23: string | D23: 区县名称 | E23: A | F23: district | G23: 直取 | J23: 维度 | K23: 无 | L23: 无
B24: celname | C24: string | D24: 小区名称 | E24: A | F24: celname | G24: 直取 | J24: 维度 | K24: 无 | L24: 无
B25: cellkey | C25: string | D25: 小区cellkey | E25: A | F25: cellkey | G25: 直取 | J25: 维度 | K25: 无 | L25: 无
B26: gnbip | C26: string | D26: gNB的IPv4或IPv6地址 | E26: A | F26: gnbip | G26: 直取 | I26: 对应字段：gnbip | J26: 维度 | K26: 无 | L26: 无
B27: tai | C27: string | D27: 跟踪区标识 | E27: A | F27: tai | G27: 直取 | J27: 维度 | K27: 无 | L27: 无
B28: supi | C28: string | D28: 用户imsi | E28: A | F28: supi | G28: 直取 | J28: 维度 | K28: 无 | L28: 无
B29: msisdn | C29: string | D29: 用户号码 | E29: A | F29: msisdn | G29: 直取 | J29: 维度 | K29: 无 | L29: 无
B30: pei | C30: string | D30: 用户终端 | E30: A | F30: pei | G30: 直取 | J30: 维度 | K30: 无 | L30: 无
B31: home_province | C31: string | D31: 归属省份 | E31: A | F31: home_province | G31: 直取 | J31: 维度 | K31: 无 | L31: 6位数编码
B32: replycode1_cnt | C32: bigint | D32: DNS格式错误次数 | E32: A | G32: sum(replycode1_cnt) | J32: 指标 | K32: 无 | L32: >=0
B33: replycode2_cnt | C33: bigint | D33: DNS服务器错误次数 | E33: A | G33: sum(replycode2_cnt) | J33: 指标 | K33: 无 | L33: >=0
B34: replycode3_cnt | C34: bigint | D34: DNS域名错误次数 | E34: A | G34: sum(replycode3_cnt) | J34: 指标 | K34: 无 | L34: >=0
B35: replycode4_cnt | C35: bigint | D35: DNS未实现次数 | E35: A | G35: sum(replycode4_cnt) | J35: 指标 | K35: 无 | L35: >=0
B36: replycode5_cnt | C36: bigint | D36: DNS服务器拒绝次数 | E36: A | G36: sum(replycode5_cnt) | J36: 指标 | K36: 无 | L36: >=0
B37: replycode_null_cnt | C37: bigint | D37: DNS无响应次数 | E37: A | G37: sum(replycode_null_cnt) | J37: 指标 | K37: 无 | L37: >=0
B38: abnormal_cnt | C38: bigint | D38: 质差话单数量 | E38: A | G38: sum(abnormal_cnt) | J38: 指标 | K38: 无 | L38: >=0
B39: dns_query_cnt | C39: int | D39: DNS请求次数 | E39: A | G39: sum(dns_query_cnt) | J39: 指标 | K39: 无 | L39: >=0
B40: dns_suc_cnt | C40: int | D40: DNS成功次数 | E40: A | G40: sum(dns_suc_cnt) | J40: 指标 | K40: 无 | L40: >=0
B41: dns_suc_rate | C41: double | D41: DNS查询成功率 | E41: A | G41: sum(dns_suc_cnt)/sum(dns_query_cnt) | J41: 指标 | K41: 无 | L41: [0,1]
B42: dns_delay | C42: double | D42: DNS时延 | E42: A | G42: sum(dns_delay*dns_query_cnt)/sum(dns_query_cnt) | J42: 指标 | K42: 无 | L42: >=0
B43: dns_delay_custom | C43: double | D43: DNS时延（剔除时延大于100ms的详单数据） | E43: A | G43: sum(dns_delay_custom*dns_query_cnt)/sum(dns_query_cnt) | J43: 指标 | K43: 无 | L43: [0,100]
... B48: dns_delay_cnt_greater_200 | C48: bigint | D48: DNS查询时延在(200,200000]的次数 | E48: A | G48: sum(dns_delay_cnt_greater_200) | J48: 指标 | K48: 无 | L48: >=0
B49: p_provincecode | C49: int | D49: 省分区
B50: p_date | C50: string | D50: 天分区
B51: p_hour | C51: int | D51: 小时分区

Sheet 5
B1: =HYPERLINK("#导航!a2","返回") -> 返回
B3: 目标表基本信息描述
B4: 主题域 | C4: 目标表英文名 | D4: 目标表中文名 | E4: 数据频度 | F4: 模型主键 | G4: 数据描述 | H4: 推送数据库
B5: 数据感知 | C5: aggr_nr_dpi_dns_cel_h | D5: 5G_DPI_dns小区维度小时表 | E5: hour
B7: 源表基本信息描述
B8: 来源系统 | C8: 源表英文名 | D8: 源表中文名 | E8: 别名 | F8: 任务描述 | G8: 备注 | H8: 是否主表
C9: aggr_nr_dpi_dns_usrcel_h | D9: 5G_DPI_dns用户小区维度小时表 | E9: A | H9: 是
B11: 详细字段信息
B12: 详细字段信息
B13: PDM字段英文名 | C13: PDM字段类型 | D13: PDM字段中文名（说明） | E13: 源表名 | F13: 源字段英文名 | G13: 算法加工逻辑 | H13: 关联与过滤条件 | I13: 备注 | J13: 字段属性 | K13: 单位 | L13: 取值范围
B14: day | C14: string | D14: 日期 | E14: A | F14: p_date | G14: 直取 | J14: 维度 | K14: 无 | L14: yyyy-mm-dd
B15: hour | C15: int | D15: 小时 | E15: A | F15: p_hour | G15: 直取 | J15: 维度 | K15: 无 | L15: 0~23
B16: interface | C16: int | D16: 接口类型 | E16: A | F16: interface | G16: 直取 | J16: 维度 | K16: 无 | L16: <=101
B17: rattype | C17: int | D17: 网络类型（4G：6；5G：10） | E17: A | F17: rattype | G17: 直取 | J17: 维度 | K17: 无 | L17: 6,10
B18: provincecode | C18: int | D18: 省编码 | E18: A | F18: p_provincecode | G18: 直取 | J18: 维度 | K18: 无 | L18: 6位数编码
B19: citycode | C19: int | D19: 市编码 | E19: A | F19: citycode | G19: 直取 | J19: 维度 | K19: 无 | L19: 6位数编码
B20: districtcode | C20: int | D20: 区编码 | E20: A | F20: districtcode | G20: 直取 | J20: 维度 | K20: 无 | L20: 6位数编码
B21: province | C21: string | D21: 省名称 | E21: A | F21: province | G21: 直取 | J21: 维度 | K21: 无 | L21: 无
B22: city | C22: string | D22: 地市名称 | E22: A | F22: city | G22: 直取 | J22: 维度 | K22: 无 | L22: 无
B23: district | C23: string | D23: 区县名称 | E23: A | F23: district | G23: 直取 | J23: 维度 | K23: 无 | L23: 无
B24: celname | C24: string | D24: 小区名称 | E24: A | F24: celname | G24: 直取 | J24: 维度 | K24: 无 | L24: 无
B25: cellkey | C25: string | D25: 小区cellkey | E25: A | F25: cellkey | G25: 直取 | J25: 维度 | K25: 无 | L25: 无
B26: tai | C26: string | D26: 跟踪区标识 | E26: A | F26: tai | G26: 直取 | J26: 维度 | K26: 无 | L26: 无
B27: replycode1_cnt | C27: bigint | D27: DNS格式错误次数 | E27: A | G27: sum(replycode1_cnt) | J27: 指标 | K27: 无 | L27: >=0
B28: replycode2_cnt | C28: bigint | D28: DNS服务器错误次数 | E28: A | G28: sum(replycode2_cnt) | J28: 指标 | K28: 无 | L28: >=0
B29: replycode3_cnt | C29: bigint | D29: DNS域名错误次数 | E29: A | G29: sum(replycode3_cnt) | J29: 指标 | K29: 无 | L29: >=0
B30: replycode4_cnt | C30: bigint | D30: DNS未实现次数 | E30: A | G30: sum(replycode4_cnt) | J30: 指标 | K30: 无 | L30: >=0
B31: replycode5_cnt | C31: bigint | D31: DNS服务器拒绝次数 | E31: A | G31: sum(replycode5_cnt) | J31: 指标 | K31: 无 | L31: >=0
B32: replycode_null_cnt | C32: bigint | D32: DNS无响应次数 | E32: A | G32: sum(replycode_null_cnt) | J32: 指标 | K32: 无 | L32: >=0
B33: abnormal_cnt | C33: bigint | D33: 质差话单数量 | E33: A | G33: sum(abnormal_cnt) | J33: 指标 | K33: 无 | L33: >=0
B34: dns_query_cnt | C34: int | D34: DNS请求次数 | E34: A | G34: sum(dns_query_cnt) | J34: 指标 | K34: 无 | L34: >=0
B35: dns_suc_cnt | C35: int | D35: DNS成功次数 | E35: A | G35: sum(dns_suc_cnt) | J35: 指标 | K35: 无 | L35: >=0
B36: dns_suc_rate | C36: double | D36: DNS查询成功率 | E36: A | G36: sum(dns_suc_cnt)/sum(dns_query_cnt) | J36: 指标 | K36: 无 | L36: [0,1]
B37: dns_delay | C37: double | D37: DNS时延 | E37: A | G37: sum(dns_delay*dns_query_cnt)/sum(dns_query_cnt) | J37: 指标 | K37: 无 | L37: >=0
B38: dns_delay_custom | C38: double | D38: DNS时延（剔除时延大于100ms的详单数据） | E38: A | G38: sum(dns_delay_custom*dns_query_cnt)/sum(dns_query_cnt) | J38: 指标 | K38: 无 | L38: [0,100]
... B43: dns_delay_cnt_greater_200 | C43: bigint | D43: DNS查询时延在(200,200000]的次数 | E43: A | G43: sum(dns_delay_cnt_greater_200) | J43: 指标 | K43: 无 | L43: >=0
B44: p_provincecode | C44: int | D44: 省分区
B45: p_date | C45: string | D45: 天分区
B46: p_hour | C46: int | D46: 小时分区

Sheet 6
B1: =HYPERLINK("#导航!a2","返回") -> 返回
B3: 目标表基本信息描述
B4: 主题域 | C4: 目标表英文名 | D4: 目标表中文名 | E4: 数据频度 | F4: 模型主键 | G4: 数据描述 | H4: 推送数据库
B5: 数据感知 | C5: aggr_nr_dpi_dns_cel_d | D5: 5G_DPI_dns小区维度天表 | E5: day | G5: 对应共享给5GR的表aggr_5gdpi_dns_e2e_telecom_share_d，字段名称与表结构已调整，字段与现网对应关系已标记
B7: 源表基本信息描述
B8: 来源系统 | C8: 源表英文名 | D8: 源表中文名 | E8: 别名 | F8: 任务描述 | G8: 备注 | H8: 是否主表
C9: aggr_nr_dpi_dns_cel_h | D9: 5G_DPI_dns小区维度小时表 | E9: A | H9: 是
B11: 详细字段信息
B12: 详细字段信息
B13: PDM字段英文名 | C13: PDM字段类型 | D13: PDM字段中文名（说明） | E13: 源表名 | F13: 源字段英文名 | G13: 算法加工逻辑 | H13: 关联与过滤条件 | I13: 备注 | J13: 字段属性 | K13: 单位 | L13: 取值范围
B14: day | C14: string | D14: 日期 | E14: A | F14: p_date | G14: 直取 | I14: 对应字段：date | J14: 维度 | K14: 无 | L14: yyyy-mm-dd
B15: interface | C15: int | D15: 接口类型 | E15: A | F15: interface | G15: 直取 | I15: 对应字段：interface | J15: 维度 | K15: 无 | L15: <=101
B16: provincecode | C16: int | D16: 省编码 | E16: A | F16: p_provincecode | G16: 直取 | I16: 对应字段：provincecode | J16: 维度 | K16: 无 | L16: 6位数编码
B17: citycode | C17: int | D17: 城市编码 | E17: A | F17: citycode | G17: 直取 | I17: 对应字段：citycode | J17: 维度 | K17: 无 | L17: 6位数编码
B18: districtcode | C18: int | D18: 区县编码 | E18: A | F18: districtcode | G18: 直取 | I18: 对应字段：districtcode | J18: 维度 | K18: 无 | L18: 6位数编码
B19: province | C19: string | D19: 省名称 | E19: A | F19: =VLOOKUP(B19,'5'!B:L,1,0) -> province | G19: 直取 | I19: 对应字段：province | J19: 维度 | K19: 无 | L19: 无
B20: city | C20: string | D20: 城市名称 | E20: A | F20: =VLOOKUP(B20,'5'!B:L,1,0) -> city | G20: 直取 | I20: 对应字段：city | J20: 维度 | K20: 无 | L20: 无
B21: district | C21: string | D21: 区县名称 | E21: A | F21: =VLOOKUP(B21,'5'!B:L,1,0) -> district | G21: 直取 | I21: 对应字段：district | J21: 维度 | K21: 无 | L21: 无
B22: rattype | C22: int | D22: 网络类型（4G：6；5G：10） | E22: A | F22: =VLOOKUP(B22,'5'!B:L,1,0) -> rattype | G22: 直取 | I22: 对应字段：rattype | J22: 维度 | K22: 无 | L22: 6,10
B23: celname | C23: string | D23: 小区名称 | E23: A | F23: celname | G23: 直取 | I23: 对应字段：celname | J23: 维度 | K23: 无 | L23: 无
B24: ncgi | C24: string | D24: 小区 | E24: A | G24: 置空 | I24: 对应字段：ncgi | J24: 维度 | K24: 无 | L24: 无
B25: cell_key | C25: string | D25: 小区cellkey | E25: A | F25: cellkey | G25: 直取 | I25: 对应字段：cell_key | J25: 维度 | K25: 无 | L25: 无
B26: gnbid | C26: string | D26: 基站ID | E26: A | G26: split(cellkey,"-")[0] | I26: 对应字段：gnbid | J26: 维度 | K26: 无 | L26: 无
B27: cellid | C27: string | D27: 小区ID | E27: A | G27: split(cellkey,"-")[1] | I27: 对应字段：cellid | J27: 维度 | K27: 无 | L27: 无
B28: tai | C28: string | D28: 跟踪区标识 | E28: A | F28: tai | G28: 直取 | I28: 对应字段：tai | J28: 维度 | K28: 无 | L28: 无
B29: visitedplmnid | C29: string | D29: 拜访网络标识 | E29: A | G29: 直接赋值：'46011' | I29: 对应字段：visitedplmnid | J29: 维度 | K29: 无 | L29: 46011
B30: ne_belong | C30: string | D30: 小区网元归属方 | E30: A | G30: 直接赋值：'电信' | I30: 对应字段：ne_belong | J30: 维度 | K30: 无 | L30: 无
B31: dns_req_cnt | C31: int | D31: DNS请求次数 | E31: A | G31: sum(dns_query_cnt) | I31: 对应字段：query_dns_cnt | J31: 指标 | K31: 无 | L31: >=0
B32: dns_succ_cnt | C32: int | D32: DNS成功次数 | E32: A | G32: sum(dns_suc_cnt) | I32: 对应字段：query_dns_suc_cnt | J32: 指标 | K32: 无 | L32: >=0
B33: dns_succ_rate | C33: double | D33: DNS查询成功率 | E33: A | G33: sum(dns_suc_cnt)/sum(dns_query_cnt) | I33: 对应字段：query_dns_suc_rate | J33: 指标 | K33: 无 | L33: [0,1]
B34: dns_delay | C34: double | D34: DNS时延 | E34: A | G34: sum(dns_delay*dns_query_cnt)/sum(dns_query_cnt) | I34: 对应字段： | J34: 指标 | K34: 无 | L34: >=0
B35: dns_delay_custom | C35: double | D35: DNS时延（剔除时延大于100ms的详单数据） | E35: A | G35: sum(dns_delay_custom*dns_query_cnt)/sum(dns_query_cnt) | I35: 对应字段：dns_query_time_avg | J35: 指标 | K35: 无 | L35: >=0
B36: p_provincecode | C36: int | D36: 省分区
B37: p_date | C37: string | D37: 天分区
B38: p_hour | C38: int | D38: 小时分区

Sheet 7
B1: =HYPERLINK("#导航!a2","返回") -> 返回
B3: 目标表基本信息描述
B4: 主题域 | C4: 目标表英文名 | D4: 目标表中文名 | E4: 数据频度 | F4: 模型主键 | G4: 数据描述 | H4: 推送数据库
B5: 数据感知 | C5: aggr_nr_dpi_other_base_q | D5: 5G_DPI_other基础维度15分钟表 | E5: quarter
B7: 源表基本信息描述
B8: 来源系统 | C8: 源表英文名 | D8: 源表中文名 | E8: 别名 | F8: 任务描述 | G8: 备注 | H8: 是否主表
C9: ods_5gdpi_other_e2e_telecom_q | D9: 5G_DPI_other贴源层详单表 | E9: A | H9: 是
C10: fact_nr_cm_projdata | D10: 5G电联工参 | E10: B1 | G10: 按照cellkey去重后关联
C11: lte_cm_projdata | D11: 4G电信工参 | E11: B2 | G11: 按照reportcellkey去重后关联
C12: lte_cucc_cm_projdata | D12: 4G联通工参 | E12: B3 | G12: 按照cellkey去重后关联
B14: 详细字段信息
B15: 详细字段信息
B16: PDM字段英文名 | C16: PDM字段类型 | D16: PDM字段中文名（说明） | E16: 源表名 | F16: 源字段英文名 | G16: 算法加工逻辑 | H16: 关联与过滤条件 | I16: 备注 | J16: 字段属性 | K16: 单位 | L16: 取值范围
B17: day | C17: string | D17: 日期 | E17: A | F17: p_date | G17: 直取 | J17: 维度 | K17: 无 | L17: yyyy-mm-dd
B18: hour | C18: int | D18: 小时 | E18: A | F18: p_hour | G18: 直取 | J18: 维度 | K18: 无 | L18: 0~23
B19: quarter | C19: int | D19: 15分钟 | E19: A | F19: p_quarter | G19: 直取 | J19: 维度 | K19: 无 | L19: 0~3
B20: interface | C20: int | D20: 接口类型 | E20: A | F20: interface | G20: 直取 | J20: 维度 | K20: 无 | L20: <=101
B21: rattype | C21: int | D21: 网络类型（4G：6；5G：10） | E21: A | F21: rattype | G21: 直取 | J21: 维度 | K21: 无 | L21: 6,10
B22: provincecode | C22: int | D22: 省编码 | E22: A | F22: p_provincecode | G22: 直取 | J22: 维度 | K22: 无 | L22: 6位数编码
B23: citycode | C23: int | D23: 市编码 | E23: B1|B2|B3 | F23: citycode | G23: 关联工参回填 | J23: 维度 | K23: 无 | L23: 6位数编码
B24: districtcode | C24: int | D24: 区编码 | E24: B1|B2|B3 | F24: districtcode | G24: 关联工参回填 | J24: 维度 | K24: 无 | L24: 6位数编码
B25: province | C25: string | D25: 省名称 | E25: B1|B2|B3 | F25: B1/B2：province B3：province_name | G25: 关联工参回填 | J25: 维度 | K25: 无 | L25: 无
B26: city | C26: string | D26: 地市名称 | E26: B1|B2|B3 | F26: B1/B2：city B3：city_name | G26: 关联工参回填 | J26: 维度 | K26: 无 | L26: 无
B27: district | C27: string | D27: 区县名称 | E27: B1|B2|B3 | F27: B1/B2：district B3：district_name | G27: 关联工参回填 | J27: 维度 | K27: 无 | L27: 无
B28: cellname | C28: string | D28: 小区名称 | E28: B1|B2|B3 | F28: B1/B2：cellname B3：cell_name | G28: 关联工参回填 | J28: 维度 | K28: 无 | L28: 无
B29: cellkey | C29: string | D29: 小区cellkey | E29: A | G29: case when interface=1 then int(substring(ncgi_ecgi,6)/256) when (interface=100 or interface=101) then int(substring(ncgi_ecgi,6)/4096) else null end as gnbid case when interface=1 then int(substring(ncgi_ecgi,6)%256) when (interface=100 or interface=101) then int(substring(ncgi_ecgi,6)%4096) else null end as cellid | I29: 4601131689682943 | J29: 维度 | K29: 无 | L29: 无
B30: tai | C30: string | D30: 跟踪区标识 | E30: A | F30: tai | J30: 维度 | K30: 无 | L30: 无
B31: supi | C31: string | D31: 用户imsi | E31: A | F31: supi | G31: 直取 | J31: 维度 | K31: 无 | L31: 无
B32: msisdn | C32: string | D32: 用户号码 | E32: A | G32: regexp_replace(trim(msisdn),'^86','') | J32: 维度 | K32: 无 | L32: 无
B33: pei | C33: string | D33: 用户终端 | E33: A | F33: pei | G33: 直取 | J33: 维度 | K33: 无 | L33: 无
B34: dnn_apn | C34: string | D34: 网络接入技术 | E34: A | F34: dnn_apn | G34: 直取 | J34: 维度 | K34: 无 | L34: 无
B35: upfip | C35: string | D35: UPF的IPv4或IPv6地址 | E35: A | F35: upfip | G35: 直取 | J35: 维度 | K35: 无 | L35: 无
B36: servicetype | C36: string | D36: 业务应用 | E36: A | F36: servicetype | G36: 直取 | J36: 维度 | K36: 无 | L36: 无
B37: gnbip | C37: string | D37: gNB的IPv4或IPv6地址 | E37: A | F37: gnbip | G37: 直取 | J37: 维度 | K37: 无 | L37: 无
B38: home_province | C38: string | D38: 归属省份 | E38: A | F38: home_province | G38: 直取 | J38: 维度 | K38: 无 | L38: 6位数编码
B39: nssai_sst | C39: string | D39: Slice Service Type (SST) | E39: A | F39: nssai_sst | G39: 直取 | J39: 维度 | K39: 无 | L39: 无
B40: nssai_sd | C40: string | D40: Slice Differentiator（SD） | E40: A | F40: nssai_sd | G40: 直取 | J40: 维度 | K40: 无 | L40: 无
B41: l4protocol | C41: int | D41: L4协议类型： 0：TCP；1：UDP | E41: A | F41: l4protocol | G41: 直取 | J41: 维度 | K41: 无 | L41: 0,1
B42: five_qi | C42: int | D42: 服务质量等级标识 | E42: A | F42: 5qi | G42: 直取 | J42: 维度 | K42: 无 | L42: 无
B43: sourceip_type | C43: string | D43: 用户访问外部网络时使用的IP类型（IPv4/IPv6） | E43: A | G43: 根据sourceip字段结果识别 | I43: case when sourceIP regexp '^((25[0-5]|2[0-4]\\d|[01]?\\d\\d?)\\.){3}(25[0-5]|2[0-4]\\d|[01]?\\d\\d?)$' then 'ipv4' when sourceIP regexp '^([\\da-fA-F]{1,4}:){7}[\\da-fA-F]{1,4}$' then 'ipv6' else '' end as sourceip_type | J43: 维度 | K43: 无 | L43: 无
B44: is_core_delimit | C44: int | D44: 是否核心网问题 | E44: A | G44: case when tcpsetupresponsedelay>110 or ultcp_retranspacket/outputpacket>0.15 then 1 else 0 end | J44: 维度 | K44: 无 | L44: 0,1
B45: is_wireless_delimit | C45: int | D45: 是否无线网络问题 | E45: A | G45: case when tcpsetupackdelay>110 or dltcp_retranspacket/inputpacket>0.15 then 1 else 0 end | J45: 维度 | K45: 无 | L45: 0,1
B46: duration | C46: bigint | D46: 持续时间，单位毫秒，根据业务流开始和结束统计得出的时间 | E46: A | G46: sum(duration) | J46: 指标 | K46: ms | L46: >=0
B47: abnormal_cnt | C47: bigint | D47: 质差话单数量 | E47: A | G47: sum(case when tcpsetupresponsedelay>= 110 or tcpsetupackdelay>=110 or ultcp_retranspacket/outputpacket>=0.15 or dltcp_retranspacket/inputpacket>=0.15 then 1 else 0 end) | J47: 指标 | K47: 无 | L47: >=0
B48: record_cnt | C48: bigint | D48: 记录数 | E48: A | G48: count(1) | J48: 指标 | K48: 无 | L48: >=0
B49: speedlimit_cnt | C49: bigint | D49: 限速记录数 | E49: A | G49: sum(case when (ul_session_ambr>0 and ul_session_ambr<5000) or (dl_session_ambr>0 and dl_session_ambr<5000) then 1 else 0 end) | J49: 指标 | K49: 无 | L49: >=0
B50: tcpsetupresponsedelay_cnt | C50: bigint | D50: TCP建链响应次数 | E50: A | G50: sum(case when tcpsetupresponsedelay>0 and tcpsetupresponsedelay<50000 then 1 else 0 end) | J50: 指标 | K50: 无 | L50: >=0
B51: tcpsetupresponsedelay_sum | C51: bigint | D51: TCP建链响应时延_sum | E51: A | G51: sum(case when tcpsetupresponsedelay>0 and tcpsetupresponsedelay<50000 then tcpsetupresponsedelay else 0 end) | J51: 指标 | K51: ms | L51: >0
B52: tcpsetupresponsedelay_avg | C52: bigint | D52: TCP建链响应时延_avg | E52: A | G52: avg(case when tcpsetupresponsedelay>0 and tcpsetupresponsedelay<50000 then tcpsetupresponsedelay else null end) | J52: 指标 | K52: ms | L52: >0
B53: tcpsetupresponsedelay_cnt_0_50 | C53: bigint | D53: TCP建链响应时延在(0,50]的次数 | E53: A | G53: count( case when tcpsetupresponsedelay>0 and tcpsetupresponsedelay<=50 then 1 else null end) | J53: 指标 | K53: 无 | L53: >=0
B54: tcpsetupresponsedelay_cnt_50_100 | C54: bigint | D54: TCP建链响应时延在(50,100]的次数 | E54: A | G54: count( case when tcpsetupresponsedelay>50 and tcpsetupresponsedelay<=100 then 1 else null end) | J54: 指标 | K54: 无 | L54: >=0
B55: tcpsetupresponsedelay_cnt_100_150 | C55: bigint | D55: TCP建链响应时延在(100,150]的次数 | E55: A | G55: count( case when tcpsetupresponsedelay>100 and tcpsetupresponsedelay<=150 then 1 else null end) | J55: 指标 | K55: 无 | L55: >=0
... B106: xdr_suc_cnt | C106: bigint | D106: xdr成功条数 | E106: A | G106: sum(case when tcpconnectstate=0 or sessionstopflag=1 then 1 else 0 end) | J106: 指标 | K106: 无 | L106: >=0
B107: min_starttime | C107: string | D107: 最小开始时间 | E107: A | G107: min(starttime) | I107: 20250320095337 | J107: 指标 | K107: 无 | L107: >0
B108: max_endtime | C108: string | D108: 最大结束时间 | E108: A | G108: max(endtime) | I108: 20250320100026 | J108: 指标 | K108: 无 | L108: >0
B109: p_provincecode | C109: int | D109: 省分区
B110: p_date | C110: string | D110: 天分区
B111: p_hour | C111: int | D111: 小时分区
B112: p_quarter | C112: int | D112: 15分钟分区

Sheet 8
B1: =HYPERLINK("#导航!a2","返回") -> 返回
B3: 目标表基本信息描述
B4: 主题域 | C4: 目标表英文名 | D4: 目标表中文名 | E4: 数据频度 | F4: 模型主键 | G4: 数据描述 | H4: 推送数据库
B5: 数据感知 | C5: aggr_nr_dpi_other_base_h | D5: 5G_DPI_other基础维度小时表 | E5: hour
B7: 源表基本信息描述
B8: 来源系统 | C8: 源表英文名 | D8: 源表中文名 | E8: 别名 | F8: 任务描述 | G8: 备注 | H8: 是否主表
C9: aggr_nr_dpi_other_base_q | D9: 5G_DPI_other基础维度15分钟表 | E9: A | H9: 是
B11: 详细字段信息
B12: 详细字段信息
B13: PDM字段英文名 | C13: PDM字段类型 | D13: PDM字段中文名（说明） | E13: 源表名 | F13: 源字段英文名 | G13: 算法加工逻辑 | H13: 关联与过滤条件 | I13: 备注 | J13: 字段属性 | K13: 单位 | L13: 取值范围
B14: day | C14: string | D14: 日期 | E14: A | F14: p_date | G14: 直取 | J14: 维度 | K14: 无 | L14: yyyy-mm-dd
B15: hour | C15: int | D15: 小时 | E15: A | F15: p_hour | G15: 直取 | J15: 维度 | K15: 无 | L15: 0~23
B16: interface | C16: int | D16: 接口类型 | E16: A | F16: interface | G16: 直取 | J16: 维度 | K16: 无 | L16: <=101
B17: rattype | C17: int | D17: 网络类型（4G：6；5G：10） | E17: A | F17: rattype | G17: 直取 | J17: 维度 | K17: 无 | L17: 6,10
B18: provincecode | C18: int | D18: 省编码 | E18: A | F18: p_provincecode | G18: 直取 | J18: 维度 | K18: 无 | L18: 6位数编码
B19: citycode | C19: int | D19: 市编码 | E19: A | F19: citycode | G19: 直取 | J19: 维度 | K19: 无 | L19: 6位数编码
B20: districtcode | C20: int | D20: 区编码 | E20: A | F20: districtcode | G20: 直取 | J20: 维度 | K20: 无 | L20: 6位数编码
B21: province | C21: string | D21: 省名称 | E21: A | F21: B1/B2：province B3：province_name | G21: 直取 | J21: 维度 | K21: 无 | L21: 无
B22: city | C22: string | D22: 地市名称 | E22: A | F22: B1/B2：city B3：city_name | G22: 直取 | J22: 维度 | K22: 无 | L22: 无
B23: district | C23: string | D23: 区县名称 | E23: A | F23: B1/B2：district B3：district_name | G23: 直取 | J23: 维度 | K23: 无 | L23: 无
B24: cellname | C24: string | D24: 小区名称 | E24: A | F24: B1/B2：cellname B3：cell_name | G24: 直取 | J24: 维度 | K24: 无 | L24: 无
B25: cellkey | C25: string | D25: 小区cellkey | E25: A | G25: 直取 | J25: 维度 | K25: 无 | L25: 无
B26: tai | C26: string | D26: 跟踪区标识 | E26: A | F26: tai | G26: 直取 | J26: 维度 | K26: 无 | L26: 无
B27: supi | C27: string | D27: 用户imsi | E27: A | F27: supi | G27: 直取 | J27: 维度 | K27: 无 | L27: 无
B28: msisdn | C28: string | D28: 用户号码 | E28: A | F28: msisdn | G28: 直取 | J28: 维度 | K28: 无 | L28: 无
B29: pei | C29: string | D29: 用户终端 | E29: A | F29: pei | G29: 直取 | J29: 维度 | K29: 无 | L29: 无
B30: dnn_apn | C30: string | D30: 网络接入技术 | E30: A | F30: dnn_apn | G30: 直取 | J30: 维度 | K30: 无 | L30: 无
B31: upfip | C31: string | D31: UPF的IPv4或IPv6地址 | E31: A | F31: upfip | G31: 直取 | J31: 维度 | K31: 无 | L31: 无
B32: servicetype | C32: string | D32: 业务应用 | E32: A | F32: servicetype | G32: 直取 | J32: 维度 | K32: 无 | L32: 无
B33: gnbip | C33: string | D33: gNB的IPv4或IPv6地址 | E33: A | F33: gnbip | G33: 直取 | J33: 维度 | K33: 无 | L33: 无
B34: home_province | C34: string | D34: 归属省份 | E34: A | F34: home_province | G34: 直取 | J34: 维度 | K34: 无 | L34: 6位数编码
B35: nssai_sst | C35: string | D35: Slice Service Type (SST) | E35: A | F35: nssai_sst | G35: 直取 | J35: 维度 | K35: 无 | L35: 无
B36: nssai_sd | C36: string | D36: Slice Differentiator（SD） | E36: A | F36: nssai_sd | G36: 直取 | J36: 维度 | K36: 无 | L36: 无
B37: l4protocol | C37: int | D37: L4协议类型： 0：TCP；1：UDP | E37: A | F37: l4protocol | G37: 直取 | J37: 维度 | K37: 无 | L37: 0,1
... B41: is_wireless_delimit | C41: int | D41: 是否无线网络问题 | E41: A | F41: is_wireless_delimit | G41: 直取 | J41: 维度 | K41: 无 | L41: 0,1
B42: duration | C42: bigint | D42: 持续时间，单位毫秒，根据业务流开始和结束统计得出的时间 | E42: A | G42: sum(duration) | J42: 指标 | K42: ms | L42: >=0
B43: abnormal_cnt | C43: bigint | D43: 质差话单数量 | E43: A | G43: sum(abnormal_cnt) | J43: 指标 | K43: 无 | L43: >=0
B44: record_cnt | C44: bigint | D44: 记录数 | E44: A | G44: sum(record_cnt) | J44: 指标 | K44: 无 | L44: >=0
B45: speedlimit_cnt | C45: bigint | D45: 限速记录数 | E45: A | G45: sum(speedlimit_cnt) | J45: 指标 | K45: 无 | L45: >=0
B46: tcpsetupresponsedelay_cnt | C46: bigint | D46: TCP建链响应次数 | E46: A | G46: sum(tcpsetupresponsedelay_cnt) | J46: 指标 | K46: 无 | L46: >=0
B47: tcpsetupresponsedelay_sum | C47: bigint | D47: TCP建链响应时延_sum | E47: A | G47: sum(tcpsetupresponsedelay_sum) | J47: 指标 | K47: ms | L47: >0
B48: tcpsetupresponsedelay_avg | C48: bigint | D48: TCP建链响应时延_avg | E48: A | G48: sum(tcpsetupresponsedelay_sum) /sum(tcpsetupresponsedelay_cnt) | J48: 指标 | K48: ms | L48: >0
B49: tcpsetupresponsedelay_cnt_0_50 | C49: bigint | D49: TCP建链响应时延_seg_1 | E49: A | G49: sum(tcpsetupresponsedelay_cnt_0_50) | J49: 指标 | K49: 无 | L49: >=0
B50: tcpsetupresponsedelay_cnt_50_100 | C50: bigint | D50: TCP建链响应时延_seg_2 | E50: A | G50: sum(tcpsetupresponsedelay_cnt_50_100) | J50: 指标 | K50: 无 | L50: >=0
B51: tcpsetupresponsedelay_cnt_100_150 | C51: bigint | D51: TCP建链响应时延_seg_3 | E51: A | G51: sum(tcpsetupresponsedelay_cnt_100_150) | J51: 指标 | K51: 无 | L51: >=0
B52: tcpsetupresponsedelay_cnt_150_200 | C52: bigint | D52: TCP建链响应时延_seg_4 | E52: A | G52: sum(tcpsetupresponsedelay_cnt_150_200) | J52: 指标 | K52: 无 | L52: >=0
B53: tcpsetupresponsedelay_cnt_greater_200 | C53: bigint | D53: TCP建链响应时延_seg_5 | E53: A | G53: sum(tcpsetupresponsedelay_cnt_greater_200) | J53: 指标 | K53: 无 | L53: >=0
... B102: xdr_suc_cnt | C102: bigint | D102: xdr成功条数 | E102: A | G102: sum(xdr_suc_cnt) | J102: 指标 | K102: 无 | L102: >=0
B103: min_starttime | C103: string | D103: 最小开始时间 | E103: A | G103: min(min_starttime) | I103: 20250320095337 | J103: 指标 | K103: 无 | L103: >0
B104: max_endtime | C104: string | D104: 最大结束时间 | E104: A | G104: max(max_endtime) | I104: 20250320100026 | J104: 指标 | K104: 无 | L104: >0
B105: p_provincecode | C105: int | D105: 省分区
B106: p_date | C106: string | D106: 天分区
B107: p_hour | C107: int | D107: 小时分区

Sheet 8.1
B1: =HYPERLINK("#导航!a2","返回") -> 返回
B3: 目标表基本信息描述
B4: 主题域 | C4: 目标表英文名 | D4: 目标表中文名 | E4: 数据频度 | F4: 模型主键 | G4: 数据描述 | H4: 推送数据库
B5: 数据感知 | C5: aggr_nr_dpi_other_base_reduce_h | D5: 5G_DPI_other基础维度共享小时表 | E5: hour | G5: 对应共享给移动业务感知保障系统aggr_5gdpi_other_base_h，字段名称与现网一致,表结构存在字段删减
B7: 源表基本信息描述
B8: 来源系统 | C8: 源表英文名 | D8: 源表中文名 | E8: 别名 | F8: 任务描述 | G8: 备注 | H8: 是否主表
C9: aggr_nr_dpi_other_base_h | D9: 5G_DPI_other基础维度小时表 | E9: A | H9: 是
B11: 详细字段信息
B12: 详细字段信息
B13: PDM字段英文名 | C13: PDM字段类型 | D13: PDM字段中文名（说明） | E13: 源表名 | F13: 源字段英文名 | G13: 算法加工逻辑 | H13: 关联与过滤条件 | I13: 备注 | J13: 字段属性 | K13: 单位 | L13: 取值范围
B14: day | C14: string | D14: 日期 | E14: A | F14: p_date | G14: 直取 | J14: 维度 | K14: 无 | L14: yyyy-mm-dd
B15: hour | C15: int | D15: 小时 | F15: p_hour | G15: 直取 | J15: 维度 | K15: 无 | L15: 0~23
B16: provincecode | C16: int | D16: 拜访地省份编码 | F16: p_provincecode | G16: 直取 | J16: 维度 | K16: 无 | L16: 6位数编码
B17: citycode | C17: int | D17: 城市编码 | F17: =VLOOKUP(B17,'8'!B:L,1,0) -> citycode | G17: 直取 | J17: 维度 | K17: 无 | L17: 6位数编码
B18: districtcode | C18: int | D18: 区县编码 | F18: =VLOOKUP(B18,'8'!B:L,1,0) -> districtcode | G18: 直取 | J18: 维度 | K18: 无 | L18: 6位数编码
B19: province | C19: string | D19: 省名称 | F19: =VLOOKUP(B19,'8'!B:L,1,0) -> province | G19: 直取 | J19: 维度 | K19: 无 | L19: 无
B20: city | C20: string | D20: 城市名称 | F20: =VLOOKUP(B20,'8'!B:L,1,0) -> city | G20: 直取 | J20: 维度 | K20: 无 | L20: 无
B21: district | C21: string | D21: 区县名称 | F21: =VLOOKUP(B21,'8'!B:L,1,0) -> district | G21: 直取 | J21: 维度 | K21: 无 | L21: 无
B22: interface | C22: int | D22: 接口类型：1、S1-U，4、S11，6、S5/S8，100、N3 | F22: =VLOOKUP(B22,'8'!B:L,1,0) -> interface | G22: 直取 | J22: 维度 | K22: 无 | L22: <=101
B23: visitedplmnid | C23: string | D23: 拜访网络标识 | F23: p_provincecode | G23: 直取 | J23: 维度 | K23: 无 | L23: 无
B24: tai | C24: string | D24: 跟踪区标识 | F24: tai | G24: 直取 | J24: 维度 | K24: 无 | L24: 无
B25: rattype | C25: int | D25: 无线接入类型 | F25: rattype | G25: 直取 | J25: 维度 | K25: 无 | L25: 6,10
B26: nssai_sst | C26: string | D26: 网络切片选择辅助信息（切片/服务类型）。若有多个切片，以“,”分隔。 | F26: nssai_sst | G26: 直取 | J26: 维度 | K26: 无 | L26: 无
B27: nssai_sd | C27: string | D27: 网络切片选择辅助信息（切片差分器）。若有多个切片，以“,”分隔。 | F27: nssai_sd | G27: 直取 | J27: 维度 | K27: 无 | L27: 无
B28: nodebid | C28: bigint | D28: 4G eNodeBID/5G gNBID | G28: split(cellkey,"_")[0] | J28: 维度 | K28: 无 | L28: 无
B29: cellid | C29: bigint | D29: 小区ID | G29: split(cellkey,"_")[1] | J29: 维度 | K29: 无 | L29: 无
B30: cellkey | C30: string | D30: cellkey | F30: cellkey | G30: 直取 | J30: 维度 | K30: 无 | L30: 无
B31: imsi_supi | C31: string | D31: 永久用户标识，永久用户标识。4G 填写用户IMSI。 | F31: supi | G31: 直取 | J31: 维度 | K31: 无 | L31: 无
B32: msisdn | C32: string | D32: MS International PSTN/ISDN Number (ISDN) | F32: msisdn | G32: 直取 | J32: 维度 | K32: 无 | L32: 无
B33: pei | C33: string | D33: 永久设备标识 | F33: pei | G33: 直取 | J33: 维度 | K33: 无 | L33: 无
B34: tacid | C34: int | D34: 终端类型标识 | G34: substr(pei,1,8) | J34: 维度 | K34: 无 | L34: 无
B35: upfip | C35: string | D35: UPF的IPv4或IPv6地址 | F35: upfip | G35: 直取 | J35: 维度 | K35: 无 | L35: 无
B36: gnbip | C36: string | D36: gNB的IPv4或IPv6地址 | F36: gnbip | G36: 直取 | J36: 维度 | K36: 无 | L36: 无
B37: dnn_apn | C37: string | D37: 网络接入标识 | F37: dnn_apn | G37: 直取 | J37: 维度 | K37: 无 | L37: 无
B38: sourceip_type | C38: string | D38: 用户IP类型 | F38: sourceip_type | G38: 直取 | J38: 维度 | K38: 无 | L38: 无
B39: l4protocol | C39: int | D39: L4 protocol | F39: l4protocol | G39: 直取 | J39: 维度 | K39: 无 | L39: 0,1
B40: home_province | C40: string | D40: 归属省份 | F40: home_province | G40: 直取 | J40: 维度 | K40: 无 | L40: 6位数编码
B41: servicetype | C41: string | D41: 业务应用 | F41: servicetype | G41: 直取 | J41: 维度 | K41: 无 | L41: 无
B42: duration_sum | C42: bigint | D42: 持续时间，单位毫秒，根据业务流开始和结束统计得出的时间 | G42: sum(duration) | J42: 指标 | K42: ms | L42: >=0
B43: process_cnt | C43: bigint | D43: 业务发生次数 | G43: sum(record_cnt) | J43: 指标 | K43: 次 | L43: >=0
B44: tcpsetupresponsedelay_cnt | C44: bigint | D44: TCP建链响应次数 | G44: sum(tcpsetupresponsedelay_cnt) | J44: 指标 | K44: 次 | L44: >=0
B45: tcpsetupresponsedelay_sum | C45: bigint | D45: TCP建链响应时延_sum | G45: sum(tcpsetupresponsedelay_sum) | J45: 指标 | K45: ms | L45: >0
B46: tcpsetupresponsedelay_avg | C46: bigint | D46: TCP建链响应时延_avg | G46: sum(tcpsetupresponsedelay_sum) /sum(tcpsetupresponsedelay_cnt) | J46: 指标 | K46: ms | L46: >0
B47: tcpsetupresponsedelay_seg_1 | C47: bigint | D47: TCP建链响应时延_seg_1 | G47: sum(tcpsetupresponsedelay_cnt_0_50) | J47: 指标 | K47: 次 | L47: >=0
B48: tcpsetupresponsedelay_seg_2 | C48: bigint | D48: TCP建链响应时延_seg_2 | G48: sum(tcpsetupresponsedelay_cnt_50_100) | J48: 指标 | K48: 次 | L48: >=0
B49: tcpsetupresponsedelay_seg_3 | C49: bigint | D49: TCP建链响应时延_seg_3 | G49: sum(tcpsetupresponsedelay_cnt_100_150) | J49: 指标 | K49: 次 | L49: >=0
B50: tcpsetupresponsedelay_seg_4 | C50: bigint | D50: TCP建链响应时延_seg_4 | G50: sum(tcpsetupresponsedelay_cnt_150_200) | J50: 指标 | K50: 次 | L50: >=0
B51: tcpsetupresponsedelay_seg_5 | C51: bigint | D51: TCP建链响应时延_seg_5 | G51: sum(tcpsetupresponsedelay_cnt_greater_200) | J51: 指标 | K51: 次 | L51: >=0
B52: tcpsetupackdelay_cnt | C52: bigint | D52: TCP建链确认次数 | G52: sum(tcpsetupackdelay_cnt) | J52: 指标 | K52: 次 | L52: >=0
B53: tcpsetupackdelay_sum | C53: bigint | D53: TCP建链确认时延_sum | G53: sum(tcpsetupackdelay_sum) | J53: 指标 | K53: ms | L53: >0
... B99: xdr_suc_cnt_sum | C99: bigint | D99: xdr成功条数 | G99: sum(xdr_suc_cnt) | J99: 指标 | K99: 无 | L99: >=0
B100: p_provincecode | C100: int | D100: 省分区
B101: p_date | C101: string | D101: 天分区
B102: p_hour | C102: int | D102: 小时分区

Sheet 9
B1: =HYPERLINK("#导航!a2","返回") -> 返回
B3: 目标表基本信息描述
B4: 主题域 | C4: 目标表英文名 | D4: 目标表中文名 | E4: 数据频度 | F4: 模型主键 | G4: 数据描述 | H4: 推送数据库
B5: 数据感知 | C5: aggr_nr_other_usrappcel_h | D5: 5G_DPI_other用户小区app维度小时表 | E5: hour
B7: 源表基本信息描述
B8: 来源系统 | C8: 源表英文名 | D8: 源表中文名 | E8: 别名 | F8: 任务描述 | G8: 备注 | H8: 是否主表
C9: aggr_nr_dpi_other_base_h | D9: 5G_DPI_other基础维度小时表 | E9: A | H9: 是
B11: 详细字段信息
B12: 详细字段信息
B13: PDM字段英文名 | C13: PDM字段类型 | D13: PDM字段中文名（说明） | E13: 源表名 | F13: 源字段英文名 | G13: 算法加工逻辑 | H13: 关联与过滤条件 | I13: 备注 | J13: 字段属性 | K13: 单位 | L13: 取值范围
B14: day | C14: string | D14: 日期 | E14: A | F14: p_date | G14: 直取 | J14: 维度 | K14: 无 | L14: yyyy-mm-dd
B15: hour | C15: int | D15: 小时 | E15: A | F15: p_hour | G15: 直取 | J15: 维度 | K15: 无 | L15: 0~23
B16: interface | C16: int | D16: 接口类型 | E16: A | F16: interface | G16: 直取 | J16: 维度 | K16: 无 | L16: <=101
B17: provincecode | C17: int | D17: 省编码 | E17: A | F17: p_provincecode | G17: 直取 | J17: 维度 | K17: 无 | L17: 6位数编码
B18: citycode | C18: int | D18: 市编码 | E18: A | F18: citycode | G18: 直取 | J18: 维度 | K18: 无 | L18: 6位数编码
B19: districtcode | C19: int | D19: 区编码 | E19: A | F19: districtcode | G19: 直取 | J19: 维度 | K19: 无 | L19: 6位数编码
B20: province | C20: string | D20: 省名称 | E20: A | F20: B1/B2：province B3：province_name | G20: 直取 | J20: 维度 | K20: 无 | L20: 无
B21: city | C21: string | D21: 地市名称 | E21: A | F21: B1/B2：city B3：city_name | G21: 直取 | J21: 维度 | K21: 无 | L21: 无
B22: district | C22: string | D22: 区县名称 | E22: A | F22: B1/B2：district B3：district_name | G22: 直取 | J22: 维度 | K22: 无 | L22: 无
B23: cellname | C23: string | D23: 小区名称 | E23: A | F23: B1/B2：cellname B3：cell_name | G23: 直取 | J23: 维度 | K23: 无 | L23: 无
B24: cellkey | C24: string | D24: 小区cellkey | E24: A | G24: 直取 | J24: 维度 | K24: 无 | L24: 无
B25: tai | C25: string | D25: 跟踪区标识 | E25: A | F25: tai | G25: 直取 | J25: 维度 | K25: 无 | L25: 无
B26: gnbip | C26: string | D26: gNB的IPv4或IPv6地址 | E26: A | F26: gnbip | G26: 直取 | J26: 维度 | K26: 无 | L26: 无
B27: supi | C27: string | D27: 用户imsi | E27: A | F27: supi | G27: 直取 | J27: 维度 | K27: 无 | L27: 无
B28: msisdn | C28: string | D28: 用户号码 | E28: A | F28: msisdn | G28: 直取 | J28: 维度 | K28: 无 | L28: 无
B29: pei | C29: string | D29: 用户终端 | E29: A | F29: pei | G29: 直取 | J29: 维度 | K29: 无 | L29: 无
B30: servicetype | C30: string | D30: 业务应用 | E30: A | F30: servicetype | G30: 直取 | J30: 维度 | K30: 无 | L30: 无
B31: home_province | C31: string | D31: 归属省份 | E31: A | F31: home_province | G31: 直取 | J31: 维度 | K31: 无 | L31: 6位数编码
B32: duration | C32: bigint | D32: 持续时间，单位毫秒，根据业务流开始和结束统计得出的时间 | E32: A | G32: sum(duration) | J32: 指标 | K32: ms | L32: >=0
B33: abnormal_cnt | C33: bigint | D33: 质差话单数量 | E33: A | G33: sum(abnormal_cnt) | J33: 指标 | K33: 无 | L33: >=0
B34: record_cnt | C34: bigint | D34: 记录数 | E34: A | G34: sum(record_cnt) | J34: 指标 | K34: 无 | L34: >=0
B35: speedlimit_cnt | C35: bigint | D35: 限速记录数 | E35: A | G35: sum(speedlimit_cnt) | J35: 指标 | K35: 无 | L35: >=0
B36: tcpsetupresponsedelay_cnt | C36: bigint | D36: TCP建链响应次数 | E36: A | G36: sum(tcpsetupresponsedelay_cnt) | J36: 指标 | K36: 无 | L36: >=0
B37: tcpsetupresponsedelay_sum | C37: bigint | D37: TCP建链响应时延_sum | E37: A | G37: sum(tcpsetupresponsedelay_sum) | J37: 指标 | K37: ms | L37: >0
B38: tcpsetupresponsedelay_avg | C38: bigint | D38: TCP建链响应时延_avg | E38: A | G38: sum(tcpsetupresponsedelay_sum) /sum(tcpsetupresponsedelay_cnt) | J38: 指标 | K38: ms | L38: >0
B39: tcpsetupresponsedelay_cnt_0_50 | C39: bigint | D39: TCP建链响应时延_seg_1 | E39: A | G39: sum(tcpsetupresponsedelay_cnt_0_50) | J39: 指标 | K39: 无 | L39: >=0
B40: tcpsetupresponsedelay_cnt_50_100 | C40: bigint | D40: TCP建链响应时延_seg_2 | E40: A | G40: sum(tcpsetupresponsedelay_cnt_50_100) | J40: 指标 | K40: 无 | L40: >=0
B41: tcpsetupresponsedelay_cnt_100_150 | C41: bigint | D41: TCP建链响应时延_seg_3 | E41: A | G41: sum(tcpsetupresponsedelay_cnt_100_150) | J41: 指标 | K41: 无 | L41: >=0
B42: tcpsetupresponsedelay_cnt_150_200 | C42: bigint | D42: TCP建链响应时延_seg_4 | E42: A | G42: sum(tcpsetupresponsedelay_cnt_150_200) | J42: 指标 | K42: 无 | L42: >=0
B43: tcpsetupresponsedelay_cnt_greater_200 | C43: bigint | D43: TCP建链响应时延_seg_5 | E43: A | G43: sum(tcpsetupresponsedelay_cnt_greater_200) | J43: 指标 | K43: 无 | L43: >=0
... B84: inputoctets_above500_duration | C84: bigint | D84: 大包下行时间持续总时长(>=500KB) | E84: A | G84: sum(inputoctets_above500_duration) | J84: 指标 | K84: ms | L84: >=0
B85: min_starttime | C85: string | D85: 最小开始时间 | E85: A | G85: min(min_starttime) | I85: 20250320095337 | J85: 指标 | K85: 无 | L85: >0
B86: max_endtime | C86: string | D86: 最大结束时间 | E86: A | G86: max(max_endtime) | I86: 20250320100026 | J86: 指标 | K86: 无 | L86: >0
B87: p_provincecode | C87: int | D87: 省分区
B88: p_date | C88: string | D88: 天分区
B89: p_hour | C89: int | D89: 小时分区

Sheet 10
B1: =HYPERLINK("#导航!a2","返回") -> 返回
B3: 目标表基本信息描述
B4: 主题域 | C4: 目标表英文名 | D4: 目标表中文名 | E4: 数据频度 | F4: 模型主键 | G4: 数据描述 | H4: 推送数据库
B5: 数据感知 | C5: aggr_nr_iov_other_usrappcel_refactor_h | D5: 车联网用户5G_DPI_other用户小区app维度小时表 | E5: hour | G5: 对应共享给车联网aggr_nr_iov_other_usrappcel_h，字段名称及表结构与现网一致
B7: 源表基本信息描述
B8: 来源系统 | C8: 源表英文名 | D8: 源表中文名 | E8: 别名 | F8: 任务描述 | G8: 备注 | H8: 是否主表
C9: aggr_nr_other_usrappcel_h | D9: 5G_DPI_other用户小区app维度小时表 | E9: A | H9: 是
C10: cfg_dpi_servicetype | D10: DPI业务码表 | E10: B | F10: A left join B，关联条件：A.servicetype = B.servicetype
C11: cfg_iov_usr_list | D11: 车联网用户清单配置表 | E11: C | F11: A inner join C，关联条件：A.msisdn = C.msisdn | H11: 是
B13: 详细字段信息
B14: 详细字段信息
B15: PDM字段英文名 | C15: PDM字段类型 | D15: PDM字段中文名（说明） | E15: 源表名 | F15: 源字段英文名 | G15: 算法加工逻辑 | H15: 关联与过滤条件 | I15: 备注 | J15: 字段属性 | K15: 单位 | L15: 取值范围
B16: day | C16: string | D16: 日期 | E16: A | F16: p_date | G16: 直取 | J16: 维度 | K16: 无 | L16: yyyy-mm-dd
B17: hour | C17: int | D17: 小时 | E17: A | F17: p_hour | G17: 直取 | J17: 维度 | K17: 无 | L17: 0~23
B18: interface | C18: int | D18: 接口类型 | E18: A | F18: =VLOOKUP(B18,'9'!B:L,1,0) -> interface | G18: 直取 | J18: 维度 | K18: 无 | L18: <=101
B19: provincecode | C19: int | D19: 省编码 | E19: A | F19: =VLOOKUP(B19,'9'!B:L,1,0) -> provincecode | G19: 直取 | J19: 维度 | K19: 无 | L19: 6位数编码
B20: citycode | C20: int | D20: 市编码 | E20: A | F20: =VLOOKUP(B20,'9'!B:L,1,0) -> citycode | G20: 直取 | J20: 维度 | K20: 无 | L20: 6位数编码
B21: districtcode | C21: int | D21: 区县编码 | E21: A | F21: districtcode | G21: 直取 | J21: 维度 | K21: 无 | L21: 6位数编码
B22: cellkey | C22: string | D22: 小区唯一标识："小区基站号"_"小区编号" | E22: A | F22: cellkey | G22: 直取 | J22: 维度 | K22: 无 | L22: 无
B23: imsi | C23: string | D23: 国际移动用户识别码 | E23: A | F23: supi | G23: 直取 | J23: 维度 | K23: 无 | L23: 无
B24: msisdn | C24: string | D24: 用户号码 | E24: A | F24: msisdn | G24: 直取 | J24: 维度 | K24: 无 | L24: 无
B25: imei | C25: string | D25: 终端识别码 | E25: A | F25: pei | G25: 直取 | J25: 维度 | K25: 无 | L25: 无
B26: servicetype | C26: string | D26: 业务应用分类ID | E26: A | F26: servicetype | G26: 直取 | J26: 维度 | K26: 无 | L26: 无
B27: app_type | C27: string | D27: 业务应用大类 | E27: A | G27: substr(servicetype,1,2) | J27: 维度 | K27: 无 | L27: 无
B28: app_name | C28: string | D28: 业务名称 | E28: B | F28: servicetype_name | G28: 直取 | J28: 维度 | K28: 无 | L28: 无
B29: min_starttime | C29: string | D29: 最小开始时间 | E29: A | F29: min_starttime | G29: min(min_starttime) | J29: 指标 | K29: 无 | L29: >0
B30: max_endtime | C30: string | D30: 最大结束时间 | E30: A | F30: max_endtime | G30: max(max_endtime) | J30: 指标 | K30: 无 | L30: >0
B31: total_cnt | C31: bigint | D31: 总话单数 | E31: A | G31: sum(record_cnt) | J31: 指标 | K31: 无 | L31: >=0
B32: abnormal_cnt | C32: bigint | D32: 总质差话单数 | E32: A | G32: sum(abnormal_cnt) | J32: 指标 | K32: 无 | L32: >=0
B33: abnormal_rate | C33: double | D33: 总质差话单占比 | E33: A | G33: sum(abnormal_cnt)/sum(record_cnt) | J33: 指标 | K33: 无 | L33: [0,1]
B34: duration | C34: bigint | D34: 业务时长(ms) | E34: A | G34: sum(duration) | J34: 指标 | K34: ms | L34: >=0
B35: flux | C35: bigint | D35: 业务流量(byte) | E35: A | G35: sum(nvl(outputoctets,0)+nvl(inputoctets,0)) | J35: 指标 | K35: byte | L35: >=0
B36: p_provincecode | C36: int | D36: 省分区
B37: p_date | C37: string | D37: 天分区
B38: p_hour | C38: int | D38: 小时分区

Sheet 11.1
B1: =HYPERLINK("#"&"导航应用"&"!B1","返回") -> 返回
B2: 目标表基本信息描述
B3: 主题域 | C3: 目标表英文名 | D3: 目标表中文名 | E3: 数据频度 | F3: 模型主键 | G3: 数据描述 | H3: 推送数据库
C4: cfg_n1n2_cause_code_list | D4: N1N2定界定位编码表 | E4: 维表 | F4: cause_type+control_plane_code+process_class | G4: 现网表结构已存在，但数据有重复，需对数据删除重复项
B6: 源表基本信息描述
B7: 来源系统 | C7: 源表英文名 | D7: 源表中文名 | E7: 别名 | F7: 任务描述 | G7: 备注 | H7: 是否主表
E8: A | H8: 是
E9: B
B11: 详细字段信息
B12: PDM字段英文名 | C12: PDM字段类型 | D12: PDM字段中文名（说明） | E12: 源表名 | F12: 源字段英文名 | G12: 算法加工逻辑 | H12: 关联与过滤条件 | I12: 备注 | J12: 字段属性 | K12: 单位 | L12: 取值范围
B13: cause_type | C13: int | D13: cause_type | J13: 配置表 | K13: 无 | L13: 无
B14: control_plane_code | C14: int | D14: 控制面原因码 | J14: 配置表 | K14: 无 | L14: 无
B15: repeat_flag | C15: int | D15: 是否重复 | J15: 配置表 | K15: 无 | L15: 无
B16: process_class | C16: string | D16: 流程分类 | J16: 配置表 | K16: 无 | L16: 无
B17: reason_class | C17: string | D17: 原因分类 | J17: 配置表 | K17: 无 | L17: 无
B18: problem_demarcation | C18: string | D18: 问题定界 | J18: 配置表 | K18: 无 | L18: 无
B19: sub_problem_demarcation | C19: string | D19: 问题定界2 | J19: 配置表 | K19: 无 | L19: 无
B20: content | C20: string | D20: 原因描述 | J20: 配置表 | K20: 无 | L20: 无
B21: fail_reason | C21: string | D21: 原因说明 | J21: 配置表 | K21: 无 | L21: 无
B22: drop_flag | C22: int | D22: 是否掉线 | I22: 1：掉线，0：未掉线 | J22: 配置表 | K22: 无 | L22: 无
B23: normal_flag | C23: int | D23: 正常流程标志（1：正常，0：异常） | J23: 配置表 | K23: 无 | L23: 无
B25: 维表数据
B26: 主键字段 | C26: 主键字段 | E26: 主键字段
B27: cause_type | C27: control_plane_code | D27: repeat_flag | E27: process_class | F27: reason_class | G27: problem_demarcation | H27: sub_problem_demarcation | I27: content | J27: fail_reason | K27: drop_flag | L27: normal_flag
B28: cause_type | C28: 控制面原因码 | D28: 是否重复 | E28: 流程分类 | F28: 原因分类 | G28: 问题定界 | H28: 问题定界2 | I28: 原因描述 | J28: 原因说明 | K28: 是否掉线 | L28: 是否正常
B29: 1 | C29: 3 | D29: 2 | E29: 5GMM | F29: 5GMM | G29: 未知 | I29: Illegal UE | K29: 0 | L29: 0
B30: 1 | C30: 5 | D30: 2 | E30: 5GMM | F30: 5GMM | G30: 用户 | H30: 终端 | I30: PEI not accepted | K30: 0 | L30: 0
B31: 1 | C31: 6 | D31: 2 | E31: 5GMM | F31: 5GMM | G31: 用户 | H31: 终端 | I31: Illegal ME | K31: 0 | L31: 0
B32: 1 | C32: 7 | D32: 2 | E32: 5GMM | F32: 5GMM | G32: 核心网 | H32: 核心网 | I32: 5GS services not allowed | K32: 0 | L32: 0
B33: 1 | C33: 9 | D33: 2 | E33: 5GMM | F33: 5GMM | G33: 用户 | H33: 终端 | I33: UE identity cannot be derived by the network | K33: 0 | L33: 0
B34: 1 | C34: 10 | D34: 2 | E34: 5GMM | F34: 5GMM | G34: 核心网 | H34: 核心网 | I34: Implicitly de-registered | K34: 0 | L34: 0
B35: 1 | C35: 11 | D35: 2 | E35: 5GMM | F35: 5GMM | G35: 核心网 | H35: 核心网 | I35: PLMN not allowed | K35: 0 | L35: 0
B36: 1 | C36: 12 | D36: 2 | E36: 5GMM | F36: 5GMM | G36: 核心网 | H36: 核心网 | I36: Tracking area not allowed | K36: 0 | L36: 0
B37: 1 | C37: 13 | D37: 2 | E37: 5GMM | F37: 5GMM | G37: 核心网 | H37: 核心网 | I37: Roaming not allowed in this tracking area | K37: 0 | L37: 0
B38: 1 | C38: 15 | D38: 2 | E38: 5GMM | F38: 5GMM | G38: 无线网络 | H38: 无线 | I38: No suitable cells in tracking area | K38: 0 | L38: 0
B39: 1 | C39: 20 | D39: 2 | E39: 5GMM | F39: 5GMM | G39: 无线网络 | H39: 无线 | I39: MAC failure | K39: 0 | L39: 0
B40: 1 | C40: 21 | D40: 2 | E40: 5GMM | F40: 5GMM | G40: 无线网络 | H40: 无线 | I40: Synch failure | K40: 0 | L40: 0
B41: 1 | C41: 22 | D41: 3 | E41: 5GMM | F41: 5GMM | G41: 核心网 | H41: 核心网 | I41: Congestion | K41: 0 | L41: 0
... B46: 1 | C46: 28 | D46: 2 | E46: 5GMM | F46: 5GMM | G46: 无线网络 | H46: 无线 | I46: Restricted service area | K46: 0 | L46: 0
B47: 1 | C47: 31 | D47: 2 | E47: 5GMM | F47: 5GMM | G47: 未知 | I47: Redirection to EPC required | K47: 0 | L47: 0
B48: 1 | C48: 36 | D48: 2 | E48: 5GMM | F48: 5GMM | G48: 未知 | I48: IAB-node operation not authorized | K48: 0 | L48: 0
B49: 1 | C49: 43 | D49: 2 | E49: 5GMM | F49: 5GMM | G49: 无线网络 | H49: 无线 | I49: LADN not available | K49: 0 | L49: 0
B50: 1 | C50: 62 | D50: 1 | E50: 5GMM | F50: 5GMM | G50: 未知 | I50: No network slices available | K50: 0 | L50: 0
B51: 1 | C51: 65 | D51: 1 | E51: 5GMM | F51: 5GMM | G51: 无线网络 | H51: 无线 | I51: Maximum number of PDU sessions reached | K51: 0 | L51: 0
B52: 1 | C52: 67 | D52: 1 | E52: 5GMM | F52: 5GMM | G52: 无线网络 | H52: 无线 | I52: Insufficient resources for specific slice and DNN | K52: 0 | L52: 0
B53: 1 | C53: 69 | D53: 1 | E53: 5GMM | F53: 5GMM | G53: 无线网络 | H53: 无线 | I53: Insufficient resources for specific slice | K53: 0 | L53: 0
B54: 1 | C54: 71 | D54: 1 | E54: 5GMM | F54: 5GMM | G54: 核心网 | H54: 核心网 | I54: ngKSI already in use | K54: 0 | L54: 0
B55: 1 | C55: 72 | D55: 1 | E55: 5GMM | F55: 5GMM | G55: 核心网 | H55: 核心网 | I55: Non-3GPP access to 5GCN not allowed | K55: 0 | L55: 0
B56: 1 | C56: 73 | D56: 1 | E56: 5GMM | F56: 5GMM | G56: 核心网 | H56: 核心网 | I56: Serving network not authorized | K56: 0 | L56: 0
B57: 1 | C57: 74 | D57: 1 | E57: 5GMM | F57: 5GMM | G57: 未知 | I57: Temporarily not authorized for this SNPN | K57: 0 | L57: 0
B58: 1 | C58: 75 | D58: 1 | E58: 5GMM | F58: 5GMM | G58: 未知 | I58: Permanently not authorized for this SNPN | K58: 0 | L58: 0
B59: 1 | C59: 76 | D59: 1 | E59: 5GMM | F59: 5GMM | G59: 未知 | I59: Not authorized for this CAG or authorized for CAG cells only | K59: 0 | L59: 0
B60: 1 | C60: 77 | D60: 1 | E60: 5GMM | F60: 5GMM | G60: 未知 | I60: Wireline access area not allowed | K60: 0 | L60: 0
B61: 1 | C61: 78 | D61: 1 | E61: 5GMM | F61: 5GMM | G61: 未知 | I61: PLMN not allowed to operate at the present UE location | K61: 0 | L61: 0
B62: 1 | C62: 79 | D62: 1 | E62: 5GMM | F62: 5GMM | G62: 未知 | I62: UAS services not allowed | K62: 0 | L62: 0
B63: 1 | C63: 80 | D63: 1 | E63: 5GMM | F63: 5GMM | G63: 未知 | I63: Disaster roaming for the determined PLMN with disaster condition not allowed | K63: 0 | L63: 0
B64: 1 | C64: 81 | D64: 2 | E64: 5GMM | F64: 5GMM | G64: 未知 | I64: Selected N3IWF is not compatible with the allowed NSSAI | K64: 0 | L64: 0
B65: 1 | C65: 82 | D65: 1 | E65: 5GMM | F65: 5GMM | G65: 未知 | I65: Selected TNGF is not compatible with the allowed NSSAI | K65: 0 | L65: 0
B66: 1 | C66: 90 | D66: 1 | E66: 5GMM | F66: 5GMM | G66: 无线网络 | H66: 无线 | I66: Payload was not forwarded | K66: 0 | L66: 0
B67: 1 | C67: 91 | D67: 1 | E67: 5GMM | F67: 5GMM | G67: 核心网 | H67: 核心网 | I67: DNN not supported or not subscribed in the slice | K67: 0 | L67: 0
B68: 1 | C68: 92 | D68: 1 | E68: 5GMM | F68: 5GMM | G68: 无线网络 | H68: 无线 | I68: Insufficient user-plane resources for the PDU session | K68: 0 | L68: 0
B69: 1 | C69: 93 | D69: 1 | E69: 5GMM | F69: 5GMM | G69: 未知 | I69: Onboarding services terminated | K69: 0 | L69: 0
B70: 1 | C70: 94 | D70: 1 | E70: 5GMM | F70: 5GMM | G70: 未知 | I70: User plane positioning not authorized | K70: 0 | L70: 0
B71: 1 | C71: 95 | D71: 2 | E71: 5GMM | F71: 5GMM | G71: 用户 | H71: 终端 | I71: Semantically incorrect message | K71: 0 | L71: 0
B72: 1 | C72: 96 | D72: 2 | E72: 5GMM | F72: 5GMM | G72: 用户 | H72: 终端 | I72: Invalid mandatory information | K72: 0 | L72: 0
B73: 1 | C73: 97 | D73: 2 | E73: 5GMM | F73: 5GMM | G73: 用户 | H73: 终端 | I73: Message type non-existent or not implemented | K73: 0 | L73: 0
B74: 1 | C74: 98 | D74: 2 | E74: 5GMM | F74: 5GMM | G74: 用户 | H74: 终端 | I74: Message type not compatible with the protocol state | K74: 0 | L74: 0
B75: 1 | C75: 99 | D75: 2 | E75: 5GMM | F75: 5GMM | G75: 用户 | H75: 终端 | I75: Information element non-existent or not implemented | K75: 0 | L75: 0
B76: 1 | C76: 100 | D76: 1 | E76: 5GMM | F76: 5GMM | G76: 用户 | H76: 终端 | I76: Conditional IE error | K76: 0 | L76: 0
B77: 1 | C77: 101 | D77: 1 | E77: 5GMM | F77: 5GMM | G77: 用户 | H77: 终端 | I77: Message not compatible with the protocol state | K77: 0 | L77: 0
B78: 1 | C78: 111 | D78: 2 | E78: 5GMM | F78: 5GMM | G78: 无线网络 | H78: 无线 | I78: Protocol error, unspecified | K78: 0 | L78: 0
B79: 2 | C79: 8 | D79: 2 | E79: 5GSM | F79: 5GSM | G79: 未知 | I79: Operator determined barring | K79: 0 | L79: 0
B80: 2 | C80: 26 | D80: 1 | E80: 5GSM | F80: 5GSM | G80: 无线网络 | H80: 无线 | I80: Insufficient resources | K80: 0 | L80: 0
B81: 2 | C81: 27 | D81: 2 | E81: 5GSM | F81: 5GSM | G81: 核心网 | H81: 核心网 | I81: Missing or unknown DNN | K81: 0 | L81: 0
B82: 2 | C82: 28 | D82: 2 | E82: 5GSM | F82: 5GSM | G82: 核心网 | H82: 核心网 | I82: Unknown PDU session type | K82: 0 | L82: 0
B83: 2 | C83: 29 | D83: 2 | E83: 5GSM | F83: 5GSM | G83: 用户 | H83: 终端 | I83: User authentication or authorization failed | K83: 0 | L83: 0
B84: 2 | C84: 31 | D84: 1 | E84: 5GSM | F84: 5GSM | G84: 核心网 | H84: 核心网 | I84: Request rejected, unspecified | K84: 0 | L84: 0
B85: 2 | C85: 32 | D85: 1 | E85: 5GSM | F85: 5GSM | G85: 未知 | I85: Service option not supported | K85: 0 | L85: 0
B86: 2 | C86: 33 | D86: 1 | E86: 5GSM | F86: 5GSM | G86: 未知 | I86: Requested service option not subscribed | K86: 0 | L86: 0
B87: 2 | C87: 35 | D87: 1 | E87: 5GSM | F87: 5GSM | G87: 核心网 | H87: 核心网 | I87: PTI already in use | K87: 0 | L87: 0
B88: 2 | C88: 36 | D88: 1 | E88: 5GSM | F88: 5GSM | G88: 核心网 | H88: 核心网 | I88: Regular deactivation | K88: 0 | L88: 0
B89: 2 | C89: 37 | D89: 1 | E89: 5GSM | F89: 5GSM | G89: 未知 | I89: 5GS QoS not accepted | K89: 0 | L89: 0
B90: 2 | C90: 38 | D90: 2 | E90: 5GSM | F90: 5GSM | G90: 无线网络 | H90: 无线 | I90: Network failure | K90: 0 | L90: 0
B91: 2 | C91: 39 | D91: 1 | E91: 5GSM | F91: 5GSM | G91: 核心网 | H91: 核心网 | I91: Reactivation requested | K91: 0 | L91: 0
B92: 2 | C92: 41 | D92: 2 | E92: 5GSM | F92: 5GSM | G92: 未知 | I92: Semantic error in the TFT operation | K92: 0 | L92: 0
B93: 2 | C93: 42 | D93: 2 | E93: 5GSM | F93: 5GSM | G93: 未知 | I93: Syntactical error in the TFT operation | K93: 0 | L93: 0
B94: 2 | C94: 43 | D94: 1 | E94: 5GSM | F94: 5GSM | G94: 无线网络 | H94: 无线 | I94: Invalid PDU session identity | K94: 0 | L94: 0
B95: 2 | C95: 44 | D95: 1 | E95: 5GSM | F95: 5GSM | G95: 核心网 | H95: 核心网 | I95: Semantic errors in packet filter(s) | K95: 0 | L95: 0
B96: 2 | C96: 45 | D96: 1 | E96: 5GSM | F96: 5GSM | G96: 核心网 | H96: 核心网 | I96: Syntactical error in packet filter(s) | K96: 0 | L96: 0
B97: 2 | C97: 46 | D97: 1 | E97: 5GSM | F97: 5GSM | G97: 未知 | I97: Out of LADN service area | K97: 0 | L97: 0
B98: 2 | C98: 47 | D98: 2 | E98: 5GSM | F98: 5GSM | G98: 核心网 | H98: 核心网 | I98: PTI mismatch | K98: 0 | L98: 0
B99: 2 | C99: 50 | D99: 2 | E99: 5GSM | F99: 5GSM | G99: 核心网 | H99: 核心网 | I99: PDU session type IPv4 only allowed | K99: 0 | L99: 0
B100: 2 | C100: 51 | D100: 1 | E100: 5GSM | F100: 5GSM | G100: 核心网 | H100: 核心网 | I100: PDU session type IPv6 only allowed | K100: 0 | L100: 0
B101: 2 | C101: 54 | D101: 1 | E101: 5GSM | F101: 5GSM | G101: 核心网 | H101: 核心网 | I101: PDU session does not exist | K101: 0 | L101: 0
B102: 2 | C102: 57 | D102: 1 | E102: 5GSM | F102: 5GSM | G102: 未知 | I102: PDU session type IPv4v6 only allowed | K102: 0 | L102: 0
B103: 2 | C103: 58 | D103: 1 | E103: 5GSM | F103: 5GSM | G103: 未知 | I103: PDU session type Unstructured only allowed | K103: 0 | L103: 0
B104: 2 | C104: 59 | D104: 1 | E104: 5GSM | F104: 5GSM | G104: 未知 | I104: Unsupported 5QI value | K104: 0 | L104: 0
B105: 2 | C105: 61 | D105: 1 | E105: 5GSM | F105: 5GSM | G105: 未知 | I105: PDU session type Ethernet only allowed | K105: 0 | L105: 0
B106: 2 | C106: 67 | D106: 1 | E106: 5GSM | F106: 5GSM | G106: 核心网 | H106: 核心网 | I106: Insufficient resources for specific slice and DNN | K106: 0 | L106: 0
B107: 2 | C107: 68 | D107: 1 | E107: 5GSM | F107: 5GSM | G107: 核心网 | H107: 核心网 | I107: Not supported SSC mode | K107: 0 | L107: 0
...

Sheet 11.2
B1: =HYPERLINK("#"&"导航应用"&"!B1","返回") -> 返回
B2: 目标表基本信息描述
B3: 主题域 | C3: 目标表英文名 | D3: 目标表中文名 | E3: 数据频度 | F3: 模型主键 | G3: 数据描述 | H3: 推送数据库
C4: cfg_n1n2_keyword_type | D4: n1n2关键字编码 | E4: 维表 | F4: 绿色字段
B6: 源表基本信息描述
B7: 来源系统 | C7: 源表英文名 | D7: 源表中文名 | E7: 别名 | F7: 任务描述 | G7: 备注 | H7: 是否主表
E8: A | H8: 是
E9: B
B11: 详细字段信息
B12: PDM字段英文名 | C12: PDM字段类型 | D12: PDM字段中文名（说明） | E12: 源表名 | F12: 源字段英文名 | G12: 算法加工逻辑 | H12: 关联与过滤条件 | I12: 备注 | J12: 字段属性 | K12: 单位 | L12: 取值范围
B13: procedure_type | C13: int | D13: 流程类型 procedure_type | H13: =_xlfn.CONCAT(",",B13," ",C13," comment '",D13,"'") -> ,procedure_type int comment '流程类型 procedure_type' | J13: 配置表 | K13: 无 | L13: 无
B14: procedure_type_name | C14: string | D14: 流程类型 映射值 | H14: =_xlfn.CONCAT(",",B14," ",C14," comment '",D14,"'") -> ,procedure_type_name string comment '流程类型 映射值' | J14: 配置表 | K14: 无 | L14: 无
B15: keyword | C15: string | D15: Keyword_xx取值 | H15: =_xlfn.CONCAT(",",B15," ",C15," comment '",D15,"'") -> ,keyword string comment 'Keyword_xx取值' | J15: 配置表 | K15: 无 | L15: 无
B16: keyword_desc | C16: string | D16: Keyword 映射值 | H16: =_xlfn.CONCAT(",",B16," ",C16," comment '",D16,"'") -> ,keyword_desc string comment 'Keyword 映射值' | J16: 配置表 | K16: 无 | L16: 无
B17: remark | C17: string | D17: 备注 | H17: =_xlfn.CONCAT(",",B17," ",C17," comment '",D17,"'") -> ,remark string comment '备注' | J17: 配置表 | K17: 无 | L17: 无
B20: 维表数据
B22: 主键字段 | D22: 主键字段
B23: procedure_type | C23: procedure_type_name | D23: keyword | E23: keyword_desc | F23: remark
B24: 流程类型 procedure_type | C24: 流程类型 映射值 | D24: Keyword_xx取值 | E24: Keyword 映射值 | F24: 备注
B25: 0 | C25: Registration | D25: 1 | E25: initial registration | F25: 5G Registration type，参见3GPP 24.501 9.11.3.7
B26: 0 | C26: Registration | D26: 2 | E26: mobility registration updating
B27: 0 | C27: Registration | D27: 3 | E27: periodic registration updating
B28: 0 | C28: Registration | D28: 4 | E28: emergency registration
B29: 0 | C29: Registration | D29: 5 | E29: SNPN onboarding registration
B30: 0 | C30: Registration | D30: 6 | E30: disaster roaming mobility registration updating
B31: 0 | C31: Registration | D31: 7 | E31: disaster roaming initial registration
B32: 1 | C32: De-registration | D32: 1 | E32: Normal de-registration&re-registration not required&3GPP access | F32: Deregistration type，参见3GPP 24.501 9.11.3.20
B33: 1 | C33: De-registration | D33: 2 | E33: Normal de-registration&re-registration not required&Non-3GPP access
B34: 1 | C34: De-registration | D34: 3 | E34: Normal de-registration&re-registration not required&3GPP access and non-3GPP access
B35: 1 | C35: De-registration | D35: 5 | E35: Normal de-registration&re-registration required&3GPP access
B36: 1 | C36: De-registration | D36: 6 | E36: Normal de-registration&re-registration required&Non-3GPP access
B37: 1 | C37: De-registration | D37: 7 | E37: Normal de-registration&re-registration required&3GPP access and non-3GPP access
B38: 2 | C38: Sevice Request | D38: 0 | E38: signalling | F38: Service type，参见3GPP 24.501 9.11.3.50
B39: 2 | C39: Sevice Request | D39: 1 | E39: data
B40: 2 | C40: Sevice Request | D40: 2 | E40: mobile terminated services
B41: 2 | C41: Sevice Request | D41: 3 | E41: emergency services
B42: 2 | C42: Sevice Request | D42: 4 | E42: emergency services fallback
B43: 2 | C43: Sevice Request | D43: 5 | E43: high priority access
B44: 2 | C44: Sevice Request | D44: 6 | E44: elevated signalling
B45: 2 | C45: Sevice Request | D45: 7 | E45: unused; shall be interpreted as "signalling", if received by the network
B46: 2 | C46: Sevice Request | D46: 8 | E46: unused; shall be interpreted as "signalling", if received by the network
B47: 2 | C47: Sevice Request | D47: 9 | E47: unused; shall be interpreted as "data", if received by the network
B48: 2 | C48: Sevice Request | D48: 10 | E48: unused; shall be interpreted as "data", if received by the network
B49: 2 | C49: Sevice Request | D49: 11 | E49: unused; shall be interpreted as "data", if received by the network
B50: 4 | C50: SMS | D50: 0 | E50: 普通短信发送
... B57: 4 | C57: SMS | D57: 254 | E57: 其它未知类型
B58: 60 | C58: N2 HO Out | D58: 1 | E58: Intra5GS | F58: 取值参考38.413 9.3.1.22
B59: 60 | C59: N2 HO Out | D59: 2 | E59: 5GStoEPS
B60: 60 | C60: N2 HO Out | D60: 3 | E60: EPSto5GS
B61: 61 | C61: N2 HO In | D61: 1 | E61: Intra5GS | F61: 取值参考38.413 9.3.1.22
B62: 61 | C62: N2 HO In | D62: 2 | E62: 5GStoEPS
B63: 61 | C63: N2 HO In | D63: 3 | E63: EPSto5GS
B64: 64 | C64: UE Context Release | D64: 1 | E64: 流程由AN发起
B65: 64 | C65: UE Context Release | D65: 2 | E65: 流程由AMF发起
B66: 78 | C66: NG Reset | D66: 1 | E66: N2 interface,
B67: 78 | C67: NG Reset | D67: 2 | E67: Part of N2 interface

Sheet 11.3
B1: =HYPERLINK("#"&"导航应用"&"!B1","返回") -> 返回
B2: 目标表基本信息描述
B3: 主题域 | C3: 目标表英文名 | D3: 目标表中文名 | E3: 数据频度 | F3: 模型主键 | G3: 数据描述 | H3: 推送数据库
C4: cfg_45g_procedure_type | D4: 45G流程码维表 | E4: 维表
B6: 源表基本信息描述
B7: 来源系统 | C7: 源表英文名 | D7: 源表中文名 | E7: 别名 | F7: 任务描述 | G7: 备注 | H7: 是否主表
E8: A | H8: 是
E9: B
B11: 详细字段信息
B12: PDM字段英文名 | C12: PDM字段类型 | D12: PDM字段中文名（说明） | E12: 源表名 | F12: 源字段英文名 | G12: 算法加工逻辑 | H12: 关联与过滤条件 | I12: 备注 | J12: 字段属性 | K12: 单位 | L12: 取值范围
B13: net_type | C13: string | D13: 网络类型 | H13: =_xlfn.CONCAT(",",B13," ",C13," comment '",D13,"'") -> ,net_type string comment '网络类型' | J13: 配置表 | K13: 无 | L13: 无
B14: procedure_type | C14: int | D14: 流程类型 procedure_type | H14: =_xlfn.CONCAT(",",B14," ",C14," comment '",D14,"'") -> ,procedure_type int comment '流程类型 procedure_type' | J14: 配置表 | K14: 无 | L14: 无
B15: procedure_type_name | C15: string | D15: 流程类型 映射值 | H15: =_xlfn.CONCAT(",",B15," ",C15," comment '",D15,"'") -> ,procedure_type_name string comment '流程类型 映射值' | J15: 配置表 | K15: 无 | L15: 无
B16: process_class | C16: string | D16: 流程分类 | H16: =_xlfn.CONCAT(",",B16," ",C16," comment '",D16,"'") -> ,process_class string comment '流程分类' | J16: 配置表 | K16: 无 | L16: 无
B17: main_process_flag | C17: string | D17: 是否主要流程 | H17: =_xlfn.CONCAT(",",B17," ",C17," comment '",D17,"'") -> ,main_process_flag string comment '是否主要流程' | J17: 配置表 | K17: 无 | L17: 无
B18: process_name | C18: string | D18: 过程 | H18: =_xlfn.CONCAT(",",B18," ",C18," comment '",D18,"'") -> ,process_name string comment '过程' | J18: 配置表 | K18: 无 | L18: 无
B20: 维表数据
B21: net_type | C21: procedure_type | D21: procedure_type_name | E21: process_class | F21: main_process_flag | G21: process_name
B22: 网络类型 | C22: 流程类型 | D22: 流程名称 | E22: 流程分类 | F22: 是否主要流程 | G22: 过程
B23: 4G | C23: 1 | D23: Attach | E23: EMM | F23: 是 | G23: 接入
B24: 4G | C24: 2 | D24: Sevice Request | E24: EMM | F24: 是 | G24: 接入
B25: 4G | C25: 3 | D25: Extended Service Request（CSFB） | E25: EMM | F25: 是 | G25: 接入
B26: 4G | C26: 4 | D26: Paging（可选） | E26: S1AP | F26: 是 | G26: 接入
B27: 4G | C27: 5 | D27: TAU | E27: EMM | F27: 是 | G27: 接入
B28: 4G | C28: 6 | D28: Detach | E28: EMM | F28: 是 | G28: 保持
B29: 4G | C29: 7 | D29: PDN connectivity | E29: ESM | F29: 否 | G29: 接入
B30: 4G | C30: 8 | D30: PDN disconnection | E30: ESM | F30: 否 | G30: 保持
B31: 4G | C31: 9 | D31: EPS bearer resource allocation | E31: ESM | F31: 否 | G31: 保持
B32: 4G | C32: 10 | D32: EPS bearer resource modify | E32: ESM | F32: 否 | G32: 保持
B33: 4G | C33: 11 | D33: EPS bearer context deactivation | E33: ESM | F33: 否 | G33: 保持
B34: 4G | C34: 12 | D34: EPS bearer context modification | E34: ESM | F34: 否 | G34: 保持
... B65: 4G | C65: 109 | D65: UE Capability Info Indication | E65: S1AP | F65: 否 | G65: 接入
B66: 5G | C66: 0 | D66: Registration | E66: 5GMM
B67: 5G | C67: 1 | D67: De-registration | E67: 5GMM
B68: 5G | C68: 2 | D68: Service Request | E68: 5GMM
B69: 5G | C69: 3 | D69: UE Configuration Update | E69: 5GMM
B70: 5G | C70: 4 | D70: SMS | E70: SMS
B71: 5G | C71: 30 | D71: PDU Session Establishment | E71: 5GSM
B72: 5G | C72: 31 | D72: PDU Session Modification | E72: 5GSM
B73: 5G | C73: 32 | D73: PDU Session Release | E73: 5GSM
B74: 5G | C74: 60 | D74: N2 HO Out | E74: NGAP
B75: 5G | C75: 61 | D75: N2 HO In | E75: NGAP
B76: 5G | C76: 62 | D76: N2 HO Cancel | E76: NGAP
B77: 5G | C77: 63 | D77: Xn HO | E77: NGAP
... B89: 5G | C89: 83 | D89: Overload Start | E89: NGAP

Sheet 11
B1: =HYPERLINK("#导航!a2","返回") -> 返回
B3: 目标表基本信息描述
B4: 主题域 | C4: 目标表英文名 | D4: 目标表中文名 | E4: 数据频度 | F4: 模型主键 | G4: 数据描述 | H4: 推送数据库
B5: / | C5: fact_nr_dpi_n1n2_q | D5: 5G_DPI_N1N2整合层15分钟表 | E5: quarter
B7: 源表基本信息描述
B8: 来源系统 | C8: 源表英文名 | D8: 源表中文名 | E8: 别名 | F8: 任务描述 | G8: 备注 | H8: 是否主表
C9: ods_5gdpi_n1n2_e2e_telecom_5min | D9: 5G_DPI_N1N2贴源层详单表 | E9: A | H9: 是
C10: cfg_45g_procedure_type | D10: 45G流程码维表 | E10: B | F10: 过滤条件：net_type = '5G' | G10: 关联条件：A.procedure_type=B.procedure_type
C11: cfg_n1n2_cause_code_list | D11: n1n2定界定位编码表 | E11: C | G11: 关联条件：A.cause_code=C.control_plane_code and A.cause_type=C.cause_type and B.procedure_class=C.procedure_class
C12: cfg_n1n2_keyword_type | D12: n1n2关键字编码 | E12: D | G12: 关联条件：A.procedure_type=D.procedure_type and A.keyword=D.keyword
C13: fact_nr_cm_projdata | D13: 5G电联工参表 | E13: E | F13: 按cellkey去重 | G13: 关联条件：concat_ws('_',floor(ci/4096), ci%4096)=b.cellkey
B15: 详细字段信息
B16: 详细字段信息
B17: PDM字段英文名 | C17: PDM字段类型 | D17: PDM字段中文名（说明） | E17: 源表名 | F17: 源字段英文名 | G17: 算法加工逻辑 | H17: 关联与过滤条件 | I17: 备注 | J17: 字段属性 | K17: 单位 | L17: 取值范围
B18: interface | C18: int | D18: 必填字段。接口类型： 1：S1-U 2：S1-MME 3：S6a 4：S11 6：S5-C 14：L2TP 16：Gm信令面 28：Gm接口VoLTE会话xDR（Gm Session xDR） 29：Gm接口VoLTE切片xDR（Gm Slice xDR） 31：S1-U接口VoLTE切片xDR（S1-U Slice xDR） 35：Radius 50：N1N2 51：N4 52：N5 53：N7 54：N8 55：N10 56：N11 57：N12 58：N14 59：N15 66：N16 60：N22 61：N26 62：N40 63：N13 100：User Plane（5G SA指N3接口） | E18: A | F18: interface | G18: 直取 | H18: =_xlfn.CONCAT(",",F18," as ",B18) -> ,interface as interface | J18: 详单 | K18: 无 | L18: 无
B19: xdr_id | C19: string | D19: 必填字段。采集解析服务器内唯一的xDR编号。一个信令流程或业务传输过程生成一个xDR ID。对于信令面xDR，一个xDR ID可能对应同一信令流程中的多条原始消息记录。 | E19: A | F19: xdr_id | G19: 直取 | H19: =_xlfn.CONCAT(",",F19," as ",B19) -> ,xdr_id as xdr_id | J19: 详单 | K19: 无 | L19: 无
B20: supi | C20: string | D20: 永久用户标识。4G 填写用户IMSI。 | E20: A | F20: supi | G20: 直取 | H20: =_xlfn.CONCAT(",",F20," as ",B20) -> ,supi as supi | J20: 详单 | K20: 无 | L20: 无
B21: pei | C21: string | D21: 永久设备标识。4G填写IMEI/IMEISV。保持信令抽取的原样，无需进行IMEI和IMEISV间的转化。 | E21: A | F21: pei | G21: 直取 | H21: =_xlfn.CONCAT(",",F21," as ",B21) -> ,pei as pei | J21: 详单 | K21: 无 | L21: 无
B22: msisdn | C22: string | D22: 用户号码。 | E22: A | F22: regexp_replace(trim(msisdn),'^86','') | G22: regexp_replace(trim(msisdn),'^86','') | H22: =_xlfn.CONCAT(",",F22," as ",B22) -> ,regexp_replace(trim(msisdn),'^86','') as msisdn | J22: 详单 | K22: 无 | L22: 无
B23: rat | C23: int | D23: RAT类型：取各接口码流中携带的值。如果接入类型为5G NR，将RAT值改写为10。 | E23: A | F23: rat | G23: 直取 | H23: =_xlfn.CONCAT(",",F23," as ",B23) -> ,rat as rat | J23: 详单 | K23: 无 | L23: 无
B24: home_province | C24: string | D24: 用户的归属地省份，枚举定义参见附录G。对国际漫入用户时，该字段填写用户归属运营商PLMN。 | E24: A | F24: home_province | G24: 直取 | H24: =_xlfn.CONCAT(",",F24," as ",B24) -> ,home_province as home_province | J24: 详单 | K24: 无 | L24: 无
B25: procedure_type | C25: int | D25: 流程类型编码，具体取值如下： 0： Registration 1： De-registration 2： Service Request 3： UE Configuration Update 4： SMS 30： PDU Session Establishment 31： PDU Session Modification 32： PDU Session Release 60： N2 HO Out 61： N2 HO In 62： N2 HO Cancel 63： Xn HO 64： UE Context Release 73： UE Capability Info Indication 74： UE Radio Capability Check 75： Trace Start 76： Deactivate Trace 77： Cell traffic Trace 78： NG Reset 79： Error indication 80： NG Setup 81： RAN Configuration Update 82： AMF Configuration Update 83： Overload Start 84： Overload Stop | E25: A | F25: procedure_type | G25: 直取 | H25: =_xlfn.CONCAT(",",F25," as ",B25) -> ,procedure_type as procedure_type | J25: 详单 | K25: 无 | L25: 无
B26: procedure_start_time | C26: bigint | D26: 业务流程开始时间，UTC时间，从1970/1/1 00:00:00开始到当前的毫秒数。 | E26: A | F26: procedure_start_time | G26: 直取 | H26: =_xlfn.CONCAT(",",F26," as ",B26) -> ,procedure_start_time as procedure_start_time | J26: 详单 | K26: 无 | L26: 无
B27: procedure_end_time | C27: bigint | D27: 业务流程结束时间，UTC时间，从1970/1/1 00:00:00开始到当前的毫秒数。 | E27: A | F27: procedure_end_time | G27: 直取 | H27: =_xlfn.CONCAT(",",F27," as ",B27) -> ,procedure_end_time as procedure_end_time | J27: 详单 | K27: 无 | L27: 无
B28: procedure_status | C28: int | D28: 流程状态 1：成功； 2：失败； 3：超时 | E28: A | F28: procedure_status | G28: 直取 | H28: =_xlfn.CONCAT(",",F28," as ",B28) -> ,procedure_status as procedure_status | J28: 详单 | K28: 无 | L28: 无
B29: request_cause_type | C29: int | D29: 标识流程请求消息中cause字段所对应的Cause Group。 失败原因类型，对于5G NAS流程： 1：5GMM 2：5GSM 对于NGAP流程： 1：Radio Network Layer 2：Transport Layer 3：NAS 4：Protocol 5：Misc 对于SMS流程： 1：CP Cause 2：RP Cause | E29: A | F29: request_cause_type | G29: 直取 | H29: =_xlfn.CONCAT(",",F29," as ",B29) -> ,request_cause_type as request_cause_type | J29: 详单 | K29: 无 | L29: 无
... B134: district | C134: string | D134: 区县名称 | E134: E | F134: district | G134: cellkey关联回填 | H134: =_xlfn.CONCAT(",",F134," as ",B134) -> ,district as district | J134: 详单 | K134: 无 | L134: 无
B135: p_provincecode | C135: int | D135: 省分区
B136: p_date | C136: string | D136: 天分区
B137: p_hour | C137: int | D137: 小时分区
B138: p_quarter | C138: int | D138: 15分钟分区 | G138: int(p_5min/3)

Sheet 12
B1: =HYPERLINK("#导航!a2","返回") -> 返回
B3: 目标表基本信息描述
B4: 主题域 | C4: 目标表英文名 | D4: 目标表中文名 | E4: 数据频度 | F4: 模型主键 | G4: 数据描述 | H4: 推送数据库
B5: 信令感知 | C5: aggr_nr_dpi_n1n2_base_q | D5: 5G_DPI_N1N2基础维度15分钟汇聚表 | E5: quarter
B7: 源表基本信息描述
B8: 来源系统 | C8: 源表英文名 | D8: 源表中文名 | E8: 别名 | F8: 任务描述 | G8: 备注 | H8: 是否主表
C9: fact_nr_dpi_n1n2_q | D9: 5G_DPI_N1N2整合层15分钟表 | E9: A | H9: 是
B11: 详细字段信息
B12: 详细字段信息
B13: PDM字段英文名 | C13: PDM字段类型 | D13: PDM字段中文名（说明） | E13: 源表名 | F13: 源字段英文名 | G13: 算法加工逻辑 | H13: 关联与过滤条件 | I13: 备注 | J13: 字段属性 | K13: 单位 | L13: 取值范围
B14: day | C14: string | D14: 日期 | E14: A | F14: p_date | G14: 直取 | H14: =_xlfn.CONCAT(",",B14," ",C14," comment '",D14,"'") -> ,day string comment '日期' | J14: 维度 | K14: 无 | L14: 无
B15: hour | C15: int | D15: 小时 | E15: A | F15: p_hour | G15: 直取 | H15: =_xlfn.CONCAT(",",B15," ",C15," comment '",D15,"'") -> ,hour int comment '小时' | J15: 维度 | K15: 无 | L15: 无
B16: quarter | C16: int | D16: 15分钟 | E16: A | F16: p_quarter | G16: 直取 | H16: =_xlfn.CONCAT(",",B16," ",C16," comment '",D16,"'") -> ,quarter int comment '15分钟' | J16: 维度 | K16: 无 | L16: 无
B17: citycode | C17: int | D17: 城市编码 | E17: A | F17: citycode | G17: 直取 | H17: =_xlfn.CONCAT(",",B17," ",C17," comment '",D17,"'") -> ,citycode int comment '城市编码' | J17: 维度 | K17: 无 | L17: 无
B18: city | C18: string | D18: 城市名称 | E18: A | F18: city | G18: 直取 | H18: =_xlfn.CONCAT(",",B18," ",C18," comment '",D18,"'") -> ,city string comment '城市名称' | J18: 维度 | K18: 无 | L18: 无
B19: districtcode | C19: int | D19: 区县编码 | E19: A | F19: districtcode | G19: 直取 | H19: =_xlfn.CONCAT(",",B19," ",C19," comment '",D19,"'") -> ,districtcode int comment '区县编码' | J19: 维度 | K19: 无 | L19: 无
B20: district | C20: string | D20: 区县名称 | E20: A | F20: district | G20: 直取 | H20: =_xlfn.CONCAT(",",B20," ",C20," comment '",D20,"'") -> ,district string comment '区县名称' | J20: 维度 | K20: 无 | L20: 无
B21: interface | C21: int | D21: 必填字段。接口类型： 1：S1-U 2：S1-MME 3：S6a 4：S11 6：S5-C 14：L2TP 16：Gm信令面 28：Gm接口VoLTE会话xDR（Gm Session xDR） 29：Gm接口VoLTE切片xDR（Gm Slice xDR） 31：S1-U接口VoLTE切片xDR（S1-U Slice xDR） 35：Radius 50：N1N2 51：N4 52：N5 53：N7 54：N8 55：N10 56：N11 57：N12 58：N14 59：N15 66：N16 60：N22 61：N26 62：N40 63：N13 100：User Plane（5G SA指N3接口） | E21: A | F21: interface | G21: 直取 | H21: =_xlfn.CONCAT(",",B21," ",C21," comment '",D21,"'") -> ,interface int comment '必填字段。接口类型： 1：S1-U 2：S1-MME 3：S6a 4：S11 6：S5-C 14：L2TP 16：Gm信令面 28：Gm接口VoLTE会话xDR（Gm Session xDR） 29：Gm接口VoLTE切片xDR（Gm Slice xDR） 31：S1-U接口VoLTE切片xDR（S1-U Slice xDR） 35：Radius 50：N1N2 51：N4 52：N5 53：N7 54：N8 55：N10 56：N11 57：N12 58：N14 59：N15 66：N16 60：N22 61：N26 62：N40 63：N13 100：User Plane（5G SA指N3接口） ' | J21: 维度 | K21: 无 | L21: 无
B22: supi | C22: string | D22: 永久用户标识。4G 填写用户IMSI。 | E22: A | F22: supi | G22: 直取 | H22: =_xlfn.CONCAT(",",B22," ",C22," comment '",D22,"'") -> ,supi string comment '永久用户标识。4G 填写用户IMSI。' | J22: 维度 | K22: 无 | L22: 无
B23: pei | C23: string | D23: 永久设备标识。4G填写IMEI/IMEISV。保持信令抽取的原样，无需进行IMEI和IMEISV间的转化。 | E23: A | F23: pei | G23: 直取 | H23: =_xlfn.CONCAT(",",B23," ",C23," comment '",D23,"'") -> ,pei string comment '永久设备标识。4G填写IMEI/IMEISV。保持信令抽取的原样，无需进行IMEI和IMEISV间的转化。' | J23: 维度 | K23: 无 | L23: 无
B24: msisdn | C24: string | D24: 用户号码。 | E24: A | F24: msisdn | G24: 直取 | H24: =_xlfn.CONCAT(",",B24," ",C24," comment '",D24,"'") -> ,msisdn string comment '用户号码。' | J24: 维度 | K24: 无 | L24: 无
B25: rat | C25: int | D25: RAT类型：取各接口码流中携带的值。如果接入类型为5G NR，将RAT值改写为10。 | E25: A | F25: rat | G25: 直取 | H25: =_xlfn.CONCAT(",",B25," ",C25," comment '",D25,"'") -> ,rat int comment 'RAT类型：取各接口码流中携带的值。如果接入类型为5G NR，将RAT值改写为10。' | J25: 维度 | K25: 无 | L25: 无
... B51: max_endtime | C51: string | D51: 最大结束时间(时间戳) | E51: A | F51: max(procedure_end_time) | G51: max(procedure_end_time) | H51: =_xlfn.CONCAT(",",B51," ",C51," comment '",D51,"'") -> ,max_endtime string comment '最大结束时间(时间戳)' | J51: 指标 | K51: 时间戳 | L51: >0
B52: p_provincecode | C52: int | D52: 省分区
B53: p_date | C53: string | D53: 天分区
B54: p_hour | C54: int | D54: 小时分区
B55: p_quarter | C55: int | D55: 15分钟分区

Sheet 13
B1: =HYPERLINK("#导航!a2","返回") -> 返回
B3: 目标表基本信息描述
B4: 主题域 | C4: 目标表英文名 | D4: 目标表中文名 | E4: 数据频度 | F4: 模型主键 | G4: 数据描述 | H4: 推送数据库
B5: 用户常驻 | C5: aggr_nr_resident_usrcel_h | D5: 5G_DPI_N1N2用户驻留小区小时表 | E5: hour
B7: 源表基本信息描述
B8: 来源系统 | C8: 源表英文名 | D8: 源表中文名 | E8: 别名 | F8: 任务描述 | G8: 备注 | H8: 是否主表
C9: aggr_nr_dpi_n1n2_base_q | D9: 5G_DPI_N1N2基础维度15分钟汇聚表 | E9: A | H9: 是
C10: cfg_city | D10: 省市编码及名称码表 | E10: C | F10: 按照provincecode先去重，只保留省份编码及省名称 | G10: 关联条件：A.provincecode = C.provincecode
B12: 详细字段信息
B13: 详细字段信息
B14: PDM字段英文名 | C14: PDM字段类型 | D14: PDM字段中文名（说明） | E14: 源表名 | F14: 源字段英文名 | G14: 算法加工逻辑 | H14: 关联与过滤条件 | I14: 备注 | J14: 字段属性 | K14: 单位 | L14: 取值范围
B15: day | C15: string | D15: 日期 | E15: A | F15: p_date | G15: 直取 | J15: 维度 | K15: 无 | L15: 无
B16: hour | C16: int | D16: 小时 | E16: A | F16: p_hour | G16: 直取 | J16: 维度 | K16: 无 | L16: 无
B17: provincecode | C17: int | D17: 省编码 | E17: A | F17: p_provincecode | G17: 直取 | J17: 维度 | K17: 无 | L17: 无
B18: province | C18: string | D18: 省名称 | E18: C | F18: province_name | G18: 关联回填 | J18: 维度 | K18: 无 | L18: 无
B19: citycode | C19: int | D19: 地市编码 | E19: A | F19: citycode | G19: 直取 | J19: 维度 | K19: 无 | L19: 无
B20: city | C20: string | D20: 地市名称 | E20: A | F20: city | G20: 直取 | J20: 维度 | K20: 无 | L20: 无
B21: districtcode | C21: int | D21: 区县编码 | E21: A | F21: districtcode | G21: 直取 | J21: 维度 | K21: 无 | L21: 无
B22: district | C22: string | D22: 区县名称 | E22: A | F22: district | G22: 直取 | J22: 维度 | K22: 无 | L22: 无
B23: gnbid | C23: int | D23: 基站ID | E23: A | F23: split(cellkey,'_')[1] | G23: split(cellkey,'_')[0] | J23: 维度 | K23: 无 | L23: 无
B24: gnbname | C24: string | D24: 基站名称 | G24: 置空 | J24: 维度 | K24: 无 | L24: 无
B25: cellid | C25: int | D25: 小区ID | E25: A | F25: split(cellkey,'_')[1] | G25: split(cellkey,'_')[1] | J25: 维度 | K25: 无 | L25: 无
B26: cellname | C26: string | D26: cell名称 | E26: B | G26: 置空 | J26: 维度 | K26: 无 | L26: 无
B27: supi | C27: string | D27: 永久用户标识。4G 填写用户IMSI。 | E27: A | F27: supi | G27: supi | J27: 维度 | K27: 无 | L27: 无
B28: pei | C28: string | D28: 永久设备标识。4G填写IMEI/IMEISV。保持信令抽取的原样，无需进行IMEI和IMEISV间的转化。 | E28: A | F28: pei | G28: pei | J28: 维度 | K28: 无 | L28: 无
B29: msisdn | C29: string | D29: 用户号码（字符串格式） | E29: A | F29: msisdn | G29: msisdn | J29: 维度 | K29: 无 | L29: 无
B30: rat | C30: tinyint | D30: 接入类型 | E30: A | F30: rat | G30: rat | J30: 维度 | K30: 无 | L30: 无
B31: quarter_cnt | C31: int | D31: 驻留时刻数 | E31: A | F31: count(distinct quarter) | G31: count(distinct quarter) | J31: 指标 | K31: 无 | L31: 1,2,3,4
B32: record_cnt | C32: bigint | D32: N1N2信令消息数 | E32: A | F32: sum(record_cnt) | G32: sum(record_cnt) | J32: 维度 | K32: 无 | L32: >0
B33: p_provincecode | C33: int | D33: 省分区
B34: p_date | C34: string | D34: 天分区
B35: p_hour | C35: int | D35: 小时分区

Sheet 14
B1: =HYPERLINK("#导航!a2","返回") -> 返回
B3: 目标表基本信息描述
B4: 主题域 | C4: 目标表英文名 | D4: 目标表中文名 | E4: 数据频度 | F4: 模型主键 | G4: 数据描述 | H4: 推送数据库
B5: 用户常驻 | C5: aggr_nr_resident_usrcel_d | D5: 5G_DPI_N1N2用户驻留小区天表 | E5: day
B7: 源表基本信息描述
B8: 来源系统 | C8: 源表英文名 | D8: 源表中文名 | E8: 别名 | F8: 任务描述 | G8: 备注 | H8: 是否主表
C9: aggr_nr_resident_usrcel_h | D9: 5G_DPI_N1N2用户驻留小区小时表 | E9: A | H9: 是
B11: 详细字段信息
B12: 详细字段信息
B13: PDM字段英文名 | C13: PDM字段类型 | D13: PDM字段中文名（说明） | E13: 源表名 | F13: 源字段英文名 | G13: 算法加工逻辑 | H13: 关联与过滤条件 | I13: 备注 | J13: 字段属性 | K13: 单位 | L13: 取值范围
B14: day | C14: string | D14: 日期 | E14: A | F14: p_date | G14: 直取 | H14: =_xlfn.CONCAT(",",F14," as ",B14) -> ,p_date as day | J14: 维度 | K14: 无 | L14: 无
B15: provincecode | C15: int | D15: 省编码 | E15: A | F15: p_provincecode | G15: 直取 | H15: =_xlfn.CONCAT(",",F15," as ",B15) -> ,p_provincecode as provincecode | J15: 维度 | K15: 无 | L15: 无
B16: province | C16: string | D16: 省名称 | E16: A | F16: province | G16: 直取 | H16: =_xlfn.CONCAT(",",F16," as ",B16) -> ,province as province | J16: 维度 | K16: 无 | L16: 无
B17: citycode | C17: int | D17: 地市编码 | E17: A | F17: citycode | G17: 直取 | H17: =_xlfn.CONCAT(",",F17," as ",B17) -> ,citycode as citycode | J17: 维度 | K17: 无 | L17: 无
B18: city | C18: string | D18: 地市名称 | E18: A | F18: city | G18: 直取 | H18: =_xlfn.CONCAT(",",F18," as ",B18) -> ,city as city | J18: 维度 | K18: 无 | L18: 无
B19: districtcode | C19: int | D19: 区县编码 | E19: A | F19: districtcode | G19: 直取 | H19: =_xlfn.CONCAT(",",F19," as ",B19) -> ,districtcode as districtcode | J19: 维度 | K19: 无 | L19: 无
B20: district | C20: string | D20: 区县名称 | E20: A | F20: district | G20: 直取 | H20: =_xlfn.CONCAT(",",F20," as ",B20) -> ,district as district | J20: 维度 | K20: 无 | L20: 无
B21: gnbid | C21: int | D21: 基站ID | E21: A | F21: gnbid | G21: 直取 | H21: =_xlfn.CONCAT(",",F21," as ",B21) -> ,gnbid as gnbid | J21: 维度 | K21: 无 | L21: 无
B22: gnbname | C22: string | D22: 基站名称 | E22: A | F22: gnbname | G22: 直取 | H22: =_xlfn.CONCAT(",",F22," as ",B22) -> ,gnbname as gnbname | J22: 维度 | K22: 无 | L22: 无
B23: cellid | C23: int | D23: 小区ID | E23: A | F23: cellid | G23: 直取 | H23: =_xlfn.CONCAT(",",F23," as ",B23) -> ,cellid as cellid | J23: 维度 | K23: 无 | L23: 无
B24: cellname | C24: string | D24: cell名称 | E24: A | F24: cellname | G24: 直取 | H24: =_xlfn.CONCAT(",",F24," as ",B24) -> ,cellname as cellname | J24: 维度 | K24: 无 | L24: 无
B25: supi | C25: string | D25: 永久用户标识。4G 填写用户IMSI。 | E25: A | F25: supi | G25: 直取 | H25: =_xlfn.CONCAT(",",F25," as ",B25) -> ,supi as supi | J25: 维度 | K25: 无 | L25: 无
... B37: is_night_resident_d | C37: int | D37: 是否夜晚常驻（1为常驻，0为非常驻） | E37: A | F37: case when sum(case when (hour >= 0 and hour <= 6) or (hour >= 21 and hour <= 23) then quarter_cnt else 0 end) >= 7 then 1 else 0 end | G37: case when sum(case when (hour >= 0 and hour <= 6) or (hour >= 21 and hour <= 23) then quarter_cnt else 0 end) >= 7 then 1 else 0 end | H37: =_xlfn.CONCAT(",",F37," as ",B37) -> ,case when sum(case when (hour >= 0 and hour <= 6) or (hour >= 21 and hour <= 23) then quarter_cnt else 0 end) >= 7 then 1 else 0 end as is_night_resident_d | J37: 指标 | K37: 无 | L37: 0,1
B38: p_provincecode | C38: int | D38: 省分区
B39: p_date | C39: string | D39: 天分区

Sheet 15
B1: =HYPERLINK("#导航!a2","返回") -> 返回
B3: 目标表基本信息描述
B4: 主题域 | C4: 目标表英文名 | D4: 目标表中文名 | E4: 数据频度 | F4: 模型主键 | G4: 数据描述 | H4: 推送数据库
B5: 用户常驻 | C5: aggr_nr_resident_usrcel_wd | D5: 5G_DPI_N1N2用户常驻小区滚动周表 | E5: day | G5: 只保留满足周粒度常驻的数据，即sum(is_all_resident_d + is_day_resident_d + is_night_resident_d)>0 | I5: 对应现网共享核心系统的aggr_5g_resident_celusr_w，字段名称存在变更（字段顺序无变化，相同含义的字段依然占据相同位置），字段与现网对应关系已标记
B7: 源表基本信息描述
B8: 来源系统 | C8: 源表英文名 | D8: 源表中文名 | E8: 别名 | F8: 任务描述 | G8: 备注 | H8: 是否主表
C9: aggr_nr_resident_usrcel_d | D9: 5G_DPI_N1N2用户驻留小区天表 | E9: A | G9: 使用前7天数据进行清洗 | H9: 是
B11: 详细字段信息
B12: 详细字段信息
B13: PDM字段英文名 | C13: PDM字段类型 | D13: PDM字段中文名（说明） | E13: 源表名 | F13: 源字段英文名 | G13: 算法加工逻辑 | H13: 关联与过滤条件 | I13: 备注 | J13: 字段属性 | K13: 单位 | L13: 取值范围
B14: day | C14: string | D14: 日期 | E14: A | F14: p_date | G14: 直取 | H14: =_xlfn.CONCAT(",",F14," as ",B14) -> ,p_date as day | I14: 对应字段：day | J14: 维度 | K14: 无 | L14: 无
B15: provincecode | C15: int | D15: 省编码 | E15: A | F15: p_provincecode | G15: 直取 | H15: =_xlfn.CONCAT(",",F15," as ",B15) -> ,p_provincecode as provincecode | I15: 对应字段：provincecode | J15: 维度 | K15: 无 | L15: 无
B16: province | C16: string | D16: 省名称 | E16: A | F16: province | G16: 直取 | H16: =_xlfn.CONCAT(",",F16," as ",B16) -> ,province as province | I16: 对应字段：provincename | J16: 维度 | K16: 无 | L16: 无
B17: citycode | C17: int | D17: 地市编码 | E17: A | F17: citycode | G17: 直取 | H17: =_xlfn.CONCAT(",",F17," as ",B17) -> ,citycode as citycode | I17: 对应字段：citycode | J17: 维度 | K17: 无 | L17: 无
B18: city | C18: string | D18: 地市名称 | E18: A | F18: city | G18: 直取 | H18: =_xlfn.CONCAT(",",F18," as ",B18) -> ,city as city | I18: 对应字段：city | J18: 维度 | K18: 无 | L18: 无
B19: districtcode | C19: int | D19: 区县编码 | E19: A | F19: districtcode | G19: 直取 | H19: =_xlfn.CONCAT(",",F19," as ",B19) -> ,districtcode as districtcode | I19: 对应字段：districtcode | J19: 维度 | K19: 无 | L19: 无
B20: district | C20: string | D20: 区县名称 | E20: A | F20: district | G20: 直取 | H20: =_xlfn.CONCAT(",",F20," as ",B20) -> ,district as district | I20: 对应字段：district | J20: 维度 | K20: 无 | L20: 无
B21: gnbid | C21: int | D21: 基站ID | E21: A | F21: gnbid | G21: 直取 | H21: =_xlfn.CONCAT(",",F21," as ",B21) -> ,gnbid as gnbid | I21: 对应字段：gnbid | J21: 维度 | K21: 无 | L21: 无
B22: gnbname | C22: string | D22: 基站名称 | E22: A | F22: gnbname | G22: 直取 | H22: =_xlfn.CONCAT(",",F22," as ",B22) -> ,gnbname as gnbname | I22: 对应字段：gnbname | J22: 维度 | K22: 无 | L22: 无
B23: cellid | C23: int | D23: 小区ID | E23: A | F23: cellid | G23: 直取 | H23: =_xlfn.CONCAT(",",F23," as ",B23) -> ,cellid as cellid | I23: 对应字段：cellid | J23: 维度 | K23: 无 | L23: 无
B24: cellname | C24: string | D24: cell名称 | E24: A | F24: cellname | G24: 直取 | H24: =_xlfn.CONCAT(",",F24," as ",B24) -> ,cellname as cellname | I24: 对应字段：cellname | J24: 维度 | K24: 无 | L24: 无
B25: supi | C25: string | D25: 永久用户标识。4G 填写用户IMSI。 | E25: A | F25: supi | G25: 直取 | H25: =_xlfn.CONCAT(",",F25," as ",B25) -> ,supi as supi | I25: 对应字段：supi | J25: 维度 | K25: 无 | L25: 无
... B37: is_night_resident_w | C37: int | D37: 是否周粒度夜晚常驻（1为常驻，0为非常驻） | E37: A | F37: case when sum(is_night_resident_d) >= 4 then 1 else 0 end | G37: case when sum(is_night_resident_d) >= 4 then 1 else 0 end | H37: =_xlfn.CONCAT(",",F37," as ",B37) -> ,case when sum(is_night_resident_d) >= 4 then 1 else 0 end as is_night_resident_w | I37: 对应字段：is_night_resident_w | J37: 指标 | K37: 无 | L37: 0,1
B38: p_provincecode | C38: int | D38: 省分区
B39: p_date | C39: string | D39: 天分区

Sheet 16
B1: =HYPERLINK("#导航!a2","返回") -> 返回
B3: 目标表基本信息描述
B4: 主题域 | C4: 目标表英文名 | D4: 目标表中文名 | E4: 数据频度 | F4: 模型主键 | G4: 数据描述 | H4: 推送数据库
B5: 信令感知 | C5: aggr_nr_dpi_n1n2_failcause_base_h | D5: N1N2接口失败原因基础小时表 | E5: hour
B7: 源表基本信息描述
B8: 来源系统 | C8: 源表英文名 | D8: 源表中文名 | E8: 别名 | F8: 任务描述 | G8: 备注 | H8: 是否主表
C9: aggr_nr_dpi_n1n2_base_q | D9: 5G_DPI_N1N2基础维度15分钟汇聚表 | E9: A | G9: 过滤条件：(record_cnt - procedure_normal_cnt > 0) or procedure_status in (2,3) | H9: 是
B11: 详细字段信息
B12: 详细字段信息
B13: PDM字段英文名 | C13: PDM字段类型 | D13: PDM字段中文名（说明） | E13: 源表名 | F13: 源字段英文名 | G13: 算法加工逻辑 | H13: 关联与过滤条件 | I13: 备注 | J13: 字段属性 | K13: 单位 | L13: 取值范围
B14: day | C14: string | D14: 日期 | E14: A | F14: p_date | G14: 直取 | J14: 维度 | K14: 无 | L14: 无
B15: hour | C15: int | D15: 小时 | E15: A | F15: p_hour | G15: 直取 | J15: 维度 | K15: 无 | L15: 无
B16: citycode | C16: int | D16: 城市编码 | E16: A | F16: citycode | G16: 直取 | J16: 维度 | K16: 无 | L16: 无
B17: city | C17: string | D17: 城市名称 | E17: A | F17: city | G17: 直取 | J17: 维度 | K17: 无 | L17: 无
B18: districtcode | C18: int | D18: 区县编码 | E18: A | F18: districtcode | G18: 直取 | J18: 维度 | K18: 无 | L18: 无
B19: district | C19: string | D19: 区县名称 | E19: A | F19: district | G19: 直取 | J19: 维度 | K19: 无 | L19: 无
B20: interface | C20: int | D20: 必填字段。接口类型： 1：S1-U 2：S1-MME 3：S6a 4：S11 6：S5-C 14：L2TP 16：Gm信令面 28：Gm接口VoLTE会话xDR（Gm Session xDR） 29：Gm接口VoLTE切片xDR（Gm Slice xDR） 31：S1-U接口VoLTE切片xDR（S1-U Slice xDR） 35：Radius 50：N1N2 51：N4 52：N5 53：N7 54：N8 55：N10 56：N11 57：N12 58：N14 59：N15 66：N16 60：N22 61：N26 62：N40 63：N13 100：User Plane（5G SA指N3接口） | E20: A | F20: interface | G20: 直取 | J20: 维度 | K20: 无 | L20: 无
B21: supi | C21: string | D21: 永久用户标识。4G 填写用户IMSI。 | E21: A | F21: supi | G21: 直取 | J21: 维度 | K21: 无 | L21: 无
B22: pei | C22: string | D22: 永久设备标识。4G填写IMEI/IMEISV。保持信令抽取的原样，无需进行IMEI和IMEISV间的转化。 | E22: A | F22: pei | G22: 直取 | J22: 维度 | K22: 无 | L22: 无
B23: msisdn | C23: string | D23: 用户号码。 | E23: A | F23: msisdn | G23: 直取 | J23: 维度 | K23: 无 | L23: 无
B24: rat | C24: int | D24: RAT类型：取各接口码流中携带的值。如果接入类型为5G NR，将RAT值改写为10。 | E24: A | F24: rat | G24: 直取 | J24: 维度 | K24: 无 | L24: 无
B25: home_province | C25: string | D25: 用户的归属地省份，枚举定义参见附录G。对国际漫入用户时，该字段填写用户归属运营商PLMN。 | E25: A | F25: home_province | G25: 直取 | J25: 维度 | K25: 无 | L25: 无
... B42: keyword | C42: int | D42: 辅助流程类型的关键参数信息，具体取值方式参见算法 | E42: A | F42: keyword | G42: 直取 | J42: 维度 | K42: 无 | L42: 无
B43: record_cnt | C43: bigint | D43: 记录数 | E43: A | G43: sum(record_cnt) | J43: 指标 | K43: 次 | L43: >=0
B44: abnor_release_cnt | C44: bigint | D44: 异常释放次数 | E44: A | G44: sum(abnor_release_cnt) | J44: 指标 | K44: 次 | L44: >=0
B45: normal_release_cnt | C45: bigint | D45: 正常释放次数 | E45: A | G45: sum(normal_release_cnt) | J45: 指标 | K45: 次 | L45: >=0
B46: procedure_normal_cnt | C46: bigint | D46: 正常业务流程次数 | E46: A | G46: sum(procedure_normal_cnt) | J46: 指标 | K46: 次 | L46: >=0
B47: procedure_abnor_cnt | C47: bigint | D47: 异常业务流程次数 | E47: A | G47: sum(nvl(record_cnt,0)-nvl(procedure_normal_cnt,0)) | J47: 指标 | K47: 次 | L47: >=0
B48: p_provincecode | C48: int | D48: 省分区
B49: p_date | C49: string | D49: 天分区
B50: p_hour | C50: int | D50: 小时分区

Sheet 17
B1: =HYPERLINK("#导航!a2","返回") -> 返回
B3: 目标表基本信息描述
B4: 主题域 | C4: 目标表英文名 | D4: 目标表中文名 | E4: 数据频度 | F4: 模型主键 | G4: 数据描述 | H4: 推送数据库
B5: 信令感知 | C5: aggr_nr_n1n2_failcause_base_refactor_h | D5: N1N2接口失败原因基础小时表 | E5: hour | G5: 对应共享给移动业务感知保障系统aggr_nr_n1n2_failcause_base_h，字段名称及表结构无变化
B7: 源表基本信息描述
B8: 来源系统 | C8: 源表英文名 | D8: 源表中文名 | E8: 别名 | F8: 任务描述 | G8: 备注 | H8: 是否主表
C9: aggr_nr_dpi_n1n2_failcause_base_h | D9: N1N2接口失败原因基础小时表 | E9: A | G9: 过滤条件：procedure_status in (2,3)
B11: 详细字段信息
B12: 详细字段信息
B13: PDM字段英文名 | C13: PDM字段类型 | D13: PDM字段中文名（说明） | E13: 源表名 | F13: 源字段英文名 | G13: 算法加工逻辑 | H13: 关联与过滤条件 | I13: 备注 | J13: 字段属性 | K13: 单位 | L13: 取值范围
B14: day | C14: string | D14: 日期 | F14: p_date | G14: 直取 | J14: 维度 | K14: 无 | L14: 无
B15: hour | C15: int | D15: 小时 | F15: p_hour | G15: 直取 | J15: 维度 | K15: 无 | L15: 无
B16: citycode | C16: int | D16: 城市编码 | E16: B | F16: citycode | G16: cellkey关联工参回填 | J16: 维度 | K16: 无 | L16: 无
B17: city | C17: string | D17: 城市名称 | E17: B | F17: city | G17: cellkey关联工参回填 | J17: 维度 | K17: 无 | L17: 无
B18: districtcode | C18: int | D18: 区县编码 | E18: B | F18: districtcode | G18: cellkey关联工参回填 | J18: 维度 | K18: 无 | L18: 无
B19: district | C19: string | D19: 区县名称 | E19: B | F19: district | G19: cellkey关联工参回填 | J19: 维度 | K19: 无 | L19: 无
B20: home_province | C20: string | D20: 归属省份编码 | E20: A | F20: home_province | G20: 直取 | J20: 维度 | K20: 无 | L20: 无
B21: interface | C21: int | D21: 接口类型 | E21: A | F21: interface | G21: 直取 | J21: 维度 | K21: 无 | L21: 无
B22: procedure_type | C22: int | D22: 流程类型 | E22: A | F22: procedure_type | G22: 直取 | J22: 维度 | K22: 无 | L22: 无
B23: rat | C23: int | D23: RAT类型 | E23: A | F23: rat | G23: 直取 | J23: 维度 | K23: 无 | L23: 无
B24: amf_ip_add | C24: string | D24: AMFIP地址 | E24: A | F24: amf_ip_add | G24: 直取 | J24: 维度 | K24: 无 | L24: 无
B25: gnb_ip_add | C25: string | D25: 基站IP地址 | E25: A | F25: gnb_ip_add | G25: 直取 | J25: 维度 | K25: 无 | L25: 无
B26: pdu_session_dnn | C26: string | D26: APN | E26: A | F26: pdu_session_dnn | G26: 直取 | J26: 维度 | K26: 无 | L26: 无
B27: s_nssai_sst | C27: string | D27: 切片/服务类型 | E27: A | F27: s_nssai_sst | G27: 直取 | J27: 维度 | K27: 无 | L27: 无
... B35: fail_cnt | C35: bigint | D35: 失败次数 | E35: A | F35: sum(case when procedure_status = 2 or procedure_status = 3 then 1 else 0 end) | G35: sum(case when procedure_status = 2 or procedure_status = 3 then record_cnt else 0 end) | J35: 指标 | K35: 无 | L35: >=0
B36: p_provincecode | C36: int | D36: 省分区
B37: p_date | C37: string | D37: 天分区
B38: p_hour | C38: int | D38: 小时分区

Sheet 18
B1: =HYPERLINK("#导航!a2","返回") -> 返回
B3: 目标表基本信息描述
B4: 主题域 | C4: 目标表英文名 | D4: 目标表中文名 | E4: 数据频度 | F4: 模型主键 | G4: 数据描述 | H4: 推送数据库
B5: 信令感知 | C5: aggr_nr_dpi_n1n2_base_h | D5: 5G_DPI_N1N2基础维度小时汇聚表 | E5: hour
B7: 源表基本信息描述
B8: 来源系统 | C8: 源表英文名 | D8: 源表中文名 | E8: 别名 | F8: 任务描述 | G8: 备注 | H8: 是否主表
C9: aggr_nr_dpi_n1n2_base_q | D9: 5G_DPI_N1N2基础维度15分钟汇聚表 | E9: A | H9: 是
C10: cfg_city | D10: 省市编码及名称码表 | E10: C | F10: 按照provincecode先去重，只保留省份编码及省名称 | G10: 关联条件：A.provincecode = C.provincecode
B12: 详细字段信息
B13: 详细字段信息
B14: PDM字段英文名 | C14: PDM字段类型 | D14: PDM字段中文名（说明） | E14: 源表名 | F14: 源字段英文名 | G14: 算法加工逻辑 | H14: 关联与过滤条件 | I14: 备注 | J14: 字段属性 | K14: 单位 | L14: 取值范围
B15: day | C15: string | D15: 日期 | E15: A | F15: p_date | G15: 直取 | H15: =_xlfn.CONCAT(",",F15," as ",B15) -> ,p_date as day | J15: 维度 | K15: 无 | L15: 无
B16: hour | C16: string | D16: 小时 | E16: A | F16: p_hour | G16: 直取 | H16: =_xlfn.CONCAT(",",F16," as ",B16) -> ,p_hour as hour | J16: 维度 | K16: 无 | L16: 无
B17: interface | C17: int | D17: 必填字段。接口类型： 1：S1-U 2：S1-MME 3：S6a 4：S11 6：S5-C 14：L2TP 16：Gm信令面 28：Gm接口VoLTE会话xDR（Gm Session xDR） 29：Gm接口VoLTE切片xDR（Gm Slice xDR） 31：S1-U接口VoLTE切片xDR（S1-U Slice xDR） 35：Radius 50：N1N2 51：N4 52：N5 53：N7 54：N8 55：N10 56：N11 57：N12 58：N14 59：N15 66：N16 60：N22 61：N26 62：N40 63：N13 100：User Plane（5G SA指N3接口） | E17: A | F17: =VLOOKUP(B17,'12'!B:L,1,0) -> interface | G17: 直取 | H17: =_xlfn.CONCAT(",",F17," as ",B17) -> ,interface as interface | J17: 维度 | K17: 无 | L17: 无
B18: supi | C18: string | D18: 永久用户标识。4G 填写用户IMSI。 | E18: A | F18: =VLOOKUP(B18,'12'!B:L,1,0) -> supi | G18: 直取 | H18: =_xlfn.CONCAT(",",F18," as ",B18) -> ,supi as supi | J18: 维度 | K18: 无 | L18: 无
B19: pei | C19: string | D19: 永久设备标识。4G填写IMEI/IMEISV。保持信令抽取的原样，无需进行IMEI和IMEISV间的转化。 | E19: A | F19: =VLOOKUP(B19,'12'!B:L,1,0) -> pei | G19: 直取 | H19: =_xlfn.CONCAT(",",F19," as ",B19) -> ,pei as pei | J19: 维度 | K19: 无 | L19: 无
B20: msisdn | C20: string | D20: 用户号码。 | E20: A | F20: =VLOOKUP(B20,'12'!B:L,1,0) -> msisdn | G20: 直取 | H20: =_xlfn.CONCAT(",",F20," as ",B20) -> ,msisdn as msisdn | J20: 维度 | K20: 无 | L20: 无
B21: rat | C21: int | D21: RAT类型：取各接口码流中携带的值。如果接入类型为5G NR，将RAT值改写为10。 | E21: A | F21: =VLOOKUP(B21,'12'!B:L,1,0) -> rat | G21: 直取 | H21: =_xlfn.CONCAT(",",F21," as ",B21) -> ,rat as rat | J21: 维度 | K21: 无 | L21: 无
B22: home_province | C22: string | D22: 用户的归属地省份，枚举定义参见附录G。对国际漫入用户时，该字段填写用户归属运营商PLMN。 | E22: A | F22: =VLOOKUP(B22,'12'!B:L,1,0) -> home_province | G22: 直取 | H22: =_xlfn.CONCAT(",",F22," as ",B22) -> ,home_province as home_province | J22: 维度 | K22: 无 | L22: 无
B23: amf_ip_add | C23: string | D23: AMF信令面的IP地址； | E23: A | F23: =VLOOKUP(B23,'12'!B:L,1,0) -> amf_ip_add | G23: 直取 | H23: =_xlfn.CONCAT(",",F23," as ",B23) -> ,amf_ip_add as amf_ip_add | J23: 维度 | K23: 无 | L23: 无
B24: s_nssai_sst | C24: string | D24: 网络切片选择辅助信息（切片/服务类型）。若有多个切片，以“,”分隔。 | E24: A | F24: =VLOOKUP(B24,'12'!B:L,1,0) -> s_nssai_sst | G24: 直取 | H24: =_xlfn.CONCAT(",",F24," as ",B24) -> ,s_nssai_sst as s_nssai_sst | J24: 维度 | K24: 无 | L24: 无
B25: s_nssai_sd | C25: string | D25: 网络切片选择辅助信息（切片差分器）。若有多个切片，以“,”分隔。 | E25: A | F25: =VLOOKUP(B25,'12'!B:L,1,0) -> s_nssai_sd | G25: 直取 | H25: =_xlfn.CONCAT(",",F25," as ",B25) -> ,s_nssai_sd as s_nssai_sd | J25: 维度 | K25: 无 | L25: 无
B26: tac | C26: int | D26: 流程结束时，UE当前所在的TAC | E26: A | F26: =VLOOKUP(B26,'12'!B:L,1,0) -> tac | G26: 直取 | H26: =_xlfn.CONCAT(",",F26," as ",B26) -> ,tac as tac | J26: 维度 | K26: 无 | L26: 无
B27: ci | C27: bigint | D27: 流程结束时，UE所在的NR Cell ID/E-UTRAN Cell ID | E27: A | F27: =VLOOKUP(B27,'12'!B:L,1,0) -> ci | G27: 直取 | H27: =_xlfn.CONCAT(",",F27," as ",B27) -> ,ci as ci | J27: 维度 | K27: 无 | L27: 无
B28: cellkey | C28: string | D28: 小区cellkey | E28: A | F28: cellkey | G28: 直取 | H28: =_xlfn.CONCAT(",",F28," as ",B28) -> ,cellkey as cellkey | J28: 维度 | K28: 无 | L28: 无
B29: provincecode | C29: string | D29: 访问省编码 | E29: A | F29: p_provincecode | G29: 直取 | H29: =_xlfn.CONCAT(",",F29," as ",B29) -> ,p_provincecode as provincecode | J29: 维度 | K29: 无 | L29: 无
B30: province | C30: string | D30: 省名称 | E30: C | F30: province_name | G30: 关联回填 | H30: =_xlfn.CONCAT(",",F30," as ",B30) -> ,province_name as province | J30: 维度 | K30: 无 | L30: 无
B31: citycode | C31: string | D31: 城市编码 | E31: A | F31: =VLOOKUP(B31,'12'!B:L,1,0) -> citycode | G31: 直取 | H31: =_xlfn.CONCAT(",",F31," as ",B31) -> ,citycode as citycode | J31: 维度 | K31: 无 | L31: 无
B32: city | C32: string | D32: 城市名称 | E32: A | F32: =VLOOKUP(B32,'12'!B:L,1,0) -> city | G32: 直取 | H32: =_xlfn.CONCAT(",",F32," as ",B32) -> ,city as city | J32: 维度 | K32: 无 | L32: 无
B33: districtcode | C33: int | D33: 区县编码 | E33: A | F33: districtcode | G33: 直取 | H33: =_xlfn.CONCAT(",",F33," as ",B33) -> ,districtcode as districtcode | J33: 维度 | K33: 无 | L33: 无
B34: district | C34: string | D34: 区县名称 | E34: A | F34: district | G34: 直取 | H34: =_xlfn.CONCAT(",",F34," as ",B34) -> ,district as district | J34: 维度 | K34: 无 | L34: 无
B35: gnb_ip_add | C35: string | D35: gNodeB信令面的IP地址； | E35: A | F35: =VLOOKUP(B35,'12'!B:L,1,0) -> gnb_ip_add | G35: 直取 | H35: =_xlfn.CONCAT(",",F35," as ",B35) -> ,gnb_ip_add as gnb_ip_add | J35: 维度 | K35: 无 | L35: 无
B36: other_cell_id | C36: bigint | D36: 针对切换过程，填写对端Cell ID | E36: A | F36: =VLOOKUP(B36,'12'!B:L,1,0) -> other_cell_id | G36: 直取 | H36: =_xlfn.CONCAT(",",F36," as ",B36) -> ,other_cell_id as other_cell_id | J36: 维度 | K36: 无 | L36: 无
B37: pdu_session_dnn | C37: string | D37: 第1个Date Network Name,取值参考23.003 9.1节 | E37: A | F37: =VLOOKUP(B37,'12'!B:L,1,0) -> pdu_session_dnn | G37: 直取 | H37: =_xlfn.CONCAT(",",F37," as ",B37) -> ,pdu_session_dnn as pdu_session_dnn | J37: 维度 | K37: 无 | L37: 无
B38: regist_request_cnt | C38: bigint | D38: 注册请求次数 | E38: A | F38: sum(case when procedure_type=0 then record_cnt else 0 end) | G38: sum(case when procedure_type=0 then record_cnt else 0 end) | H38: =_xlfn.CONCAT(",",F38," as ",B38) -> ,sum(case when procedure_type=0 then record_cnt else 0 end) as regist_request_cnt | J38: 指标 | K38: 次 | L38: >=0
B39: regist_succ_cnt | C39: bigint | D39: 注册成功次数 | E39: A | F39: sum(case when procedure_type=0 and procedure_status=1 then record_cnt else 0 end) | G39: sum(case when procedure_type=0 and procedure_status=1 then record_cnt else 0 end) | H39: =_xlfn.CONCAT(",",F39," as ",B39) -> ,sum(case when procedure_type=0 and procedure_status=1 then record_cnt else 0 end) as regist_succ_cnt | J39: 指标 | K39: 次 | L39: >=0
B40: regist_fail_cnt | C40: bigint | D40: 注册失败次数 | E40: A | F40: sum(case when procedure_type=0 and procedure_status=2 then record_cnt else 0 end) | G40: sum(case when procedure_type=0 and procedure_status=2 then record_cnt else 0 end) | H40: =_xlfn.CONCAT(",",F40," as ",B40) -> ,sum(case when procedure_type=0 and procedure_status=2 then record_cnt else 0 end) as regist_fail_cnt | J40: 指标 | K40: 次 | L40: >=0
B41: regist_timeout_cnt | C41: bigint | D41: 注册超时次数 | E41: A | F41: sum(case when procedure_type=0 and procedure_status=3 then record_cnt else 0 end) | G41: sum(case when procedure_type=0 and procedure_status=3 then record_cnt else 0 end) | H41: =_xlfn.CONCAT(",",F41," as ",B41) -> ,sum(case when procedure_type=0 and procedure_status=3 then record_cnt else 0 end) as regist_timeout_cnt | J41: 指标 | K41: 次 | L41: >=0
B42: regist_delay | C42: double | D42: 注册平均时延 | E42: A | F42: sum(case when procedure_type=0 and procedure_status=1 then procedure_delay*record_cnt else 0 end) / sum(case when procedure_type=0 and procedure_status=1 then record_cnt else 0 end) | G42: sum(case when procedure_type=0 and procedure_status=1 then procedure_delay*record_cnt else 0 end) / sum(case when procedure_type=0 and procedure_status=1 then record_cnt else 0 end) | H42: =_xlfn.CONCAT(",",F42," as ",B42) -> ,sum(case when procedure_type=0 and procedure_status=1 then procedure_delay*record_cnt else 0 end) / sum(case when procedure_type=0 and procedure_status=1 then record_cnt else 0 end) as regist_delay | J42: 指标 | K42: ms | L42: >=0
B43: regist_init_request_cnt | C43: bigint | D43: 初始注册请求次数 | E43: A | F43: sum(case when procedure_type=0 and keyword=1 then record_cnt else 0 end) | G43: sum(case when procedure_type=0 and keyword=1 then record_cnt else 0 end) | H43: =_xlfn.CONCAT(",",F43," as ",B43) -> ,sum(case when procedure_type=0 and keyword=1 then record_cnt else 0 end) as regist_init_request_cnt | J43: 指标 | K43: 次 | L43: >=0
B44: regist_init_succ_cnt | C44: bigint | D44: 初始注册成功次数 | E44: A | F44: sum(case when procedure_type=0 and keyword=1 and procedure_status=1 then record_cnt else 0 end) | G44: sum(case when procedure_type=0 and keyword=1 and procedure_status=1 then record_cnt else 0 end) | H44: =_xlfn.CONCAT(",",F44," as ",B44) -> ,sum(case when procedure_type=0 and keyword=1 and procedure_status=1 then record_cnt else 0 end) as regist_init_succ_cnt | J44: 指标 | K44: 次 | L44: >=0
B45: regist_init_fail_cnt | C45: bigint | D45: 初始注册失败次数 | E45: A | F45: sum(case when procedure_type=0 and keyword=1 and procedure_status=2 then record_cnt else 0 end) | G45: sum(case when procedure_type=0 and keyword=1 and procedure_status=2 then record_cnt else 0 end) | H45: =_xlfn.CONCAT(",",F45," as ",B45) -> ,sum(case when procedure_type=0 and keyword=1 and procedure_status=2 then record_cnt else 0 end) as regist_init_fail_cnt | J45: 指标 | K45: 次 | L45: >=0
B46: regist_init_timeout_cnt | C46: bigint | D46: 初始注册超时次数 | E46: A | F46: sum(case when procedure_type=0 and keyword=1 and procedure_status=3 then record_cnt else 0 end) | G46: sum(case when procedure_type=0 and keyword=1 and procedure_status=3 then record_cnt else 0 end) | H46: =_xlfn.CONCAT(",",F46," as ",B46) -> ,sum(case when procedure_type=0 and keyword=1 and procedure_status=3 then record_cnt else 0 end) as regist_init_timeout_cnt | J46: 指标 | K46: 次 | L46: >=0
B47: regist_init_delay | C47: double | D47: 初始注册平均时延 | E47: A | F47: sum(case when procedure_type=0 and keyword=1 and procedure_status=1 then procedure_delay*record_cnt else 0 end) / sum(case when procedure_type=0 and keyword=1 and procedure_status=1 then record_cnt else 0 end) | G47: sum(case when procedure_type=0 and keyword=1 and procedure_status=1 then procedure_delay*record_cnt else 0 end) / sum(case when procedure_type=0 and keyword=1 and procedure_status=1 then record_cnt else 0 end) | H47: =_xlfn.CONCAT(",",F47," as ",B47) -> ,sum(case when procedure_type=0 and keyword=1 and procedure_status=1 then procedure_delay*record_cnt else 0 end) / sum(case when procedure_type=0 and keyword=1 and procedure_status=1 then record_cnt else 0 end) as regist_init_delay | J47: 指标 | K47: ms | L47: >=0
B48: regist_periodic_request_cnt | C48: bigint | D48: 周期性注册请求次数 | E48: A | F48: sum(case when procedure_type=0 and keyword=3 then record_cnt else 0 end) | G48: sum(case when procedure_type=0 and keyword=3 then record_cnt else 0 end) | H48: =_xlfn.CONCAT(",",F48," as ",B48) -> ,sum(case when procedure_type=0 and keyword=3 then record_cnt else 0 end) as regist_periodic_request_cnt | J48: 指标 | K48: 次 | L48: >=0
B49: regist_periodic_succ_cnt | C49: bigint | D49: 周期性注册成功次数 | E49: A | F49: sum(case when procedure_type=0 and keyword=3 and procedure_status=1 then record_cnt else 0 end) | G49: sum(case when procedure_type=0 and keyword=3 and procedure_status=1 then record_cnt else 0 end) | H49: =_xlfn.CONCAT(",",F49," as ",B49) -> ,sum(case when procedure_type=0 and keyword=3 and procedure_status=1 then record_cnt else 0 end) as regist_periodic_succ_cnt | J49: 指标 | K49: 次 | L49: >=0
... B67: servicerequest_delay | C67: double | D67: 业务请求平均时延 | E67: A | F67: sum(case when procedure_type=2 and procedure_status=1 then procedure_delay*record_cnt else 0 end) / sum(case when procedure_type=2 and procedure_status=1 then record_cnt else 0 end) | G67: sum(case when procedure_type=2 and procedure_status=1 then procedure_delay*record_cnt else 0 end) / sum(case when procedure_type=2 and procedure_status=1 then record_cnt else 0 end) | H67: =_xlfn.CONCAT(",",F67," as ",B67) -> ,sum(case when procedure_type=2 and procedure_status=1 then procedure_delay*record_cnt else 0 end) / sum(case when procedure_type=2 and procedure_status=1 then record_cnt else 0 end) as servicerequest_delay | J67: 指标 | K67: ms | L67: >=0
A68: =ROW()-1 -> 67 | B68: sms_request_cnt | C68: bigint | D68: 短信业务请求次数 | E68: A | F68: sum(case when procedure_type=2 then record_cnt else 0 end) | G68: sum(case when procedure_type=4 then record_cnt else 0 end) | H68: =_xlfn.CONCAT(",",F68," as ",B68) -> ,sum(case when procedure_type=2 then record_cnt else 0 end) as sms_request_cnt | J68: 指标 | K68: 次 | L68: >=0
A69: =ROW()-1 -> 68 | B69: sms_succ_cnt | C69: bigint | D69: 短信业务成功次数 | E69: A | F69: sum(case when procedure_type=2 and procedure_status=1 then record_cnt else 0 end) | G69: sum(case when procedure_type=4 and procedure_status=1 then record_cnt else 0 end) | H69: =_xlfn.CONCAT(",",F69," as ",B69) -> ,sum(case when procedure_type=2 and procedure_status=1 then record_cnt else 0 end) as sms_succ_cnt | J69: 指标 | K69: 次 | L69: >=0
A70: =ROW()-1 -> 69 | B70: sms_fail_cnt | C70: bigint | D70: 短信业务失败次数 | E70: A | F70: sum(case when procedure_type=2 and procedure_status=2 then record_cnt else 0 end) | G70: sum(case when procedure_type=4 and procedure_status=2 then record_cnt else 0 end) | H70: =_xlfn.CONCAT(",",F70," as ",B70) -> ,sum(case when procedure_type=2 and procedure_status=2 then record_cnt else 0 end) as sms_fail_cnt | J70: 指标 | K70: 次 | L70: >=0
A71: =ROW()-1 -> 70 | B71: sms_timeout_cnt | C71: bigint | D71: 短信业务超时次数 | E71: A | F71: sum(case when procedure_type=2 and procedure_status=3 then record_cnt else 0 end) | G71: sum(case when procedure_type=4 and procedure_status=3 then record_cnt else 0 end) | H71: =_xlfn.CONCAT(",",F71," as ",B71) -> ,sum(case when procedure_type=2 and procedure_status=3 then record_cnt else 0 end) as sms_timeout_cnt | J71: 指标 | K71: 次 | L71: >=0
A72: =ROW()-1 -> 71 | B72: sms_delay | C72: bigint | D72: 短信业务时延 | E72: A | F72: sum(case when procedure_type=2 and procedure_status=1 then procedure_delay*record_cnt else 0 end) / sum(case when procedure_type=2 and procedure_status=1 then record_cnt else 0 end) | G72: sum(case when procedure_type=4 and procedure_status=1 then procedure_delay*record_cnt else 0 end) / sum(case when procedure_type=4 and procedure_status=1 then record_cnt else 0 end) | H72: =_xlfn.CONCAT(",",F72," as ",B72) -> ,sum(case when procedure_type=2 and procedure_status=1 then procedure_delay*record_cnt else 0 end) / sum(case when procedure_type=2 and procedure_status=1 then record_cnt else 0 end) as sms_delay | J72: 指标 | K72: ms | L72: >=0
B73: sms_mo_request_cnt | C73: bigint | D73: 短信MO请求次数 | E73: A | F73: sum(case when procedure_type=2 and keyword=0 then record_cnt else 0 end) | G73: sum(case when procedure_type=4 and keyword=0 then record_cnt else 0 end) | H73: =_xlfn.CONCAT(",",F73," as ",B73) -> ,sum(case when procedure_type=2 and keyword=0 then record_cnt else 0 end) as sms_mo_request_cnt | J73: 指标 | K73: 次 | L73: >=0
B74: sms_mo_succ_cnt | C74: bigint | D74: 短信MO成功次数 | E74: A | F74: sum(case when procedure_type=2 and keyword=0 and procedure_status=1 then record_cnt else 0 end) | G74: sum(case when procedure_type=4 and keyword=0 and procedure_status=1 then record_cnt else 0 end) | H74: =_xlfn.CONCAT(",",F74," as ",B74) -> ,sum(case when procedure_type=2 and keyword=0 and procedure_status=1 then record_cnt else 0 end) as sms_mo_succ_cnt | J74: 指标 | K74: 次 | L74: >=0
B75: sms_mo_fail_cnt | C75: bigint | D75: 短信MO失败次数 | E75: A | F75: sum(case when procedure_type=2 and keyword=0 and procedure_status=2 then record_cnt else 0 end) | G75: sum(case when procedure_type=4 and keyword=0 and procedure_status=2 then record_cnt else 0 end) | H75: =_xlfn.CONCAT(",",F75," as ",B75) -> ,sum(case when procedure_type=2 and keyword=0 and procedure_status=2 then record_cnt else 0 end) as sms_mo_fail_cnt | J75: 指标 | K75: 次 | L75: >=0
B76: sms_mo_timeout_cnt | C76: bigint | D76: 短信MO超时次数 | E76: A | F76: sum(case when procedure_type=2 and keyword=0 and procedure_status=3 then record_cnt else 0 end) | G76: sum(case when procedure_type=4 and keyword=0 and procedure_status=3 then record_cnt else 0 end) | H76: =_xlfn.CONCAT(",",F76," as ",B76) -> ,sum(case when procedure_type=2 and keyword=0 and procedure_status=3 then record_cnt else 0 end) as sms_mo_timeout_cnt | J76: 指标 | K76: 次 | L76: >=0
B77: sms_mo_delay | C77: double | D77: 短信MO平均时延 | E77: A | F77: sum(case when procedure_type=2 and keyword=0 and procedure_status=1 then procedure_delay*record_cnt else 0 end) / sum(case when procedure_type=2 and keyword=0 and procedure_status=1 then record_cnt else 0 end) | G77: sum(case when procedure_type=4 and keyword=0 and procedure_status=1 then procedure_delay*record_cnt else 0 end) / sum(case when procedure_type=4 and keyword=0 and procedure_status=1 then record_cnt else 0 end) | H77: =_xlfn.CONCAT(",",F77," as ",B77) -> ,sum(case when procedure_type=2 and keyword=0 and procedure_status=1 then procedure_delay*record_cnt else 0 end) / sum(case when procedure_type=2 and keyword=0 and procedure_status=1 then record_cnt else 0 end) as sms_mo_delay | J77: 指标 | K77: ms | L77: >=0
B78: sms_mt_request_cnt | C78: bigint | D78: 短信MT请求次数 | E78: A | F78: sum(case when procedure_type=2 and keyword=1 then record_cnt else 0 end) | G78: sum(case when procedure_type=4 and keyword=1 then record_cnt else 0 end) | H78: =_xlfn.CONCAT(",",F78," as ",B78) -> ,sum(case when procedure_type=2 and keyword=1 then record_cnt else 0 end) as sms_mt_request_cnt | J78: 指标 | K78: 次 | L78: >=0
B79: sms_mt_succ_cnt | C79: bigint | D79: 短信MT成功次数 | E79: A | F79: sum(case when procedure_type=2 and keyword=1 and procedure_status=1 then record_cnt else 0 end) | G79: sum(case when procedure_type=4 and keyword=1 and procedure_status=1 then record_cnt else 0 end) | H79: =_xlfn.CONCAT(",",F79," as ",B79) -> ,sum(case when procedure_type=2 and keyword=1 and procedure_status=1 then record_cnt else 0 end) as sms_mt_succ_cnt | J79: 指标 | K79: 次 | L79: >=0
B80: sms_mt_fail_cnt | C80: bigint | D80: 短信MT失败次数 | E80: A | F80: sum(case when procedure_type=2 and keyword=1 and procedure_status=2 then record_cnt else 0 end) | G80: sum(case when procedure_type=4 and keyword=1 and procedure_status=2 then record_cnt else 0 end) | H80: =_xlfn.CONCAT(",",F80," as ",B80) -> ,sum(case when procedure_type=2 and keyword=1 and procedure_status=2 then record_cnt else 0 end) as sms_mt_fail_cnt | J80: 指标 | K80: 次 | L80: >=0
B81: sms_mt_timeout_cnt | C81: bigint | D81: 短信MT超时次数 | E81: A | F81: sum(case when procedure_type=2 and keyword=1 and procedure_status=3 then record_cnt else 0 end) | G81: sum(case when procedure_type=4 and keyword=1 and procedure_status=3 then record_cnt else 0 end) | H81: =_xlfn.CONCAT(",",F81," as ",B81) -> ,sum(case when procedure_type=2 and keyword=1 and procedure_status=3 then record_cnt else 0 end) as sms_mt_timeout_cnt | J81: 指标 | K81: 次 | L81: >=0
B82: sms_mt_delay | C82: double | D82: 短信MT平均时延 | E82: A | F82: sum(case when procedure_type=2 and keyword=1 and procedure_status=1 then procedure_delay*record_cnt else 0 end) / sum(case when procedure_type=2 and keyword=1 and procedure_status=1 then record_cnt else 0 end) | G82: sum(case when procedure_type=4 and keyword=1 and procedure_status=1 then procedure_delay*record_cnt else 0 end) / sum(case when procedure_type=4 and keyword=1 and procedure_status=1 then record_cnt else 0 end) | H82: =_xlfn.CONCAT(",",F82," as ",B82) -> ,sum(case when procedure_type=2 and keyword=1 and procedure_status=1 then procedure_delay*record_cnt else 0 end) / sum(case when procedure_type=2 and keyword=1 and procedure_status=1 then record_cnt else 0 end) as sms_mt_delay | J82: 指标 | K82: ms | L82: >=0
B83: pdusession_estab_request_cnt | C83: bigint | D83: PDU会话建立请求次数 | E83: A | F83: sum(case when procedure_type=30 then record_cnt else 0 end) | G83: sum(case when procedure_type=30 then record_cnt else 0 end) | H83: =_xlfn.CONCAT(",",F83," as ",B83) -> ,sum(case when procedure_type=30 then record_cnt else 0 end) as pdusession_estab_request_cnt | J83: 指标 | K83: 次 | L83: >=0
B84: pdusession_estab_succ_cnt | C84: bigint | D84: PDU会话建立成功次数 | E84: A | F84: sum(case when procedure_type=30 and procedure_status=1 then record_cnt else 0 end) | G84: sum(case when procedure_type=30 and procedure_status=1 then record_cnt else 0 end) | H84: =_xlfn.CONCAT(",",F84," as ",B84) -> ,sum(case when procedure_type=30 and procedure_status=1 then record_cnt else 0 end) as pdusession_estab_succ_cnt | J84: 指标 | K84: 次 | L84: >=0
... B142: an_ue_context_release_delay | C142: double | D142: AN发起的UE上下文释放时延 | E142: A | F142: sum(case when procedure_type=64 and keyword=1 and procedure_status=1 then procedure_delay*record_cnt else 0 end) / sum(case when procedure_type=64 and keyword=1 and procedure_status=1 then record_cnt else 0 end) | G142: sum(case when procedure_type=64 and keyword=1 and procedure_status=1 then procedure_delay*record_cnt else 0 end) / sum(case when procedure_type=64 and keyword=1 and procedure_status=1 then record_cnt else 0 end) | H142: =_xlfn.CONCAT(",",F142," as ",B142) -> ,sum(case when procedure_type=64 and keyword=1 and procedure_status=1 then procedure_delay*record_cnt else 0 end) / sum(case when procedure_type=64 and keyword=1 and procedure_status=1 then record_cnt else 0 end) as an_ue_context_release_delay | J142: 指标 | K142: ms | L142: >=0
B143: procedureType_valid_cnt | C143: bigint | D143: 存在电话号码有效的流程类型 | E143: A | G143: sum(if(procedure_type < 78 or procedure_type > 81, record_cnt ,0)) | J143: 指标 | K143: 次 | L143: >=0
B144: procedure_record_cnt | C144: bigint | D144: n1n2信令总条数 | E144: A | F144: sum(record_cnt) | G144: sum(record_cnt) | H144: =_xlfn.CONCAT(",",F144," as ",B144) -> ,sum(record_cnt) as procedure_record_cnt | J144: 指标 | K144: 次 | L144: >=0
B145: procedure_succ_cnt | C145: bigint | D145: n1n2信令成功条数 | E145: A | F145: sum(case when procedure_status=1 then record_cnt else 0 end) | G145: sum(case when procedure_status=1 then record_cnt else 0 end) | H145: =_xlfn.CONCAT(",",F145," as ",B145) -> ,sum(case when procedure_status=1 then record_cnt else 0 end) as procedure_succ_cnt | J145: 指标 | K145: 次 | L145: >=0
B146: procedure_fail_cnt | C146: bigint | D146: n1n2信令失败条数 | E146: A | F146: sum(case when procedure_status=2 then record_cnt else 0 end) | G146: sum(case when procedure_status=2 then record_cnt else 0 end) | H146: =_xlfn.CONCAT(",",F146," as ",B146) -> ,sum(case when procedure_status=2 then record_cnt else 0 end) as procedure_fail_cnt | J146: 指标 | K146: 次 | L146: >=0
B147: procedure_timeout_cnt | C147: bigint | D147: n1n2信令超时条数 | E147: A | F147: sum(case when procedure_status=3 then record_cnt else 0 end) | G147: sum(case when procedure_status=3 then record_cnt else 0 end) | H147: =_xlfn.CONCAT(",",F147," as ",B147) -> ,sum(case when procedure_status=3 then record_cnt else 0 end) as procedure_timeout_cnt | J147: 指标 | K147: 次 | L147: >=0
B148: abnor_release_cnt | C148: bigint | D148: 异常释放次数(掉线) | E148: A | F148: sum(abnor_release_cnt) | G148: sum(abnor_release_cnt) | H148: =_xlfn.CONCAT(",",F148," as ",B148) -> ,sum(abnor_release_cnt) as abnor_release_cnt | J148: 指标 | K148: 次 | L148: >=0
B149: normal_release_cnt | C149: bigint | D149: 正常释放次数 | E149: A | F149: sum(normal_release_cnt) | G149: sum(normal_release_cnt) | H149: =_xlfn.CONCAT(",",F149," as ",B149) -> ,sum(normal_release_cnt) as normal_release_cnt | J149: 指标 | K149: 次 | L149: >=0
B150: min_starttime | C150: string | D150: 最小开始时间(时间戳) | E150: A | F150: min(min_starttime) | G150: min(min_starttime) | H150: =_xlfn.CONCAT(",",F150," as ",B150) -> ,min(min_starttime) as min_starttime | J150: 指标 | K150: 时间戳 | L150: >0
B151: max_endtime | C151: string | D151: 最大结束时间(时间戳) | E151: A | F151: max(max_endtime) | G151: max(max_endtime) | H151: =_xlfn.CONCAT(",",F151," as ",B151) -> ,max(max_endtime) as max_endtime | J151: 指标 | K151: 时间戳 | L151: >0
B152: p_provincecode | C152: int | D152: 省分区
B153: p_date | C153: string | D153: 天分区
B154: p_hour | C154: int | D154: 小时分区

Sheet 19
B1: =HYPERLINK("#导航!a2","返回") -> 返回
B3: 目标表基本信息描述
B4: 主题域 | C4: 目标表英文名 | D4: 目标表中文名 | E4: 数据频度 | F4: 模型主键 | G4: 数据描述 | H4: 推送数据库
B5: 信令感知 | C5: aggr_nr_dpi_n1n2_index_reduce_base_h | D5: 5G_DPI_N1N2基础维度指标裁剪共享小时表 | E5: hour | G5: 对应共享给移动业务感知保障系统aggr_5gdpi_n1n2_multi_reduce_h，字段名称及表结构无变化
B7: 源表基本信息描述
B8: 来源系统 | C8: 源表英文名 | D8: 源表中文名 | E8: 别名 | F8: 任务描述 | G8: 备注 | H8: 是否主表
C9: aggr_nr_dpi_n1n2_base_h | D9: 5G_DPI_N1N2基础维度小时汇聚表 | E9: A | H9: 是
B11: 详细字段信息
B12: 详细字段信息
B13: PDM字段英文名 | C13: PDM字段类型 | D13: PDM字段中文名（说明） | E13: 源表名 | F13: 源字段英文名 | G13: 算法加工逻辑 | H13: 关联与过滤条件 | I13: 备注 | J13: 字段属性 | K13: 单位 | L13: 取值范围
B14: day | C14: string | D14: 日期 | E14: A | F14: p_date | G14: 直取 | H14: =_xlfn.CONCAT(",",F14," as ",B14) -> ,p_date as day | J14: 维度 | K14: 无 | L14: 无
B15: hour | C15: string | D15: 小时 | E15: A | F15: p_hour | G15: 直取 | H15: =_xlfn.CONCAT(",",F15," as ",B15) -> ,p_hour as hour | J15: 维度 | K15: 无 | L15: 无
B16: interface | C16: int | D16: 必填字段。接口类型： 1：S1-U 2：S1-MME 3：S6a 4：S11 6：S5-C 14：L2TP 16：Gm信令面 28：Gm接口VoLTE会话xDR（Gm Session xDR） 29：Gm接口VoLTE切片xDR（Gm Slice xDR） 31：S1-U接口VoLTE切片xDR（S1-U Slice xDR） 35：Radius 50：N1N2 51：N4 52：N5 53：N7 54：N8 55：N10 56：N11 57：N12 58：N14 59：N15 66：N16 60：N22 61：N26 62：N40 63：N13 100：User Plane（5G SA指N3接口） | E16: A | F16: =VLOOKUP(B16,'12'!B:L,1,0) -> interface | G16: 直取 | H16: =_xlfn.CONCAT(",",F16," as ",B16) -> ,interface as interface | J16: 维度 | K16: 无 | L16: 无
B17: supi | C17: string | D17: 永久用户标识。4G 填写用户IMSI。 | E17: A | F17: =VLOOKUP(B17,'12'!B:L,1,0) -> supi | G17: 直取 | H17: =_xlfn.CONCAT(",",F17," as ",B17) -> ,supi as supi | J17: 维度 | K17: 无 | L17: 无
B18: pei | C18: string | D18: 永久设备标识。4G填写IMEI/IMEISV。保持信令抽取的原样，无需进行IMEI和IMEISV间的转化。 | E18: A | F18: =VLOOKUP(B18,'12'!B:L,1,0) -> pei | G18: 直取 | H18: =_xlfn.CONCAT(",",F18," as ",B18) -> ,pei as pei | J18: 维度 | K18: 无 | L18: 无
B19: msisdn | C19: string | D19: 用户号码。 | E19: A | F19: =VLOOKUP(B19,'12'!B:L,1,0) -> msisdn | G19: 直取 | H19: =_xlfn.CONCAT(",",F19," as ",B19) -> ,msisdn as msisdn | J19: 维度 | K19: 无 | L19: 无
B20: rat | C20: int | D20: RAT类型：取各接口码流中携带的值。如果接入类型为5G NR，将RAT值改写为10。 | E20: A | F20: =VLOOKUP(B20,'12'!B:L,1,0) -> rat | G20: 直取 | H20: =_xlfn.CONCAT(",",F20," as ",B20) -> ,rat as rat | J20: 维度 | K20: 无 | L20: 无
B21: home_province | C21: string | D21: 用户的归属地省份，枚举定义参见附录G。对国际漫入用户时，该字段填写用户归属运营商PLMN。 | E21: A | F21: =VLOOKUP(B21,'12'!B:L,1,0) -> home_province | G21: 直取 | H21: =_xlfn.CONCAT(",",F21," as ",B21) -> ,home_province as home_province | J21: 维度 | K21: 无 | L21: 无
B22: amf_ip_add | C22: string | D22: AMF信令面的IP地址； | E22: A | F22: =VLOOKUP(B22,'12'!B:L,1,0) -> amf_ip_add | G22: 直取 | H22: =_xlfn.CONCAT(",",F22," as ",B22) -> ,amf_ip_add as amf_ip_add | J22: 维度 | K22: 无 | L22: 无
B23: s_nssai_sst | C23: string | D23: 网络切片选择辅助信息（切片/服务类型）。若有多个切片，以“,”分隔。 | E23: A | F23: =VLOOKUP(B23,'12'!B:L,1,0) -> s_nssai_sst | G23: 直取 | H23: =_xlfn.CONCAT(",",F23," as ",B23) -> ,s_nssai_sst as s_nssai_sst | J23: 维度 | K23: 无 | L23: 无
B24: s_nssai_sd | C24: string | D24: 网络切片选择辅助信息（切片差分器）。若有多个切片，以“,”分隔。 | E24: A | F24: =VLOOKUP(B24,'12'!B:L,1,0) -> s_nssai_sd | G24: 直取 | H24: =_xlfn.CONCAT(",",F24," as ",B24) -> ,s_nssai_sd as s_nssai_sd | J24: 维度 | K24: 无 | L24: 无
B25: tac | C25: int | D25: 流程结束时，UE当前所在的TAC | E25: A | F25: =VLOOKUP(B25,'12'!B:L,1,0) -> tac | G25: 直取 | H25: =_xlfn.CONCAT(",",F25," as ",B25) -> ,tac as tac | J25: 维度 | K25: 无 | L25: 无
B26: ci | C26: bigint | D26: 流程结束时，UE所在的NR Cell ID/E-UTRAN Cell ID | E26: A | F26: =VLOOKUP(B26,'12'!B:L,1,0) -> ci | G26: 直取 | H26: =_xlfn.CONCAT(",",F26," as ",B26) -> ,ci as ci | J26: 维度 | K26: 无 | L26: 无
B27: provincecode | C27: string | D27: 访问省编码 | E27: A | F27: p_provincecode | G27: 直取 | H27: =_xlfn.CONCAT(",",F27," as ",B27) -> ,p_provincecode as provincecode | J27: 维度 | K27: 无 | L27: 无
B28: citycode | C28: string | D28: 城市编码 | E28: A | F28: =VLOOKUP(B28,'12'!B:L,1,0) -> citycode | G28: 直取 | H28: =_xlfn.CONCAT(",",F28," as ",B28) -> ,citycode as citycode | J28: 维度 | K28: 无 | L28: 无
B29: city | C29: string | D29: 城市名称 | E29: A | F29: =VLOOKUP(B29,'12'!B:L,1,0) -> city | G29: 直取 | H29: =_xlfn.CONCAT(",",F29," as ",B29) -> ,city as city | J29: 维度 | K29: 无 | L29: 无
B30: gnb_ip_add | C30: string | D30: gNodeB信令面的IP地址； | E30: A | F30: =VLOOKUP(B30,'12'!B:L,1,0) -> gnb_ip_add | G30: 直取 | H30: =_xlfn.CONCAT(",",F30," as ",B30) -> ,gnb_ip_add as gnb_ip_add | J30: 维度 | K30: 无 | L30: 无
B31: other_cell_id | C31: bigint | D31: 针对切换过程，填写对端Cell ID | E31: A | F31: =VLOOKUP(B31,'12'!B:L,1,0) -> other_cell_id | G31: 直取 | H31: =_xlfn.CONCAT(",",F31," as ",B31) -> ,other_cell_id as other_cell_id | J31: 维度 | K31: 无 | L31: 无
B32: pdu_session_dnn | C32: string | D32: 第1个Date Network Name,取值参考23.003 9.1节 | E32: A | F32: =VLOOKUP(B32,'12'!B:L,1,0) -> pdu_session_dnn | G32: 直取 | H32: =_xlfn.CONCAT(",",F32," as ",B32) -> ,pdu_session_dnn as pdu_session_dnn | J32: 维度 | K32: 无 | L32: 无
B33: regist_request_sum | C33: bigint | D33: 注册请求次数 | E33: A | F33: sum(regist_request_cnt) | G33: sum(regist_request_cnt) | H33: =_xlfn.CONCAT(",",F33," as ",B33) -> ,sum(regist_request_cnt) as regist_request_sum | J33: 指标 | K33: 次 | L33: >=0
B34: regist_succ_sum | C34: bigint | D34: 注册成功次数 | E34: A | F34: sum(regist_succ_cnt) | G34: sum(regist_succ_cnt) | H34: =_xlfn.CONCAT(",",F34," as ",B34) -> ,sum(regist_succ_cnt) as regist_succ_sum | J34: 指标 | K34: 次 | L34: >=0
B35: regist_fail_sum | C35: bigint | D35: 注册失败次数 | E35: A | F35: sum(regist_fail_cnt) | G35: sum(regist_fail_cnt) | H35: =_xlfn.CONCAT(",",F35," as ",B35) -> ,sum(regist_fail_cnt) as regist_fail_sum | J35: 指标 | K35: 次 | L35: >=0
B36: regist_timeout_sum | C36: bigint | D36: 注册超时次数 | E36: A | F36: sum(regist_timeout_cnt) | G36: sum(regist_timeout_cnt) | H36: =_xlfn.CONCAT(",",F36," as ",B36) -> ,sum(regist_timeout_cnt) as regist_timeout_sum | J36: 指标 | K36: 次 | L36: >=0
B37: regist_delay_sum | C37: bigint | D37: 注册总时延 | E37: A | F37: sum(regist_delay_sum) | G37: sum(regist_delay) | H37: =_xlfn.CONCAT(",",F37," as ",B37) -> ,sum(regist_delay_sum) as regist_delay_sum | J37: 指标 | K37: ms | L37: >=0
B38: regist_init_request_sum | C38: bigint | D38: 初始注册请求次数 | E38: A | F38: sum(regist_init_request_cnt) | G38: sum(regist_init_request_cnt) | H38: =_xlfn.CONCAT(",",F38," as ",B38) -> ,sum(regist_init_request_cnt) as regist_init_request_sum | J38: 指标 | K38: 次 | L38: >=0
B39: regist_init_succ_sum | C39: bigint | D39: 初始注册成功次数 | E39: A | F39: sum(regist_init_succ_cnt) | G39: sum(regist_init_succ_cnt) | H39: =_xlfn.CONCAT(",",F39," as ",B39) -> ,sum(regist_init_succ_cnt) as regist_init_succ_sum | J39: 指标 | K39: 次 | L39: >=0
B40: regist_init_fail_sum | C40: bigint | D40: 初始注册失败次数 | E40: A | F40: sum(regist_init_fail_cnt) | G40: sum(regist_init_fail_cnt) | H40: =_xlfn.CONCAT(",",F40," as ",B40) -> ,sum(regist_init_fail_cnt) as regist_init_fail_sum | J40: 指标 | K40: 次 | L40: >=0
B41: regist_init_timeout_sum | C41: bigint | D41: 初始注册超时次数 | E41: A | F41: sum(regist_init_timeout_cnt) | G41: sum(regist_init_timeout_cnt) | H41: =_xlfn.CONCAT(",",F41," as ",B41) -> ,sum(regist_init_timeout_cnt) as regist_init_timeout_sum | J41: 指标 | K41: 次 | L41: >=0
B42: regist_init_delay_sum | C42: bigint | D42: 初始注册总时延 | E42: A | F42: sum(regist_init_delay_sum) | G42: sum(regist_init_delay) | H42: =_xlfn.CONCAT(",",F42," as ",B42) -> ,sum(regist_init_delay_sum) as regist_init_delay_sum | J42: 指标 | K42: ms | L42: >=0
B43: regist_periodic_request_sum | C43: bigint | D43: 周期性注册请求次数 | E43: A | F43: sum(regist_periodic_request_cnt) | G43: sum(regist_periodic_request_cnt) | H43: =_xlfn.CONCAT(",",F43," as ",B43) -> ,sum(regist_periodic_request_cnt) as regist_periodic_request_sum | J43: 指标 | K43: 次 | L43: >=0
B44: regist_periodic_succ_sum | C44: bigint | D44: 周期性注册成功次数 | E44: A | F44: sum(regist_periodic_succ_cnt) | G44: sum(regist_periodic_succ_cnt) | H44: =_xlfn.CONCAT(",",F44," as ",B44) -> ,sum(regist_periodic_succ_cnt) as regist_periodic_succ_sum | J44: 指标 | K44: 次 | L44: >=0
... B131: n1n2_timeout_cnt_sum | C131: bigint | D131: n1n2信令超时条数 | E131: A | F131: sum(procedure_timeout_cnt) | G131: sum(procedure_timeout_cnt) | H131: =_xlfn.CONCAT(",",F131," as ",B131) -> ,sum(procedure_timeout_cnt) as n1n2_timeout_cnt_sum | J131: 指标 | K131: 次 | L131: >=0
A132: =ROW()-1 -> 131 | B132: sms_request_sum | C132: bigint | D132: SMS业务请求次数 | E132: A | F132: sum(sms_request_cnt) | G132: sum(sms_request_cnt) | H132: =_xlfn.CONCAT(",",F132," as ",B132) -> ,sum(sms_request_cnt) as sms_request_sum | J132: 指标 | K132: 次 | L132: >=0
A133: =ROW()-1 -> 132 | B133: sms_success_sum | C133: bigint | D133: SMS业务成功次数 | E133: A | F133: sum(sms_succ_cnt) | G133: sum(sms_succ_cnt) | H133: =_xlfn.CONCAT(",",F133," as ",B133) -> ,sum(sms_succ_cnt) as sms_success_sum | J133: 指标 | K133: 次 | L133: >=0
A134: =ROW()-1 -> 133 | B134: sms_fail_sum | C134: bigint | D134: SMS业务失败次数 | E134: A | F134: sum(sms_fail_cnt) | G134: sum(sms_fail_cnt) | H134: =_xlfn.CONCAT(",",F134," as ",B134) -> ,sum(sms_fail_cnt) as sms_fail_sum | J134: 指标 | K134: 次 | L134: >=0
A135: =ROW()-1 -> 134 | B135: sms_timeout_sum | C135: bigint | D135: SMS业务超时次数 | E135: A | F135: sum(sms_timeout_cnt) | G135: sum(sms_timeout_cnt) | H135: =_xlfn.CONCAT(",",F135," as ",B135) -> ,sum(sms_timeout_cnt) as sms_timeout_sum | J135: 指标 | K135: 次 | L135: >=0
B136: p_provincecode | C136: int | D136: 省分区
B137: p_date | C137: string | D137: 天分区
B138: p_hour | C138: int | D138: 小时分区

Sheet 20
B1: =HYPERLINK("#导航!a2","返回") -> 返回
B3: 目标表基本信息描述
B4: 主题域 | C4: 目标表英文名 | D4: 目标表中文名 | E4: 数据频度 | F4: 模型主键 | G4: 数据描述 | H4: 推送数据库
B5: 信令感知 | C5: aggr_nr_dpi_n1n2_usrcel_h | D5: 5G_DPI_N1N2用户小区维度小时表 | E5: hour
B7: 源表基本信息描述
B8: 来源系统 | C8: 源表英文名 | D8: 源表中文名 | E8: 别名 | F8: 任务描述 | G8: 备注 | H8: 是否主表
C9: aggr_nr_dpi_n1n2_base_h | D9: 5G_DPI_N1N2基础维度小时汇聚表 | E9: A | H9: 是
B11: 详细字段信息
B12: 详细字段信息
B13: PDM字段英文名 | C13: PDM字段类型 | D13: PDM字段中文名（说明） | E13: 源表名 | F13: 源字段英文名 | G13: 算法加工逻辑 | H13: 关联与过滤条件 | I13: 备注 | J13: 字段属性 | K13: 单位 | L13: 取值范围
B14: day | C14: string | D14: 日期 | E14: A | F14: p_date | G14: 直取 | H14: =_xlfn.CONCAT(",",F14," as ",B14) -> ,p_date as day | J14: 维度 | K14: 无 | L14: 无
B15: hour | C15: string | D15: 小时 | E15: A | F15: p_hour | G15: 直取 | H15: =_xlfn.CONCAT(",",F15," as ",B15) -> ,p_hour as hour | J15: 维度 | K15: 无 | L15: 无
B16: supi | C16: string | D16: 永久用户标识。4G 填写用户IMSI。 | E16: A | F16: =VLOOKUP(B16,'12'!B:L,1,0) -> supi | G16: 直取 | H16: =_xlfn.CONCAT(",",F16," as ",B16) -> ,supi as supi | J16: 维度 | K16: 无 | L16: 无
B17: pei | C17: string | D17: 永久设备标识。4G填写IMEI/IMEISV。保持信令抽取的原样，无需进行IMEI和IMEISV间的转化。 | E17: A | F17: =VLOOKUP(B17,'12'!B:L,1,0) -> pei | G17: 直取 | H17: =_xlfn.CONCAT(",",F17," as ",B17) -> ,pei as pei | J17: 维度 | K17: 无 | L17: 无
B18: msisdn | C18: string | D18: 用户号码。 | E18: A | F18: =VLOOKUP(B18,'12'!B:L,1,0) -> msisdn | G18: 直取 | H18: =_xlfn.CONCAT(",",F18," as ",B18) -> ,msisdn as msisdn | J18: 维度 | K18: 无 | L18: 无
B19: home_province | C19: string | D19: 用户的归属地省份，枚举定义参见附录G。对国际漫入用户时，该字段填写用户归属运营商PLMN。 | E19: A | F19: =VLOOKUP(B19,'12'!B:L,1,0) -> home_province | G19: 直取 | H19: =_xlfn.CONCAT(",",F19," as ",B19) -> ,home_province as home_province | J19: 维度 | K19: 无 | L19: 无
B20: tac | C20: int | D20: 流程结束时，UE当前所在的TAC | E20: A | F20: =VLOOKUP(B20,'12'!B:L,1,0) -> tac | G20: 直取 | H20: =_xlfn.CONCAT(",",F20," as ",B20) -> ,tac as tac | J20: 维度 | K20: 无 | L20: 无
B21: cellkey | C21: string | D21: 小区cellkey | E21: A | F21: cellkey | G21: 直取 | H21: =_xlfn.CONCAT(",",F21," as ",B21) -> ,cellkey as cellkey | J21: 维度 | K21: 无 | L21: 无
B22: provincecode | C22: string | D22: 访问省编码 | E22: A | F22: p_provincecode | G22: 直取 | H22: =_xlfn.CONCAT(",",F22," as ",B22) -> ,p_provincecode as provincecode | J22: 维度 | K22: 无 | L22: 无
B23: province | C23: string | D23: 省名称 | E23: C | F23: province | G23: 关联回填 | H23: =_xlfn.CONCAT(",",F23," as ",B23) -> ,province as province | J23: 维度 | K23: 无 | L23: 无
B24: citycode | C24: string | D24: 城市编码 | E24: A | F24: =VLOOKUP(B24,'12'!B:L,1,0) -> citycode | G24: 直取 | H24: =_xlfn.CONCAT(",",F24," as ",B24) -> ,citycode as citycode | J24: 维度 | K24: 无 | L24: 无
B25: city | C25: string | D25: 城市名称 | E25: A | F25: =VLOOKUP(B25,'12'!B:L,1,0) -> city | G25: 直取 | H25: =_xlfn.CONCAT(",",F25," as ",B25) -> ,city as city | J25: 维度 | K25: 无 | L25: 无
B26: districtcode | C26: int | D26: 区县编码 | E26: A | F26: districtcode | G26: 直取 | H26: =_xlfn.CONCAT(",",F26," as ",B26) -> ,districtcode as districtcode | J26: 维度 | K26: 无 | L26: 无
B27: district | C27: string | D27: 区县名称 | E27: A | F27: district | G27: 直取 | H27: =_xlfn.CONCAT(",",F27," as ",B27) -> ,district as district | J27: 维度 | K27: 无 | L27: 无
B28: gnb_ip_add | C28: string | D28: gNodeB信令面的IP地址； | E28: A | F28: gnb_ip_add | G28: 直取 | H28: =_xlfn.CONCAT(",",F28," as ",B28) -> ,gnb_ip_add as gnb_ip_add | J28: 维度 | K28: 无 | L28: 无
B29: regist_request_cnt | C29: bigint | D29: 注册请求次数 | E29: A | F29: sum(regist_request_cnt) | G29: sum(regist_request_cnt) | H29: =_xlfn.CONCAT(",",F29," as ",B29) -> ,sum(regist_request_cnt) as regist_request_cnt | J29: 指标 | K29: 次 | L29: >=0
B30: regist_succ_cnt | C30: bigint | D30: 注册成功次数 | E30: A | F30: sum(regist_succ_cnt) | G30: sum(regist_succ_cnt) | H30: =_xlfn.CONCAT(",",F30," as ",B30) -> ,sum(regist_succ_cnt) as regist_succ_cnt | J30: 指标 | K30: 次 | L30: >=0
B31: regist_fail_cnt | C31: bigint | D31: 注册失败次数 | E31: A | F31: sum(regist_fail_cnt) | G31: sum(regist_fail_cnt) | H31: =_xlfn.CONCAT(",",F31," as ",B31) -> ,sum(regist_fail_cnt) as regist_fail_cnt | J31: 指标 | K31: 次 | L31: >=0
B32: regist_timeout_cnt | C32: bigint | D32: 注册超时次数 | E32: A | F32: sum(regist_timeout_cnt) | G32: sum(regist_timeout_cnt) | H32: =_xlfn.CONCAT(",",F32," as ",B32) -> ,sum(regist_timeout_cnt) as regist_timeout_cnt | J32: 指标 | K32: 次 | L32: >=0
B33: regist_delay | C33: double | D33: 注册平均时延 | E33: A | F33: sum(regist_succ_cnt*regist_delay) / sum(regist_succ_cnt) | G33: sum(regist_succ_cnt*regist_delay) / sum(regist_succ_cnt) | H33: =_xlfn.CONCAT(",",F33," as ",B33) -> ,sum(regist_succ_cnt*regist_delay) / sum(regist_succ_cnt) as regist_delay | J33: 指标 | K33: ms | L33: >=0
B34: regist_init_request_cnt | C34: bigint | D34: 初始注册请求次数 | E34: A | F34: sum(regist_init_request_cnt) | G34: sum(regist_init_request_cnt) | H34: =_xlfn.CONCAT(",",F34," as ",B34) -> ,sum(regist_init_request_cnt) as regist_init_request_cnt | J34: 指标 | K34: 次 | L34: >=0
B35: regist_init_succ_cnt | C35: bigint | D35: 初始注册成功次数 | E35: A | F35: sum(regist_init_succ_cnt) | G35: sum(regist_init_succ_cnt) | H35: =_xlfn.CONCAT(",",F35," as ",B35) -> ,sum(regist_init_succ_cnt) as regist_init_succ_cnt | J35: 指标 | K35: 次 | L35: >=0
B36: regist_init_fail_cnt | C36: bigint | D36: 初始注册失败次数 | E36: A | F36: sum(regist_init_fail_cnt) | G36: sum(regist_init_fail_cnt) | H36: =_xlfn.CONCAT(",",F36," as ",B36) -> ,sum(regist_init_fail_cnt) as regist_init_fail_cnt | J36: 指标 | K36: 次 | L36: >=0
B37: regist_init_timeout_cnt | C37: bigint | D37: 初始注册超时次数 | E37: A | F37: sum(regist_init_timeout_cnt) | G37: sum(regist_init_timeout_cnt) | H37: =_xlfn.CONCAT(",",F37," as ",B37) -> ,sum(regist_init_timeout_cnt) as regist_init_timeout_cnt | J37: 指标 | K37: 次 | L37: >=0
... B58: servicerequest_delay | C58: double | D58: 业务请求平均时延 | E58: A | F58: sum(servicerequest_succ_cnt*servicerequest_delay) / sum(servicerequest_succ_cnt) | G58: sum(servicerequest_succ_cnt*servicerequest_delay) / sum(servicerequest_succ_cnt) | H58: =_xlfn.CONCAT(",",F58," as ",B58) -> ,sum(servicerequest_succ_cnt*servicerequest_delay) / sum(servicerequest_succ_cnt) as servicerequest_delay | J58: 指标 | K58: ms | L58: >=0
A59: =ROW()-1 -> 58 | B59: sms_request_cnt | C59: bigint | D59: 短信业务请求次数 | E59: A | F59: sum(sms_request_cnt) | G59: sum(sms_request_cnt) | H59: =_xlfn.CONCAT(",",F59," as ",B59) -> ,sum(sms_request_cnt) as sms_request_cnt | J59: 指标 | K59: 次 | L59: >=0
A60: =ROW()-1 -> 59 | B60: sms_succ_cnt | C60: bigint | D60: 短信业务成功次数 | E60: A | F60: sum(sms_succ_cnt) | G60: sum(sms_succ_cnt) | H60: =_xlfn.CONCAT(",",F60," as ",B60) -> ,sum(sms_succ_cnt) as sms_succ_cnt | J60: 指标 | K60: 次 | L60: >=0
A61: =ROW()-1 -> 60 | B61: sms_fail_cnt | C61: bigint | D61: 短信业务失败次数 | E61: A | F61: sum(sms_fail_cnt) | G61: sum(sms_fail_cnt) | H61: =_xlfn.CONCAT(",",F61," as ",B61) -> ,sum(sms_fail_cnt) as sms_fail_cnt | J61: 指标 | K61: 次 | L61: >=0
A62: =ROW()-1 -> 61 | B62: sms_timeout_cnt | C62: bigint | D62: 短信业务超时次数 | E62: A | F62: sum(sms_timeout_cnt) | G62: sum(sms_timeout_cnt) | H62: =_xlfn.CONCAT(",",F62," as ",B62) -> ,sum(sms_timeout_cnt) as sms_timeout_cnt | J62: 指标 | K62: 次 | L62: >=0
A63: =ROW()-1 -> 62 | B63: sms_delay | C63: bigint | D63: 短信业务时延 | E63: A | F63: sum(sms_succ_cnt*sms_delay) / sum(sms_succ_cnt) | G63: sum(sms_succ_cnt*sms_delay) / sum(sms_succ_cnt) | H63: =_xlfn.CONCAT(",",F63," as ",B63) -> ,sum(sms_succ_cnt*sms_delay) / sum(sms_succ_cnt) as sms_delay | J63: 指标 | K63: ms | L63: >=0
B64: sms_mo_request_cnt | C64: bigint | D64: 短信MO请求次数 | E64: A | F64: sum(sms_mo_request_cnt) | G64: sum(sms_mo_request_cnt) | H64: =_xlfn.CONCAT(",",F64," as ",B64) -> ,sum(sms_mo_request_cnt) as sms_mo_request_cnt | J64: 指标 | K64: 次 | L64: >=0
B65: sms_mo_succ_cnt | C65: bigint | D65: 短信MO成功次数 | E65: A | F65: sum(sms_mo_succ_cnt) | G65: sum(sms_mo_succ_cnt) | H65: =_xlfn.CONCAT(",",F65," as ",B65) -> ,sum(sms_mo_succ_cnt) as sms_mo_succ_cnt | J65: 指标 | K65: 次 | L65: >=0
B66: sms_mo_fail_cnt | C66: bigint | D66: 短信MO失败次数 | E66: A | F66: sum(sms_mo_fail_cnt) | G66: sum(sms_mo_fail_cnt) | H66: =_xlfn.CONCAT(",",F66," as ",B66) -> ,sum(sms_mo_fail_cnt) as sms_mo_fail_cnt | J66: 指标 | K66: 次 | L66: >=0
B67: sms_mo_timeout_cnt | C67: bigint | D67: 短信MO超时次数 | E67: A | F67: sum(sms_mo_timeout_cnt) | G67: sum(sms_mo_timeout_cnt) | H67: =_xlfn.CONCAT(",",F67," as ",B67) -> ,sum(sms_mo_timeout_cnt) as sms_mo_timeout_cnt | J67: 指标 | K67: 次 | L67: >=0
B68: sms_mo_delay | C68: double | D68: 短信MO平均时延 | E68: A | F68: sum(sms_mo_succ_cnt*sms_mo_delay) / sum(sms_mo_succ_cnt) | G68: sum(sms_mo_succ_cnt*sms_mo_delay) / sum(sms_mo_succ_cnt) | H68: =_xlfn.CONCAT(",",F68," as ",B68) -> ,sum(sms_mo_succ_cnt*sms_mo_delay) / sum(sms_mo_succ_cnt) as sms_mo_delay | J68: 指标 | K68: ms | L68: >=0
B69: sms_mt_request_cnt | C69: bigint | D69: 短信MT请求次数 | E69: A | F69: sum(sms_mt_request_cnt) | G69: sum(sms_mt_request_cnt) | H69: =_xlfn.CONCAT(",",F69," as ",B69) -> ,sum(sms_mt_request_cnt) as sms_mt_request_cnt | J69: 指标 | K69: 次 | L69: >=0
B70: sms_mt_succ_cnt | C70: bigint | D70: 短信MT成功次数 | E70: A | F70: sum(sms_mt_succ_cnt) | G70: sum(sms_mt_succ_cnt) | H70: =_xlfn.CONCAT(",",F70," as ",B70) -> ,sum(sms_mt_succ_cnt) as sms_mt_succ_cnt | J70: 指标 | K70: 次 | L70: >=0
B71: sms_mt_fail_cnt | C71: bigint | D71: 短信MT失败次数 | E71: A | F71: sum(sms_mt_fail_cnt) | G71: sum(sms_mt_fail_cnt) | H71: =_xlfn.CONCAT(",",F71," as ",B71) -> ,sum(sms_mt_fail_cnt) as sms_mt_fail_cnt | J71: 指标 | K71: 次 | L71: >=0
B72: sms_mt_timeout_cnt | C72: bigint | D72: 短信MT超时次数 | E72: A | F72: sum(sms_mt_timeout_cnt) | G72: sum(sms_mt_timeout_cnt) | H72: =_xlfn.CONCAT(",",F72," as ",B72) -> ,sum(sms_mt_timeout_cnt) as sms_mt_timeout_cnt | J72: 指标 | K72: 次 | L72: >=0
