Workbook

Sheet 0
A1: RSRP原始值 | B1: 采样点数 | C1: 实际值-含换算公式 | F1: RSRQ原始值 | G1: 采样点数 | H1: 实际值-含换算公式 | K1: SINR原始值 | L1: 采样点数 | M1: 实际值-含换算公式
A2: 0 | B2: 19 | C2: =A2-156 -> -156 | F2: 0 | G2: 5816 | H2: =F2/2-43 -> -43 | K2: 0 | L2: 1163 | M2: =K2/2-23 -> -23
A3: 1 | B3: 276 | C3: =A3-156 -> -155 | F3: 1 | G3: 554 | H3: =F3/2-43 -> -42.5 | K3: 1 | L3: 95 | M3: =K3/2-23 -> -22.5
A4: 2 | B4: 76 | C4: =A4-156 -> -154 | F4: 2 | G4: 269 | H4: =F4/2-43 -> -42 | K4: 2 | L4: 120 | M4: =K4/2-23 -> -22
A5: 3 | B5: 89 | C5: =A5-156 -> -153 | F5: 3 | G5: 308 | H5: =F5/2-43 -> -41.5 | K5: 3 | L5: 125 | M5: =K5/2-23 -> -21.5
A6: 4 | B6: 98 | C6: =A6-156 -> -152 | F6: 4 | G6: 323 | H6: =F6/2-43 -> -41 | K6: 4 | L6: 147 | M6: =K6/2-23 -> -21
A7: 5 | B7: 95 | C7: =A7-156 -> -151 | F7: 5 | G7: 307 | H7: =F7/2-43 -> -40.5 | K7: 5 | L7: 162 | M7: =K7/2-23 -> -20.5
A8: 6 | B8: 87 | C8: =A8-156 -> -150 | F8: 6 | G8: 323 | H8: =F8/2-43 -> -40 | K8: 6 | L8: 200 | M8: =K8/2-23 -> -20
A9: 7 | B9: 545 | C9: =A9-156 -> -149 | F9: 7 | G9: 425 | H9: =F9/2-43 -> -39.5 | K9: 7 | L9: 217 | M9: =K9/2-23 -> -19.5
A10: 8 | B10: 120 | C10: =A10-156 -> -148 | F10: 8 | G10: 308 | H10: =F10/2-43 -> -39 | K10: 8 | L10: 309 | M10: =K10/2-23 -> -19
A11: 9 | B11: 127 | C11: =A11-156 -> -147 | F11: 9 | G11: 309 | H11: =F11/2-43 -> -38.5 | K11: 9 | L11: 373 | M11: =K11/2-23 -> -18.5
A12: 10 | B12: 138 | C12: =A12-156 -> -146 | F12: 10 | G12: 289 | H12: =F12/2-43 -> -38 | K12: 10 | L12: 391 | M12: =K12/2-23 -> -18
A13: 11 | B13: 142 | C13: =A13-156 -> -145 | F13: 11 | G13: 341 | H13: =F13/2-43 -> -37.5 | K13: 11 | L13: 483 | M13: =K13/2-23 -> -17.5
... A129: 127 | B129: 75 | C129: =A129-156 -> -29 | F129: 127 | G129: 3945 | H129: =F129/2-43 -> 20.5 | K129: 127 | L129: 1566 | M129: =K129/2-23 -> 40.5

Sheet 导航
A1: 内部编号 | B1: 索引 | C1: 项目名称 | D1: 数据层级 | E1: 主题域 | F1: 表英文名 | G1: 表中文名 | H1: 数据描述 | I1: 汇聚维度 | J1: 数据时间粒度 | K1: 最小时间分区 | L1: 计算位置 | M1: 是否同步 | N1: 生命周期（存储周期单位：天） | O1: 前向表 | P1: 支撑应用/系统 | Q1: 新建/升级 | R1: 备注(最终变更点) | S1: 同步数据库
A2: 1 | B2: =HYPERLINK("#"&A2&"!A1",A2) -> 1 | C2: 网络数据处理系统 | D2: 接口层 | E2: / | F2: ods_nr_mro_northctcc_temp_new | G2: 5G电联MRO解析详单表 | H2: 5G电联MRO解析详单表 | I2: / | J2: 详单 | K2: 15分钟 | L2: 前置 | N2: 3 | O2: 原始数据解析 | Q2: 无变更 | R2: 无变更
A3: 2 | B3: =HYPERLINK("#"&A3&"!A1",A3) -> 2 | C3: 网络数据处理系统 | D3: 整合层 | E3: / | F3: ods_nr_mro_northctcc_location | G3: 5G电联MRO位置定位详单表 | H3: 5G电联MRO位置定位详单表 | I3: / | J3: 详单 | K3: 15分钟 | L3: 前置 | N3: 3 | O3: ods_nr_mro_northctcc_temp_new | Q3: 无变更 | R3: 无变更
A4: 3 | B4: =HYPERLINK("#"&A4&"!A1",A4) -> 3 | C4: 网络数据处理系统 | D4: 整合层 | E4: / | F4: ods_nr_mro_northctcc_q | G4: 5G电联MRO用户回填详单表 | H4: 5G电联MRO用户回填详单表 | I4: / | J4: 详单 | K4: 15分钟 | L4: 前置 | M4: 是 | N4: 3 | O4: ods_nr_mro_northctcc_location、ods_5gdpi_n1n2_e2e_telecom_5min | Q4: 升级 | R4: 增加4个字段
A5: 4 | B5: =HYPERLINK("#"&A5&"!A1",A5) -> 4 | C5: 网络数据处理系统 | D5: 整合层 | E5: / | F5: ods_nr_mro_northctcc_reduce | G5: 5G电联MRO详单字段裁剪表 | H5: 5G电联MRO详单字段裁剪表 | I5: / | J5: 详单 | K5: 15分钟 | L5: 核心 | N5: 3 | O5: ods_nr_mro_northctcc_q | Q5: 无变更 | R5: 无变更
A6: 5 | B6: =HYPERLINK("#"&A6&"!A1",A6) -> 5 | C6: 网络数据处理系统 | D6: 整合层 | E6: / | F6: fact_nr_mro_neighbor_nr_q | G6: 5G电联MRO邻区事实表(5G邻区) | H6: 5G电联MRO邻区事实表(5G邻区) | I6: / | J6: 详单 | K6: 15分钟 | L6: 核心 | N6: 3 | O6: ods_nr_mro_northctcc_q、fact_nr_cm_projdata | Q6: 新建
A7: 6 | B7: =HYPERLINK("#"&A7&"!A1",A7) -> 6 | C7: 网络数据处理系统 | D7: 中间层 | E7: / | F7: aggr_nr_sncell_problem_h | G7: MR数据主邻小区对覆盖问题分析汇聚小时表(重叠覆盖与MOD30) | H7: MR数据主邻小区对覆盖问题分析汇聚小时表(重叠覆盖与MOD30) | I7: 邻区对 | J7: 小时 | K7: 小时 | L7: 核心 | N7: 14 | O7: fact_nr_mro_neighbor_nr_q、fact_nr_cm_projdata | Q7: 新建
A8: 7 | B8: =HYPERLINK("#"&A8&"!A1",A8) -> 7 | C8: 网络数据处理系统 | D8: 中间层 | E8: / | F8: aggr_nr_sncell_problem_d | G8: MR数据主邻小区对覆盖问题分析汇聚天表(重叠覆盖与MOD30) | H8: MR数据主邻小区对覆盖问题分析汇聚天表(重叠覆盖与MOD30) | I8: 邻区对 | J8: 天 | K8: 天 | L8: 核心 | N8: 30 | O8: aggr_nr_sncell_problem_h | P8: 建维优 | Q8: 新建
A9: 8 | B9: =HYPERLINK("#"&A9&"!A1",A9) -> 8 | C9: 网络数据处理系统 | D9: 中间层 | E9: 覆盖分析 | F9: aggr_nr_coverage_problem_usrcelgrd_q | G9: 5G MR主小区覆盖问题汇聚指标15分钟表 | H9: 5G MR主小区覆盖问题汇聚指标15分钟表 | I9: 用户小区栅格 | J9: 15分钟 | K9: 15分钟 | L9: 核心 | N9: 14 | O9: fact_nr_mro_neighbor_nr_q | Q9: 新建
A10: 9 | B10: =HYPERLINK("#"&A10&"!A1",A10) -> 9 | C10: 网络数据处理系统 | D10: 中间层 | E10: 覆盖分析 | F10: aggr_nr_coverage_base_q | G10: 5G MR用户小区栅格覆盖指标15分钟表(无问题打标) | H10: 5G MR用户小区栅格覆盖指标15分钟表(无问题打标) | I10: 用户小区栅格 | J10: 15分钟 | K10: 15分钟 | L10: 核心 | N10: 14 | O10: ods_nr_mro_northctcc_q、fact_nr_cm_projdata | Q10: 新建
A11: 10 | B11: =HYPERLINK("#"&A11&"!A1",A11) -> 10 | C11: 网络数据处理系统 | D11: 中间层 | E11: 覆盖分析 | F11: aggr_nr_coverage_base_usr_refactor_q | G11: 5G MR用户小区栅格覆盖指标15分钟表 | H11: 5G MR用户小区栅格覆盖指标15分钟表 | I11: 用户小区栅格 | J11: 15分钟 | K11: 15分钟 | L11: 核心 | N11: 14 | O11: aggr_nr_coverage_base_q、aggr_nr_coverage_problem_usrcelgrd_q | P11: 建维优 | Q11: 升级
A12: 11 | B12: =HYPERLINK("#"&A12&"!A1",A12) -> 11 | C12: 网络数据处理系统 | D12: 中间层 | E12: 覆盖分析 | F12: aggr_nr_coverage_base_usr_refactor_h | G12: 5G MR用户小区栅格覆盖指标小时表 | H12: 5G MR用户小区栅格覆盖指标小时表 | I12: 用户小区栅格 | J12: 小时 | K12: 小时 | L12: 核心 | N12: 14 | O12: aggr_nr_coverage_base_usr_refactor_q | P12: 建维优 | Q12: 升级
A13: 13 | B13: =HYPERLINK("#"&A13&"!A1",A13) -> 13 | C13: 网络数据处理系统 | D13: 中间层 | E13: 覆盖分析 | F13: aggr_nr_coverage_reduce_usrcelgrd_q | G13: 5G MR用户小区栅格覆盖指标裁剪15分钟表 | H13: 5G MR用户小区栅格覆盖指标裁剪15分钟表 | I13: 用户小区栅格 | J13: 15分钟 | K13: 15分钟 | L13: 核心 | N13: 14 | O13: aggr_nr_coverage_base_usr_refactor_q | Q13: 新建
A14: 14 | B14: =HYPERLINK("#"&A14&"!A1",A14) -> 14 | C14: 网络数据处理系统 | D14: 中间层 | E14: 覆盖分析 | F14: aggr_nr_coverage_reduce_usrcelgrd_h | G14: 5G MR用户小区栅格覆盖指标裁剪小时表 | H14: 5G MR用户小区栅格覆盖指标裁剪小时表 | I14: 用户小区栅格 | J14: 小时 | K14: 小时 | L14: 核心 | N14: 14 | O14: aggr_nr_coverage_reduce_usrcelgrd_q | Q14: 新建
A15: 15 | B15: =HYPERLINK("#"&A15&"!A1",A15) -> 15 | C15: 网络数据处理系统 | D15: 中间层 | E15: 用户常驻 | F15: aggr_nr_coverage_resident_usrgrd_d | G15: 5G MR用户常驻栅格覆盖指标天表 | H15: 5G MR用户常驻栅格覆盖指标天表 | I15: 用户小区栅格 | J15: 天 | K15: 天 | L15: 核心 | N15: 30 | O15: aggr_nr_coverage_reduce_usrcelgrd_h | Q15: 新建
A16: 16 | B16: =HYPERLINK("#"&A16&"!A1",A16) -> 16 | C16: 网络数据处理系统 | D16: 中间层 | E16: 用户常驻 | F16: aggr_nr_usrareagrd_d | G16: 5G用户区域栅格聚区天表 | H16: 5G用户区域栅格聚区天表 | I16: 用户区域栅格 | J16: 天 | K16: 天 | L16: 核心 | N16: 30 | O16: aggr_nr_coverage_resident_usrgrd_d | Q16: 新建
A17: 17 | B17: =HYPERLINK("#"&A17&"!A1",A17) -> 17 | C17: 网络数据处理系统 | D17: 中间层 | E17: 用户级感知 | F17: aggr_nr_usrareatime_cel_refactor_d | G17: 5G MR用户聚区区域用户小区天表 | H17: 5G MR用户聚区区域用户小区天表 | I17: 用户小区栅格 | J17: 15分钟 | K17: 天 | L17: 核心 | N17: 30 | O17: aggr_nr_usrareagrd_d、aggr_nr_coverage_reduce_usrcelgrd_q | P17: 建维优 | Q17: 升级
A18: 17.1 | B18: =HYPERLINK("#"&A18&"!A1",A18) -> 17.1 | C18: 网络数据处理系统 | D18: 中间层 | E18: 用户级感知 | F18: aggr_nr_coverage_usrcelarea_refactor_d | G18: 5G MR用户小区区域覆盖天表 | H18: 5G MR用户小区区域覆盖天表 | I18: 用户小区区域 | J18: 天 | K18: 天 | L18: 核心 | N18: 30 | O18: aggr_nr_usrareatime_cel_refactor_d | P18: 建维优 | Q18: 升级
A19: 17.2 | B19: =HYPERLINK("#"&A19&"!A1",A19) -> 17.2 | C19: 网络数据处理系统 | D19: 中间层 | E19: 用户级感知 | F19: aggr_nr_usrarea_coverarea_refactor_d | G19: 5G MR用户区域覆盖天表 | H19: 5G MR用户区域覆盖天表 | I19: 用户区域 | J19: 天 | K19: 天 | L19: 核心 | N19: 30 | O19: aggr_nr_coverage_usrcelarea_refactor_d | P19: 建维优 | Q19: 升级
A20: 18 | B20: =HYPERLINK("#"&A20&"!A1",A20) -> 18 | C20: 网络数据处理系统 | D20: 中间层 | E20: 覆盖分析 | F20: aggr_nr_coverage_celgrd_refactor_h | G20: 5G MR小区栅格小时表 | H20: 5G MR小区栅格小时表 | I20: 小区栅格 | J20: 小时 | K20: 小时 | L20: 核心 | N20: 14 | O20: aggr_nr_coverage_base_usr_refactor_h | Q20: 升级
A21: 19 | B21: =HYPERLINK("#"&A21&"!A1",A21) -> 19 | C21: 网络数据处理系统 | D21: 中间层 | E21: 覆盖分析 | F21: aggr_nr_coverage_wide_usrcel_h | G21: 5G MR用户小区小时宽表 | H21: 5G MR用户小区小时宽表 | I21: 用户小区 | J21: 小时 | K21: 小时 | L21: 核心 | N21: 14 | O21: aggr_nr_coverage_base_usr_refactor_h | Q21: 新建
A22: 20 | B22: =HYPERLINK("#"&A22&"!A1",A22) -> 20 | C22: 网络数据处理系统 | D22: 中间层 | E22: 覆盖分析 | F22: aggr_nr_coverage_usrgrd_h | G22: 5G MR用户栅格小时表 | H22: 5G MR用户栅格小时表 | I22: 用户栅格 | J22: 小时 | K22: 小时 | L22: 核心 | N22: 14 | O22: aggr_nr_coverage_base_usr_refactor_h | P22: 建维优 | Q22: 新建
A23: 21 | B23: =HYPERLINK("#"&A23&"!A1",A23) -> 21 | C23: 网络数据处理系统 | D23: 中间层 | E23: 覆盖分析 | F23: aggr_nr_coverage_usrcel_refactor_h | G23: 5G MR用户小区小时共享表 | H23: 5G MR用户小区小时共享表 | I23: 用户小区 | J23: 小时 | K23: 小时 | L23: 核心 | N23: 14 | O23: aggr_nr_coverage_wide_usrcel_h | P23: 5G定制网 | Q23: 升级
A24: 22 | B24: =HYPERLINK("#"&A24&"!A1",A24) -> 22 | C24: 网络数据处理系统 | D24: 中间层 | E24: 覆盖分析 | F24: aggr_nr_coverage_usr_h | G24: 5G MR用户小时表 | H24: 5G MR用户小时表 | I24: 用户 | J24: 小时 | K24: 小时 | L24: 核心 | N24: 14 | O24: aggr_nr_coverage_wide_usrcel_h | Q24: 新建
A25: 23 | B25: =HYPERLINK("#"&A25&"!A1",A25) -> 23 | C25: 网络数据处理系统 | D25: 中间层 | E25: 覆盖分析 | F25: aggr_nr_coverage_cel_refactor_h | G25: 5G MR小区小时表 | H25: 5G MR用户小时表 | I25: 小区 | J25: 小时 | K25: 小时 | L25: 核心 | N25: 14 | O25: aggr_nr_coverage_celgrd_refactor_h | Q25: 升级
A26: 24 | B26: =HYPERLINK("#"&A26&"!A1",A26) -> 24 | C26: 网络数据处理系统 | D26: 中间层 | E26: 覆盖分析 | F26: aggr_nr_coverage_reduce_cel_h | G26: 5G MR小区小时共享表 | H26: 5G MR小区小时共享表 | I26: 小区 | J26: 小时 | K26: 小时 | L26: 核心 | N26: 14 | O26: aggr_nr_coverage_cel_refactor_h | P26: 移动业务感知保障系统 | Q26: 升级 | R26: 输入表变更(输入表使用了别名)
A27: 25 | B27: =HYPERLINK("#"&A27&"!A1",A27) -> 25 | C27: 网络数据处理系统 | D27: 中间层 | E27: 覆盖分析 | F27: aggr_nr_coverage_grd_refactor_h | G27: 5G MR栅格小时表 | H27: 5G MR栅格小时表 | I27: 栅格 | J27: 小时 | K27: 小时 | L27: 核心 | N27: 14 | O27: aggr_nr_coverage_celgrd_refactor_h | P27: 建维优 | Q27: 升级 | R27: 表名沿用，但字段重新设计了，需要删表重建
A28: 26 | B28: =HYPERLINK("#"&A28&"!A1",A28) -> 26 | C28: 网络数据处理系统 | D28: 中间层 | E28: 覆盖分析 | F28: aggr_nr_coverage_celgrd_refactor_d | G28: 5G MR小区栅格天表 | H28: 5G MR小区栅格天表 | I28: 小区栅格 | J28: 天 | K28: 天 | L28: 核心 | N28: 30 | O28: aggr_nr_coverage_celgrd_refactor_h | P28: 建维优 | Q28: 升级
A29: 27 | B29: =HYPERLINK("#"&A29&"!A1",A29) -> 27 | C29: 网络数据处理系统 | D29: 中间层 | E29: 覆盖分析 | F29: aggr_nr_coverage_cel_refactor_d | G29: 5G MR小区天表 | H29: 5G MR小区天表 | I29: 小区 | J29: 天 | K29: 天 | L29: 核心 | N29: 30 | O29: aggr_nr_coverage_celgrd_refactor_d | P29: 5GR、建维优 | Q29: 升级
A30: 28 | B30: =HYPERLINK("#"&A30&"!A1",A30) -> 28 | C30: 网络数据处理系统 | D30: 中间层 | E30: 覆盖分析 | F30: aggr_nr_coverage_rsrpsinr_cel_d | G30: 5G MR小区RSRP&SINR组合指标天表 | H30: 5G MR小区RSRP&SINR组合指标天表 | I30: 小区 | J30: 天 | K30: 天 | L30: 核心 | N30: 30 | O30: aggr_nr_coverage_cel_refactor_d | P30: 5GR | Q30: 升级 | R30: 输入表变更(输入表使用了别名)
A31: 29 | B31: =HYPERLINK("#"&A31&"!A1",A31) -> 29 | C31: 网络数据处理系统 | D31: 中间层 | E31: 覆盖分析 | F31: aggr_nr_coverage_cell_share_refactor_d | G31: 5G MR小区共享天表 | H31: 5G MR小区共享天表 | I31: 小区 | J31: 天 | K31: 天 | L31: 核心 | N31: 30 | O31: aggr_nr_coverage_cel_refactor_d | P31: 5GR | Q31: 升级 | R31: 输入表变更(输入表使用了别名)
A32: 30 | B32: =HYPERLINK("#"&A32&"!A1",A32) -> 30 | C32: 网络数据处理系统 | D32: 中间层 | E32: 覆盖分析 | F32: aggr_nr_coverage_grd_refactor_d | G32: 5G MR栅格天表 | H32: 5G MR栅格天表 | I32: 栅格 | J32: 天 | K32: 天 | L32: 核心 | N32: 30 | O32: aggr_nr_coverage_celgrd_refactor_d | P32: 5GR | Q32: 升级
A33: 31 | B33: =HYPERLINK("#"&A33&"!A1",A33) -> 31 | C33: 网络数据处理系统 | D33: 中间层 | E33: 覆盖分析 | F33: aggr_nr_coverage_rsrpsinr_grd_d | G33: 5G MR栅格RSRP&SINR组合指标天表 | H33: 5G MR栅格RSRP&SINR组合指标天表 | I33: 栅格 | J33: 天 | K33: 天 | L33: 核心 | N33: 30 | O33: aggr_nr_coverage_grd_refactor_d | P33: 5GR | Q33: 升级 | R33: 输入表变更(输入表使用了别名)
A34: 32 | B34: =HYPERLINK("#"&A34&"!A1",A34) -> 32 | C34: 网络数据处理系统 | D34: 中间层 | E34: 覆盖分析 | F34: aggr_nr_coverage_index_reduce_grd_d | G34: 5G MR栅格指标裁剪天表 | H34: 5G MR栅格指标裁剪天表 | I34: 栅格 | J34: 天 | K34: 天 | L34: 核心 | N34: 30 | O34: aggr_nr_coverage_grd_refactor_d | P34: 共建共享 | Q34: 升级
A35: 33 | B35: =HYPERLINK("#"&A35&"!A1",A35) -> 33 | C35: 网络数据处理系统 | D35: 中间层 | E35: 覆盖分析 | F35: aggr_nr_coverage_index_reduce_celgrd_d | G35: 5G MR小区栅格中心经纬度指标裁剪天表 | H35: 5G MR小区栅格中心经纬度指标裁剪天表 | I35: 小区栅格 | J35: 天 | K35: 天 | L35: 核心 | N35: 30 | O35: aggr_nr_coverage_celgrd_refactor_d | P35: 5G定制网 | Q35: 升级 | R35: 输入表变更(输入表使用了别名)
A36: 34 | B36: =HYPERLINK("#"&A36&"!A1",A36) -> 34 | C36: 网络数据处理系统 | D36: 中间层 | E36: 覆盖分析 | F36: aggr_nr_coverage_rsrp_celgrd_d | G36: 5G MR小区栅格RSRP指标共享天表 | H36: 5G MR小区栅格RSRP指标共享天表 | I36: 小区栅格 | J36: 天 | K36: 天 | L36: 核心 | N36: 30 | O36: aggr_nr_coverage_celgrd_refactor_d | P36: 核心系统,支撑基站节能 | Q36: 升级
A37: 35 | B37: =HYPERLINK("#"&A37&"!A1",A37) -> 35 | C37: 网络数据处理系统 | D37: 中间层 | E37: 覆盖分析 | F37: aggr_nr_coverage_usrcel_refactor_d | G37: 5G MR用户小区天表 | H37: 5G MR用户小区天表 | I37: 用户小区 | J37: 天 | K37: 天 | L37: 核心 | N37: 30 | O37: aggr_nr_coverage_wide_usrcel_h | Q37: 升级
A38: 36 | B38: =HYPERLINK("#"&A38&"!A1",A38) -> 36 | C38: 网络数据处理系统 | D38: 中间层 | E38: 覆盖分析 | F38: aggr_nr_coverage_usr_refactor_d | G38: 5G MR用户天表 | H38: 5G MR用户天表 | I38: 用户 | J38: 天 | K38: 天 | L38: 核心 | N38: 30 | O38: aggr_nr_coverage_usrcel_refactor_d | Q38: 升级
A39: 37 | B39: =HYPERLINK("#"&A39&"!A1",A39) -> 37 | C39: 网络数据处理系统 | D39: 中间层 | E39: 覆盖分析 | F39: aggr_nr_coverage_usrgrd_refactor_d | G39: 5G MR用户栅格天表 | H39: 5G MR用户栅格天表 | I39: 用户栅格 | J39: 天 | K39: 天 | L39: 核心 | N39: 30 | O39: aggr_nr_coverage_usrgrd_h | P39: 建维优 | Q39: 升级 | R39: 表名沿用，但字段重新设计了，需要删表重建
A40: 38 | B40: =HYPERLINK("#"&A40&"!A1",A40) -> 38 | C40: 网络数据处理系统 | D40: 中间层 | E40: 高铁优化 | F40: aggr_nr_highspeedrail_coverage_base_refactor_h | G40: 5G高铁用户小区栅格覆盖小时表 | H40: 5G高铁用户小区栅格覆盖小时表 | I40: 线路用户小区栅格 | J40: 小时 | K40: 小时 | L40: 核心 | N40: 14 | O40: aggr_highspeedrail_usrlist_d、aggr_nr_coverage_base_usr_refactor_q | P40: 建维优 | Q40: 升级

Sheet 1
B1: =HYPERLINK("#导航!a2","返回") -> 返回
B3: 目标表基本信息描述
B4: 主题域 | C4: 目标表英文名 | D4: 目标表中文名 | E4: 数据频度 | F4: 模型主键 | G4: 数据描述 | H4: 推送数据库
B5: / | C5: ods_nr_mro_northctcc_temp_new | D5: 5G电联MRO解析详单表 | E5: quarter
B7: 源表基本信息描述
B8: 来源系统 | C8: 源表英文名 | D8: 源表中文名 | E8: 别名 | F8: 任务描述 | G8: 备注 | H8: 是否主表
B11: 详细字段信息
B12: 详细字段信息
B13: PDM字段英文名 | C13: PDM字段类型 | D13: PDM字段中文名（说明） | E13: 源表名 | F13: 源表名 | G13: 源字段英文名 | H13: 算法加工逻辑 | I13: 关联与过滤条件 | J13: 备注 | K13: 字段属性 | L13: 单位 | M13: 取值范围
B14: datetime | C14: string | D14: 样本数据测量对象 UE 的样本测量时间 | K14: 详单 | L14: 无 | M14: 无
B15: gnbid | C15: bigint | D15: 5G基站标识 | K15: 详单 | L15: 无 | M15: 无
B16: cellid | C16: int | D16: 5G小区标识 | K16: 详单 | L16: 无 | M16: 无
B17: plmn | C17: array<int> | D17: UE接入NR服务小区的PLMN(公共陆地移动网) | K17: 详单 | L17: 无 | M17: 无
B18: nrscssrsrp | C18: array<int> | D18: NR 服务小区的 SSB 参考信 号接收功率 | K18: 详单 | L18: 无 | M18: 无
B19: nrscssrsrq | C19: array<int> | D19: NR 服务小区的 SSB 参考信号接收质量 | K19: 详单 | L19: 无 | M19: 无
B20: nrscsssinr | C20: array<int> | D20: NR 服务小区的 SSB 参考信号信噪比 | K20: 详单 | L20: 无 | M20: 无
B21: nrscssbeamid | C21: array<int> | D21: NR 服务小区的 SSB 波束号 | K21: 详单 | L21: 无 | M21: 无
B22: nrscarfcn | C22: array<int> | D22: NR 服务小区载波号 | K22: 详单 | L22: 无 | M22: 无
B23: nrscpci | C23: array<int> | D23: NR 服务小区的物理小区识别码 | K23: 详单 | L23: 无 | M23: 无
B24: nrsctadv | C24: array<int> | D24: NR 服务小区的时间提前量 | K24: 详单 | L24: 无 | M24: 无
B25: nrncellcount | C25: tinyint | D25: NR 服务小区的NR邻小区个数 | K25: 详单 | L25: 无 | M25: 无
... B60: vaoa | C60: array<int> | D60: 垂直AOA | K60: 详单 | L60: 无 | M60: 无
B61: p_provincecode | C61: int | D61: 省分区
B62: p_date | C62: string | D62: 天分区
B63: p_hour | C63: int | D63: 小时分区
B64: p_region | C64: int | D64: 厂家分区：100001:中兴|100002:华为|100003:诺基亚|100004:爱立信|100005:大唐
B65: p_quarter | C65: int | D65: 15分钟分区

Sheet 2
B1: =HYPERLINK("#导航!a2","返回") -> 返回
B3: 目标表基本信息描述
B4: 主题域 | C4: 目标表英文名 | D4: 目标表中文名 | E4: 数据频度 | F4: 模型主键 | G4: 数据描述 | H4: 推送数据库
B5: / | C5: ods_nr_mro_northctcc_location | D5: 5G电联MRO位置定位详单表 | E5: quarter
B7: 源表基本信息描述
B8: 来源系统 | C8: 源表英文名 | D8: 源表中文名 | E8: 别名 | F8: 任务描述 | G8: 备注 | H8: 是否主表
C9: ods_nr_mro_northctcc_temp_new | D9: 5G电联MRO解析详单表 | E9: A
B12: 详细字段信息
B13: 详细字段信息
B14: PDM字段英文名 | C14: PDM字段类型 | D14: PDM字段中文名（说明） | E14: 源表名 | F14: 源字段英文名 | G14: 算法加工逻辑 | H14: 关联与过滤条件 | I14: 备注 | J14: 字段属性 | K14: 单位 | L14: 取值范围
B15: datetime | C15: string | D15: 样本数据测量对象 UE 的样本测量时间 | J15: 详单 | K15: 无 | L15: 无
B16: gnbid | C16: bigint | D16: 5G基站标识 | J16: 详单 | K16: 无 | L16: 无
B17: cellid | C17: int | D17: 5G小区标识 | J17: 详单 | K17: 无 | L17: 无
B18: plmn | C18: string | D18: UE接入NR服务小区的PLMN(公共陆地移动网) | J18: 详单 | K18: 无 | L18: 无
B19: nrscssrsrp | C19: smallint | D19: NR 服务小区的 SSB 参考信 号接收功率 | J19: 详单 | K19: 无 | L19: 无
B20: nrscssrsrq | C20: smallint | D20: NR 服务小区的 SSB 参考信号接收质量 | J20: 详单 | K20: 无 | L20: 无
B21: nrscsssinr | C21: smallint | D21: NR 服务小区的 SSB 参考信号信噪比 | J21: 详单 | K21: 无 | L21: 无
B22: nrscssbeamid | C22: smallint | D22: NR 服务小区的 SSB 波束号 | J22: 详单 | K22: 无 | L22: 无
B23: nrscarfcn | C23: bigint | D23: NR 服务小区载波号 | J23: 详单 | K23: 无 | L23: 无
B24: nrscpci | C24: smallint | D24: NR 服务小区的物理小区识别码 | J24: 详单 | K24: 无 | L24: 无
B25: nrsctadv | C25: int | D25: NR 服务小区的时间提前量 | J25: 详单 | K25: 无 | L25: 无
B26: nrncellcount | C26: tinyint | D26: NR 服务小区的NR邻小区个数 | J26: 详单 | K26: 无 | L26: 无
... B62: ranuengapid | C62: bigint | D62: gNB UE应用协议标识 | J62: 详单 | K62: 无 | L62: 无
B63: p_provincecode | C63: int | D63: 省分区
B64: p_date | C64: string | D64: 天分区
B65: p_hour | C65: int | D65: 小时分区
B66: p_region | C66: int | D66: 厂家分区：100001:中兴|100002:华为|100003:诺基亚|100004:爱立信|100005:大唐
B67: p_quarter | C67: int | D67: 15分钟分区

Sheet 3
B1: =HYPERLINK("#导航!a2","返回") -> 返回
B3: 目标表基本信息描述
B4: 主题域 | C4: 目标表英文名 | D4: 目标表中文名 | E4: 数据频度 | F4: 模型主键 | G4: 数据描述 | H4: 推送数据库
B5: / | C5: ods_nr_mro_northctcc_q | D5: 5G电联MRO用户回填详单表 | E5: quarter | G5: 主小区RSRP/SINR/RSRQ值未转换，邻小区RSRP/SINR/RSRQ值未转换，做后向邻区表时需注意
B7: 源表基本信息描述
B8: 来源系统 | C8: 源表英文名 | D8: 源表中文名 | E8: 别名 | F8: 任务描述 | G8: 备注 | H8: 是否主表
C9: ods_nr_mro_northctcc_location | D9: 5G电联MRO位置定位详单表 | E9: A | F9: 关联回填用户信息，关联逻辑保持与现状一致（注意：对msisdn字段处理时，需要去掉86） | H9: 是
C10: ods_5gdpi_n1n2_e2e_telecom_5min | D10: 5G N1N2接口层详单表 | E10: B
B12: 详细字段信息
B13: 详细字段信息
B14: PDM字段英文名 | C14: PDM字段类型 | D14: PDM字段中文名（说明） | E14: 源表名 | F14: 源字段英文名 | G14: 算法加工逻辑 | H14: 关联与过滤条件 | I14: 备注 | J14: 字段属性 | K14: 单位 | L14: 取值范围
B15: datetime | C15: string | D15: 样本数据测量对象 UE 的样本测量时间 | E15: A | G15: concat_ws(' ',split(datetime,'T')) | J15: 详单 | K15: 无 | L15: 无
A16: =ROW()-1 -> 15 | B16: gnbid | C16: bigint | D16: 5G基站标识 | E16: A | F16: gnbid | G16: 直取 | J16: 详单 | K16: 无 | L16: 无
B17: cellid | C17: int | D17: 5G小区标识 | E17: A | F17: cellid | G17: 直取 | J17: 详单 | K17: 无 | L17: 无
B18: plmn | C18: string | D18: UE接入NR服务小区的PLMN(公共陆地移动网) | E18: A | F18: plmn | G18: 直取 | J18: 详单 | K18: 无 | L18: 无
B19: imsi | C19: string | D19: 用户imsi | E19: B | G19: 关联回填supi | J19: 详单 | K19: 无 | L19: 无
B20: imei | C20: string | D20: 用户imei | E20: B | G20: 关联回填pei | J20: 详单 | K20: 无 | L20: 无
B21: msisdn | C21: string | D21: 用户号码 | E21: B | G21: 关联回填msisdn，需要做去86的操作 | J21: 详单 | K21: 无 | L21: 无
B22: s_nssai_sst | C22: string | D22: 网络切片选择辅助信息（切片/服务类型） | E22: B | G22: 关联回填s_nssai_sst | J22: 详单 | K22: 无 | L22: 无
B23: s_nssai_sd | C23: string | D23: 网络切片选择辅助信息（切片差分器） | E23: B | G23: 关联回填s_nssai_sd | J23: 详单 | K23: 无 | L23: 无
B24: nrscssrsrp | C24: int | D24: NR 服务小区的 SSB 参考信 号接收功率 | E24: A | F24: nrscssrsrp | G24: 直取 | J24: 详单 | K24: 无 | L24: 无
B25: nrscssrsrq | C25: int | D25: NR 服务小区的 SSB 参考信号接收质量 | E25: A | F25: nrscssrsrq | G25: 直取 | J25: 详单 | K25: 无 | L25: 无
B26: nrscsssinr | C26: int | D26: NR 服务小区的 SSB 参考信号信噪比 | E26: A | F26: nrscsssinr | G26: 直取 | J26: 详单 | K26: 无 | L26: 无
B27: nrscssbeamid | C27: int | D27: NR 服务小区的 SSB 波束号 | E27: A | F27: nrscssbeamid | G27: 直取 | J27: 详单 | K27: 无 | L27: 无
B28: nrscarfcn | C28: bigint | D28: NR 服务小区载波号 | E28: A | F28: nrscarfcn | G28: 直取 | J28: 详单 | K28: 无 | L28: 无
B29: nrscpci | C29: int | D29: NR 服务小区的物理小区识别码 | E29: A | F29: nrscpci | G29: 直取 | J29: 详单 | K29: 无 | L29: 无
B30: nrsctadv | C30: int | D30: NR 服务小区的时间提前量 | E30: A | F30: nrsctadv | G30: 直取 | J30: 详单 | K30: 无 | L30: 无
B31: nrncellcount | C31: int | D31: NR 服务小区的NR邻小区个数 | E31: A | F31: nrncellcount | G31: 直取 | J31: 详单 | K31: 无 | L31: 无
B32: nrncssrsrp | C32: array<int> | D32: NR 已定义邻区关系和未定义邻区关系小区的 SSB 参考信号接收功率 | E32: A | F32: nrncssrsrp | G32: 直取 | J32: 详单 | K32: 无 | L32: 无
B33: nrncssrsrq | C33: array<int> | D33: NR 已定义邻区关系和未定义邻区关系小区的 SSB 参考信号接收质量 | E33: A | F33: nrncssrsrq | G33: 直取 | J33: 详单 | K33: 无 | L33: 无
B34: nrncsssinr | C34: array<int> | D34: NR 已定义邻区关系和未定义邻区关系小区的 SSB 参考信号信噪比 | E34: A | F34: nrncsssinr | G34: 直取 | J34: 详单 | K34: 无 | L34: 无
B35: nrncssbeamid | C35: array<int> | D35: NR 已定义邻区关系和未定义邻区关系的 SSB 波束号 | E35: A | F35: nrncssbeamid | G35: 直取 | J35: 详单 | K35: 无 | L35: 无
... B66: vaoa | C66: int | D66: 垂直AOA | E66: A | F66: vaoa | G66: 直取 | J66: 详单 | K66: 无 | L66: 无
B67: meastime | C67: bigint | D67: 测量时间戳 | E67: A | G67: 转换成时间戳。cast(concat(unix_timestamp(concat_ws(' ',split(datetime,'T'))), substring(datetime,21,3)) as bigint) | I67: 新增字段 | J67: 详单 | K67: 无 | L67: 无
B68: mrkey | C68: bigint | D68: MR采样点唯一标识 | E68: A | G68: cast(concat(substring(datetime,15,2), substring(datetime,18,2), substring(datetime,21,3), cast(rand()*100000000000 as bigint)) as bigint) | I68: 新增字段 | J68: 详单 | K68: 无 | L68: 无
B69: x_offset_20 | C69: int | D69: 栅格坐标x轴偏移_20米 | E69: A | G69: 1米转20米栅格 | J69: 详单 | K69: 无 | L69: 无
B70: y_offset_20 | C70: int | D70: 栅格坐标y轴偏移_20米 | E70: A | G70: 1米转20米栅格 | J70: 详单 | K70: 无 | L70: 无
B71: p_provincecode | C71: int | D71: 省分区
B72: p_date | C72: string | D72: 天分区
B73: p_hour | C73: int | D73: 小时分区
B74: p_region | C74: int | D74: 厂家分区：100001:中兴|100002:华为|100003:诺基亚|100004:爱立信|100005:大唐
B75: p_quarter | C75: int | D75: 15分钟分区

Sheet 4
B1: =HYPERLINK("#导航!a2","返回") -> 返回
B3: 目标表基本信息描述
B4: 主题域 | C4: 目标表英文名 | D4: 目标表中文名 | E4: 数据频度 | F4: 模型主键 | G4: 数据描述 | H4: 推送数据库
B5: / | C5: ods_nr_mro_northctcc_reduce | D5: 5G电联MRO用户回填详单表 | E5: quarter
B7: 源表基本信息描述
B8: 来源系统 | C8: 源表英文名 | D8: 源表中文名 | E8: 别名 | F8: 任务描述 | G8: 备注 | H8: 是否主表
C9: ods_nr_mro_northctcc_q | D9: 5G电联MRO用户回填详单表 | E9: A | H9: 是
B11: 详细字段信息
B12: 详细字段信息
B13: PDM字段英文名 | C13: PDM字段类型 | D13: PDM字段中文名（说明） | E13: 源表名 | F13: 源字段英文名 | G13: 算法加工逻辑 | H13: 关联与过滤条件 | I13: 备注 | J13: 字段属性 | K13: 单位 | L13: 取值范围
B14: datetime | C14: string | D14: 测量时间 | E14: A | F14: datetime | G14: 直取 | J14: 详单 | K14: 无 | L14: 无
A15: =ROW()-1 -> 14 | B15: imsi | C15: string | D15: 用户imsi | E15: A | F15: imsi | G15: 直取 | J15: 详单 | K15: 无 | L15: 无
B16: msisdn | C16: string | D16: 手机号吗 | E16: A | F16: msisdn | G16: 直取 | J16: 详单 | K16: 无 | L16: 无
B17: imei | C17: string | D17: 用户imei | E17: A | F17: imei | G17: 直取 | J17: 详单 | K17: 无 | L17: 无
B18: gnbid | C18: bigint | D18: 基站ID | E18: A | F18: gnbid | G18: 直取 | J18: 详单 | K18: 无 | L18: 无
B19: cellid | C19: int | D19: 小区ID | E19: A | F19: cellid | G19: 直取 | J19: 详单 | K19: 无 | L19: 无
B20: provincecode | C20: int | D20: 省编码 | E20: A | F20: p_provincecode | G20: 直取 | J20: 详单 | K20: 无 | L20: 无
B21: mrlon | C21: double | D21: MR经度 | E21: A | F21: mrlon | G21: 直取 | J21: 详单 | K21: 无 | L21: 无
B22: mrlat | C22: double | D22: MR纬度 | E22: A | F22: mrlat | G22: 直取 | J22: 详单 | K22: 无 | L22: 无
B23: locationtype | C23: int | D23: 定位类型 | E23: A | F23: locationtype | G23: 直取 | J23: 详单 | K23: 无 | L23: 无
B24: p_provincecode | C24: int | D24: 省分区
B25: p_date | C25: string | D25: 天分区
B26: p_hour | C26: int | D26: 小时分区
B27: p_region | C27: int | D27: 厂家分区：100001:中兴|100002:华为|100003:诺基亚|100004:爱立信|100005:大唐
B28: p_quarter | C28: int | D28: 15分钟分区

Sheet 5
B1: =HYPERLINK("#导航!a2","返回") -> 返回
B3: 目标表基本信息描述
B4: 主题域 | C4: 目标表英文名 | D4: 目标表中文名 | E4: 数据频度 | F4: 模型主键 | G4: 数据描述 | H4: 推送数据库
B5: / | C5: fact_nr_mro_neighbor_nr_q | D5: 5G电联MRO邻区事实表(5G邻区) | E5: quarter
B7: 源表基本信息描述
B8: 来源系统 | C8: 源表英文名 | D8: 源表中文名 | E8: 别名 | F8: 任务描述 | G8: 备注 | H8: 是否主表
C9: ods_nr_mro_northctcc_q | D9: 5G电联MRO用户回填详单表 | E9: A | H9: 是
C10: fact_nr_cm_projdata | D10: 5G电联工参 | E10: B | G10: 以cellkey进行去重后再参与计算
B12: 详细字段信息
B13: 详细字段信息
B14: PDM字段英文名 | C14: PDM字段类型 | D14: PDM字段中文名（说明） | E14: 源表名 | F14: 源字段英文名 | G14: 算法加工逻辑 | H14: 关联与过滤条件 | I14: 备注 | J14: 字段属性 | K14: 单位 | L14: 取值范围
B15: mrkey | C15: bigint | D15: MR的唯一主键 | E15: A | F15: mrkey | G15: 直取 | J15: 详单 | K15: 无 | L15: 无
A16: =ROW()-1 -> 15 | B16: plmn | C16: string | D16: UE接入NR服务小区的PLMN(公共陆地移动网) | E16: A | F16: plmn | G16: 直取 | J16: 详单 | K16: 无 | L16: 无
B17: data_source | C17: int | D17: 数据源类型 0：电信独享_电信用户 1：电信共享_电信用户 2：电信共享_联通用户 3：联通共享_电信用户 4：联通共享_联通用户 | E17: A | F17: data_source | G17: 直取 | J17: 详单 | K17: 无 | L17: 无
B18: imsi | C18: string | D18: 业务过程用户IMSI号码 | E18: A | F18: imsi | G18: 直取 | J18: 详单 | K18: 无 | L18: 无
B19: msisdn | C19: string | D19: 电话号码 | E19: A | F19: msisdn | G19: 直取 | J19: 详单 | K19: 无 | L19: 无
B20: imei | C20: string | D20: 用户终端imei | E20: A | F20: imei | G20: 直取 | J20: 详单 | K20: 无 | L20: 无
B21: gnbid | C21: int | D21: 主小区的基站ID | E21: A | F21: =B21 -> gnbid | G21: 直取 | J21: 详单 | K21: 无 | L21: 无
B22: cellid | C22: int | D22: 主小区ID | E22: A | F22: =B22 -> cellid | G22: 直取 | J22: 详单 | K22: 无 | L22: 无
B23: cellkey | C23: string | D23: 小区cellkey | E23: A | G23: concat(gnbid,"_",cellid) | J23: 详单 | K23: 无 | L23: 无
B24: arfcn | C24: int | D24: 下行频点号 | E24: A | F24: nrscarfcn | G24: 直取 | J24: 详单 | K24: 无 | L24: 无
B25: pci | C25: int | D25: 物理层小区ID | E25: A | F25: nrscpci | G25: 直取 | J25: 详单 | K25: 无 | L25: 无
B26: scssbeamid | C26: int | D26: 服务小区的 SSB 波束号 | E26: A | F26: nrscssbeamid | G26: 直取 | J26: 详单 | K26: 无 | L26: 无
B27: srsrp | C27: int | D27: 主小区RSRP | E27: A | G27: nrscssrsrp-156 | J27: 详单 | K27: 无 | L27: 无
B28: srsrq | C28: double | D28: 主小区RSRQ | E28: A | G28: nrscssrsrq/2-43 | J28: 详单 | K28: 无 | L28: 无
B29: ssinr | C29: double | D29: 主小区SINR | G29: nrscsssinr/2-23 | J29: 详单 | K29: 无 | L29: 无
B30: narfcn | C30: int | D30: 邻区下行频点号 | E30: A | F30: nrncarfcn | G30: 直取 | J30: 详单 | K30: 无 | L30: 无
B31: npci | C31: int | D31: 邻区物理层小区ID | E31: A | F31: nrncpci | G31: 直取 | J31: 详单 | K31: 无 | L31: 无
B32: ncssbeamid | C32: int | D32: 邻小区的 SSB 波束号 | E32: A | F32: nrncssbeamid | G32: 直取 | J32: 详单 | K32: 无 | L32: 无
B33: nrsrp | C33: int | D33: 邻小区RSRP | E33: A | G33: nrncssrsrp-156 | J33: 详单 | K33: 无 | L33: 无
B34: nrsrq | C34: double | D34: 邻小区RSRQ | E34: A | G34: nrncssrsrq/2-43 | J34: 详单 | K34: 无 | L34: 无
B35: nsinr | C35: double | D35: 邻小区SINR | E35: A | G35: nrncsssinr/2-23 | J35: 详单 | K35: 无 | L35: 无
B36: ncellkey | C36: string | D36: 邻区cellkey | E36: A | G36: 数组拆分后：concat(nrngnbid,"_",nrncellid) | J36: 详单 | K36: 无 | L36: 无
B37: scelllon | C37: double | D37: 主小区经度 | E37: B | G37: 使用cellkey关联工参回填 | J37: 详单 | K37: 无 | L37: 无
B38: scelllat | C38: double | D38: 主小区纬度 | E38: B | G38: 使用cellkey关联工参回填 | J38: 详单 | K38: 无 | L38: 无
B39: ncelllon | C39: double | D39: 邻区经度 | E39: B | G39: 使用ncellkey关联工参回填 | J39: 详单 | K39: 无 | L39: 无
B40: ncelllat | C40: double | D40: 邻区纬度 | E40: B | G40: 使用ncellkey关联工参回填 | J40: 详单 | K40: 无 | L40: 无
B41: mrlon | C41: double | D41: 终端上报MR时的经度 | E41: A | F41: mrlon | G41: 直取 | J41: 详单 | K41: 无 | L41: 无
B42: mrlat | C42: double | D42: 终端上报MR时的纬度 | E42: A | F42: mrlat | G42: 直取 | J42: 详单 | K42: 无 | L42: 无
B43: is_weakcover | C43: int | D43: 是否弱覆盖采样点 | E43: A | G43: case when nrscssrsrp-156 <-110 then 1 else 0 end | J43: 详单 | K43: 无 | L43: 无
B44: snearfcnflag | C44: int | D44: 主邻频点是否相同 | E44: A | G44: 同频判断：case when nrscarfcn=nrncarfcn then 1 else 0 end | J44: 详单 | K44: 无 | L44: 无
B45: overlapsrsrpflag | C45: int | D45: 重叠覆盖-主RSRP大于等于等于门限：-105dBm | E45: A | G45: 主小区RSRP值大于等于-105dBm：case when nrscssrsrp-156>=-105 then 1 else 0 end) | J45: 详单 | K45: 无 | L45: 无
B46: overlapsnrsrpflag | C46: int | D46: 重叠覆盖-主邻RSRP之差小于门限：6dBm | E46: A | G46: 主小区RSRP-邻小区RSRP<6dBm：case when nrscssrsrp - nrncssrsrp <6 then 1 else 0 end | J46: 详单 | K46: 无 | L46: 无
B47: overlapncellnumflag | C47: int | D47: 重叠覆盖-同频主邻RSRP之差小于门限(小于6dBm)的邻区个数大于等于门限(邻区个数>=3) | E47: A | G47: 存在3个及以上同频邻区RSRP差值在6dBm以内：满足snearfcnflag=1 且 nrscssrsrp - nrncssrsrp<6的邻区对大于等于3则赋值为1 | J47: 详单 | K47: 无 | L47: 无
B48: is_overlap | C48: int | D48: 是否重叠覆盖采样点 | E48: A | G48: 1、先计算出snearfcnflag、overlapsrsrpflag、overlapsnrsrpflag 2、按照mrkey及cellkey分组，case when sum(case when snearfcnflag=1 and overlapsrsrpflag=1 and overlapsnrsrpflag=1 then 1 else 0 end)>=3 then 1 else 0 end | J48: 详单 | K48: 无 | L48: 无
B49: mod30srsrpflag | C49: int | D49: Mod30判定:服务小区RSRP大于等于门限值：-105dBm | E49: A | G49: 主小区RSRP值大于-105dBm：case when nrscssrsrp-156>=-105 then 1 else 0 end | J49: 详单 | K49: 无 | L49: 无
B50: mod30snrsrpflag | C50: int | D50: Mod30判定:主小区RSRP与邻小区RSRP之差小于门限值：3dBm | E50: A | G50: 主小区RSRP-邻小区RSRP<3dBm：case when nrscssrsrp - nrncssrsrp <3 then 1 else 0 end | J50: 详单 | K50: 无 | L50: 无
B51: mod30snpciflag | C51: int | D51: 与服务小区同频的邻区的PCI的模30值与服务小区的模3值相等 | E51: A | G51: 主小区MOD3=邻小区MOD3：case when nrscpci%30 = nrncpci%30 then 1 else 0 end | J51: 详单 | K51: 无 | L51: 无
B52: is_mod30interfer | C52: int | D52: 是否MOD30干扰采样点 | E52: A | G52: 1、先计算出snearfcnflag、mod30srsrpflag、mod30snrsrpflag、mod30snpciflag 2、case when snearfcnflag=1 and mod30srsrpflag=1 and mod30snrsrpflag=1 and mod30snpciflag=1 then 1 else 0 end | J52: 详单 | K52: 无 | L52: 无
B53: scellmrdis | C53: int | D53: mr到主小区间距离 | E53: B|B1 | G53: 通过MR采样点经纬度与主小区(cellkey)的经纬度计算得到 | J53: 详单 | K53: 无 | L53: 无
B54: ncellmrdis | C54: int | D54: mr到邻区间距离 | E54: B|B1 | G54: 通过MR采样点经纬度与邻小区(ncellkey)的经纬度计算得到 | J54: 详单 | K54: 无 | L54: 无
... B63: is_overshoot | C63: int | D63: 是否过覆盖采样点 | E63: A | G63: 1、先计算overshootsrsrpflag、overshootsnrsrpflag、overshootmrtoscelldistssflag、overshootmrtoscelldistnsflag、interstationangle 2、case when overshootsrsrpflag=1 and overshootsnrsrpflag=1 and overshootmrtoscelldistssflag=1 and overshootmrtoscelldistnsflag=1 and interstationangle<=45 then 1 else 0 end | J63: 详单 | K63: 无 | L63: 无
B64: regionid | C64: int | D64: 栅格编号 | E64: A | F64: regionid | G64: 直取 | J64: 详单 | K64: 无 | L64: 无
B65: x_offset_20 | C65: int | D65: X轴20米偏移 | E65: A | G65: 1米栅格转20米栅格 | J65: 详单 | K65: 无 | L65: 无
B66: y_offset_20 | C66: int | D66: Y轴20米偏移 | E66: A | G66: 1米栅格转20米栅格 | J66: 详单 | K66: 无 | L66: 无
B67: x_offset_original | C67: int | D67: X轴1米偏移 | E67: A | F67: x_offset_original | G67: 直取 | J67: 详单 | K67: 无 | L67: 无
B68: y_offset_original | C68: int | D68: Y轴1米偏移 | E68: A | F68: y_offset_original | G68: 直取 | J68: 详单 | K68: 无 | L68: 无
B69: locationtype | C69: int | D69: 定位类型 | E69: A | F69: locationtype | G69: 直取 | J69: 详单 | K69: 无 | L69: 无
B70: vendor | C70: int | D70: 厂家：100001:中兴|100002:华为|100003:诺基亚|100004:爱立信|100005:大唐 | E70: A | F70: p_region | G70: 直取 | J70: 详单 | K70: 无 | L70: 无
B71: is_mod30interfer_custom | C71: int | D71: 是否自定义MOD30干扰采样点 | E71: A | G71: case when (nrscssrsrp-156) >= -110 and (nrscssrsrp - nrncssrsrp) < 6 and (nrscpci % 30 = nrncpci % 30) and nrscarfcn = nrncarfcn then 1 else 0 end | I71: 算法变更 | J71: 详单 | K71: 无 | L71: 无
B72: p_provincecode | C72: int | D72: 省分区
B73: p_date | C73: string | D73: 天分区
B74: p_hour | C74: int | D74: 小时分区
B75: p_quarter | C75: int | D75: 15分钟分区

Sheet 6
B1: =HYPERLINK("#导航!a2","返回") -> 返回
B3: 目标表基本信息描述
B4: 主题域 | C4: 目标表英文名 | D4: 目标表中文名 | E4: 数据频度 | F4: 模型主键 | G4: 数据描述 | H4: 推送数据库
B5: 覆盖分析 | C5: aggr_nr_sncell_problem_h | D5: MR数据主邻小区对覆盖问题分析汇聚小时表(重叠覆盖与MOD30) | E5: hour
B7: 源表基本信息描述
B8: 来源系统 | C8: 源表英文名 | D8: 源表中文名 | E8: 别名 | F8: 任务描述 | G8: 备注 | H8: 是否主表
C9: fact_nr_mro_neighbor_nr_q | D9: 5G电联MRO邻区事实表(5G邻区) | E9: A | F9: 过滤条件：(is_mod30interfer=1) or (is_overlap=1 and snearfcnflag=1 and overlapsrsrpflag=1 and overlapsnrsrpflag=1) | G9: 1、A left join C，回填主邻小区信息 2、根据重叠覆盖或者MOD3干扰邻区对信息通过主邻小区、栅格进行重叠覆盖MR采样点统计、平均RSRP计算 | H9: 是
C10: fact_nr_cm_projdata | D10: 5G电联小区工参 | E10: C
B13: 详细字段信息
B14: PDM字段英文名 | C14: PDM字段类型 | D14: PDM字段中文名（说明） | E14: 源表名 | F14: 源字段英文名 | G14: 算法加工逻辑 | H14: 关联与过滤条件 | I14: 备注 | J14: 字段属性 | K14: 单位 | L14: 取值范围
B15: day | C15: string | D15: 天 | E15: A | F15: p_date | J15: 维度 | K15: 无 | L15: 无
B16: hour | C16: int | D16: 小时分区 | E16: A | F16: p_hour | J16: 维度 | K16: 无 | L16: 无
B17: provincecode | C17: int | D17: 省分区 | E17: A | F17: p_provincecode | G17: 直取 | J17: 维度 | K17: 无 | L17: 无
B18: citycode | C18: int | D18: 市id | E18: C | F18: citycode | G18: 主小区关联工参回填 | J18: 维度 | K18: 无 | L18: 无
B19: districtcode | C19: int | D19: 区id | E19: C | F19: districtcode | G19: 主小区关联工参回填 | J19: 维度 | K19: 无 | L19: 无
B20: province_name | C20: string | D20: 省名称 | E20: C | F20: province | G20: 主小区关联工参回填 | J20: 维度 | K20: 无 | L20: 无
B21: city_name | C21: string | D21: 市名称 | E21: C | F21: city | G21: 主小区关联工参回填 | J21: 维度 | K21: 无 | L21: 无
B22: district_name | C22: string | D22: 区名称 | E22: C | F22: district | G22: 主小区关联工参回填 | J22: 维度 | K22: 无 | L22: 无
B23: cellkey | C23: string | D23: 小区标识 | E23: A | F23: cellkey | G23: 直取 | J23: 维度 | K23: 无 | L23: 无
B24: freq | C24: string | D24: 小区频段 | E24: A | G24: case when arfcn>100000 and substr(arfcn,1,1)=4 then '2.1G' when arfcn>100000 and substr(arfcn,1,1)=6 then '3.5G' when arfcn>100000 and substr(arfcn,1,2)=17 then '800M' when arfcn>100000 and (substr(arfcn,1,2)=18 or substr(arfcn,1,2)=19 then '900M' else 'other' end | J24: 维度 | K24: 无 | L24: 无
B25: cell_name | C25: string | D25: 小区名称 | E25: C | F25: cellname | G25: 主小区关联工参回填 | J25: 维度 | K25: 无 | L25: 无
B26: cell_lon | C26: double | D26: 小区经度 | E26: C | F26: cell_longitude | G26: 主小区关联工参回填 | J26: 维度 | K26: 无 | L26: 无
B27: cell_lat | C27: double | D27: 小区纬度 | E27: C | F27: cell_latitude | G27: 主小区关联工参回填 | J27: 维度 | K27: 无 | L27: 无
B28: azimuth | C28: int | D28: 小区方位角 | E28: C | F28: cell_azimuth | G28: 主小区关联工参回填 | J28: 维度 | K28: 无 | L28: 无
B29: ncellkey | C29: string | D29: 邻区cellkey | E29: A | F29: ncellkey | G29: 直取 | J29: 维度 | K29: 无 | L29: 无
B30: nfreq | C30: string | D30: 邻小区频段 | E30: A | G30: case when narfcn>100000 and substr(narfcn,1,1)=4 then '2.1G' when narfcn>100000 and substr(narfcn,1,1)=6 then '3.5G' when narfcn>100000 and substr(narfcn,1,2)=17 then '800M' when narfcn>100000 and (substr(narfcn,1,2)=18 or substr(narfcn,1,2)=19 then '900M' else 'other' end | J30: 维度 | K30: 无 | L30: 无
B31: ncell_name | C31: string | D31: 邻小区名称 | E31: C | F31: cellname | G31: 邻小区关联工参回填 | J31: 维度 | K31: 无 | L31: 无
B32: ncell_lon | C32: double | D32: 邻小区经度 | E32: C | F32: cell_longitude | G32: 邻小区关联工参回填 | J32: 维度 | K32: 无 | L32: 无
B33: ncell_lat | C33: double | D33: 邻小区纬度 | E33: C | F33: cell_latitude | G33: 邻小区关联工参回填 | J33: 维度 | K33: 无 | L33: 无
B34: nazimuth | C34: int | D34: 邻小区方位角 | E34: C | F34: cell_azimuth | G34: 邻小区关联工参回填 | J34: 维度 | K34: 无 | L34: 无
B35: prbplem_type | C35: int | D35: 问题类型 0：重叠覆盖+MOD30干扰+自定义MOD30干扰； 1：重叠覆盖+MOD30干扰； 2：重叠覆盖+自定义MOD30干扰 3：MOD30干扰+自定义MOD30干扰 4：重叠覆盖 5：MOD30干扰 6：自定义MOD30干扰 | E35: A | G35: 以mrkey,cellkey分组 1、满足sum(is_overlap)>0 and sum(is_mod30interfer)>0 and sum(is_mod30interfer_custom)>0则赋值为0 2、满足sum(is_overlap)>0 and sum(is_mod30interfer)>0则赋值为1； 3、满足sum(is_overlap)>0 and sum(is_mod30interfer_custom)>0则赋值为2； 4、满足sum(is_mod30interfer)>0 and sum(is_mod30interfer_custom)>0则赋值为3 5、满足sum(is_overlap)>0则赋值为4 6、满足sum(is_mod30interfer)>0则赋值为5 7、满足sum(is_mod30interfer_custom)>0则赋值为6 | I35: 算法升级 | J35: 维度 | K35: 无 | L35: 无
B36: problem_scell_avgrsrp | C36: double | D36: 覆盖质差主小区平均RSRP | E36: A | G36: avg(srsrp) | J36: 指标 | K36: 无 | L36: [-156,-29]
B37: problem_ncell_avgrsrp | C37: double | D37: 覆盖质差邻小区平均RSRP | E37: A | G37: avg(nrsrp) | J37: 指标 | K37: 无 | L37: [-156,-29]
B38: problem_mr_cnt | C38: bigint | D38: 覆盖质差MR采样点数 | E38: A | G38: count(*) | J38: 指标 | K38: 无 | L38: >=0
B39: pci | C39: int | D39: 主小区pci | E39: C | F39: pci | G39: cellkey关联工参回填 | J39: 维度 | K39: 无 | L39: 无
B40: vendor | C40: string | D40: 主小区厂商 | E40: C | F40: vendor | G40: cellkey关联工参回填 | J40: 维度 | K40: 无 | L40: 无
B41: npci | C41: int | D41: 邻小区pci | E41: C | F41: pci | G41: ncellkey关联工参回填 | J41: 维度 | K41: 无 | L41: 无
B42: nvendor | C42: string | D42: 邻小区厂商 | E42: C | F42: vendor | G42: ncellkey关联工参回填 | J42: 维度 | K42: 无 | L42: 无
B43: indoor_flag | C43: int | D43: 主小区覆盖类型 | E43: C | F43: indoor_flag | G43: cellkey关联工参回填 | J43: 维度 | K43: 无 | L43: 无
B44: nindoor_flag | C44: int | D44: 邻小区覆盖类型 | E44: C | F44: indoor_flag | G44: ncellkey关联工参回填 | J44: 维度 | K44: 无 | L44: 无
B45: data_source | C45: int | D45: 数据源类型 0：电信独享_电信用户 1：电信共享_电信用户 2：电信共享_联通用户 3：联通共享_电信用户 4：联通共享_联通用户 | E45: A | F45: =B45 -> data_source | G45: 直取 | I45: 新增字段 | J45: 维度 | K45: 无 | L45: 无
B46: plmn | C46: string | D46: UE接入E-utran网络使用的PLMN号。 | E46: A | F46: =B46 -> plmn | G46: 直取 | I46: 新增字段 | J46: 维度 | K46: 无 | L46: 无
B47: p_provincecode | C47: int | D47: 省分区
B48: p_date | C48: string | D48: 天分区
B49: p_hour | C49: int | D49: 小时分区

Sheet 7
B1: =HYPERLINK("#导航!a2","返回") -> 返回
B3: 目标表基本信息描述
B4: 主题域 | C4: 目标表英文名 | D4: 目标表中文名 | E4: 数据频度 | F4: 模型主键 | G4: 数据描述 | H4: 推送数据库
B5: 覆盖分析 | C5: aggr_nr_sncell_problem_d | D5: MR数据主邻小区对覆盖问题分析汇聚天表(重叠覆盖与MOD30) | E5: day
B7: 源表基本信息描述
B8: 来源系统 | C8: 源表英文名 | D8: 源表中文名 | E8: 别名 | F8: 任务描述 | G8: 备注 | H8: 是否主表
C9: aggr_nr_sncell_problem_h | D9: MR数据主邻小区对覆盖问题分析汇聚小时表(重叠覆盖与MOD30) | E9: A | H9: 是
B14: 详细字段信息
B15: PDM字段英文名 | C15: PDM字段类型 | D15: PDM字段中文名（说明） | E15: 源表名 | F15: 源字段英文名 | G15: 算法加工逻辑 | H15: 关联与过滤条件 | I15: 备注 | J15: 字段属性 | K15: 单位 | L15: 取值范围
B16: day | C16: string | D16: 天 | E16: A | F16: p_date | J16: 维度 | K16: 无 | L16: 无
B17: provincecode | C17: int | D17: 省分区 | E17: A | F17: provincecode | G17: 直取 | J17: 维度 | K17: 无 | L17: 无
B18: citycode | C18: int | D18: 市id | E18: A | F18: citycode | G18: 直取 | J18: 维度 | K18: 无 | L18: 无
B19: districtcode | C19: int | D19: 区id | E19: A | F19: districtcode | G19: 直取 | J19: 维度 | K19: 无 | L19: 无
B20: province_name | C20: string | D20: 省名称 | E20: A | F20: province_name | G20: 直取 | J20: 维度 | K20: 无 | L20: 无
B21: city_name | C21: string | D21: 市名称 | E21: A | F21: city_name | G21: 直取 | J21: 维度 | K21: 无 | L21: 无
B22: district_name | C22: string | D22: 区名称 | E22: A | F22: district_name | G22: 直取 | J22: 维度 | K22: 无 | L22: 无
B23: cellkey | C23: string | D23: 小区标识 | E23: A | F23: cellkey | G23: 直取 | J23: 维度 | K23: 无 | L23: 无
B24: freq | C24: string | D24: 小区频段 | E24: A | F24: freq | G24: 直取 | J24: 维度 | K24: 无 | L24: 无
B25: cell_name | C25: string | D25: 小区名称 | E25: A | F25: cell_name | G25: 直取 | J25: 维度 | K25: 无 | L25: 无
B26: cell_lon | C26: double | D26: 小区经度 | E26: A | F26: cell_lon | G26: 直取 | J26: 维度 | K26: 无 | L26: 无
B27: cell_lat | C27: double | D27: 小区纬度 | E27: A | F27: cell_lat | G27: 直取 | J27: 维度 | K27: 无 | L27: 无
B28: azimuth | C28: int | D28: 小区方位角 | E28: A | F28: azimuth | G28: 直取 | J28: 维度 | K28: 无 | L28: 无
... B35: prbplem_type | C35: int | D35: 问题类型 0：重叠覆盖+MOD30干扰+自定义MOD30干扰； 1：重叠覆盖+MOD30干扰； 2：重叠覆盖+自定义MOD30干扰 3：MOD30干扰+自定义MOD30干扰 4：重叠覆盖 5：MOD30干扰 6：自定义MOD30干扰 | E35: A | F35: prbplem_type | G35: 直取 | J35: 维度 | K35: 无 | L35: 无
B36: problem_scell_avgrsrp | C36: double | D36: 覆盖质差主小区平均RSRP | E36: A | G36: sum(problem_scell_avgrsrp*problem_mr_cnt)/sum(problem_mr_cnt) | J36: 指标 | K36: 无 | L36: [-156,-29]
B37: problem_ncell_avgrsrp | C37: double | D37: 覆盖质差邻小区平均RSRP | E37: A | G37: sum(problem_ncell_avgrsrp*problem_mr_cnt)/sum(problem_mr_cnt) | J37: 指标 | K37: 无 | L37: [-156,-29]
B38: problem_mr_cnt | C38: bigint | D38: 覆盖质差MR采样点数 | E38: A | G38: sum(problem_mr_cnt) | J38: 指标 | K38: 无 | L38: >=0
B39: pci | C39: int | D39: 主小区pci | E39: A | F39: pci | G39: 直取 | J39: 维度 | K39: 无 | L39: 无
B40: vendor | C40: string | D40: 主小区厂商 | E40: A | F40: vendor | G40: 直取 | J40: 维度 | K40: 无 | L40: 无
B41: npci | C41: int | D41: 邻小区pci | E41: A | F41: npci | G41: 直取 | J41: 维度 | K41: 无 | L41: 无
B42: nvendor | C42: string | D42: 邻小区厂商 | E42: A | F42: nvendor | G42: 直取 | J42: 维度 | K42: 无 | L42: 无
B43: indoor_flag | C43: int | D43: 主小区覆盖类型 | E43: A | F43: indoor_flag | G43: 直取 | J43: 维度 | K43: 无 | L43: 无
B44: nindoor_flag | C44: int | D44: 邻小区覆盖类型 | E44: A | F44: nindoor_flag | G44: 直取 | J44: 维度 | K44: 无 | L44: 无
B45: data_source | C45: int | D45: 数据源类型 0：电信独享_电信用户 1：电信共享_电信用户 2：电信共享_联通用户 3：联通共享_电信用户 4：联通共享_联通用户 | E45: A | F45: =B45 -> data_source | G45: 直取 | I45: 新增字段 | J45: 维度 | K45: 无 | L45: 无
B46: plmn | C46: string | D46: UE接入E-utran网络使用的PLMN号。 | E46: A | F46: =B46 -> plmn | G46: 直取 | I46: 新增字段 | J46: 维度 | K46: 无 | L46: 无
B47: p_provincecode | C47: int | D47: 省分区
B48: p_date | C48: string | D48: 天分区

Sheet 8
B1: =HYPERLINK("#导航!a2","返回") -> 返回
B3: 目标表基本信息描述
B4: 主题域 | C4: 目标表英文名 | D4: 目标表中文名 | E4: 数据频度 | F4: 模型主键 | G4: 数据描述 | H4: 推送数据库
B5: 覆盖分析 | C5: aggr_nr_coverage_problem_usrcelgrd_q | D5: 5G MR主小区覆盖问题汇聚指标15分钟表 | E5: quarter
B7: 源表基本信息描述
B8: 来源系统 | C8: 源表英文名 | D8: 源表中文名 | E8: 别名 | F8: 任务描述 | G8: 备注 | H8: 是否主表
C9: fact_nr_mro_neighbor_nr_q | D9: 5G电联MRO邻区事实表 | E9: A | H9: 是
B11: 详细字段信息
B12: 详细字段信息
B13: PDM字段英文名 | C13: PDM字段类型 | D13: PDM字段中文名（说明） | E13: 源表名 | F13: 源字段英文名 | G13: 算法加工逻辑 | H13: 关联与过滤条件 | I13: 备注 | J13: 字段属性 | K13: 单位 | L13: 取值范围
A14: =ROW()-1 -> 13 | B14: plmn | C14: string | D14: UE接入NR服务小区的PLMN(公共陆地移动网) | E14: A | F14: plmn | G14: 直取 | J14: 维度 | K14: 无 | L14: 无
B15: data_source | C15: int | D15: 数据源类型 0：电信独享_电信用户 1：电信共享_电信用户 2：电信共享_联通用户 3：联通共享_电信用户 4：联通共享_联通用户 | E15: A | F15: data_source | G15: 直取 | J15: 维度 | K15: 无 | L15: 无
B16: imsi | C16: string | D16: 业务过程用户IMSI号码 | E16: A | F16: imsi | G16: 直取 | J16: 维度 | K16: 无 | L16: 无
B17: msisdn | C17: string | D17: 电话号码 | E17: A | F17: msisdn | G17: 直取 | J17: 维度 | K17: 无 | L17: 无
B18: imei | C18: string | D18: 用户终端imei | E18: A | F18: imei | G18: 直取 | J18: 维度 | K18: 无 | L18: 无
B19: cellkey | C19: string | D19: 小区cellkey | E19: A | F19: cellkey | G19: 直取 | J19: 维度 | K19: 无 | L19: 无
B20: regionid | C20: int | D20: 栅格编号 | E20: A | F20: regionid | G20: 直取 | J20: 维度 | K20: 无 | L20: 无
B21: x_offset_20 | C21: int | D21: X轴20米偏移 | E21: A | F21: x_offset_20 | G21: 直取 | J21: 维度 | K21: 无 | L21: 无
B22: y_offset_20 | C22: int | D22: Y轴20米偏移 | E22: A | F22: y_offset_20 | G22: 直取 | J22: 维度 | K22: 无 | L22: 无
B23: pci | C23: int | D23: 物理层小区ID | E23: A | F23: pci | G23: 直取 | J23: 维度 | K23: 无 | L23: 无
B24: arfcn | C24: int | D24: 下行频点号 | E24: A | F24: arfcn | G24: 直取 | J24: 维度 | K24: 无 | L24: 无
B25: rsrp_total | C25: bigint | D25: 主小区总RSRP值 | E25: A | G25: 以cellkey及mrkey分组，取max(srsrp)，再求和 | J25: 指标 | K25: 无 | L25: <=0
B26: rsrp_cnt | C26: int | D26: 总采样点数量 | E26: A | G26: 以cellkey及mrkey分组后，再计数 | J26: 指标 | K26: 无 | L26: >=0
B27: weakcover_cnt | C27: int | D27: 弱覆盖采样点数量 | E27: A | G27: 以cellkey及mrkey分组后，取max(is_weakcover)，再求和 | J27: 指标 | K27: 无 | L27: >=0
B28: overlap_cnt | C28: int | D28: 重叠覆盖采样点数量 | E28: A | G28: 以cellkey及mrkey分组后，取max(is_overlap)，再求和 | J28: 指标 | K28: 无 | L28: >=0
B29: mod30interfer_cnt | C29: int | D29: MOD30干扰采样点数量 | E29: A | G29: 以cellkey及mrkey分组后，取max(is_mod30interfer)，再求和 | J29: 指标 | K29: 无 | L29: >=0
B30: overshoot_cnt | C30: int | D30: 过覆盖采样点数量 | E30: A | G30: 以cellkey及mrkey分组后，取max(is_overshoot)，再求和 | J30: 指标 | K30: 无 | L30: >=0
B31: bad_mr_cnt | C31: int | D31: 质差MR采样点数量 | E31: A | G31: 以cellkey及mrkey分组后，case when sum(is_weakcover+is_overlap+is_mod30interfer+is_overshoot)>0 then 1 else 0 end，再求和 | J31: 指标 | K31: 无 | L31: >=0
B32: scellmrdis | C32: int | D32: mr到主小区间距离 | E32: A | G32: 以cellkey及mrkey分组后，取max(scellmrdis)，再求和 | J32: 指标 | K32: 无 | L32: >=0
B33: scellmrdis_cnt | C33: int | D33: mr到主小区间有效距离的MR数目 | E33: A | G33: 以cellkey及mrkey分组后，取max(scellmrdis)>0则计数1，再求和 | J33: 指标 | K33: 无 | L33: >=0
B34: weakcover_totalrsrp | C34: int | D34: 弱覆盖采样点总RSRP值 | E34: A | G34: 1、以cellkey及mrkey分组后，取max(is_weakcover)； 2、若max(is_weakcover)=1，则取srsrp值，最后再求和 | J34: 指标 | K34: 无 | L34: <=0
B35: overlap_totalrsrp | C35: int | D35: 重叠覆盖采样点总RSRP值 | E35: A | G35: 1、以cellkey及mrkey分组后，取max(is_overlap)； 2、若max(is_overlap)=1，则取srsrp值，最后再求和 | J35: 指标 | K35: 无 | L35: <=0
B36: mod30interfer_totalrsrp | C36: int | D36: MOD30干扰采样点总RSRP值 | E36: A | G36: 1、以cellkey及mrkey分组后，取max(is_mod30interfer)； 2、若max(is_mod30interfer)=1，则取srsrp值，最后再求和 | J36: 指标 | K36: 无 | L36: <=0
B37: overshoot_totalrsrp | C37: int | D37: 过覆盖采样点总RSRP值 | E37: A | G37: 1、以cellkey及mrkey分组后，取max(is_overshoot)； 2、若max(is_overshoot)=1，则取srsrp值，最后再求和 | J37: 指标 | K37: 无 | L37: <=0
B38: mod30interfer_custom_cnt | C38: int | D38: 自定义MOD30干扰采样点数量 | E38: A | G38: 以cellkey及mrkey分组后，取max(is_mod30interfer_custom)，再求和 | I38: 新增字段 | J38: 指标 | K38: 无 | L38: >=0
B39: mod30interfer_custom_totalrsrp | C39: int | D39: 自定义MOD30干扰采样点总RSRP值 | E39: A | G39: 1、以cellkey及mrkey分组后，取max(is_mod30interfer_custom)； 2、若max(is_mod30interfer_custom)=1，则取srsrp值，最后再求和 | I39: 新增字段 | J39: 指标 | K39: 无 | L39: <=0
B40: p_provincecode | C40: int | D40: 省分区
B41: p_date | C41: string | D41: 天分区
B42: p_hour | C42: int | D42: 小时分区
B43: p_quarter | C43: int | D43: 15分钟分区

Sheet 9
B1: =HYPERLINK("#导航!a2","返回") -> 返回
B3: 目标表基本信息描述
B4: 主题域 | C4: 目标表英文名 | D4: 目标表中文名 | E4: 数据频度 | F4: 模型主键 | G4: 数据描述 | H4: 推送数据库
B5: 覆盖分析 | C5: aggr_nr_coverage_base_q | D5: 5G MR用户小区栅格覆盖指标15分钟表(无问题打标) | E5: quarter
B7: 源表基本信息描述
B8: 来源系统 | C8: 源表英文名 | D8: 源表中文名 | E8: 别名 | F8: 任务描述 | G8: 备注 | H8: 是否主表
C9: ods_nr_mro_northctcc_q | D9: 5G电联MRO用户回填详单表 | E9: A
C10: fact_nr_cm_projdata | D10: 5G电联工参 | E10: B
B12: 详细字段信息
B13: 详细字段信息
B14: PDM字段英文名 | C14: PDM字段类型 | D14: PDM字段中文名（说明） | E14: 源表名 | F14: 源字段英文名 | G14: 算法加工逻辑 | H14: 关联与过滤条件 | I14: 备注 | J14: 字段属性 | K14: 单位 | L14: 取值范围
B15: day | C15: string | D15: 日期 | E15: A | F15: p_date | G15: 直取 | J15: 维度 | K15: 无 | L15: 无
B16: hour | C16: int | D16: 小时 | E16: A | F16: p_hour | G16: 直取 | J16: 维度 | K16: 无 | L16: 无
B17: quarter | C17: int | D17: 刻度 | E17: A | F17: p_quarter | G17: 直取 | J17: 维度 | K17: 无 | L17: 无
B18: vendor | C18: string | D18: 厂家 | E18: A | G18: case when p_region=100001 then 'ZX' when p_region=100002 then 'HW' when p_region=100003 then 'NK' when p_region=100004 then 'ER' when p_region=100005 then 'DT' else '' end
B19: cellkey | C19: string | D19: 小区唯一标识 | E19: A | G19: concat(gnbid,"_",cellid) | J19: 维度 | K19: 无 | L19: 无
B20: arfcn | C20: int | D20: 下行频点号 | E20: A | F20: nrscarfcn | G20: 直取 | J20: 维度 | K20: 无 | L20: 无
B21: freq | C21: string | D21: 频段 | E21: A | G21: case when nrscarfcn>100000 and substr(nrscarfcn,1,1)=4 then '2.1G' when nrscarfcn>100000 and substr(nrscarfcn,1,1)=6 then '3.5G' when nrscarfcn>100000 and substr(nrscarfcn,1,1)=1 then '800M' else 'other' end | J21: 维度 | K21: 无 | L21: 无
B22: citycode | C22: int | D22: 城市编码 | E22: B | F22: citycode | G22: 直取 | J22: 维度 | K22: 无 | L22: 无
B23: districtcode | C23: int | D23: 区县编码 | E23: B | F23: districtcode | G23: 直取 | J23: 维度 | K23: 无 | L23: 无
B24: province_name | C24: string | D24: 省名称 | E24: B | F24: province | G24: 直取 | J24: 维度 | K24: 无 | L24: 无
B25: city_name | C25: string | D25: 城市名称 | E25: B | F25: city | G25: 直取 | J25: 维度 | K25: 无 | L25: 无
B26: district_name | C26: string | D26: 区县名称 | E26: B | F26: district | G26: 直取 | J26: 维度 | K26: 无 | L26: 无
B27: rattypeid | C27: int | D27: 网络制式 | G27: 直接赋值：10 | J27: 维度 | K27: 无 | L27: 无
B28: imsi | C28: string | D28: 用户IMSI号 | E28: A | F28: =B28 -> imsi | G28: 直取 | J28: 维度 | K28: 无 | L28: 无
B29: msisdn | C29: string | D29: 电话号码 | E29: A | F29: =B29 -> msisdn | G29: 直取 | J29: 维度 | K29: 无 | L29: 无
B30: imei | C30: string | D30: 终端业务过程用户终端IMEI号码 | E30: A | F30: =B30 -> imei | G30: 直取 | J30: 维度 | K30: 无 | L30: 无
B31: s_nssai_sst | C31: string | D31: 网络切片选择辅助信息（切片/服务类型） | E31: A | F31: s_nssai_sst | G31: 直取 | J31: 维度 | K31: 无 | L31: 无
B32: s_nssai_sd | C32: string | D32: 网络切片选择辅助信息（切片差分器） | E32: A | F32: s_nssai_sd | G32: 直取 | J32: 维度 | K32: 无 | L32: 无
B33: regionid | C33: int | D33: 栅格编码 | E33: A | F33: =B33 -> regionid | G33: 直取 | J33: 维度 | K33: 无 | L33: 无
B34: x_offset_20 | C34: int | D34: 栅格坐标x轴偏移 | E34: A | F34: =B34 -> x_offset_20 | G34: 直取 | J34: 维度 | K34: 无 | L34: 无
B35: y_offset_20 | C35: int | D35: 栅格坐标y轴偏移 | E35: A | F35: =B35 -> y_offset_20 | G35: 直取 | J35: 维度 | K35: 无 | L35: 无
B36: center_lon | C36: double | D36: 栅格中心经度 | E36: A | G36: 栅格转经纬度 | J36: 维度 | K36: 无 | L36: 无
B37: center_lat | C37: double | D37: 栅格中心纬度 | E37: A | G37: 栅格转经纬度 | J37: 维度 | K37: 无 | L37: 无
B38: left_up_lon | C38: double | D38: 栅格左上角经度 | E38: A | G38: 栅格转经纬度 | J38: 维度 | K38: 无 | L38: 无
B39: left_up_lat | C39: double | D39: 栅格左上角纬度 | E39: A | G39: 栅格转经纬度 | J39: 维度 | K39: 无 | L39: 无
B40: right_down_lon | C40: double | D40: 栅格右下角经度 | E40: A | G40: 栅格转经纬度 | J40: 维度 | K40: 无 | L40: 无
B41: right_down_lat | C41: double | D41: 栅格右下角纬度 | E41: A | G41: 栅格转经纬度 | J41: 维度 | K41: 无 | L41: 无
B42: plmn | C42: string | D42: UE接入NR服务小区的PLMN(公共陆地移动网) | E42: A | F42: =B42 -> plmn | G42: 直取 | J42: 维度 | K42: 无 | L42: 无
B43: data_source | C43: int | D43: 数据源类型 0：电信独享_电信用户 1：电信共享_电信用户 2：电信共享_联通用户 3：联通共享_电信用户 4：联通共享_联通用户 | E43: A | F43: data_source | G43: 直取 | J43: 维度 | K43: 无 | L43: 无
B44: positionmark | C44: int | D44: 室内外位置区分结果，0：室内，1：室外，2:未知 | E44: A | F44: =B44 -> positionmark | G44: 直取 | J44: 维度 | K44: 无 | L44: 无
B45: mrlon_total | C45: double | D45: MR经度总值 | E45: A | G45: sum(case when mrlon>=73 and mrlon<=136 and mrlat>=2 and mrlat<=54 then mrlon else 0 end) | J45: 指标 | K45: 无 | L45: >=0
B46: mrlat_total | C46: double | D46: MR纬度总值 | E46: A | G46: sum(case when mrlon>=73 and mrlon<=136 and mrlat>=2 and mrlat<=54 then mrlat else 0 end) | J46: 指标 | K46: 无 | L46: >=0
B47: validlonlat_totalcnt | C47: bigint | D47: 经纬度有效的MR数目 | E47: A | G47: sum(case when mrlon>=73 and mrlon<=136 and mrlat>=2 and mrlat<=54 then 1 else 0 end) | J47: 指标 | K47: 无 | L47: >=0
B48: mrlon_avg | C48: double | D48: MR平均经度 | E48: A | G48: sum(case when mrlon>=73 and mrlon<=136 and mrlat>=2 and mrlat<=54 then mrlon else 0 end) / sum(case when mrlon>=73 and mrlon<=136 and mrlat>=2 and mrlat<=54 then 1 else 0 end) | J48: 指标 | K48: 无 | L48: [73,136]
B49: mrlat_avg | C49: double | D49: MR平均纬度 | E49: A | G49: sum(case when mrlon>=73 and mrlon<=136 and mrlat>=2 and mrlat<=54 then mrlat else 0 end) / sum(case when mrlon>=73 and mrlon<=136 and mrlat>=2 and mrlat<=54 then 1 else 0 end) | J49: 指标 | K49: 无 | L49: [2,54]
B50: mr_period_totalcnt | C50: bigint | D50: 周期性MR数目 | E50: A | G50: count(1) | J50: 指标 | K50: 无 | L50: >=0
B51: rsrp_total | C51: bigint | D51: RSRP总值 | E51: A | G51: sum(case when nrscssrsrp - 156>=-156 and nrscssrsrp - 156<=-29 then nrscssrsrp - 156 else 0 end) | J51: 指标 | K51: 无 | L51: <0
B52: rsrp_cnt | C52: bigint | D52: RSRP有效数目 | E52: A | G52: sum(case when nrscssrsrp - 156>=-156 and nrscssrsrp - 156<=-29 then 1 else 0 end) | J52: 指标 | K52: 无 | L52: >=0
B53: rsrp_avg | C53: double | D53: RSRP平均值 | E53: A | G53: sum(case when nrscssrsrp - 156>=-156 and nrscssrsrp - 156<=-29 then nrscssrsrp - 156 else 0 end) / sum(case when nrscssrsrp - 156>=-156 and nrscssrsrp - 156<=-29 then 1 else 0 end) | J53: 指标 | K53: 无 | L53: [-156,-29]
B54: rsrp_cnt_f65_f29 | C54: bigint | D54: RSRP在[-65,-29]范围内的MR数目 | E54: A | F54: nvl( | G54: sum(case when nrscssrsrp - 156>=-65 and nrscssrsrp - 156<=-29 then 1 else 0 end) | H54: ,0) | I54: =F54&B54&H54 -> nvl(rsrp_cnt_f65_f29,0) | J54: 指标 | K54: 无 | L54: >=0
B55: rsrp_cnt_f70_f65 | C55: bigint | D55: RSRP在[-70,-65)范围内的MR数目 | E55: A | F55: nvl( | G55: sum(case when nrscssrsrp - 156>=-70 and nrscssrsrp - 156<-65 then 1 else 0 end) | H55: ,0) | I55: =F55&B55&H55 -> nvl(rsrp_cnt_f70_f65,0) | J55: 指标 | K55: 无 | L55: >=0
B56: rsrp_cnt_f75_f70 | C56: bigint | D56: RSRP在[-75,-70]范围内的MR数目 | E56: A | F56: nvl( | G56: sum(case when nrscssrsrp - 156>=-75 and nrscssrsrp - 156<-70 then 1 else 0 end) | H56: ,0) | I56: =F56&B56&H56 -> nvl(rsrp_cnt_f75_f70,0) | J56: 指标 | K56: 无 | L56: >=0
B57: rsrp_cnt_f80_f75 | C57: bigint | D57: RSRP在[-80,-75)范围内的MR数目 | E57: A | F57: nvl( | G57: sum(case when nrscssrsrp - 156>=-80 and nrscssrsrp - 156<-75 then 1 else 0 end) | H57: ,0) | I57: =F57&B57&H57 -> nvl(rsrp_cnt_f80_f75,0) | J57: 指标 | K57: 无 | L57: >=0
B58: rsrp_cnt_f85_f80 | C58: bigint | D58: RSRP在[-85,-80)范围内的MR数目 | E58: A | F58: nvl( | G58: sum(case when nrscssrsrp - 156>=-85 and nrscssrsrp - 156<-80 then 1 else 0 end) | H58: ,0) | I58: =F58&B58&H58 -> nvl(rsrp_cnt_f85_f80,0) | J58: 指标 | K58: 无 | L58: >=0
B59: rsrp_cnt_f90_f85 | C59: bigint | D59: RSRP在[-90,-85)范围内的MR数目 | E59: A | F59: nvl( | G59: sum(case when nrscssrsrp - 156>=-90 and nrscssrsrp - 156<-85 then 1 else 0 end) | H59: ,0) | I59: =F59&B59&H59 -> nvl(rsrp_cnt_f90_f85,0) | J59: 指标 | K59: 无 | L59: >=0
B60: rsrp_cnt_f95_f90 | C60: bigint | D60: RSRP在[-95,-90)范围内的MR数目 | E60: A | F60: nvl( | G60: sum(case when nrscssrsrp - 156>=-95 and nrscssrsrp - 156<-90 then 1 else 0 end) | H60: ,0) | I60: =F60&B60&H60 -> nvl(rsrp_cnt_f95_f90,0) | J60: 指标 | K60: 无 | L60: >=0
B61: rsrp_cnt_f100_f95 | C61: bigint | D61: RSRP在[-100,-95)范围内的MR数目 | E61: A | F61: nvl( | G61: sum(case when nrscssrsrp - 156>=-100 and nrscssrsrp - 156<-95 then 1 else 0 end) | H61: ,0) | I61: =F61&B61&H61 -> nvl(rsrp_cnt_f100_f95,0) | J61: 指标 | K61: 无 | L61: >=0
B62: rsrp_cnt_f105_f100 | C62: bigint | D62: RSRP在[-105,-100)范围内的MR数目 | E62: A | F62: nvl( | G62: sum(case when nrscssrsrp - 156>=-105 and nrscssrsrp - 156<-100 then 1 else 0 end) | H62: ,0) | I62: =F62&B62&H62 -> nvl(rsrp_cnt_f105_f100,0) | J62: 指标 | K62: 无 | L62: >=0
B63: rsrp_cnt_f110_f105 | C63: bigint | D63: RSRP在[-110,-105)范围内的MR数目 | E63: A | G63: sum(case when nrscssrsrp - 156>=-110 and nrscssrsrp - 156<-105 then 1 else 0 end) | J63: 指标 | K63: 无 | L63: >=0
B64: rsrp_cnt_f112_f110 | C64: bigint | D64: RSRP在[-112,-110)范围内的MR数目 | E64: A | G64: sum(case when nrscssrsrp - 156>=-112 and nrscssrsrp - 156<-110 then 1 else 0 end) | J64: 指标 | K64: 无 | L64: >=0
B65: rsrp_cnt_f115_f112 | C65: bigint | D65: RSRP在[-115,-112)范围内的MR数目 | E65: A | G65: sum(case when nrscssrsrp - 156>=-115 and nrscssrsrp - 156<-112 then 1 else 0 end) | J65: 指标 | K65: 无 | L65: >=0
B66: rsrp_cnt_f120_f115 | C66: bigint | D66: RSRP在[-120,-115)范围内的MR数目 | E66: A | G66: sum(case when nrscssrsrp - 156>=-120 and nrscssrsrp - 156<-115 then 1 else 0 end) | J66: 指标 | K66: 无 | L66: >=0
B67: rsrp_cnt_f156_f120 | C67: bigint | D67: RSRP在[-156,-120)范围内的MR数目 | E67: A | G67: sum(case when nrscssrsrp - 156>=-156 and nrscssrsrp - 156<-120 then 1 else 0 end) | J67: 指标 | K67: 无 | L67: >=0
B68: rsrp_good_cnt_f105 | C68: bigint | D68: RSRP优良数目(>=-105) | E68: A | G68: sum(case when nrscssrsrp - 156>=-105 and nrscssrsrp - 156<=-29 then 1 else 0 end) | J68: 指标 | K68: 无 | L68: >=0
B69: rsrp_good_rate_f105 | C69: double | D69: RSRP优良比(>=-105) | E69: A | G69: sum(case when nrscssrsrp - 156>=-105 and nrscssrsrp - 156<=-29 then 1 else 0 end) / sum(case when nrscssrsrp - 156>=-156 and nrscssrsrp - 156<=-29 then 1 else 0 end) | J69: 指标 | K69: 无 | L69: [0,1]
B70: rsrp_bad_cnt_f110 | C70: bigint | D70: RSRP质差数目(<-110) | E70: A | G70: sum(case when nrscssrsrp - 156<-110 and nrscssrsrp - 156>=-156 then 1 else 0 end) | J70: 指标 | K70: 无 | L70: >=0
B71: rsrp_bad_totalrsrp_f110 | C71: bigint | D71: RSRP质差总RSRP值(<-110) | E71: A | G71: sum(case when nrscssrsrp - 156<-110 and nrscssrsrp - 156>=-156 then nrscssrsrp - 156 else 0 end) | J71: 指标 | K71: 无 | L71: <=0
B72: rsrq_total | C72: double | D72: RSRQ总值 | E72: A | G72: sum(case when (nrscssrsrq/2-43)>=-43 and (nrscssrsrq/2-43)<=21 then (nrscssrsrq/2-43) else 0 end) | J72: 指标 | K72: 无 | L72: <=0
B73: rsrq_cnt | C73: bigint | D73: RSRQ有效数目 | E73: A | G73: sum(case when (nrscssrsrq/2-43)>=-43 and (nrscssrsrq/2-43)<=21 then 1 else 0 end) | J73: 指标 | K73: 无 | L73: >=0
B74: rsrq_avg | C74: double | D74: RSRQ平均值 | E74: A | G74: sum(case when (nrscssrsrq/2-43)>=-43 and (nrscssrsrq/2-43)<=21 then (nrscssrsrq/2-43) else 0 end) / sum(case when (nrscssrsrq/2-43)>=-43 and (nrscssrsrq/2-43)<=21 then 1 else 0 end) | J74: 指标 | K74: 无 | L74: [-43,21]
... B98: ulsinr_cnt_f23_f3 | C98: bigint | D98: ULSINR在[-23,-3)范围内的MR数目 | E98: A | G98: sum(case when (nrscsssinr/2-23)>=-23 and (nrscsssinr/2-23)<-3 then 1 else 0 end) | J98: 指标 | K98: 无 | L98: >=0
B99: ulsinr_cnt_33_41 | C99: bigint | D99: ULSINR在[33,+∞)范围内的MR数目 | E99: A | F99: =H99&B99&I99 -> nvl(ulsinr_cnt_33_41,0) | G99: sum(case when (nrscsssinr/2-23)>=33 and (nrscsssinr/2-23)<=41 then 1 else 0 end) | H99: nvl( | I99: ,0) | J99: 指标 | K99: 无 | L99: >=0
B100: ulsinr_cnt_28_33 | C100: bigint | D100: ULSINR在[28,33)范围内的MR数目 | E100: A | F100: =H100&B100&I100 -> nvl(ulsinr_cnt_28_33,0) | G100: sum(case when (nrscsssinr/2-23)>=28 and (nrscsssinr/2-23)<33 then 1 else 0 end) | H100: nvl( | I100: ,0) | J100: 指标 | K100: 无 | L100: >=0
B101: ulsinr_cnt_23_28 | C101: bigint | D101: ULSINR在[23,28)范围内的MR数目 | E101: A | F101: =H101&B101&I101 -> nvl(ulsinr_cnt_23_28,0) | G101: sum(case when (nrscsssinr/2-23)>=23 and (nrscsssinr/2-23)<28 then 1 else 0 end) | H101: nvl( | I101: ,0) | J101: 指标 | K101: 无 | L101: >=0
B102: ulsinr_cnt_18_23 | C102: bigint | D102: ULSINR在[18,23)范围内的MR数目 | E102: A | F102: =H102&B102&I102 -> nvl(ulsinr_cnt_18_23,0) | G102: sum(case when (nrscsssinr/2-23)>=18 and (nrscsssinr/2-23)<23 then 1 else 0 end) | H102: nvl( | I102: ,0) | J102: 指标 | K102: 无 | L102: >=0
B103: ulsinr_cnt_13_18 | C103: bigint | D103: ULSINR在[13,18)范围内的MR数目 | E103: A | F103: =H103&B103&I103 -> nvl(ulsinr_cnt_13_18,0) | G103: sum(case when (nrscsssinr/2-23)>=13 and (nrscsssinr/2-23)<18 then 1 else 0 end) | H103: nvl( | I103: ,0) | J103: 指标 | K103: 无 | L103: >=0
B104: ulsinr_cnt_8_13 | C104: bigint | D104: ULSINR在[8,13)范围内的MR数目 | E104: A | F104: =H104&B104&I104 -> nvl(ulsinr_cnt_8_13,0) | G104: sum(case when (nrscsssinr/2-23)>=8 and (nrscsssinr/2-23)<13 then 1 else 0 end) | H104: nvl( | I104: ,0) | J104: 指标 | K104: 无 | L104: >=0
B105: ulsinr_cnt_3_8 | C105: bigint | D105: ULSINR在[3,8)范围内的MR数目 | E105: A | F105: =H105&B105&I105 -> nvl(ulsinr_cnt_3_8,0) | G105: sum(case when (nrscsssinr/2-23)>=3 and (nrscsssinr/2-23)<8 then 1 else 0 end) | H105: nvl( | I105: ,0) | J105: 指标 | K105: 无 | L105: >=0
B106: ulsinr_cnt_f2_3 | C106: bigint | D106: ULSINR在[-2,3)范围内的MR数目 | E106: A | F106: =H106&B106&I106 -> nvl(ulsinr_cnt_f2_3,0) | G106: sum(case when (nrscsssinr/2-23)>=-2 and (nrscsssinr/2-23)<3 then 1 else 0 end) | H106: nvl( | I106: ,0) | J106: 指标 | K106: 无 | L106: >=0
B107: ulsinr_cnt_f7_f2 | C107: bigint | D107: ULSINR在[-7,-2)范围内的MR数目 | E107: A | F107: =H107&B107&I107 -> nvl(ulsinr_cnt_f7_f2,0) | G107: sum(case when (nrscsssinr/2-23)>=-7 and (nrscsssinr/2-23)<-2 then 1 else 0 end) | H107: nvl( | I107: ,0) | J107: 指标 | K107: 无 | L107: >=0
B108: ulsinr_cnt_f10_f7 | C108: bigint | D108: ULSINR在[-10,-7)范围内的MR数目 | E108: A | F108: =H108&B108&I108 -> nvl(ulsinr_cnt_f10_f7,0) | G108: sum(case when (nrscsssinr/2-23)>=-10 and (nrscsssinr/2-23)<-7 then 1 else 0 end) | H108: nvl( | I108: ,0) | J108: 指标 | K108: 无 | L108: >=0
B109: ulsinr_cnt_f15_f10 | C109: bigint | D109: ULSINR在[-15,-10)范围内的MR数目 | E109: A | F109: =H109&B109&I109 -> nvl(ulsinr_cnt_f15_f10,0) | G109: sum(case when (nrscsssinr/2-23)>=-15 and (nrscsssinr/2-23)<-10 then 1 else 0 end) | H109: nvl( | I109: ,0) | J109: 指标 | K109: 无 | L109: >=0
B110: ulsinr_cnt_f23_f15 | C110: bigint | D110: ULSINR在(-∞,-15)范围内的MR数目 | E110: A | F110: =H110&B110&I110 -> nvl(ulsinr_cnt_f23_f15,0) | G110: sum(case when (nrscsssinr/2-23)>=-23 and (nrscsssinr/2-23)<-15 then 1 else 0 end) | H110: nvl( | I110: ,0) | J110: 指标 | K110: 无 | L110: >=0
B111: ulsinr_good_cnt_0 | C111: bigint | D111: ULSINR优良数(>=0) | E111: A | G111: sum(case when (nrscsssinr/2-23)>=0 and (nrscsssinr/2-23)<=41 then 1 else 0 end) | J111: 指标 | K111: 无 | L111: >=0
B112: ulsinr_good_rate_0 | C112: double | D112: ULSINR优良比(>=0) | E112: A | G112: sum(case when (nrscsssinr/2-23)>=0 and (nrscsssinr/2-23)<=41 then 1 else 0 end) / sum(case when (nrscsssinr/2-23)>=-23 and (nrscsssinr/2-23)<=41 then 1 else 0 end) | J112: 指标 | K112: 无 | L112: [0,1]
B113: ta_total | C113: bigint | D113: TA总值 | E113: A | G113: sum(case when nrsctadv>=0 then nrsctadv else 0 end) | J113: 指标 | K113: 无 | L113: >=0 | P113: sum(case when ta>=0 then ta else null end) | S113: 新增字段 | T113: fact_lte_mro_lt_q | U113: ta
B114: ta_cnt | C114: bigint | D114: TA有效的MR数目 | E114: A | G114: sum(case when nrsctadv>=0 then 1 else 0 end) | J114: 指标 | K114: 无 | L114: >=0 | P114: count(case when ta>=0 then 1 else null end) | S114: 新增字段 | T114: fact_lte_mro_lt_q | U114: ta
B115: ta_avg | C115: double | D115: TA平均值 | E115: A | G115: sum(case when nrsctadv>=0 then nrsctadv else 0 end) / sum(case when nrsctadv>=0 then 1 else 0 end) | J115: 指标 | K115: 无 | L115: >=0 | P115: sum(case when ta>=0 then ta else null end)/count(case when ta>=0 then 1 else null end) | S115: 新增字段 | T115: fact_lte_mro_lt_q | U115: ta
B116: ta_cnt_0_1 | C116: bigint | D116: TA在[0,1]范围内的MR数目 | E116: A | G116: sum(case when nrsctadv <= 1 then 1 else 0 end) | J116: 指标 | K116: 无 | L116: >=0
B117: ta_cnt_1_3 | C117: bigint | D117: TA在(1,3]范围内的MR数目 | E117: A | G117: sum(case when nrsctadv > 1 and nrsctadv <= 3 then 1 else 0 end) | J117: 指标 | K117: 无 | L117: >=0
B118: ta_cnt_3_5 | C118: bigint | D118: TA在(3,5]范围内的MR数目 | E118: A | G118: sum(case when nrsctadv > 3 and nrsctadv <= 5 then 1 else 0 end) | J118: 指标 | K118: 无 | L118: >=0
B119: ta_cnt_5_7 | C119: bigint | D119: TA在(5,7]范围内的MR数目 | E119: A | G119: sum(case when nrsctadv > 5 and nrsctadv <= 7 then 1 else 0 end) | J119: 指标 | K119: 无 | L119: >=0
B120: ta_cnt_7_9 | C120: bigint | D120: TA在(7,9]范围内的MR数目 | E120: A | G120: sum(case when nrsctadv > 7 and nrsctadv <= 9 then 1 else 0 end) | J120: 指标 | K120: 无 | L120: >=0
B121: ta_cnt_9_11 | C121: bigint | D121: TA在(9,11]范围内的MR数目 | E121: A | G121: sum(case when nrsctadv > 9 and nrsctadv <= 11 then 1 else 0 end) | J121: 指标 | K121: 无 | L121: >=0
B122: ta_cnt_11_13 | C122: bigint | D122: TA在(11,13]范围内的MR数目 | E122: A | G122: sum(case when nrsctadv > 11 and nrsctadv <= 13 then 1 else 0 end) | J122: 指标 | K122: 无 | L122: >=0
B123: ta_cnt_13_15 | C123: bigint | D123: TA在(13,15]范围内的MR数目 | E123: A | G123: sum(case when nrsctadv > 13 and nrsctadv <= 15 then 1 else 0 end) | J123: 指标 | K123: 无 | L123: >=0 | P123: sum(case when ta>=6 and ta<9 then 1 else 0 end) | S123: 新增字段 | T123: fact_lte_mro_lt_q | U123: ta
B124: ta_cnt_15_17 | C124: bigint | D124: TA在(15,17]范围内的MR数目 | E124: A | G124: sum(case when nrsctadv > 15 and nrsctadv <= 17 then 1 else 0 end) | J124: 指标 | K124: 无 | L124: >=0 | P124: sum(case when ta>=12 and ta<15 then 1 else 0 end) | S124: 新增字段 | T124: fact_lte_mro_lt_q | U124: ta
B125: ta_cnt_17_19 | C125: bigint | D125: TA在(17,19]范围内的MR数目 | E125: A | G125: sum(case when nrsctadv > 17 and nrsctadv <= 19 then 1 else 0 end) | J125: 指标 | K125: 无 | L125: >=0 | P125: sum(case when ta>=15 and ta<20 then 1 else 0 end) | S125: 新增字段 | T125: fact_lte_mro_lt_q | U125: ta
B126: ta_cnt_19_21 | C126: bigint | D126: TA在(19,21]范围内的MR数目 | E126: A | G126: sum(case when nrsctadv > 19 and nrsctadv <= 21 then 1 else 0 end) | J126: 指标 | K126: 无 | L126: >=0
...

Sheet 10
B1: =HYPERLINK("#导航!a2","返回") -> 返回
B3: 目标表基本信息描述
B4: 主题域 | C4: 目标表英文名 | D4: 目标表中文名 | E4: 数据频度 | F4: 模型主键 | G4: 数据描述 | H4: 推送数据库
B5: 覆盖分析 | C5: aggr_nr_coverage_base_usr_refactor_q | D5: 5G MR用户小区栅格覆盖指标15分钟表 | E5: quarter
B7: 源表基本信息描述
B8: 来源系统 | C8: 源表英文名 | D8: 源表中文名 | E8: 别名 | F8: 任务描述 | G8: 备注 | H8: 是否主表
C9: aggr_nr_coverage_base_q | D9: 5G MR用户小区栅格覆盖指标15分钟表(无问题打标) | E9: A | F9: A left join B，关联条件：plmn+data_source+cellkey+msisdn +imsi+imei+regionid+x_offset_20+y_offset_20 | H9: 是
C10: aggr_nr_coverage_problem_usrcelgrd_q | D10: 5G MR主小区覆盖问题汇聚指标15分钟表 | E10: B
B12: 详细字段信息
B13: 详细字段信息
B14: PDM字段英文名 | C14: PDM字段类型 | D14: PDM字段中文名（说明） | E14: 源表名 | F14: 源字段英文名 | G14: 算法加工逻辑 | H14: 关联与过滤条件 | I14: 备注 | J14: 字段属性 | K14: 单位 | L14: 取值范围
B15: provincecode | C15: int | D15: 省编码 | E15: A | F15: p_provincecode | G15: 直取 | J15: 维度 | K15: 无 | L15: 无
B16: day | C16: string | D16: 日期 | E16: A | F16: p_date | G16: 直取 | J16: 维度 | K16: 无 | L16: 无
B17: hour | C17: int | D17: 小时 | E17: A | F17: p_hour | G17: 直取 | J17: 维度 | K17: 无 | L17: 无
B18: quarter | C18: int | D18: 15分钟 | E18: A | F18: p_quarter | G18: 直取 | J18: 维度 | K18: 无 | L18: 无
B19: cellkey | C19: string | D19: 小区cellkey | E19: A | F19: cellkey | G19: 直取 | J19: 维度 | K19: 无 | L19: 无
B20: arfcn | C20: int | D20: 频点 | E20: A | F20: arfcn | G20: 直取 | J20: 维度 | K20: 无 | L20: 无
B21: rattypeid | C21: int | D21: 网络类型 | E21: A | F21: rattypeid | G21: 直取 | J21: 维度 | K21: 无 | L21: 无
B22: imsi | C22: string | D22: 用户imsi | E22: A | F22: imsi | G22: 直取 | J22: 维度 | K22: 无 | L22: 无
B23: regionid | C23: int | D23: RegionID | E23: A | F23: regionid | G23: 直取 | J23: 维度 | K23: 无 | L23: 无
B24: x_offset_20 | C24: int | D24: 栅格坐标x轴偏移 | E24: A | F24: x_offset_20 | G24: 直取 | J24: 维度 | K24: 无 | L24: 无
B25: y_offset_20 | C25: int | D25: 栅格坐标y轴偏移 | E25: A | F25: y_offset_20 | G25: 直取 | J25: 维度 | K25: 无 | L25: 无
B26: period_totalmrcount | C26: bigint | D26: 周期性MR采样点数量 | E26: A | G26: sum(mr_period_totalcnt) | J26: 指标 | K26: 无 | L26: >=0
B27: totalssrsrp | C27: bigint | D27: 总SS-RSRP值 | E27: A | G27: sum(rsrp_total) | J27: 指标 | K27: 无 | L27: <0
B28: avgssrsrp | C28: double | D28: 平均SS-RSRP值 | E28: A | G28: sum(rsrp_total)/sum(rsrp_cnt) | J28: 指标 | K28: 无 | L28: [-156,-29]
B29: ssrsrpcount | C29: bigint | D29: SS-RSRP计数 | E29: A | G29: sum(rsrp_cnt) | J29: 指标 | K29: 无 | L29: >=0
B30: ssrsrp_level1mrcount | C30: bigint | D30: RSRP在[-75,+∞）范围内的MR数目 | E30: A | G30: sum(rsrp_cnt_f65_f29+rsrp_cnt_f70_f65+rsrp_cnt_f75_f70) | J30: 指标 | K30: 无 | L30: >=0
B31: ssrsrp_level2mrcount | C31: bigint | D31: RSRP在[-85,-75）范围内的MR数目 | E31: A | G31: sum(rsrp_cnt_f80_f75+rsrp_cnt_f85_f80) | J31: 指标 | K31: 无 | L31: >=0
B32: ssrsrp_level3mrcount | C32: bigint | D32: RSRP在[-95,-85）范围内的MR数目 | E32: A | G32: sum(rsrp_cnt_f90_f85+rsrp_cnt_f95_f90) | J32: 指标 | K32: 无 | L32: >=0
B33: ssrsrp_level4mrcount | C33: bigint | D33: RSRP在[-100,-95）范围内的MR数目 | E33: A | G33: sum(rsrp_cnt_f100_f95) | J33: 指标 | K33: 无 | L33: >=0
B34: ssrsrp_level5mrcount | C34: bigint | D34: RSRP在[-105,-100）范围内的MR数目 | E34: A | G34: sum(rsrp_cnt_f105_f100) | J34: 指标 | K34: 无 | L34: >=0
B35: ssrsrp_level6mrcount | C35: bigint | D35: RSRP在[-115,-105）范围内的MR数目 | E35: A | G35: sum(rsrp_cnt_f110_f105+rsrp_cnt_f112_f110+rsrp_cnt_f115_f112) | J35: 指标 | K35: 无 | L35: >=0
B36: ssrsrp_level7mrcount | C36: bigint | D36: RSRP在（-∞,-115）范围内的MR数目 | E36: A | G36: sum(rsrp_cnt_f120_f115+rsrp_cnt_f156_f120) | J36: 指标 | K36: 无 | L36: >=0
B37: ssrsrpgoodcount | C37: bigint | D37: RSRP优良数目(>=-105) | E37: A | G37: sum(rsrp_good_cnt_f105) | J37: 指标 | K37: 无 | L37: >=0
... B50: dlsinrgoodratio | C50: double | D50: ULSINR优良比(>=0) | E50: A | G50: sum(ulsinr_good_cnt_0)/sum(ulsinr_cnt) | J50: 指标 | K50: 无 | L50: [0,1]
B51: totalidlersrp | C51: bigint | D51: 总SS-RSRP值 | G51: 置空 | J51: 指标 | K51: 无 | L51: 空
B52: avgidlersrp | C52: double | D52: 平均SS-RSRP值 | G52: 置空 | J52: 指标 | K52: 无 | L52: 空
B53: idlersrpcount | C53: bigint | D53: SS-RSRP计数 | G53: 置空 | J53: 指标 | K53: 无 | L53: 空
B54: idlersrp_level1mrcount | C54: bigint | D54: RSRP在[-75,+∞）范围内的MR数目 | G54: 置空 | J54: 指标 | K54: 无 | L54: 空
B55: idlersrp_level2mrcount | C55: bigint | D55: RSRP在[-85,-75）范围内的MR数目 | G55: 置空 | J55: 指标 | K55: 无 | L55: 空
B56: idlersrp_level3mrcount | C56: bigint | D56: RSRP在[-95,-85）范围内的MR数目 | G56: 置空 | J56: 指标 | K56: 无 | L56: 空
B57: idlersrp_level4mrcount | C57: bigint | D57: RSRP在[-100,-95）范围内的MR数目 | G57: 置空 | J57: 指标 | K57: 无 | L57: 空
B58: idlersrp_level5mrcount | C58: bigint | D58: RSRP在[-105,-100）范围内的MR数目 | G58: 置空 | J58: 指标 | K58: 无 | L58: 空
B59: idlersrp_level6mrcount | C59: bigint | D59: RSRP在[-115,-105）范围内的MR数目 | G59: 置空 | J59: 指标 | K59: 无 | L59: 空
B60: idlersrp_level7mrcount | C60: bigint | D60: RSRP在（-∞,-115）范围内的MR数目 | G60: 置空 | J60: 指标 | K60: 无 | L60: 空
B61: idlersrpgoodcount | C61: bigint | D61: RSRP优良数目(>=-105) | G61: 置空 | J61: 指标 | K61: 无 | L61: 空
B62: idlersrpgoodratio | C62: double | D62: RSRP优良比(>=-105) | G62: 置空 | J62: 指标 | K62: 无 | L62: 空
... B66: mod3interfer_mrratio | C66: float | D66: Mod3干扰MR数目占周期性MR数目比例 | G66: 置空 | J66: 指标 | K66: 无 | L66: 空
B67: weakcover_totalrsrp | C67: bigint | D67: 弱覆盖RSRP总值(-110) | E67: A | G67: sum(rsrp_bad_totalrsrp_f110) | J67: 指标 | K67: 无 | L67: <0
B68: weakcover_mrcount | C68: bigint | D68: 弱覆盖MR数目(-110) | E68: A | G68: sum(rsrp_bad_cnt_f110) | J68: 指标 | K68: 无 | L68: >=0
B69: weakcover_avgrsrp | C69: double | D69: 弱覆盖RSRP平均值(-110) | E69: A | G69: sum(rsrp_bad_totalrsrp_f110)/sum(rsrp_bad_cnt_f110) | J69: 指标 | K69: 无 | L69: [-156,-29]
B70: weakcover_mrratio | C70: float | D70: 弱覆盖MR率(-110) | E70: A | G70: sum(rsrp_bad_cnt_f110)/sum(rsrp_cnt) | J70: 指标 | K70: 无 | L70: [0,1]
B71: overlap_totalrsrp | C71: bigint | D71: 重叠覆盖RSRP总值 | E71: B | G71: sum(overlap_totalrsrp) | J71: 指标 | K71: 无 | L71: <0
B72: overlap_mrcount | C72: bigint | D72: 重叠覆盖MR数目 | E72: B | G72: sum(overlap_cnt) | J72: 指标 | K72: 无 | L72: >=0
B73: overlap_avgrsrp | C73: double | D73: 重叠覆盖RSRP平均值 | E73: B | G73: sum(overlap_totalrsrp)/sum(overlap_cnt) | J73: 指标 | K73: 无 | L73: [-156,-29]
B74: overlap_mrratio | C74: float | D74: 重叠覆盖MR率 | E74: A|B | G74: sum(B.overlap_cnt)/sum(A.rsrp_cnt) | J74: 指标 | K74: 无 | L74: [0,1]
B75: overshoot_totalrsrp | C75: bigint | D75: 过覆盖RSRP总值 | E75: B | G75: sum(overshoot_totalrsrp) | J75: 指标 | K75: 无 | L75: <0
B76: overshoot_mrcount | C76: bigint | D76: 过覆盖MR数目 | E76: B | G76: sum(overshoot_cnt) | J76: 指标 | K76: 无 | L76: >=0
B77: overshoot_avgrsrp | C77: double | D77: 过覆盖RSRP平均值 | E77: B | G77: sum(overshoot_totalrsrp)/sum(overshoot_cnt) | J77: 指标 | K77: 无 | L77: [-156,-29]
B78: overshoot_mrratio | C78: float | D78: 过覆盖MR率 | E78: A|B | G78: sum(B.overshoot_cnt)/sum(A.rsrp_cnt) | J78: 指标 | K78: 无 | L78: [0,1]
... B90: ssrsrq_level7mrcount | C90: bigint | D90: RSRQ在[-43,-19)范围内的MR数目 | E90: A | G90: sum(rsrq_cnt_f43_f19) | J90: 指标 | K90: 无 | L90: >=0
B91: phrcount | C91: bigint | D91: PHR有效的MR数目 | G91: 直接赋值：0 | J91: 指标 | K91: 无 | L91: >=0
B92: phr_level1mrcount | C92: bigint | D92: PHR在[30;40]范围内的MR数目 | G92: 直接赋值：0 | J92: 指标 | K92: 无 | L92: >=0
B93: phr_level2mrcount | C93: bigint | D93: PHR在[20;30)范围内的MR数目 | G93: 直接赋值：0 | J93: 指标 | K93: 无 | L93: >=0
B94: phr_level3mrcount | C94: bigint | D94: PHR在[10;20)范围内的MR数目 | G94: 直接赋值：0 | J94: 指标 | K94: 无 | L94: >=0
B95: phr_level4mrcount | C95: bigint | D95: PHR在[0;10)范围内的MR数目 | G95: 直接赋值：0 | J95: 指标 | K95: 无 | L95: >=0
B96: phr_level5mrcount | C96: bigint | D96: PHR在[-5;0)范围内的MR数目 | G96: 直接赋值：0 | J96: 指标 | K96: 无 | L96: >=0
B97: phr_level6mrcount | C97: bigint | D97: PHR在[-10;-5)范围内的MR数目 | G97: 直接赋值：0 | J97: 指标 | K97: 无 | L97: >=0
B98: phr_level7mrcount | C98: bigint | D98: PHR在[-23;-10)范围内的MR数目 | G98: 直接赋值：0 | J98: 指标 | K98: 无 | L98: >=0
B99: ulsinrcount | C99: bigint | D99: ULSINR有效的MR数目 | E99: A | G99: sum(ulsinr_cnt) | J99: 指标 | K99: 无 | L99: >=0
B100: ulsinr_level1mrcount | C100: bigint | D100: ULSINR在[20;+∞)范围内的MR数目 | E100: A | G100: sum(ulsinr_cnt_20_41) | J100: 指标 | K100: 无 | L100: >=0
B101: ulsinr_level2mrcount | C101: bigint | D101: ULSINR在[15;20)范围内的MR数目 | E101: A | G101: sum(ulsinr_cnt_15_20) | J101: 指标 | K101: 无 | L101: >=0
B102: ulsinr_level3mrcount | C102: bigint | D102: ULSINR在[10;15)范围内的MR数目 | E102: A | G102: sum(ulsinr_cnt_10_15) | J102: 指标 | K102: 无 | L102: >=0
B103: ulsinr_level4mrcount | C103: bigint | D103: ULSINR在[5;10)范围内的MR数目 | E103: A | G103: sum(ulsinr_cnt_5_10) | J103: 指标 | K103: 无 | L103: >=0
B104: ulsinr_level5mrcount | C104: bigint | D104: ULSINR在[0;5)范围内的MR数目 | E104: A | G104: sum(ulsinr_cnt_0_5) | J104: 指标 | K104: 无 | L104: >=0
B105: ulsinr_level6mrcount | C105: bigint | D105: ULSINR在[-3;0)范围内的MR数目 | E105: A | G105: sum(ulsinr_cnt_f3_0) | J105: 指标 | K105: 无 | L105: >=0
B106: ulsinr_level7mrcount | C106: bigint | D106: ULSINR在(-∞;-3)范围内的MR数目 | E106: A | G106: sum(ulsinr_cnt_f23_f3) | J106: 指标 | K106: 无 | L106: >=0
B107: txpowercount | C107: bigint | D107: TxPower有效的MR数目 | E107: A | G107: 直接赋值：0 | J107: 指标 | K107: 无 | L107: >=0
B108: txpower_level1mrcount | C108: bigint | D108: TxPower在(-∞; 0]范围内的MR数目 | E108: A | G108: 直接赋值：0 | J108: 指标 | K108: 无 | L108: >=0
B109: txpower_level2mrcount | C109: bigint | D109: TxPower在[0; 3)范围内的MR数目 | E109: A | G109: 直接赋值：0 | J109: 指标 | K109: 无 | L109: >=0
B110: txpower_level3mrcount | C110: bigint | D110: TxPower在[3;10)范围内的MR数目 | E110: A | G110: 直接赋值：0 | J110: 指标 | K110: 无 | L110: >=0
... B131: ssbeamid | C131: int | D131: NR 服务小区的 SSB 波束号 | E131: A | G131: 置空 | J131: 维度 | K131: 无 | L131: 无
B132: plmn | C132: string | D132: PLMN | E132: A | F132: =VLOOKUP(B132,'9'!B:B,1,0) -> plmn | G132: 直取 | J132: 维度 | K132: 无 | L132: 无
B133: imei | C133: string | D133: 国际移动设备识别码 | E133: A | F133: =VLOOKUP(B133,'9'!B:B,1,0) -> imei | G133: 直取 | J133: 维度 | K133: 无 | L133: 无
B134: msisdn | C134: string | D134: 用户号码 | E134: A | F134: =VLOOKUP(B134,'9'!B:B,1,0) -> msisdn | G134: 直取 | J134: 维度 | K134: 无 | L134: 无
B135: s_nssai_sst | C135: string | D135: 网络切片选择辅助信息（切片/服务类型）。若有多个切片，以“,”分隔。 | E135: A | F135: =VLOOKUP(B135,'9'!B:B,1,0) -> s_nssai_sst | G135: 置空 | J135: 维度 | K135: 无 | L135: 无
B136: s_nssai_sd | C136: string | D136: 网络切片选择辅助信息（切片差分器）。若有多个切片，以“,”分隔。 | E136: A | F136: =VLOOKUP(B136,'9'!B:B,1,0) -> s_nssai_sd | G136: 置空 | J136: 维度 | K136: 无 | L136: 无
B137: data_source | C137: int | D137: 数据源类型,0:电信独享 1:电信共享 2:联通共享 | E137: A | F137: =VLOOKUP(B137,'9'!B:B,1,0) -> data_source | G137: 直取 | J137: 维度 | K137: 无 | L137: 无
B138: left_up_lon | C138: double | D138: 栅格左上角经度 | E138: A | F138: =VLOOKUP(B138,'9'!B:B,1,0) -> left_up_lon | G138: 直取 | J138: 维度 | K138: 无 | L138: 无
B139: left_up_lat | C139: double | D139: 栅格左上角维度 | E139: A | F139: =VLOOKUP(B139,'9'!B:B,1,0) -> left_up_lat | G139: 直取 | J139: 维度 | K139: 无 | L139: 无
B140: right_down_lon | C140: double | D140: 栅格右下角经度 | E140: A | F140: =VLOOKUP(B140,'9'!B:B,1,0) -> right_down_lon | G140: 直取 | J140: 维度 | K140: 无 | L140: 无
B141: right_down_lat | C141: double | D141: 栅格右下角维度 | E141: A | F141: =VLOOKUP(B141,'9'!B:B,1,0) -> right_down_lat | G141: 直取 | J141: 维度 | K141: 无 | L141: 无
B142: center_lon | C142: double | D142: 中心经度 | E142: A | F142: =VLOOKUP(B142,'9'!B:B,1,0) -> center_lon | G142: 直取 | J142: 维度 | K142: 无 | L142: 无
B143: center_lat | C143: double | D143: 中心纬度 | E143: A | F143: =VLOOKUP(B143,'9'!B:B,1,0) -> center_lat | G143: 直取 | J143: 维度 | K143: 无 | L143: 无
B144: positionmark | C144: int | D144: 室内外位置区分结果，0：室内 1：室外 2： 未知 | E144: A | F144: =VLOOKUP(B144,'9'!B:B,1,0) -> positionmark | G144: 直取 | J144: 维度 | K144: 无 | L144: 无
B145: totalmrlon | C145: double | D145: MR经度总值 | E145: A | G145: sum(mrlon_total) | J145: 指标 | K145: 无 | L145: >=0
B146: totalmrlat | C146: double | D146: MR纬度总值 | E146: A | G146: sum(mrlat_total) | J146: 指标 | K146: 无 | L146: >=0
B147: validlonlat_totalmrcount | C147: bigint | D147: 经纬度有效的MR数目 | E147: A | G147: sum(validlonlat_totalcnt) | J147: 指标 | K147: 无 | L147: >=0
B148: mdt_totalmrcount | C148: bigint | D148: MDT MR数目 | E148: A | G148: 置0 | J148: 指标 | K148: 无 | L148: 0
B149: event_totalmrcount | C149: bigint | D149: 事件性MR数目 | E149: A | G149: 置0 | J149: 指标 | K149: 无 | L149: 0
...

Sheet 11
B1: =HYPERLINK("#导航!a2","返回") -> 返回
B3: 目标表基本信息描述
B4: 主题域 | C4: 目标表英文名 | D4: 目标表中文名 | E4: 数据频度 | F4: 模型主键 | G4: 数据描述 | H4: 推送数据库
B5: 覆盖分析 | C5: aggr_nr_coverage_base_usr_refactor_h | D5: 5G MR用户小区栅格覆盖指标小时表 | E5: hour
B7: 源表基本信息描述
B8: 来源系统 | C8: 源表英文名 | D8: 源表中文名 | E8: 别名 | F8: 任务描述 | G8: 备注 | H8: 是否主表
C9: aggr_nr_coverage_base_usr_refactor_q | D9: 5G MR用户小区栅格覆盖指标15分钟表 | E9: A | H9: 是
B12: 详细字段信息
B13: 详细字段信息
B14: PDM字段英文名 | C14: PDM字段类型 | D14: PDM字段中文名（说明） | E14: 源表名 | F14: 源字段英文名 | G14: 算法加工逻辑 | H14: 关联与过滤条件 | I14: 备注 | J14: 字段属性 | K14: 单位 | L14: 取值范围
B15: provincecode | C15: int | D15: 省编码 | E15: A | F15: p_provincecode | G15: 直取 | J15: 维度 | K15: 无 | L15: 无
B16: day | C16: string | D16: 日期 | E16: A | F16: p_date | G16: 直取 | J16: 维度 | K16: 无 | L16: 无
B17: hour | C17: int | D17: 小时 | E17: A | F17: p_hour | G17: 直取 | J17: 维度 | K17: 无 | L17: 无
B18: cellkey | C18: string | D18: 小区cellkey | E18: A | F18: cellkey | G18: 直取 | J18: 维度 | K18: 无 | L18: 无
B19: arfcn | C19: int | D19: 频点 | E19: A | F19: arfcn | G19: 直取 | J19: 维度 | K19: 无 | L19: 无
B20: rattypeid | C20: int | D20: 网络类型 | E20: A | F20: rattypeid | G20: 直取 | J20: 维度 | K20: 无 | L20: 无
B21: imsi | C21: string | D21: 用户imsi | E21: A | F21: imsi | G21: 直取 | J21: 维度 | K21: 无 | L21: 无
B22: regionid | C22: int | D22: RegionID | E22: A | F22: regionid | G22: 直取 | J22: 维度 | K22: 无 | L22: 无
B23: x_offset_20 | C23: int | D23: 栅格坐标x轴偏移 | E23: A | F23: x_offset_20 | G23: 直取 | J23: 维度 | K23: 无 | L23: 无
B24: y_offset_20 | C24: int | D24: 栅格坐标y轴偏移 | E24: A | F24: y_offset_20 | G24: 直取 | J24: 维度 | K24: 无 | L24: 无
B25: period_totalmrcount | C25: bigint | D25: 周期性MR采样点数量 | E25: A | G25: sum(period_totalmrcount) | J25: 指标 | K25: 无 | L25: >=0
B26: totalssrsrp | C26: bigint | D26: 总SS-RSRP值 | E26: A | G26: sum(totalssrsrp) | J26: 指标 | K26: 无 | L26: <0
B27: avgssrsrp | C27: double | D27: 平均SS-RSRP值 | E27: A | G27: sum(totalssrsrp)/sum(ssrsrpcount) | J27: 指标 | K27: 无 | L27: [-156,-29]
B28: ssrsrpcount | C28: bigint | D28: SS-RSRP计数 | E28: A | G28: sum(ssrsrpcount) | J28: 指标 | K28: 无 | L28: >=0
B29: ssrsrp_level1mrcount | C29: bigint | D29: RSRP在[-75,+∞）范围内的MR数目 | E29: A | G29: sum(ssrsrp_level1mrcount) | J29: 指标 | K29: 无 | L29: >=0
B30: ssrsrp_level2mrcount | C30: bigint | D30: RSRP在[-85,-75）范围内的MR数目 | E30: A | G30: sum(ssrsrp_level2mrcount) | J30: 指标 | K30: 无 | L30: >=0
B31: ssrsrp_level3mrcount | C31: bigint | D31: RSRP在[-95,-85）范围内的MR数目 | E31: A | G31: sum(ssrsrp_level3mrcount) | J31: 指标 | K31: 无 | L31: >=0
B32: ssrsrp_level4mrcount | C32: bigint | D32: RSRP在[-100,-95）范围内的MR数目 | E32: A | G32: sum(ssrsrp_level4mrcount) | J32: 指标 | K32: 无 | L32: >=0
B33: ssrsrp_level5mrcount | C33: bigint | D33: RSRP在[-105,-100）范围内的MR数目 | E33: A | G33: sum(ssrsrp_level5mrcount) | J33: 指标 | K33: 无 | L33: >=0
B34: ssrsrp_level6mrcount | C34: bigint | D34: RSRP在[-115,-105）范围内的MR数目 | E34: A | G34: sum(ssrsrp_level6mrcount) | J34: 指标 | K34: 无 | L34: >=0
B35: ssrsrp_level7mrcount | C35: bigint | D35: RSRP在（-∞,-115）范围内的MR数目 | E35: A | G35: sum(ssrsrp_level7mrcount) | J35: 指标 | K35: 无 | L35: >=0
B36: ssrsrpgoodcount | C36: bigint | D36: RSRP优良数目(>=-105) | E36: A | G36: sum(ssrsrpgoodcount) | J36: 指标 | K36: 无 | L36: >=0
... B49: dlsinrgoodratio | C49: double | D49: ULSINR优良比(>=0) | E49: A | G49: sum(dlsinrgoodcount)/sum(dlsinrcount) | J49: 指标 | K49: 无 | L49: [0,1]
B50: totalidlersrp | C50: bigint | D50: 总SS-RSRP值 | G50: 置空 | J50: 指标 | K50: 无 | L50: 空
B51: avgidlersrp | C51: double | D51: 平均SS-RSRP值 | G51: 置空 | J51: 指标 | K51: 无 | L51: 空
B52: idlersrpcount | C52: bigint | D52: SS-RSRP计数 | G52: 置空 | J52: 指标 | K52: 无 | L52: 空
B53: idlersrp_level1mrcount | C53: bigint | D53: RSRP在[-75,+∞）范围内的MR数目 | G53: 置空 | J53: 指标 | K53: 无 | L53: 空
B54: idlersrp_level2mrcount | C54: bigint | D54: RSRP在[-85,-75）范围内的MR数目 | G54: 置空 | J54: 指标 | K54: 无 | L54: 空
B55: idlersrp_level3mrcount | C55: bigint | D55: RSRP在[-95,-85）范围内的MR数目 | G55: 置空 | J55: 指标 | K55: 无 | L55: 空
B56: idlersrp_level4mrcount | C56: bigint | D56: RSRP在[-100,-95）范围内的MR数目 | G56: 置空 | J56: 指标 | K56: 无 | L56: 空
B57: idlersrp_level5mrcount | C57: bigint | D57: RSRP在[-105,-100）范围内的MR数目 | G57: 置空 | J57: 指标 | K57: 无 | L57: 空
B58: idlersrp_level6mrcount | C58: bigint | D58: RSRP在[-115,-105）范围内的MR数目 | G58: 置空 | J58: 指标 | K58: 无 | L58: 空
B59: idlersrp_level7mrcount | C59: bigint | D59: RSRP在（-∞,-115）范围内的MR数目 | G59: 置空 | J59: 指标 | K59: 无 | L59: 空
B60: idlersrpgoodcount | C60: bigint | D60: RSRP优良数目(>=-105) | G60: 置空 | J60: 指标 | K60: 无 | L60: 空
B61: idlersrpgoodratio | C61: double | D61: RSRP优良比(>=-105) | G61: 置空 | J61: 指标 | K61: 无 | L61: 空
... B65: mod3interfer_mrratio | C65: float | D65: Mod3干扰MR数目占周期性MR数目比例 | G65: 置空 | J65: 指标 | K65: 无 | L65: 空
B66: weakcover_totalrsrp | C66: bigint | D66: 弱覆盖RSRP总值(-110) | E66: A | G66: sum(weakcover_totalrsrp) | J66: 指标 | K66: 无 | L66: <0
B67: weakcover_mrcount | C67: bigint | D67: 弱覆盖MR数目(-110) | E67: A | G67: sum(weakcover_mrcount) | J67: 指标 | K67: 无 | L67: >=0
B68: weakcover_avgrsrp | C68: double | D68: 弱覆盖RSRP平均值(-110) | E68: A | G68: sum(weakcover_totalrsrp)/sum(weakcover_mrcount) | J68: 指标 | K68: 无 | L68: [-156,-29]
B69: weakcover_mrratio | C69: float | D69: 弱覆盖MR率(-110) | E69: A | G69: sum(weakcover_mrcount)/sum(ssrsrpcount) | J69: 指标 | K69: 无 | L69: [0,1]
B70: overlap_totalrsrp | C70: bigint | D70: 重叠覆盖RSRP总值 | E70: A | G70: sum(overlap_totalrsrp) | J70: 指标 | K70: 无 | L70: <0
B71: overlap_mrcount | C71: bigint | D71: 重叠覆盖MR数目 | E71: A | G71: sum(overlap_mrcount) | J71: 指标 | K71: 无 | L71: >=0
B72: overlap_avgrsrp | C72: double | D72: 重叠覆盖RSRP平均值 | E72: A | G72: sum(overlap_totalrsrp)/sum(overlap_mrcount) | J72: 指标 | K72: 无 | L72: [-156,-29]
B73: overlap_mrratio | C73: float | D73: 重叠覆盖MR率 | E73: A | G73: sum(overlap_mrcount)/sum(ssrsrpcount) | J73: 指标 | K73: 无 | L73: [0,1]
B74: overshoot_totalrsrp | C74: bigint | D74: 过覆盖RSRP总值 | E74: A | G74: sum(overshoot_totalrsrp) | J74: 指标 | K74: 无 | L74: <0
B75: overshoot_mrcount | C75: bigint | D75: 过覆盖MR数目 | E75: A | G75: sum(overshoot_mrcount) | J75: 指标 | K75: 无 | L75: >=0
B76: overshoot_avgrsrp | C76: double | D76: 过覆盖RSRP平均值 | E76: A | G76: sum(overshoot_totalrsrp)/sum(overshoot_mrcount) | J76: 指标 | K76: 无 | L76: [-156,-29]
B77: overshoot_mrratio | C77: float | D77: 过覆盖MR率 | E77: A | G77: sum(overshoot_mrcount)/sum(ssrsrpcount) | J77: 指标 | K77: 无 | L77: [0,1]
... B89: ssrsrq_level7mrcount | C89: bigint | D89: RSRQ在[-43,-19)范围内的MR数目 | E89: A | G89: sum(ssrsrq_level7mrcount) | J89: 指标 | K89: 无 | L89: >=0
B90: phrcount | C90: bigint | D90: PHR有效的MR数目 | G90: 直接赋值：0 | J90: 指标 | K90: 无 | L90: >=0
B91: phr_level1mrcount | C91: bigint | D91: PHR在[30;40]范围内的MR数目 | G91: 直接赋值：0 | J91: 指标 | K91: 无 | L91: >=0
B92: phr_level2mrcount | C92: bigint | D92: PHR在[20;30)范围内的MR数目 | G92: 直接赋值：0 | J92: 指标 | K92: 无 | L92: >=0
B93: phr_level3mrcount | C93: bigint | D93: PHR在[10;20)范围内的MR数目 | G93: 直接赋值：0 | J93: 指标 | K93: 无 | L93: >=0
B94: phr_level4mrcount | C94: bigint | D94: PHR在[0;10)范围内的MR数目 | G94: 直接赋值：0 | J94: 指标 | K94: 无 | L94: >=0
B95: phr_level5mrcount | C95: bigint | D95: PHR在[-5;0)范围内的MR数目 | G95: 直接赋值：0 | J95: 指标 | K95: 无 | L95: >=0
B96: phr_level6mrcount | C96: bigint | D96: PHR在[-10;-5)范围内的MR数目 | G96: 直接赋值：0 | J96: 指标 | K96: 无 | L96: >=0
B97: phr_level7mrcount | C97: bigint | D97: PHR在[-23;-10)范围内的MR数目 | G97: 直接赋值：0 | J97: 指标 | K97: 无 | L97: >=0
B98: ulsinrcount | C98: bigint | D98: ULSINR有效的MR数目 | E98: A | G98: sum(ulsinrcount) | J98: 指标 | K98: 无 | L98: >=0
B99: ulsinr_level1mrcount | C99: bigint | D99: ULSINR在[20;+∞)范围内的MR数目 | E99: A | G99: sum(ulsinr_level1mrcount) | J99: 指标 | K99: 无 | L99: >=0
B100: ulsinr_level2mrcount | C100: bigint | D100: ULSINR在[15;20)范围内的MR数目 | E100: A | G100: sum(ulsinr_level2mrcount) | J100: 指标 | K100: 无 | L100: >=0
B101: ulsinr_level3mrcount | C101: bigint | D101: ULSINR在[10;15)范围内的MR数目 | E101: A | G101: sum(ulsinr_level3mrcount) | J101: 指标 | K101: 无 | L101: >=0
B102: ulsinr_level4mrcount | C102: bigint | D102: ULSINR在[5;10)范围内的MR数目 | E102: A | G102: sum(ulsinr_level4mrcount) | J102: 指标 | K102: 无 | L102: >=0
B103: ulsinr_level5mrcount | C103: bigint | D103: ULSINR在[0;5)范围内的MR数目 | E103: A | G103: sum(ulsinr_level5mrcount) | J103: 指标 | K103: 无 | L103: >=0
B104: ulsinr_level6mrcount | C104: bigint | D104: ULSINR在[-3;0)范围内的MR数目 | E104: A | G104: sum(ulsinr_level6mrcount) | J104: 指标 | K104: 无 | L104: >=0
B105: ulsinr_level7mrcount | C105: bigint | D105: ULSINR在(-∞;-3)范围内的MR数目 | E105: A | G105: sum(ulsinr_level7mrcount) | J105: 指标 | K105: 无 | L105: >=0
B106: txpowercount | C106: bigint | D106: TxPower有效的MR数目 | E106: A | G106: 直接赋值：0 | J106: 指标 | K106: 无 | L106: >=0
B107: txpower_level1mrcount | C107: bigint | D107: TxPower在(-∞; 0]范围内的MR数目 | E107: A | G107: 直接赋值：0 | J107: 指标 | K107: 无 | L107: >=0
B108: txpower_level2mrcount | C108: bigint | D108: TxPower在[0; 3)范围内的MR数目 | E108: A | G108: 直接赋值：0 | J108: 指标 | K108: 无 | L108: >=0
B109: txpower_level3mrcount | C109: bigint | D109: TxPower在[3;10)范围内的MR数目 | E109: A | G109: 直接赋值：0 | J109: 指标 | K109: 无 | L109: >=0
... B129: tadv_level7mrcount | C129: bigint | D129: TA在[18;+∞)范围内的MR数目 | E129: A | G129: sum(tadv_level7mrcount) | J129: 指标 | K129: 无 | L129: >=0
B130: plmn | C130: string | D130: PLMN | E130: A | F130: =VLOOKUP(B130,'9'!B:B,1,0) -> plmn | G130: 直取 | J130: 维度 | K130: 无 | L130: 无
B131: imei | C131: string | D131: 国际移动设备识别码 | E131: A | F131: =VLOOKUP(B131,'9'!B:B,1,0) -> imei | G131: 直取 | J131: 维度 | K131: 无 | L131: 无
B132: msisdn | C132: string | D132: 用户号码 | E132: A | F132: =VLOOKUP(B132,'9'!B:B,1,0) -> msisdn | G132: 直取 | J132: 维度 | K132: 无 | L132: 无
B133: center_lon | C133: double | D133: 中心经度 | E133: A | F133: =VLOOKUP(B133,'9'!B:B,1,0) -> center_lon | G133: 直取 | J133: 维度 | K133: 无 | L133: 无
B134: center_lat | C134: double | D134: 中心纬度 | E134: A | F134: =VLOOKUP(B134,'9'!B:B,1,0) -> center_lat | G134: 直取 | J134: 维度 | K134: 无 | L134: 无
B135: left_up_lon | C135: double | D135: 栅格左上角经度 | E135: A | F135: =VLOOKUP(B135,'9'!B:B,1,0) -> left_up_lon | G135: 直取 | J135: 维度 | K135: 无 | L135: 无
B136: left_up_lat | C136: double | D136: 栅格左上角维度 | E136: A | F136: =VLOOKUP(B136,'9'!B:B,1,0) -> left_up_lat | G136: 直取 | J136: 维度 | K136: 无 | L136: 无
B137: right_down_lon | C137: double | D137: 栅格右下角经度 | E137: A | F137: =VLOOKUP(B137,'9'!B:B,1,0) -> right_down_lon | G137: 直取 | J137: 维度 | K137: 无 | L137: 无
B138: right_down_lat | C138: double | D138: 栅格右下角维度 | E138: A | F138: =VLOOKUP(B138,'9'!B:B,1,0) -> right_down_lat | G138: 直取 | J138: 维度 | K138: 无 | L138: 无
B139: totalmrlon | C139: double | D139: MR经度总值 | E139: A | G139: sum(totalmrlon) | J139: 指标 | K139: 无 | L139: >=0
B140: totalmrlat | C140: double | D140: MR纬度总值 | E140: A | G140: sum(totalmrlat) | J140: 指标 | K140: 无 | L140: >=0
B141: validlonlat_totalmrcount | C141: bigint | D141: 经纬度有效的MR数目 | E141: A | G141: sum(validlonlat_totalmrcount) | J141: 指标 | K141: 无 | L141: >=0
B142: mdt_totalmrcount | C142: bigint | D142: MDT MR数目 | E142: A | G142: 置0 | J142: 指标 | K142: 无 | L142: 0
B143: event_totalmrcount | C143: bigint | D143: 事件性MR数目 | E143: A | G143: 置0 | J143: 指标 | K143: 无 | L143: 0
B144: ssrsrp_5div_level1mrcount | C144: bigint | D144: SS-RSRP在(-∞;-115)范围内的MR数目 | E144: A | G144: sum(ssrsrp_5div_level1mrcount) | J144: 指标 | K144: 无 | L144: >=0
B145: ssrsrp_5div_level2mrcount | C145: bigint | D145: SS-RSRP在[-115;-110)范围内的MR数目 | E145: A | G145: sum(ssrsrp_5div_level2mrcount) | J145: 指标 | K145: 无 | L145: >=0
B146: ssrsrp_5div_level3mrcount | C146: bigint | D146: SS-RSRP在[-110;-105)范围内的MR数目 | E146: A | G146: sum(ssrsrp_5div_level3mrcount) | J146: 指标 | K146: 无 | L146: >=0
B147: ssrsrp_5div_level4mrcount | C147: bigint | D147: SS-RSRP在[-105;-100)范围内的MR数目 | E147: A | G147: sum(ssrsrp_5div_level4mrcount) | J147: 指标 | K147: 无 | L147: >=0
B148: ssrsrp_5div_level5mrcount | C148: bigint | D148: SS-RSRP在[-100;-95)范围内的MR数目 | E148: A | G148: sum(ssrsrp_5div_level5mrcount) | J148: 指标 | K148: 无 | L148: >=0
B149: ssrsrp_5div_level6mrcount | C149: bigint | D149: SS-RSRP在[-95;-90)范围内的MR数目 | E149: A | G149: sum(ssrsrp_5div_level6mrcount) | J149: 指标 | K149: 无 | L149: >=0
...

Sheet 13
B1: =HYPERLINK("#导航!a2","返回") -> 返回
B3: 目标表基本信息描述
B4: 主题域 | C4: 目标表英文名 | D4: 目标表中文名 | E4: 数据频度 | F4: 模型主键 | G4: 数据描述 | H4: 推送数据库
B5: 覆盖分析 | C5: aggr_nr_coverage_reduce_usrcelgrd_q | D5: 5G MR用户小区栅格覆盖指标裁剪15分钟表 | E5: quarter
B7: 源表基本信息描述
B8: 来源系统 | C8: 源表英文名 | D8: 源表中文名 | E8: 别名 | F8: 任务描述 | G8: 备注 | H8: 是否主表
C9: aggr_nr_coverage_base_usr_refactor_q | D9: 5G MR用户小区栅格覆盖指标15分钟表 | E9: A | G9: 过滤条件：length(msisdn)>=11
B12: 详细字段信息
B13: 详细字段信息
B14: PDM字段英文名 | C14: PDM字段类型 | D14: PDM字段中文名（说明） | E14: 源表名 | F14: 源字段英文名 | G14: 算法加工逻辑 | H14: 关联与过滤条件 | I14: 备注 | J14: 字段属性 | K14: 单位 | L14: 取值范围
B15: provincecode | C15: int | D15: 省编码 | E15: A | F15: p_provincecode | G15: 直取 | J15: 维度 | K15: 无 | L15: 无
B16: day | C16: string | D16: 日期 | E16: A | F16: p_date | G16: 直取 | J16: 维度 | K16: 无 | L16: 无
B17: hour | C17: int | D17: 小时 | E17: A | F17: p_hour | G17: 直取 | J17: 维度 | K17: 无 | L17: 无
B18: quarter | C18: int | D18: 刻钟 | E18: A | F18: p_quarter | G18: 直取 | J18: 维度 | K18: 无 | L18: 无
B19: cellkey | C19: string | D19: 小区cellkey | E19: A | F19: cellkey | G19: 直取 | J19: 维度 | K19: 无 | L19: 无
B20: msisdn | C20: string | D20: 电话号码 | E20: A | F20: msisdn | G20: 直取 | J20: 维度 | K20: 无 | L20: 无
B21: imsi | C21: string | D21: 用户imsi | E21: A | F21: imsi | G21: 直取 | J21: 维度 | K21: 无 | L21: 无
B22: imei | C22: string | D22: 终端业务过程用户终端IMEI号码 | E22: A | F22: imei | G22: 直取 | J22: 维度 | K22: 无 | L22: 无
B23: regionid | C23: int | D23: 栅格编码 | E23: A | F23: regionid | G23: 直取 | J23: 维度 | K23: 无 | L23: 无
B24: x_offset_20 | C24: int | D24: 栅格坐标x轴偏移 | E24: A | F24: x_offset_20 | G24: 直取 | J24: 维度 | K24: 无 | L24: 无
B25: y_offset_20 | C25: int | D25: 栅格坐标y轴偏移 | E25: A | F25: y_offset_20 | G25: 直取 | J25: 维度 | K25: 无 | L25: 无
B26: period_totalmrcount | C26: bigint | D26: 周期性MR数目 | E26: A | G26: sum(period_totalmrcount) | J26: 指标 | K26: 无 | L26: >=0
B27: totalssrsrp | C27: bigint | D27: RSRP总值 | E27: A | G27: sum(totalssrsrp) | J27: 指标 | K27: 无 | L27: <0
B28: ssrsrpcount | C28: bigint | D28: RSRP有效数目 | E28: A | G28: sum(ssrsrpcount) | J28: 指标 | K28: 无 | L28: >=0
B29: ssrsrp_5div_level1mrcount | C29: bigint | D29: SS-RSRP在(-∞;-115)范围内的MR数目 | E29: A | G29: sum(ssrsrp_5div_level1mrcount) | J29: 指标 | K29: 无 | L29: >=0
B30: ssrsrp_5div_level2mrcount | C30: bigint | D30: SS-RSRP在[-115;-110)范围内的MR数目 | E30: A | G30: sum(ssrsrp_5div_level2mrcount) | J30: 指标 | K30: 无 | L30: >=0
B31: ssrsrp_5div_level3mrcount | C31: bigint | D31: SS-RSRP在[-110;-105)范围内的MR数目 | E31: A | G31: sum(ssrsrp_5div_level3mrcount) | J31: 指标 | K31: 无 | L31: >=0
B32: ssrsrp_5div_level4mrcount | C32: bigint | D32: SS-RSRP在[-105;-100)范围内的MR数目 | E32: A | G32: sum(ssrsrp_5div_level4mrcount) | J32: 指标 | K32: 无 | L32: >=0
B33: ssrsrp_5div_level5mrcount | C33: bigint | D33: SS-RSRP在[-100;-95)范围内的MR数目 | E33: A | G33: sum(ssrsrp_5div_level5mrcount) | J33: 指标 | K33: 无 | L33: >=0
B34: ssrsrp_5div_level6mrcount | C34: bigint | D34: SS-RSRP在[-95;-90)范围内的MR数目 | E34: A | G34: sum(ssrsrp_5div_level6mrcount) | J34: 指标 | K34: 无 | L34: >=0
B35: ssrsrp_5div_level7mrcount | C35: bigint | D35: SS-RSRP在[-90;-85)范围内的MR数目 | E35: A | G35: sum(ssrsrp_5div_level7mrcount) | J35: 指标 | K35: 无 | L35: >=0
B36: ssrsrp_5div_level8mrcount | C36: bigint | D36: SS-RSRP在[-85;-80)范围内的MR数目 | E36: A | G36: sum(ssrsrp_5div_level8mrcount) | J36: 指标 | K36: 无 | L36: >=0
B37: ssrsrp_5div_level9mrcount | C37: bigint | D37: SS-RSRP在[-80;-75)范围内的MR数目 | E37: A | G37: sum(ssrsrp_5div_level9mrcount) | J37: 指标 | K37: 无 | L37: >=0
... B118: validrsrp_sinr_totalmrcount | C118: bigint | D118: rsrq且SINR有效采样点个数 | E118: A | G118: sum(validrsrp_sinr_totalmrcount) | J118: 指标 | K118: 无 | L118: >=0
B119: p_provincecode | C119: int | D119: 省分区
B120: p_date | C120: string | D120: 天分区
B121: p_hour | C121: int | D121: 小时分区
B122: p_quarter | C122: int | D122: 15分钟分区

Sheet 14
B1: =HYPERLINK("#导航!a2","返回") -> 返回
B3: 目标表基本信息描述
B4: 主题域 | C4: 目标表英文名 | D4: 目标表中文名 | E4: 数据频度 | F4: 模型主键 | G4: 数据描述 | H4: 推送数据库
B5: 覆盖分析 | C5: aggr_nr_coverage_reduce_usrcelgrd_h | D5: 5G MR用户小区栅格覆盖指标裁剪小时表 | E5: hour
B7: 源表基本信息描述
B8: 来源系统 | C8: 源表英文名 | D8: 源表中文名 | E8: 别名 | F8: 任务描述 | G8: 备注 | H8: 是否主表
C9: aggr_nr_coverage_reduce_usrcelgrd_q | D9: 5G MR用户小区栅格覆盖指标裁剪15分钟表 | E9: A
B12: 详细字段信息
B13: 详细字段信息
B14: PDM字段英文名 | C14: PDM字段类型 | D14: PDM字段中文名（说明） | E14: 源表名 | F14: 源字段英文名 | G14: 算法加工逻辑 | H14: 关联与过滤条件 | I14: 备注 | J14: 字段属性 | K14: 单位 | L14: 取值范围
B15: provincecode | C15: int | D15: 省编码 | E15: A | F15: p_provincecode | G15: 直取 | J15: 维度 | K15: 无 | L15: 无
B16: day | C16: string | D16: 日期 | E16: A | F16: p_date | G16: 直取 | J16: 维度 | K16: 无 | L16: 无
B17: hour | C17: int | D17: 小时 | E17: A | F17: p_hour | G17: 直取 | J17: 维度 | K17: 无 | L17: 无
B18: cellkey | C18: string | D18: 小区cellkey | E18: A | F18: cellkey | G18: 直取 | J18: 维度 | K18: 无 | L18: 无
B19: msisdn | C19: string | D19: 电话号码 | E19: A | F19: msisdn | G19: 直取 | J19: 维度 | K19: 无 | L19: 无
B20: imsi | C20: string | D20: 用户imsi | E20: A | F20: imsi | G20: 直取 | J20: 维度 | K20: 无 | L20: 无
B21: imei | C21: string | D21: 终端业务过程用户终端IMEI号码 | E21: A | F21: imei | G21: 直取 | J21: 维度 | K21: 无 | L21: 无
B22: regionid | C22: int | D22: 栅格编码 | E22: A | F22: regionid | G22: 直取 | J22: 维度 | K22: 无 | L22: 无
B23: x_offset_20 | C23: int | D23: 栅格坐标x轴偏移 | E23: A | F23: x_offset_20 | G23: 直取 | J23: 维度 | K23: 无 | L23: 无
B24: y_offset_20 | C24: int | D24: 栅格坐标y轴偏移 | E24: A | F24: y_offset_20 | G24: 直取 | J24: 维度 | K24: 无 | L24: 无
B25: hour_quarter_list | C25: array | D25: 驻留时刻清单 | E25: A | G25: 将小时刻度拼接后按数组结果呈现 (hour1_quarter0,hour1_quarter1,hour1_quarter2,hour1_quarter3) | J25: 指标 | K25: 无 | L25: 无
B26: period_totalmrcount | C26: bigint | D26: 周期性MR数目 | E26: A | G26: sum(period_totalmrcount) | J26: 指标 | K26: 无 | L26: >=0
B27: totalssrsrp | C27: bigint | D27: RSRP总值 | E27: A | G27: sum(totalssrsrp) | J27: 指标 | K27: 无 | L27: <0
B28: ssrsrpcount | C28: bigint | D28: RSRP有效数目 | E28: A | G28: sum(ssrsrpcount) | J28: 指标 | K28: 无 | L28: >=0
B29: ssrsrp_5div_level1mrcount | C29: bigint | D29: SS-RSRP在(-∞;-115)范围内的MR数目 | E29: A | G29: sum(ssrsrp_5div_level1mrcount) | J29: 指标 | K29: 无 | L29: >=0
B30: ssrsrp_5div_level2mrcount | C30: bigint | D30: SS-RSRP在[-115;-110)范围内的MR数目 | E30: A | G30: sum(ssrsrp_5div_level2mrcount) | J30: 指标 | K30: 无 | L30: >=0
B31: ssrsrp_5div_level3mrcount | C31: bigint | D31: SS-RSRP在[-110;-105)范围内的MR数目 | E31: A | G31: sum(ssrsrp_5div_level3mrcount) | J31: 指标 | K31: 无 | L31: >=0
B32: ssrsrp_5div_level4mrcount | C32: bigint | D32: SS-RSRP在[-105;-100)范围内的MR数目 | E32: A | G32: sum(ssrsrp_5div_level4mrcount) | J32: 指标 | K32: 无 | L32: >=0
B33: ssrsrp_5div_level5mrcount | C33: bigint | D33: SS-RSRP在[-100;-95)范围内的MR数目 | E33: A | G33: sum(ssrsrp_5div_level5mrcount) | J33: 指标 | K33: 无 | L33: >=0
B34: ssrsrp_5div_level6mrcount | C34: bigint | D34: SS-RSRP在[-95;-90)范围内的MR数目 | E34: A | G34: sum(ssrsrp_5div_level6mrcount) | J34: 指标 | K34: 无 | L34: >=0
B35: ssrsrp_5div_level7mrcount | C35: bigint | D35: SS-RSRP在[-90;-85)范围内的MR数目 | E35: A | G35: sum(ssrsrp_5div_level7mrcount) | J35: 指标 | K35: 无 | L35: >=0
B36: ssrsrp_5div_level8mrcount | C36: bigint | D36: SS-RSRP在[-85;-80)范围内的MR数目 | E36: A | G36: sum(ssrsrp_5div_level8mrcount) | J36: 指标 | K36: 无 | L36: >=0
... B118: validrsrp_sinr_totalmrcount | C118: bigint | D118: rsrq且SINR有效采样点个数 | E118: A | G118: sum(sum(validrsrp_sinr_totalmrcount)) | J118: 指标 | K118: 无 | L118: >=0
B119: p_provincecode | C119: int | D119: 省分区
B120: p_date | C120: string | D120: 天分区
B121: p_hour | C121: int | D121: 小时分区

Sheet 15
B1: =HYPERLINK("#导航!a2","返回") -> 返回
B3: 目标表基本信息描述
B4: 主题域 | C4: 目标表英文名 | D4: 目标表中文名 | E4: 数据频度 | F4: 模型主键 | G4: 数据描述 | H4: 推送数据库
B5: 用户感知 | C5: aggr_nr_coverage_resident_usrgrd_d | D5: 5G MR用户常驻栅格驻留天表 | E5: day
B7: 源表基本信息描述
B8: 来源系统 | C8: 源表英文名 | D8: 源表中文名 | E8: 别名 | F8: 任务描述 | G8: 备注 | H8: 是否主表
C9: aggr_nr_coverage_reduce_usrcelgrd_h | D9: 5G MR用户小区栅格覆盖指标裁剪小时表 | E9: A | F9: 1、将aggr_nr_coverage_reduce_usrcelgrd_h按照用户小区进行天粒度汇聚，得到用户小区维度，指标包含驻留quarter数，不要用“LATERAL VIEW explode(hour_quarter_list)”，用UDF函数实现 2、筛选出驻留时刻数为>=9的用户小区对应关系 3、经过第二步之后，若存在用户驻留小区均不满足>=9条件，则取驻留时刻数最多的用户小区关系 4、通过2、3步骤之后，得到用户常驻小区清单 5、使用第4步结果用户常驻小区对应关系，与表A使用inner join关联，关联条件：用户+小区；关联后按照用户栅格进行汇聚
B12: 详细字段信息
B13: 详细字段信息
B14: PDM字段英文名 | C14: PDM字段类型 | D14: PDM字段中文名（说明） | E14: 源表名 | F14: 源字段英文名 | G14: 算法加工逻辑 | H14: 关联与过滤条件 | I14: 备注 | J14: 字段属性 | K14: 单位 | L14: 取值范围
B15: provincecode | C15: int | D15: 省编码 | E15: A | F15: p_provincecode | G15: 直取 | J15: 维度 | K15: 无 | L15: 无
B16: day | C16: string | D16: 日期 | E16: A | F16: p_date | G16: 直取 | J16: 维度 | K16: 无 | L16: 无
B17: msisdn | C17: string | D17: 电话号码 | E17: A | F17: msisdn | G17: 直取 | J17: 维度 | K17: 无 | L17: 无
B18: imsi | C18: string | D18: 用户imsi | E18: A | F18: imsi | G18: 直取 | J18: 维度 | K18: 无 | L18: 无
B19: imei | C19: string | D19: 终端业务过程用户终端IMEI号码 | E19: A | F19: imei | G19: 直取 | J19: 维度 | K19: 无 | L19: 无
B20: regionid | C20: int | D20: 栅格编码 | E20: A | F20: regionid | G20: 直取 | J20: 维度 | K20: 无 | L20: 无
B21: x_offset_20 | C21: int | D21: 栅格坐标x轴偏移 | E21: A | F21: x_offset_20 | G21: 直取 | J21: 维度 | K21: 无 | L21: 无
B22: y_offset_20 | C22: int | D22: 栅格坐标y轴偏移 | E22: A | F22: y_offset_20 | G22: 直取 | J22: 维度 | K22: 无 | L22: 无
B23: period_totalmrcount | C23: bigint | D23: 周期性MR数目 | E23: A | G23: sum(period_totalmrcount) | J23: 指标 | K23: 无 | L23: >=0
B24: totalssrsrp | C24: bigint | D24: RSRP总值 | E24: A | G24: sum(totalssrsrp) | J24: 指标 | K24: 无 | L24: <0
B25: ssrsrpcount | C25: bigint | D25: RSRP有效数目 | E25: A | G25: sum(ssrsrpcount) | J25: 指标 | K25: 无 | L25: >=0
B26: ssrsrp_5div_level1mrcount | C26: bigint | D26: SS-RSRP在(-∞;-115)范围内的MR数目 | E26: A | G26: sum(ssrsrp_5div_level1mrcount) | J26: 指标 | K26: 无 | L26: >=0
B27: ssrsrp_5div_level2mrcount | C27: bigint | D27: SS-RSRP在[-115;-110)范围内的MR数目 | E27: A | G27: sum(ssrsrp_5div_level2mrcount) | J27: 指标 | K27: 无 | L27: >=0
B28: ssrsrp_5div_level3mrcount | C28: bigint | D28: SS-RSRP在[-110;-105)范围内的MR数目 | E28: A | G28: sum(ssrsrp_5div_level3mrcount) | J28: 指标 | K28: 无 | L28: >=0
B29: ssrsrp_5div_level4mrcount | C29: bigint | D29: SS-RSRP在[-105;-100)范围内的MR数目 | E29: A | G29: sum(ssrsrp_5div_level4mrcount) | J29: 指标 | K29: 无 | L29: >=0
B30: ssrsrp_5div_level5mrcount | C30: bigint | D30: SS-RSRP在[-100;-95)范围内的MR数目 | E30: A | G30: sum(ssrsrp_5div_level5mrcount) | J30: 指标 | K30: 无 | L30: >=0
B31: ssrsrp_5div_level6mrcount | C31: bigint | D31: SS-RSRP在[-95;-90)范围内的MR数目 | E31: A | G31: sum(ssrsrp_5div_level6mrcount) | J31: 指标 | K31: 无 | L31: >=0
B32: ssrsrp_5div_level7mrcount | C32: bigint | D32: SS-RSRP在[-90;-85)范围内的MR数目 | E32: A | G32: sum(ssrsrp_5div_level7mrcount) | J32: 指标 | K32: 无 | L32: >=0
B33: ssrsrp_5div_level8mrcount | C33: bigint | D33: SS-RSRP在[-85;-80)范围内的MR数目 | E33: A | G33: sum(ssrsrp_5div_level8mrcount) | J33: 指标 | K33: 无 | L33: >=0
B34: ssrsrp_5div_level9mrcount | C34: bigint | D34: SS-RSRP在[-80;-75)范围内的MR数目 | E34: A | G34: sum(ssrsrp_5div_level9mrcount) | J34: 指标 | K34: 无 | L34: >=0
... B87: overshoot_mrcount | C87: bigint | D87: 过覆盖MR数目 | E87: A | G87: sum(overshoot_mrcount) | J87: 指标 | K87: 无 | L87: >=0
B88: p_provincecode | C88: int | D88: 省分区
B89: p_date | C89: string | D89: 天分区

Sheet 16
B1: =HYPERLINK("#导航!a2","返回") -> 返回
B3: 目标表基本信息描述
B4: 主题域 | C4: 目标表英文名 | D4: 目标表中文名 | E4: 数据频度 | F4: 模型主键 | G4: 数据描述 | H4: 推送数据库
B5: 用户感知 | C5: aggr_nr_usrareagrd_d | D5: 5G用户区域栅格聚区天表 | E5: day
B7: 源表基本信息描述
B8: 来源系统 | C8: 源表英文名 | D8: 源表中文名 | E8: 别名 | F8: 任务描述 | G8: 备注 | H8: 是否主表
C9: aggr_nr_coverage_resident_usrgrd_d | D9: 5G MR用户常驻栅格覆盖指标天表 | E9: A | F9: 过滤条件：period_totalmrcount>=2
B12: 详细字段信息
B13: 详细字段信息
B14: PDM字段英文名 | C14: PDM字段类型 | D14: PDM字段中文名（说明） | E14: 源表名 | F14: 源字段英文名 | G14: 算法加工逻辑 | H14: 关联与过滤条件 | I14: 备注 | J14: 字段属性 | K14: 单位 | L14: 取值范围
B15: day | C15: string | D15: 日期 | E15: A | G15: 直取 | J15: 维度 | K15: 无 | L15: 无
B16: imsi | C16: string | D16: 用户imsi | E16: A | G16: 直取 | J16: 维度 | K16: 无 | L16: 无
B17: msisdn | C17: string | D17: 用户号码 | E17: A | G17: 直取 | J17: 维度 | K17: 无 | L17: 无
B18: imei | C18: string | D18: 用户imei | E18: A | G18: 直取 | J18: 维度 | K18: 无 | L18: 无
B19: area_id | C19: string | D19: 区域ID | E19: A | G19: DBSCAN聚区获取 | J19: 维度 | K19: 无 | L19: 无
B20: area_regionid | C20: string | D20: 区域栅格ID | E20: A | G20: DBSCAN聚区获取 | J20: 维度 | K20: 无 | L20: 无
B21: area_x_offset_20 | C21: string | D21: 区域栅格X轴20米偏移 | E21: A | G21: DBSCAN聚区获取 | J21: 维度 | K21: 无 | L21: 无
B22: area_y_offset_20 | C22: string | D22: 区域栅格Y轴20米偏移 | E22: A | G22: DBSCAN聚区获取 | J22: 维度 | K22: 无 | L22: 无
B23: area_lon | C23: double | D23: 区域中心经度 | E23: A | G23: DBSCAN聚区获取 | J23: 维度 | K23: 无 | L23: 无
B24: area_lat | C24: double | D24: 区域中心纬度 | E24: A | G24: DBSCAN聚区获取 | J24: 维度 | K24: 无 | L24: 无
B25: regionid | C25: int | D25: 栅格ID | E25: A | G25: regionid | J25: 维度 | K25: 无 | L25: 无
B26: x_offset_20 | C26: int | D26: 栅格X轴20米偏移 | E26: A | G26: x_offset_20 | J26: 维度 | K26: 无 | L26: 无
... B29: center_lat | C29: double | D29: 栅格中心纬度 | E29: A | G29: 栅格转经纬度 | J29: 维度 | K29: 无 | L29: 无
B30: p_provincecode | C30: int | D30: 省分区
B31: p_date | C31: string | D31: 天分区

Sheet 17
B1: =HYPERLINK("#导航!a2","返回") -> 返回
B3: 目标表基本信息描述
B4: 主题域 | C4: 目标表英文名 | D4: 目标表中文名 | E4: 数据频度 | F4: 模型主键 | G4: 数据描述 | H4: 推送数据库
B5: 用户感知 | C5: aggr_nr_usrareatime_cel_refactor_d | D5: 5G MR用户聚区区域用户小区栅格天表 | E5: quarter
B7: 源表基本信息描述
B8: 来源系统 | C8: 源表英文名 | D8: 源表中文名 | E8: 别名 | F8: 任务描述 | G8: 备注 | H8: 是否主表
C9: aggr_nr_usrareagrd_d | D9: 5G用户区域栅格聚区天表 | E9: A | F9: A、B表通过inner join关联，关联条件：regionid+x_offset_20+y_offset_20+imsi 按照imsi,cellkey,hour,quarter分组，取区域中采样点quarter_totalmrcount最多的一条记录
C10: aggr_nr_coverage_reduce_usrcelgrd_q | D10: 5G MR用户小区栅格覆盖指标裁剪15分钟表 | E10: B
B12: 详细字段信息
B13: 详细字段信息
B14: PDM字段英文名 | C14: PDM字段类型 | D14: PDM字段中文名（说明） | E14: 源表名 | F14: 源字段英文名 | G14: 算法加工逻辑 | H14: 关联与过滤条件 | I14: 备注 | J14: 字段属性 | K14: 单位 | L14: 取值范围
B15: day | C15: string | D15: 省编码 | E15: A | G15: 直取 | J15: 维度 | K15: 无 | L15: 无
B16: imsi | C16: string | D16: 日期 | E16: A | G16: 直取 | J16: 维度 | K16: 无 | L16: 无
B17: area_id | C17: string | D17: 区域ID | E17: A | G17: 直取 | J17: 维度 | K17: 无 | L17: 无
B18: area_regionid | C18: string | D18: 区域栅格ID | E18: A | G18: 直取 | J18: 维度 | K18: 无 | L18: 无
B19: area_x_offset_20 | C19: string | D19: 区域栅格坐标x轴偏移 | E19: A | G19: 直取 | J19: 维度 | K19: 无 | L19: 无
B20: area_y_offset_20 | C20: string | D20: 区域栅格坐标y轴偏移 | E20: A | G20: 直取 | J20: 维度 | K20: 无 | L20: 无
B21: area_lon | C21: double | D21: 区域经度 | E21: A | G21: 直取 | J21: 维度 | K21: 无 | L21: 无
B22: area_lat | C22: double | D22: 区域纬度 | E22: A | G22: 直取 | J22: 维度 | K22: 无 | L22: 无
B23: cellkey | C23: string | D23: 小区cellkey | E23: A | G23: 直取 | J23: 维度 | K23: 无 | L23: 无
B24: hour | C24: int | D24: 小时 | E24: B | G24: 直取 | J24: 维度 | K24: 无 | L24: 无
B25: quarter | C25: int | D25: 15分钟 | E25: B | G25: 直取 | J25: 维度 | K25: 无 | L25: 无
B26: period_totalmrcount | C26: bigint | D26: 周期性MR数目 | E26: A | G26: sum(period_totalmrcount) | J26: 指标 | K26: 无 | L26: >=0
B27: totalssrsrp | C27: bigint | D27: RSRP总值 | E27: A | G27: sum(totalssrsrp) | I27: 新增字段 | J27: 指标 | K27: 无 | L27: <0
B28: ssrsrpcount | C28: bigint | D28: RSRP有效数目 | E28: A | G28: sum(ssrsrpcount) | I28: 新增字段 | J28: 指标 | K28: 无 | L28: >=0
B29: ssrsrp_5div_level1mrcount | C29: bigint | D29: SS-RSRP在(-∞;-115)范围内的MR数目 | E29: A | G29: sum(ssrsrp_5div_level1mrcount) | I29: 新增字段 | J29: 指标 | K29: 无 | L29: >=0
B30: ssrsrp_5div_level2mrcount | C30: bigint | D30: SS-RSRP在[-115;-110)范围内的MR数目 | E30: A | G30: sum(ssrsrp_5div_level2mrcount) | I30: 新增字段 | J30: 指标 | K30: 无 | L30: >=0
B31: ssrsrp_5div_level3mrcount | C31: bigint | D31: SS-RSRP在[-110;-105)范围内的MR数目 | E31: A | G31: sum(ssrsrp_5div_level3mrcount) | I31: 新增字段 | J31: 指标 | K31: 无 | L31: >=0
B32: ssrsrp_5div_level4mrcount | C32: bigint | D32: SS-RSRP在[-105;-100)范围内的MR数目 | E32: A | G32: sum(ssrsrp_5div_level4mrcount) | I32: 新增字段 | J32: 指标 | K32: 无 | L32: >=0
B33: ssrsrp_5div_level5mrcount | C33: bigint | D33: SS-RSRP在[-100;-95)范围内的MR数目 | E33: A | G33: sum(ssrsrp_5div_level5mrcount) | I33: 新增字段 | J33: 指标 | K33: 无 | L33: >=0
B34: ssrsrp_5div_level6mrcount | C34: bigint | D34: SS-RSRP在[-95;-90)范围内的MR数目 | E34: A | G34: sum(ssrsrp_5div_level6mrcount) | I34: 新增字段 | J34: 指标 | K34: 无 | L34: >=0
B35: ssrsrp_5div_level7mrcount | C35: bigint | D35: SS-RSRP在[-90;-85)范围内的MR数目 | E35: A | G35: sum(ssrsrp_5div_level7mrcount) | I35: 新增字段 | J35: 指标 | K35: 无 | L35: >=0
B36: ssrsrp_5div_level8mrcount | C36: bigint | D36: SS-RSRP在[-85;-80)范围内的MR数目 | E36: A | G36: sum(ssrsrp_5div_level8mrcount) | I36: 新增字段 | J36: 指标 | K36: 无 | L36: >=0
B37: ssrsrp_5div_level9mrcount | C37: bigint | D37: SS-RSRP在[-80;-75)范围内的MR数目 | E37: A | G37: sum(ssrsrp_5div_level9mrcount) | I37: 新增字段 | J37: 指标 | K37: 无 | L37: >=0
B38: ssrsrp_5div_level10mrcount | C38: bigint | D38: SS-RSRP在[-75;-70)范围内的MR数目 | E38: A | G38: sum(ssrsrp_5div_level10mrcount) | I38: 新增字段 | J38: 指标 | K38: 无 | L38: >=0
... B118: validrsrp_sinr_totalmrcount | C118: bigint | D118: rsrq且SINR有效采样点个数 | E118: A | G118: sum(sum(validrsrp_sinr_totalmrcount)) | I118: 新增字段 | J118: 指标 | K118: 无 | L118: >=0
B119: p_provincecode | C119: int | D119: 省分区
B120: p_date | C120: string | D120: 天分区

Sheet 17.1
B1: =HYPERLINK("#导航!a2","返回") -> 返回
B3: 目标表基本信息描述
B4: 主题域 | C4: 目标表英文名 | D4: 目标表中文名 | E4: 数据频度 | F4: 模型主键 | G4: 数据描述 | H4: 推送数据库
B5: 用户感知 | C5: aggr_nr_coverage_usrcelarea_refactor_d | D5: 5G MR用户小区区域覆盖天表 | E5: day
B7: 源表基本信息描述
B8: 来源系统 | C8: 源表英文名 | D8: 源表中文名 | E8: 别名 | F8: 任务描述 | G8: 备注 | H8: 是否主表
C9: aggr_nr_usrareatime_cel_refactor_d | D9: 5G MR用户聚区区域用户小区栅格天表 | E9: A
B11: 详细字段信息
B12: 详细字段信息
B13: PDM字段英文名 | C13: PDM字段类型 | D13: PDM字段中文名（说明） | E13: 源表名 | F13: 源字段英文名 | G13: 算法加工逻辑 | H13: 关联与过滤条件 | I13: 备注 | J13: 字段属性 | K13: 单位 | L13: 取值范围
B14: day | C14: string | D14: 省编码 | E14: A | F14: p_date | G14: 直取
B15: imsi | C15: string | D15: 日期 | E15: A | F15: imsi
B16: area_id | C16: string | D16: 区域ID | E16: A | F16: area_id
B17: area_regionid | C17: string | D17: 区域栅格ID | E17: A | F17: area_regionid
B18: area_x_offset_20 | C18: string | D18: 区域栅格坐标x轴偏移 | E18: A | F18: area_x_offset_20
B19: area_y_offset_20 | C19: string | D19: 区域栅格坐标y轴偏移 | E19: A | F19: area_y_offset_20
B20: area_lon | C20: double | D20: 区域经度 | E20: A | F20: area_lon
B21: area_lat | C21: double | D21: 区域纬度 | E21: A | F21: area_lat
B22: cellkey | C22: string | D22: 小区cellkey | E22: A | F22: cellkey
B23: totalmrlon | C23: double | D23: MR经度总值 | G23: 置空
B24: totalmrlat | C24: double | D24: MR纬度总值 | G24: 置空
B25: validlonlat_totalmrcount | C25: bigint | D25: 经纬度有效的MR数目 | G25: 置空
B26: celmr_totaldis | C26: bigint | D26: 服务小区和MR之间的距离总值 | G26: 置空
B27: celmr_discount | C27: bigint | D27: 服务小区和MR之间距离有效的MR数目 | G27: 置空
B28: celmr_avgdis | C28: double | D28: 服务小区和MR之间的距离平均值 | G28: 置空
B29: period_totalmrcount | C29: bigint | D29: 周期性MR数目 | G29: sum(period_totalmrcount)
B30: mdt_totalmrcount | C30: bigint | D30: MDTMR数目 | G30: 置空
B31: event_totalmrcount | C31: bigint | D31: 事件性MR数目 | G31: 置空
B32: ssrsrpcount | C32: bigint | D32: SS-RSRP计数 | G32: sum(ssrsrpcount)
B33: totalssrsrp | C33: bigint | D33: 总SS-RSRP值 | G33: sum(totalssrsrp)
B34: avgssrsrp | C34: double | D34: 平均SS-RSRP值 | G34: sum(totalssrsrp)/sum(ssrsrpcount)
... B123: validrsrp_sinr_totalmrcount | C123: bigint | D123: rsrq且SINR有效采样点个数 | G123: sum(sum(validrsrp_sinr_totalmrcount))
B124: ulsinr_level1mrcount | C124: bigint | D124: ULSINR在[20;+∞)范围内的MR数目 | E124: A | G124: sum(ulsinr_level1mrcount) | I124: 新增字段 | J124: 指标 | K124: 无 | L124: >=0
B125: ulsinr_level2mrcount | C125: bigint | D125: ULSINR在[15;20)范围内的MR数目 | E125: A | G125: sum(ulsinr_level2mrcount) | I125: 新增字段 | J125: 指标 | K125: 无 | L125: >=0
B126: ulsinr_level3mrcount | C126: bigint | D126: ULSINR在[10;15)范围内的MR数目 | E126: A | G126: sum(ulsinr_level3mrcount) | I126: 新增字段 | J126: 指标 | K126: 无 | L126: >=0
B127: ulsinr_level4mrcount | C127: bigint | D127: ULSINR在[5;10)范围内的MR数目 | E127: A | G127: sum(ulsinr_level4mrcount) | I127: 新增字段 | J127: 指标 | K127: 无 | L127: >=0
B128: ulsinr_level5mrcount | C128: bigint | D128: ULSINR在[0;5)范围内的MR数目 | E128: A | G128: sum(ulsinr_level5mrcount) | I128: 新增字段 | J128: 指标 | K128: 无 | L128: >=0
B129: ulsinr_level6mrcount | C129: bigint | D129: ULSINR在[-3;0)范围内的MR数目 | E129: A | G129: sum(ulsinr_level6mrcount) | I129: 新增字段 | J129: 指标 | K129: 无 | L129: >=0
B130: ulsinr_level7mrcount | C130: bigint | D130: ULSINR在(-∞;-3)范围内的MR数目 | E130: A | G130: sum(ulsinr_level7mrcount) | I130: 新增字段 | J130: 指标 | K130: 无 | L130: >=0
B131: rsrq_level1mrcount | C131: bigint | D131: RSRQ在[-4,21]范围内的MR数目 | E131: A | G131: sum(ssrsrq_level1mrcount) | I131: 新增字段 | J131: 指标 | K131: 无 | L131: >=0
B132: rsrq_level2mrcount | C132: bigint | D132: RSRQ在[-7,-4)范围内的MR数目 | E132: A | G132: sum(ssrsrq_level2mrcount) | I132: 新增字段 | J132: 指标 | K132: 无 | L132: >=0
B133: rsrq_level3mrcount | C133: bigint | D133: RSRQ在[-10,-7)范围内的MR数目 | E133: A | G133: sum(ssrsrq_level3mrcount) | I133: 新增字段 | J133: 指标 | K133: 无 | L133: >=0
B134: rsrq_level4mrcount | C134: bigint | D134: RSRQ在[-13,-10)范围内的MR数目 | E134: A | G134: sum(ssrsrq_level4mrcount) | I134: 新增字段 | J134: 指标 | K134: 无 | L134: >=0
B135: rsrq_level5mrcount | C135: bigint | D135: RSRQ在[-16,-13)范围内的MR数目 | E135: A | G135: sum(ssrsrq_level5mrcount) | I135: 新增字段 | J135: 指标 | K135: 无 | L135: >=0
... B142: rsrp110_sinr3 | C142: bigint | D142: rsrp≥-110且SINR≥3的采样点个数 | E142: A | G142: sum(rsrp110_sinr3) | I142: 新增字段 | J142: 指标 | K142: 无 | L142: >=0
B143: p_provincecode | C143: int | D143: 省分区
B144: p_date | C144: string | D144: 天分区

Sheet 17.2
B1: =HYPERLINK("#导航!a2","返回") -> 返回
B3: 目标表基本信息描述
B4: 主题域 | C4: 目标表英文名 | D4: 目标表中文名 | E4: 数据频度 | F4: 模型主键 | G4: 数据描述 | H4: 推送数据库
B5: 用户感知 | C5: aggr_nr_usrarea_coverarea_refactor_d | D5: 5G MR用户区域覆盖天表 | E5: day
B7: 源表基本信息描述
B8: 来源系统 | C8: 源表英文名 | D8: 源表中文名 | E8: 别名 | F8: 任务描述 | G8: 备注 | H8: 是否主表
C9: aggr_nr_coverage_usrcelarea_refactor_d | D9: 5G MR用户小区区域覆盖天表 | E9: A
B11: 详细字段信息
B12: 详细字段信息
B13: PDM字段英文名 | C13: PDM字段类型 | D13: PDM字段中文名（说明） | E13: 源表名 | F13: 源字段英文名 | G13: 算法加工逻辑 | H13: 关联与过滤条件 | I13: 备注 | J13: 字段属性 | K13: 单位 | L13: 取值范围
B14: day | C14: string | D14: 省编码 | E14: A | F14: p_date | G14: 直取
B15: imsi | C15: string | D15: 日期 | E15: A | F15: imsi | G15: 直取
B16: area_id | C16: string | D16: 区域ID | E16: A | F16: area_id | G16: 直取
B17: area_regionid | C17: string | D17: 区域栅格ID | E17: A | F17: area_regionid | G17: 直取
B18: area_x_offset_20 | C18: string | D18: 区域栅格坐标x轴偏移 | E18: A | F18: area_x_offset_20 | G18: 直取
B19: area_y_offset_20 | C19: string | D19: 区域栅格坐标y轴偏移 | E19: A | F19: area_y_offset_20 | G19: 直取
B20: area_lon | C20: double | D20: 区域经度 | E20: A | F20: area_lon | G20: 直取
B21: area_lat | C21: double | D21: 区域纬度 | E21: A | F21: area_lat | G21: 直取
B22: period_totalmrcount | C22: bigint | D22: =VLOOKUP(B22,'10'!B:L,3,0) -> 周期性MR采样点数量 | G22: sum(period_totalmrcount)
B23: totalssrsrp | C23: bigint | D23: =VLOOKUP(B23,'10'!B:L,3,0) -> 总SS-RSRP值 | G23: sum(totalssrsrp)
B24: avgssrsrp | C24: double | D24: =VLOOKUP(B24,'10'!B:L,3,0) -> 平均SS-RSRP值 | G24: sum(totalssrsrp)/sum(ssrsrpcount)
B25: ssrsrpcount | C25: bigint | D25: =VLOOKUP(B25,'10'!B:L,3,0) -> SS-RSRP计数 | G25: sum(ssrsrpcount)
B26: ssrsrp_level1mrcount | C26: bigint | D26: =VLOOKUP(B26,'10'!B:L,3,0) -> RSRP在[-75,+∞）范围内的MR数目 | G26: sum(ssrsrp_5div_level10mrcount+ssrsrp_5div_level11mrcount+ssrsrp_5div_level12mrcount)
B27: ssrsrp_level2mrcount | C27: bigint | D27: =VLOOKUP(B27,'10'!B:L,3,0) -> RSRP在[-85,-75）范围内的MR数目 | G27: sum(ssrsrp_5div_level8mrcount+ssrsrp_5div_level9mrcount)
B28: ssrsrp_level3mrcount | C28: bigint | D28: =VLOOKUP(B28,'10'!B:L,3,0) -> RSRP在[-95,-85）范围内的MR数目 | G28: sum(ssrsrp_5div_level6mrcount+ssrsrp_5div_level7mrcount)
B29: ssrsrp_level4mrcount | C29: bigint | D29: =VLOOKUP(B29,'10'!B:L,3,0) -> RSRP在[-100,-95）范围内的MR数目 | G29: sum(ssrsrp_5div_level5mrcount)
B30: ssrsrp_level5mrcount | C30: bigint | D30: =VLOOKUP(B30,'10'!B:L,3,0) -> RSRP在[-105,-100）范围内的MR数目 | G30: sum(ssrsrp_5div_level4mrcount)
B31: ssrsrp_level6mrcount | C31: bigint | D31: =VLOOKUP(B31,'10'!B:L,3,0) -> RSRP在[-115,-105）范围内的MR数目 | G31: sum(ssrsrp_5div_level2mrcount+ssrsrp_5div_level3mrcount)
B32: ssrsrp_level7mrcount | C32: bigint | D32: =VLOOKUP(B32,'10'!B:L,3,0) -> RSRP在（-∞,-115）范围内的MR数目 | G32: sum(ssrsrp_5div_level1mrcount)
B33: ssrsrpgoodcount | C33: bigint | D33: =VLOOKUP(B33,'10'!B:L,3,0) -> RSRP优良数目(>=-105) | G33: sum(ssrsrpgoodcount)
... B122: tadv_level7mrcount | C122: bigint | D122: =VLOOKUP(B122,'10'!B:L,3,0) -> TA在[18;+∞)范围内的MR数目 | G122: sum(tadv_5div_level7mrcount)
B123: totalmrlon | C123: double | D123: MR经度总值 | G123: 置空
B124: totalmrlat | C124: double | D124: MR纬度总值 | G124: 置空
B125: validlonlat_totalmrcount | C125: bigint | D125: 经纬度有效的MR数目 | G125: 置空
B126: celmr_totaldis | C126: bigint | D126: 服务小区和MR之间的距离总值 | G126: 置空
B127: celmr_discount | C127: bigint | D127: 服务小区和MR之间距离有效的MR数目 | G127: 置空
B128: celmr_avgdis | C128: double | D128: 服务小区和MR之间的距离平均值 | G128: 置空
B129: mdt_totalmrcount | C129: bigint | D129: MDT MR数目 | G129: 置空
B130: event_totalmrcount | C130: bigint | D130: 事件性MR数目 | G130: 置空
B131: ssrsrp_5div_level1mrcount | C131: bigint | D131: SS-RSRP在(-∞,-115)范围内的MR数目 | G131: sum(ssrsrp_5div_level1mrcount)
B132: ssrsrp_5div_level2mrcount | C132: bigint | D132: SS-RSRP在[-115,-110)范围内的MR数目 | G132: sum(ssrsrp_5div_level2mrcount)
B133: ssrsrp_5div_level3mrcount | C133: bigint | D133: SS-RSRP在[-110,-105)范围内的MR数目 | G133: sum(ssrsrp_5div_level3mrcount)
B134: ssrsrp_5div_level4mrcount | C134: bigint | D134: SS-RSRP在[-105,-100)范围内的MR数目 | G134: sum(ssrsrp_5div_level4mrcount)
... B144: avgssrsrq | C144: double | D144: 平均SS-RSRQ值 | G144: sum(totalssrsrq)/sum(ssrsrqcount)
B145: ssrsrq_5div_level1mrcount | C145: bigint | D145: SS-RSRQ在(-∞,-20)范围内的MR数目 | E145: SS-RSRQ在[-43,-19)范围内的MR数目 | G145: sum(ssrsrq_level1mrcount)
B146: ssrsrq_5div_level2mrcount | C146: bigint | D146: SS-RSRQ在[-20,-17)范围内的MR数目 | E146: SS-RSRQ在[-19,-16)范围内的MR数目 | G146: sum(ssrsrq_level2mrcount)
B147: ssrsrq_5div_level3mrcount | C147: bigint | D147: SS-RSRQ在[-17,-13.5)范围内的MR数目 | E147: SS-RSRQ在[-16,-13)范围内的MR数目 | G147: sum(ssrsrq_level3mrcount)
B148: ssrsrq_5div_level4mrcount | C148: bigint | D148: SS-RSRQ在[-13.5,-10)范围内的MR数目 | E148: SS-RSRQ在[-13,-10)范围内的MR数目 | G148: sum(ssrsrq_level4mrcount)
B149: ssrsrq_5div_level5mrcount | C149: bigint | D149: SS-RSRQ在[-10,-7)范围内的MR数目 | E149: SS-RSRQ在[-10,-7)范围内的MR数目 | G149: sum(ssrsrq_level5mrcount)
B150: ssrsrq_5div_level6mrcount | C150: bigint | D150: SS-RSRQ在[-7,-4)范围内的MR数目 | E150: SS-RSRQ在[-7,-4)范围内的MR数目 | G150: sum(ssrsrq_level6mrcount)
B151: ssrsrq_5div_level7mrcount | C151: bigint | D151: SS-RSRQ在[-4,-1)范围内的MR数目 | E151: SS-RSRQ在[-4,-1)范围内的MR数目 | G151: sum(ssrsrq_level7mrcount)
B152: ssrsrq_5div_level8mrcount | C152: bigint | D152: SS-RSRQ在[-1,2)范围内的MR数目 | E152: SS-RSRQ在[-1,2)范围内的MR数目 | G152: sum(ssrsrq_level8mrcount)
B153: ssrsrq_5div_level9mrcount | C153: bigint | D153: SS-RSRQ在[2,5)范围内的MR数目 | E153: SS-RSRQ在[2,5)范围内的MR数目 | G153: sum(ssrsrq_level9mrcount)
B154: ssrsrq_5div_level10mrcount | C154: bigint | D154: SS-RSRQ在[5,8)范围内的MR数目 | E154: SS-RSRQ在[5,8)范围内的MR数目 | G154: sum(ssrsrq_level10mrcount)
B155: ssrsrq_5div_level11mrcount | C155: bigint | D155: SS-RSRQ在[8,11)范围内的MR数目 | E155: SS-RSRQ在[8,11)范围内的MR数目 | G155: sum(ssrsrq_level11mrcount)
B156: ssrsrq_5div_level12mrcount | C156: bigint | D156: SS-RSRQ在[11,+∞)范围内的MR数目 | E156: SS-RSRQ在[11,21]范围内的MR数目 | G156: sum(ssrsrq_level12mrcount)
B157: ssrsrqgoodcount | C157: bigint | D157: SS-RSRQ优良数((SS-RSRQ>=-13) | G157: sum(ssrsrqgoodcount)
B158: ssrsrqgoodratio | C158: double | D158: SS-RSRQ优良比例 | G158: sum(ssrsrqgoodcount)/sum(ssrsrqcount)
B159: sssinrcount | C159: bigint | D159: SS-SINR计数 | G159: sum(sssinrcount)
B160: totalsssinr | C160: double | D160: 总SS-SINR值 | G160: sum(totalsssinr)
B161: avgsssinr | C161: double | D161: 平均SS-SINR值 | G161: sum(totalsssinr)/sum(sssinrcount)
B162: sssinr_5div_level1mrcount | C162: bigint | D162: SS-SINR在(-∞,-15)范围内的MR数目 | G162: sum(sssinr_5div_level1mrcount)
B163: sssinr_5div_level2mrcount | C163: bigint | D163: SS-SINR在[-15,-10)范围内的MR数目 | G163: sum(sssinr_5div_level2mrcount)
B164: sssinr_5div_level3mrcount | C164: bigint | D164: SS-SINR在[-10,-7)范围内的MR数目 | G164: sum(sssinr_5div_level3mrcount)
B165: sssinr_5div_level4mrcount | C165: bigint | D165: SS-SINR在[-7,-2)范围内的MR数目 | G165: sum(sssinr_5div_level4mrcount)
B166: sssinr_5div_level5mrcount | C166: bigint | D166: SS-SINR在[-2,3)范围内的MR数目 | G166: sum(sssinr_5div_level5mrcount)
B167: sssinr_5div_level6mrcount | C167: bigint | D167: SS-SINR在[3,8)范围内的MR数目 | G167: sum(sssinr_5div_level6mrcount)
B168: sssinr_5div_level7mrcount | C168: bigint | D168: SS-SINR在[8,13)范围内的MR数目 | G168: sum(sssinr_5div_level7mrcount)
... B214: validrsrp_sinr_totalmrcount | C214: bigint | D214: rsrq且SINR有效采样点个数 | G214: sum(sum(validrsrp_sinr_totalmrcount))
B215: p_provincecode | C215: int | D215: 省分区
B216: p_date | C216: string | D216: 天分区

Sheet 18
B1: =HYPERLINK("#导航!a2","返回") -> 返回
B3: 目标表基本信息描述
B4: 主题域 | C4: 目标表英文名 | D4: 目标表中文名 | E4: 数据频度 | F4: 模型主键 | G4: 数据描述 | H4: 推送数据库
B5: 覆盖分析 | C5: aggr_nr_coverage_celgrd_refactor_h | D5: 5G MR小区栅格小时表 | E5: hour
B7: 源表基本信息描述
B8: 来源系统 | C8: 源表英文名 | D8: 源表中文名 | E8: 别名 | F8: 任务描述 | G8: 备注 | H8: 是否主表
C9: aggr_nr_coverage_base_usr_refactor_h | D9: 5G MR用户小区栅格覆盖指标小时表 | E9: A
B12: 详细字段信息
B13: 详细字段信息
B14: PDM字段英文名 | C14: PDM字段类型 | D14: PDM字段中文名（说明） | E14: 源表名 | F14: 源字段英文名 | G14: 算法加工逻辑 | H14: 关联与过滤条件 | I14: 备注 | J14: 字段属性 | K14: 单位 | L14: 取值范围
B15: day | C15: string | D15: 日期 | E15: A | F15: p_date | G15: 直取 | J15: 维度 | K15: 无 | L15: 无
B16: hour | C16: int | D16: 小时 | E16: A | F16: p_hour | G16: 直取 | J16: 维度 | K16: 无 | L16: 无
B17: cellkey | C17: string | D17: 小区cellkey | E17: A | F17: cellkey | G17: 直取 | J17: 维度 | K17: 无 | L17: 无
B18: arfcn | C18: bigint | D18: 频点 | E18: A | F18: arfcn | G18: 直取 | J18: 维度 | K18: 无 | L18: 无
B19: plmn | C19: string | D19: UE接入NR服务小区的PLMN(公共陆地移动网) | E19: A | F19: plmn | G19: 直取 | J19: 维度 | K19: 无 | L19: 无
B20: rattypeid | C20: int | D20: 网络类型 | E20: A | F20: rattypeid | G20: 直取 | J20: 维度 | K20: 无 | L20: 无
B21: regionid | C21: int | D21: RegionID | E21: A | F21: regionid | G21: 直取 | J21: 维度 | K21: 无 | L21: 无
B22: x_offset_20 | C22: int | D22: 栅格坐标x轴偏移 | E22: A | F22: x_offset_20 | G22: 直取 | J22: 维度 | K22: 无 | L22: 无
B23: y_offset_20 | C23: int | D23: 栅格坐标y轴偏移 | E23: A | F23: y_offset_20 | G23: 直取 | J23: 维度 | K23: 无 | L23: 无
B24: provincecode | C24: int | D24: 省编码 | E24: A | F24: provincecode | G24: 直取 | J24: 维度 | K24: 无 | L24: 无
B25: citycode | C25: int | D25: 城市编码 | E25: A | F25: citycode | G25: 直取 | J25: 维度 | K25: 无 | L25: 无
B26: districtcode | C26: int | D26: 区县编码 | E26: A | F26: districtcode | G26: 直取 | J26: 维度 | K26: 无 | L26: 无
B27: totalmrlon | C27: double | D27: MR经度总值 | E27: A | G27: sum(totalmrlon) | J27: 指标 | K27: 无 | L27: >=0
B28: totalmrlat | C28: double | D28: MR纬度总值 | E28: A | G28: sum(totalmrlat) | J28: 指标 | K28: 无 | L28: >=0
B29: center_lon | C29: double | D29: 栅格中心经度 | E29: A | F29: center_lon | G29: 直取 | J29: 维度 | K29: 无 | L29: 无
B30: center_lat | C30: double | D30: 栅格中心纬度 | E30: A | F30: center_lat | G30: 直取 | J30: 维度 | K30: 无 | L30: 无
B31: validlonlat_totalmrcount | C31: bigint | D31: 经纬度有效的MR数目 | E31: A | G31: sum(validlonlat_totalmrcount) | J31: 指标 | K31: 无 | L31: >=0
B32: celmr_totaldis | C32: double | D32: 服务小区和MR之间的距离总值 | E32: A | G32: sum(celmr_totaldis) | J32: 指标 | K32: 无 | L32: >=0
B33: celmr_discount | C33: bigint | D33: 服务小区和MR之间距离有效的MR数目 | E33: A | G33: sum(celmr_discount) | J33: 指标 | K33: 无 | L33: >=0
B34: celmr_avgdis | C34: double | D34: 服务小区和MR之间的距离平均值 | E34: A | G34: sum(celmr_totaldis)/sum(celmr_discount) | J34: 指标 | K34: 无 | L34: >=0
B35: period_totalmrcount | C35: bigint | D35: 周期性MR采样点数量 | E35: A | G35: sum(period_totalmrcount) | J35: 指标 | K35: 无 | L35: >=0
B36: mdt_totalmrcount | C36: bigint | D36: MDT MR采样点数量 | E36: A | G36: 置0 | J36: 指标 | K36: 无 | L36: 0
B37: event_totalmrcount | C37: bigint | D37: 事件MR采样点数量 | E37: A | G37: 置0 | J37: 指标 | K37: 无 | L37: 0
B38: ssrsrpcount | C38: bigint | D38: SS-RSRP计数 | E38: A | G38: sum(ssrsrpcount) | J38: 指标 | K38: 无 | L38: >=0
B39: totalssrsrp | C39: bigint | D39: 总SS-RSRP值 | E39: A | G39: sum(totalssrsrp) | J39: 指标 | K39: 无 | L39: <0
B40: avgssrsrp | C40: double | D40: 平均SS-RSRP值 | E40: A | G40: sum(totalssrsrp)/sum(ssrsrpcount) | J40: 指标 | K40: 无 | L40: [-156,-29]
B41: ssrsrp_level1mrcount | C41: bigint | D41: SS-RSRP在(-∞;-115)范围内的MR数目 | E41: A | G41: sum(ssrsrp_5div_level1mrcount) | J41: 指标 | K41: 无 | L41: >=0
B42: ssrsrp_level2mrcount | C42: bigint | D42: SS-RSRP在[-115;-110)范围内的MR数目 | E42: A | G42: sum(ssrsrp_5div_level2mrcount) | J42: 指标 | K42: 无 | L42: >=0
B43: ssrsrp_level3mrcount | C43: bigint | D43: SS-RSRP在[-110;-105)范围内的MR数目 | E43: A | G43: sum(ssrsrp_5div_level3mrcount) | J43: 指标 | K43: 无 | L43: >=0
B44: ssrsrp_level4mrcount | C44: bigint | D44: SS-RSRP在[-105;-100)范围内的MR数目 | E44: A | G44: sum(ssrsrp_5div_level4mrcount) | J44: 指标 | K44: 无 | L44: >=0
B45: ssrsrp_level5mrcount | C45: bigint | D45: SS-RSRP在[-100;-95)范围内的MR数目 | E45: A | G45: sum(ssrsrp_5div_level5mrcount) | J45: 指标 | K45: 无 | L45: >=0
B46: ssrsrp_level6mrcount | C46: bigint | D46: SS-RSRP在[-95;-90)范围内的MR数目 | E46: A | G46: sum(ssrsrp_5div_level6mrcount) | J46: 指标 | K46: 无 | L46: >=0
B47: ssrsrp_level7mrcount | C47: bigint | D47: SS-RSRP在[-90;-85)范围内的MR数目 | E47: A | G47: sum(ssrsrp_5div_level7mrcount) | J47: 指标 | K47: 无 | L47: >=0
B48: ssrsrp_level8mrcount | C48: bigint | D48: SS-RSRP在[-85;-80)范围内的MR数目 | E48: A | G48: sum(ssrsrp_5div_level8mrcount) | J48: 指标 | K48: 无 | L48: >=0
B49: ssrsrp_level9mrcount | C49: bigint | D49: SS-RSRP在[-80;-75)范围内的MR数目 | E49: A | G49: sum(ssrsrp_5div_level9mrcount) | J49: 指标 | K49: 无 | L49: >=0
... B101: compgoodcovernum | C101: bigint | D101: 综合良好覆盖MR数 | E101: A | G101: sum(compgoodcovernum) | J101: 指标 | K101: 无 | L101: >=0
B102: left_up_lon | C102: double | D102: 栅格左上角经度 | E102: A | F102: left_up_lon | G102: 直取 | J102: 维度 | K102: 无 | L102: 无
B103: left_up_lat | C103: double | D103: 栅格左上角纬度 | E103: A | F103: left_up_lat | G103: 直取 | J103: 维度 | K103: 无 | L103: 无
B104: right_down_lon | C104: double | D104: 栅格右下角经度 | E104: A | F104: right_down_lon | G104: 直取 | J104: 维度 | K104: 无 | L104: 无
B105: right_down_lat | C105: double | D105: 栅格右下角纬度 | E105: A | F105: right_down_lat | G105: 直取 | J105: 维度 | K105: 无 | L105: 无
B106: mod30interfer_totalrsrp | C106: bigint | D106: MOD30总RSRP | E106: A | G106: sum(mod30interfer_totalrsrp) | J106: 指标 | K106: 无 | L106: <0
B107: mod30interfer_mrcount | C107: bigint | D107: MOD30采样点数量 | E107: A | G107: sum(mod30interfer_mrcount) | J107: 指标 | K107: 无 | L107: >=0
B108: mod30interfer_avgrsrp | C108: double | D108: MOD30平均RSRP | E108: A | G108: sum(mod30interfer_totalrsrp)/sum(mod30interfer_mrcount) | J108: 指标 | K108: 无 | L108: [-156,-29]
B109: mod30interfer_mrratio | C109: float | D109: MOD30采样点占比 | E109: A | G109: sum(mod30interfer_mrcount)/sum(ssrsrpcount) | J109: 指标 | K109: 无 | L109: [0,1]
B110: data_source | C110: int | D110: 数据源类型 0：电信独享_电信用户 1：电信共享_电信用户 2：电信共享_联通用户 3：联通共享_电信用户 4：联通共享_联通用户 | E110: A | F110: data_source | G110: 直取 | I110: 新增字段 | J110: 维度 | K110: 无 | L110: 无
B111: province | C111: string | D111: 省名称 | E111: A | F111: province | G111: 直取 | I111: 新增字段 | J111: 维度 | K111: 无 | L111: 无
B112: city | C112: string | D112: 城市名称 | E112: A | F112: city | G112: 直取 | I112: 新增字段 | J112: 维度 | K112: 无 | L112: 无
B113: district | C113: string | D113: 区县名称 | E113: A | F113: district | G113: 直取 | I113: 新增字段 | J113: 维度 | K113: 无 | L113: 无
B114: vendor | C114: string | D114: 厂家 | E114: A | F114: vendor | G114: 直取 | I114: 新增字段 | J114: 维度 | K114: 无 | L114: 无
B115: freq | C115: string | D115: 频段 | E115: A | F115: freq | G115: 直取 | I115: 新增字段 | J115: 维度 | K115: 无 | L115: 无
B116: ulsinr_cnt_20_41 | C116: bigint | D116: ULSINR在[20;+∞)范围内的MR数目 | E116: A | G116: sum(ulsinr_level1mrcount) | I116: 新增字段 | J116: 指标 | K116: 无 | L116: >=0
B117: ulsinr_cnt_15_20 | C117: bigint | D117: ULSINR在[15;20)范围内的MR数目 | E117: A | G117: sum(ulsinr_level2mrcount) | I117: 新增字段 | J117: 指标 | K117: 无 | L117: >=0
B118: ulsinr_cnt_10_15 | C118: bigint | D118: ULSINR在[10;15)范围内的MR数目 | E118: A | G118: sum(ulsinr_level3mrcount) | I118: 新增字段 | J118: 指标 | K118: 无 | L118: >=0
B119: ulsinr_cnt_5_10 | C119: bigint | D119: ULSINR在[5;10)范围内的MR数目 | E119: A | G119: sum(ulsinr_level4mrcount) | I119: 新增字段 | J119: 指标 | K119: 无 | L119: >=0
B120: ulsinr_cnt_0_5 | C120: bigint | D120: ULSINR在[0;5)范围内的MR数目 | E120: A | G120: sum(ulsinr_level5mrcount) | I120: 新增字段 | J120: 指标 | K120: 无 | L120: >=0
B121: ulsinr_cnt_f3_0 | C121: bigint | D121: ULSINR在[-3;0)范围内的MR数目 | E121: A | G121: sum(ulsinr_level6mrcount) | I121: 新增字段 | J121: 指标 | K121: 无 | L121: >=0
B122: ulsinr_cnt_f23_f3 | C122: bigint | D122: ULSINR在(-∞;-3)范围内的MR数目 | E122: A | G122: sum(ulsinr_level7mrcount) | I122: 新增字段 | J122: 指标 | K122: 无 | L122: >=0
B123: bad_mr_cnt | C123: bigint | D123: 质差MR采样点数量 | E123: A | G123: sum(bad_mr_cnt) | I123: 新增字段 | J123: 指标 | K123: 无 | L123: >=0
B124: ta_total | C124: bigint | D124: TA总值 | E124: A | G124: sum(totaltadv) | I124: 新增字段 | J124: 指标 | K124: 无 | L124: >=0
B125: ta_cnt | C125: bigint | D125: TA采样点数量 | E125: A | G125: sum(tadvcount) | I125: 新增字段 | J125: 指标 | K125: 无 | L125: >=0
B126: ta_avg | C126: double | D126: TA平均值 | E126: A | G126: sum(totaltadv)/sum(tadvcount) | I126: 新增字段 | J126: 指标 | K126: 无 | L126: >=0
B127: ta_cnt_0_3 | C127: bigint | D127: TA在[0;3)范围内的MR数目 | E127: A | G127: sum(tadv_level1mrcount) | I127: 新增字段 | J127: 指标 | K127: 无 | L127: >=0
... B173: mod30interfer_custom_totalrsrp | C173: bigint | D173: 自定义MOD30干扰采样点总RSRP值 | E173: B | G173: sum(mod30interfer_custom_totalrsrp) | I173: 新增字段 | J173: 指标 | K173: 无 | L173: <0
B174: p_provincecode | C174: int | D174: 省分区
B175: p_date | C175: string | D175: 日期分区
B176: p_hour | C176: int | D176: 小时分区

Sheet 19
B1: =HYPERLINK("#导航!a2","返回") -> 返回
B3: 目标表基本信息描述
B4: 主题域 | C4: 目标表英文名 | D4: 目标表中文名 | E4: 数据频度 | F4: 模型主键 | G4: 数据描述 | H4: 推送数据库
B5: 覆盖分析 | C5: aggr_nr_coverage_wide_usrcel_h | D5: 5G MR用户小区小时宽表 | E5: hour
B7: 源表基本信息描述
B8: 来源系统 | C8: 源表英文名 | D8: 源表中文名 | E8: 别名 | F8: 任务描述 | G8: 备注 | H8: 是否主表
C9: aggr_nr_coverage_base_usr_refactor_h | D9: 5G MR用户小区栅格覆盖指标小时表 | E9: A | G9: 过滤条件：plmn=46011 and length(imsi)>=13
B12: 详细字段信息
B13: 详细字段信息
B14: PDM字段英文名 | C14: PDM字段类型 | D14: PDM字段中文名（说明） | E14: 源表名 | F14: 源字段英文名 | G14: 算法加工逻辑 | H14: 关联与过滤条件 | I14: 备注 | J14: 字段属性 | K14: 单位 | L14: 取值范围
B15: day | C15: string | D15: 日期 | E15: A | F15: p_date | G15: 直取 | J15: 维度 | K15: 无 | L15: 无
B16: hour | C16: int | D16: 小时 | E16: A | F16: p_hour | G16: 直取 | J16: 维度 | K16: 无 | L16: 无
B17: cellkey | C17: string | D17: 小区cellkey | E17: A | F17: cellkey | G17: 直取 | J17: 维度 | K17: 无 | L17: 无
B18: freq | C18: string | D18: 频段 | E18: A | F18: freq | G18: 直取 | J18: 维度 | K18: 无 | L18: 无
B19: arfcn | C19: bigint | D19: 频点 | E19: A | F19: arfcn | G19: 直取 | J19: 维度 | K19: 无 | L19: 无
B20: plmn | C20: string | D20: UE接入NR服务小区的PLMN(公共陆地移动网) | E20: A | F20: plmn | G20: 直取 | J20: 维度 | K20: 无 | L20: 无
B21: imsi | C21: string | D21: 用户IMSI号 | E21: A | F21: imsi | G21: 直取 | J21: 维度 | K21: 无 | L21: 无
B22: msisdn | C22: string | D22: 电话号码 | E22: A | F22: msisdn | G22: 直取 | J22: 维度 | K22: 无 | L22: 无
B23: imei | C23: string | D23: 终端业务过程用户终端IMEI号码 | E23: A | F23: imei | G23: 直取 | J23: 维度 | K23: 无 | L23: 无
B24: provincecode | C24: int | D24: 省编码 | E24: A | F24: provincecode | G24: 直取 | J24: 维度 | K24: 无 | L24: 无
B25: citycode | C25: int | D25: 城市编码 | E25: A | F25: citycode | G25: 直取 | J25: 维度 | K25: 无 | L25: 无
B26: districtcode | C26: int | D26: 区县编码 | E26: A | F26: districtcode | G26: 直取 | J26: 维度 | K26: 无 | L26: 无
... B30: vendor | C30: string | D30: 厂家 | E30: A | F30: vendor | G30: 直取 | J30: 维度 | K30: 无 | L30: 无
B31: period_totalmrcount | C31: bigint | D31: 周期性MR采样点数量 | E31: A | G31: sum(period_totalmrcount) | J31: 指标 | K31: 无 | L31: >=0
B32: rsrp_cnt | C32: bigint | D32: SS-RSRP计数 | E32: A | G32: sum(ssrsrpcount) | J32: 指标 | K32: 无 | L32: >=0
B33: rsrp_total | C33: bigint | D33: 总SS-RSRP值 | E33: A | G33: sum(totalssrsrp) | J33: 指标 | K33: 无 | L33: <0
B34: rsrp_avg | C34: double | D34: 平均SS-RSRP值 | E34: A | G34: sum(totalssrsrp)/sum(ssrsrpcount) | J34: 指标 | K34: 无 | L34: [-156,-29]
B35: rsrp_cnt_f156_f115 | C35: bigint | D35: SS-RSRP在(-∞;-115)范围内的MR数目 | E35: A | G35: sum(ssrsrp_5div_level1mrcount) | J35: 指标 | K35: 无 | L35: >=0
B36: rsrp_cnt_f115_f110 | C36: bigint | D36: SS-RSRP在[-115;-110)范围内的MR数目 | E36: A | G36: sum(ssrsrp_5div_level2mrcount) | J36: 指标 | K36: 无 | L36: >=0
B37: rsrp_cnt_f110_f105 | C37: bigint | D37: SS-RSRP在[-110;-105)范围内的MR数目 | E37: A | G37: sum(ssrsrp_5div_level3mrcount) | J37: 指标 | K37: 无 | L37: >=0
B38: rsrp_cnt_f105_f100 | C38: bigint | D38: SS-RSRP在[-105;-100)范围内的MR数目 | E38: A | G38: sum(ssrsrp_5div_level4mrcount) | J38: 指标 | K38: 无 | L38: >=0
B39: rsrp_cnt_f100_f95 | C39: bigint | D39: SS-RSRP在[-100;-95)范围内的MR数目 | E39: A | G39: sum(ssrsrp_5div_level5mrcount) | J39: 指标 | K39: 无 | L39: >=0
B40: rsrp_cnt_f95_f90 | C40: bigint | D40: SS-RSRP在[-95;-90)范围内的MR数目 | E40: A | G40: sum(ssrsrp_5div_level6mrcount) | J40: 指标 | K40: 无 | L40: >=0
B41: rsrp_cnt_f90_f85 | C41: bigint | D41: SS-RSRP在[-90;-85)范围内的MR数目 | E41: A | G41: sum(ssrsrp_5div_level7mrcount) | J41: 指标 | K41: 无 | L41: >=0
B42: rsrp_cnt_f85_f80 | C42: bigint | D42: SS-RSRP在[-85;-80)范围内的MR数目 | E42: A | G42: sum(ssrsrp_5div_level8mrcount) | J42: 指标 | K42: 无 | L42: >=0
... B134: max_endtime | C134: string | D134: 最大结束时间(时间戳) | E134: A | G134: max(max_endtime) | J134: 指标 | K134: 无 | L134: >0
B135: p_provincecode | C135: int | D135: 省分区
B136: p_date | C136: string | D136: 日期分区
B137: p_hour | C137: int | D137: 小时分区

Sheet 20
B1: =HYPERLINK("#导航!a2","返回") -> 返回
B3: 目标表基本信息描述
B4: 主题域 | C4: 目标表英文名 | D4: 目标表中文名 | E4: 数据频度 | F4: 模型主键 | G4: 数据描述 | H4: 推送数据库
B5: 覆盖分析 | C5: aggr_nr_coverage_usrgrd_h | D5: 5G MR用户栅格小时表 | E5: hour
B7: 源表基本信息描述
B8: 来源系统 | C8: 源表英文名 | D8: 源表中文名 | E8: 别名 | F8: 任务描述 | G8: 备注 | H8: 是否主表
C9: aggr_nr_coverage_base_usr_refactor_h | D9: 5G MR用户小区栅格覆盖指标小时表 | E9: A | G9: 过滤条件：plmn=46011 and length(imsi)>=13
B12: 详细字段信息
B13: 详细字段信息
B14: PDM字段英文名 | C14: PDM字段类型 | D14: PDM字段中文名（说明） | E14: 源表名 | F14: 源字段英文名 | G14: 算法加工逻辑 | H14: 关联与过滤条件 | I14: 备注 | J14: 字段属性 | K14: 单位 | L14: 取值范围
B15: day | C15: string | D15: 日期 | E15: A | F15: p_date | G15: 直取 | J15: 维度 | K15: 无 | L15: 无
B16: hour | C16: int | D16: 小时 | E16: A | F16: p_hour | G16: 直取 | J16: 维度 | K16: 无 | L16: 无
B17: imsi | C17: string | D17: 用户IMSI号 | E17: A | F17: imsi | G17: 直取 | J17: 维度 | K17: 无 | L17: 无
B18: msisdn | C18: string | D18: 电话号码 | E18: A | F18: msisdn | G18: 直取 | J18: 维度 | K18: 无 | L18: 无
B19: imei | C19: string | D19: 终端业务过程用户终端IMEI号码 | E19: A | F19: imei | G19: 直取 | J19: 维度 | K19: 无 | L19: 无
B20: plmn | C20: string | D20: UE接入NR服务小区的PLMN(公共陆地移动网) | E20: A | F20: plmn | G20: 直取 | J20: 维度 | K20: 无 | L20: 无
B21: regionid | C21: int | D21: RegionID | E21: A | F21: regionid | G21: 直取 | J21: 维度 | K21: 无 | L21: 无
B22: x_offset_20 | C22: int | D22: 栅格坐标x轴偏移 | E22: A | F22: x_offset_20 | G22: 直取 | J22: 维度 | K22: 无 | L22: 无
B23: y_offset_20 | C23: int | D23: 栅格坐标y轴偏移 | E23: A | F23: y_offset_20 | G23: 直取 | J23: 维度 | K23: 无 | L23: 无
B24: provincecode | C24: int | D24: 省编码 | E24: A | F24: provincecode | G24: 直取 | J24: 维度 | K24: 无 | L24: 无
B25: citycode | C25: int | D25: 城市编码 | E25: A | F25: citycode | G25: 直取 | J25: 维度 | K25: 无 | L25: 无
B26: districtcode | C26: int | D26: 区县编码 | E26: A | F26: districtcode | G26: 直取 | J26: 维度 | K26: 无 | L26: 无
... B29: district | C29: string | D29: 区县名称 | E29: A | F29: district | G29: 直取 | J29: 维度 | K29: 无 | L29: 无
B30: period_totalmrcount | C30: bigint | D30: 周期性MR采样点数量 | E30: A | G30: sum(period_totalmrcount) | J30: 指标 | K30: 无 | L30: >=0
B31: rsrp_cnt | C31: bigint | D31: SS-RSRP计数 | E31: A | G31: sum(ssrsrpcount) | J31: 指标 | K31: 无 | L31: >=0
B32: rsrp_total | C32: bigint | D32: 总SS-RSRP值 | E32: A | G32: sum(totalssrsrp) | J32: 指标 | K32: 无 | L32: <0
B33: rsrp_avg | C33: double | D33: 平均SS-RSRP值 | E33: A | G33: sum(totalssrsrp)/sum(ssrsrpcount) | J33: 指标 | K33: 无 | L33: [-156,-29]
B34: rsrp_cnt_f156_f115 | C34: bigint | D34: SS-RSRP在(-∞;-115)范围内的MR数目 | E34: A | G34: sum(ssrsrp_5div_level1mrcount) | J34: 指标 | K34: 无 | L34: >=0
B35: rsrp_cnt_f115_f110 | C35: bigint | D35: SS-RSRP在[-115;-110)范围内的MR数目 | E35: A | G35: sum(ssrsrp_5div_level2mrcount) | J35: 指标 | K35: 无 | L35: >=0
B36: rsrp_cnt_f110_f105 | C36: bigint | D36: SS-RSRP在[-110;-105)范围内的MR数目 | E36: A | G36: sum(ssrsrp_5div_level3mrcount) | J36: 指标 | K36: 无 | L36: >=0
B37: rsrp_cnt_f105_f100 | C37: bigint | D37: SS-RSRP在[-105;-100)范围内的MR数目 | E37: A | G37: sum(ssrsrp_5div_level4mrcount) | J37: 指标 | K37: 无 | L37: >=0
B38: rsrp_cnt_f100_f95 | C38: bigint | D38: SS-RSRP在[-100;-95)范围内的MR数目 | E38: A | G38: sum(ssrsrp_5div_level5mrcount) | J38: 指标 | K38: 无 | L38: >=0
B39: rsrp_cnt_f95_f90 | C39: bigint | D39: SS-RSRP在[-95;-90)范围内的MR数目 | E39: A | G39: sum(ssrsrp_5div_level6mrcount) | J39: 指标 | K39: 无 | L39: >=0
B40: rsrp_cnt_f90_f29 | C40: bigint | D40: SS-RSRP在[-90;-29)范围内的MR数目 | E40: A | G40: sum(nvl(ssrsrp_5div_level7mrcount,0) + nvl(ssrsrp_5div_level8mrcount,0) + nvl(ssrsrp_5div_level9mrcount,0) + nvl(ssrsrp_5div_level10mrcount,0) + nvl(ssrsrp_5div_level11mrcount,0) + nvl(ssrsrp_5div_level12mrcount,0)) | J40: 指标 | K40: 无 | L40: >=0
B41: rsrp_good_cnt_f105 | C41: bigint | D41: SS-RSRP优良数(>=-105) | E41: A | G41: sum(ssrsrpgoodcount) | J41: 指标 | K41: 无 | L41: >=0
... B66: validrsrp_sinr_cnt | C66: bigint | D66: RSRP且SINR有效采样点个数 | E66: A | G66: sum(validrsrp_sinr_totalmrcount) | J66: 指标 | K66: 无 | L66: >=0
B67: p_provincecode | C67: int | D67: 省分区
B68: p_date | C68: string | D68: 日期分区
B69: p_hour | C69: int | D69: 小时分区

Sheet 21
B1: =HYPERLINK("#导航!a2","返回") -> 返回
B3: 目标表基本信息描述
B4: 主题域 | C4: 目标表英文名 | D4: 目标表中文名 | E4: 数据频度 | F4: 模型主键 | G4: 数据描述 | H4: 推送数据库
B5: 覆盖分析 | C5: aggr_nr_coverage_usrcel_refactor_h | D5: 5G MR用户小区小时共享表 | E5: hour
B7: 源表基本信息描述
B8: 来源系统 | C8: 源表英文名 | D8: 源表中文名 | E8: 别名 | F8: 任务描述 | G8: 备注 | H8: 是否主表
C9: aggr_nr_coverage_wide_usrcel_h | D9: 5G MR用户小区小时宽表 | E9: A
B12: 详细字段信息
B13: 详细字段信息
B14: PDM字段英文名 | C14: PDM字段类型 | D14: PDM字段中文名（说明） | E14: 源表名 | F14: 源字段英文名 | G14: 算法加工逻辑 | H14: 关联与过滤条件 | I14: 备注 | J14: 字段属性 | K14: 单位 | L14: 取值范围
B15: day | C15: string | D15: 日期 | E15: A | G15: 直取 | J15: 维度 | K15: 无 | L15: 无
B16: hour | C16: int | D16: 小时段 | E16: A | G16: 直取 | J16: 维度 | K16: 无 | L16: 无
B17: provincecode | C17: int | D17: 省编码 | E17: A | G17: 直取 | J17: 维度 | K17: 无 | L17: 无
B18: msisdn | C18: string | D18: MSISDN | E18: A | G18: 直取 | J18: 维度 | K18: 无 | L18: 无
B19: imsi | C19: string | D19: IMSI | E19: A | G19: 直取 | J19: 维度 | K19: 无 | L19: 无
B20: gnbid | C20: bigint | D20: NR 服务基站ID | E20: A | G20: split(cellkey,"_")[0] | J20: 维度 | K20: 无 | L20: 无
B21: cellid | C21: int | D21: NR 服务小区ID | E21: A | G21: split(cellkey,"_")[1] | J21: 维度 | K21: 无 | L21: 无
B22: ssrsrp_level1mrcount | C22: bigint | D22: SS-RSRP在(-∞;-115)范围内的MR数目 | E22: A | G22: sum(rsrp_cnt_f156_f115) | J22: 指标 | K22: 无 | L22: >=0
B23: ssrsrp_level2mrcount | C23: bigint | D23: SS-RSRP在[-115;-110)范围内的MR数目 | E23: A | G23: sum(rsrp_cnt_f115_f110) | J23: 指标 | K23: 无 | L23: >=0
B24: ssrsrp_level3mrcount | C24: bigint | D24: SS-RSRP在[-110;-105)范围内的MR数目 | E24: A | G24: sum(rsrp_cnt_f110_f105) | J24: 指标 | K24: 无 | L24: >=0
B25: ssrsrp_level4mrcount | C25: bigint | D25: SS-RSRP在[-105;-100)范围内的MR数目 | E25: A | G25: sum(rsrp_cnt_f105_f100) | J25: 指标 | K25: 无 | L25: >=0
B26: ssrsrp_level5mrcount | C26: bigint | D26: SS-RSRP在[-100;-95)范围内的MR数目 | E26: A | G26: sum(rsrp_cnt_f100_f95) | J26: 指标 | K26: 无 | L26: >=0
... B71: max_endtime | C71: string | D71: 最大结束时间(时间戳) | E71: A | G71: max(max_endtime) | J71: 指标 | K71: 无 | L71: >0
B72: p_provincecode | C72: int | D72: 省分区
B73: p_date | C73: string | D73: 日期分区
B74: p_hour | C74: int | D74: 小时分区

Sheet 22
B1: =HYPERLINK("#导航!a2","返回") -> 返回
B3: 目标表基本信息描述
B4: 主题域 | C4: 目标表英文名 | D4: 目标表中文名 | E4: 数据频度 | F4: 模型主键 | G4: 数据描述 | H4: 推送数据库
B5: 覆盖分析 | C5: aggr_nr_coverage_usr_h | D5: 5G MR用户小时表 | E5: hour
B7: 源表基本信息描述
B8: 来源系统 | C8: 源表英文名 | D8: 源表中文名 | E8: 别名 | F8: 任务描述 | G8: 备注 | H8: 是否主表
C9: aggr_nr_coverage_wide_usrcel_h | D9: 5G MR用户小区小时宽表 | E9: A | G9: 过滤条件：plmn=46011 and length(msisdn)>=11
B12: 详细字段信息
B13: 详细字段信息
B14: PDM字段英文名 | C14: PDM字段类型 | D14: PDM字段中文名（说明） | E14: 源表名 | F14: 源字段英文名 | G14: 算法加工逻辑 | H14: 关联与过滤条件 | I14: 备注 | J14: 字段属性 | K14: 单位 | L14: 取值范围
B15: day | C15: string | D15: 日期 | E15: A | F15: p_date | G15: 直取 | J15: 维度 | K15: 无 | L15: 无
B16: hour | C16: int | D16: 小时 | E16: A | F16: p_hour | G16: 直取 | J16: 维度 | K16: 无 | L16: 无
B17: imsi | C17: string | D17: 用户IMSI号 | E17: A | F17: =B17 -> imsi | G17: 直取 | J17: 维度 | K17: 无 | L17: 无
B18: msisdn | C18: string | D18: 电话号码 | E18: A | F18: =B18 -> msisdn | G18: 直取 | J18: 维度 | K18: 无 | L18: 无
B19: imei | C19: string | D19: 终端业务过程用户终端IMEI号码 | E19: A | F19: =B19 -> imei | G19: 直取 | J19: 维度 | K19: 无 | L19: 无
B20: provincecode | C20: int | D20: 省编码 | E20: A | F20: provincecode | G20: 直取 | J20: 维度 | K20: 无 | L20: 无
B21: citycode | C21: int | D21: 城市编码 | E21: A | F21: citycode | G21: 直取 | J21: 维度 | K21: 无 | L21: 无
B22: districtcode | C22: int | D22: 区县编码 | E22: A | F22: districtcode | G22: 直取 | J22: 维度 | K22: 无 | L22: 无
B23: province | C23: string | D23: 省名称 | E23: A | F23: province | G23: 直取 | J23: 维度 | K23: 无 | L23: 无
B24: city | C24: string | D24: 城市名称 | E24: A | F24: city | G24: 直取 | J24: 维度 | K24: 无 | L24: 无
B25: district | C25: string | D25: 区县名称 | E25: A | F25: district | G25: 直取 | J25: 维度 | K25: 无 | L25: 无
B26: period_totalmrcount | C26: bigint | D26: 周期性MR采样点数量 | E26: A | G26: sum(period_totalmrcount) | J26: 指标 | K26: 无 | L26: >=0
B27: rsrp_cnt | C27: bigint | D27: SS-RSRP计数 | E27: A | G27: sum(rsrp_cnt) | J27: 指标 | K27: 无 | L27: >=0
B28: rsrp_total | C28: bigint | D28: 总SS-RSRP值 | E28: A | G28: sum(rsrp_total) | J28: 指标 | K28: 无 | L28: <0
B29: rsrp_avg | C29: double | D29: 平均SS-RSRP值 | E29: A | G29: sum(rsrp_total)/sum(rsrp_cnt) | J29: 指标 | K29: 无 | L29: [-156,-29]
B30: rsrp_cnt_f156_f115 | C30: bigint | D30: SS-RSRP在(-∞;-115)范围内的MR数目 | E30: A | G30: sum(rsrp_cnt_f156_f115) | J30: 指标 | K30: 无 | L30: >=0
B31: rsrp_cnt_f115_f110 | C31: bigint | D31: SS-RSRP在[-115;-110)范围内的MR数目 | E31: A | G31: sum(rsrp_cnt_f115_f110) | J31: 指标 | K31: 无 | L31: >=0
B32: rsrp_cnt_f110_f105 | C32: bigint | D32: SS-RSRP在[-110;-105)范围内的MR数目 | E32: A | G32: sum(rsrp_cnt_f110_f105) | J32: 指标 | K32: 无 | L32: >=0
B33: rsrp_cnt_f105_f100 | C33: bigint | D33: SS-RSRP在[-105;-100)范围内的MR数目 | E33: A | G33: sum(rsrp_cnt_f105_f100) | J33: 指标 | K33: 无 | L33: >=0
B34: rsrp_cnt_f100_f95 | C34: bigint | D34: SS-RSRP在[-100;-95)范围内的MR数目 | E34: A | G34: sum(rsrp_cnt_f100_f95) | J34: 指标 | K34: 无 | L34: >=0
B35: rsrp_cnt_f95_f90 | C35: bigint | D35: SS-RSRP在[-95;-90)范围内的MR数目 | E35: A | G35: sum(rsrp_cnt_f95_f90) | J35: 指标 | K35: 无 | L35: >=0
B36: rsrp_cnt_f90_f85 | C36: bigint | D36: SS-RSRP在[-90;-85)范围内的MR数目 | E36: A | G36: sum(rsrp_cnt_f90_f85) | J36: 指标 | K36: 无 | L36: >=0
B37: rsrp_cnt_f85_f80 | C37: bigint | D37: SS-RSRP在[-85;-80)范围内的MR数目 | E37: A | G37: sum(rsrp_cnt_f85_f80) | J37: 指标 | K37: 无 | L37: >=0
... B113: validrsrp_sinr_cnt | C113: bigint | D113: RSRP且SINR有效采样点个数 | E113: A | G113: sum(validrsrp_sinr_cnt) | J113: 指标 | K113: 无 | L113: >=0
B114: p_provincecode | C114: int | D114: 省分区
B115: p_date | C115: string | D115: 日期分区
B116: p_hour | C116: int | D116: 小时分区

Sheet 23
B1: =HYPERLINK("#导航!a2","返回") -> 返回
B3: 目标表基本信息描述
B4: 主题域 | C4: 目标表英文名 | D4: 目标表中文名 | E4: 数据频度 | F4: 模型主键 | G4: 数据描述 | H4: 推送数据库
B5: 覆盖分析 | C5: aggr_nr_coverage_cel_refactor_h | D5: 5G MR小区小时表 | E5: hour
B7: 源表基本信息描述
B8: 来源系统 | C8: 源表英文名 | D8: 源表中文名 | E8: 别名 | F8: 任务描述 | G8: 备注 | H8: 是否主表
C9: aggr_nr_coverage_celgrd_refactor_h | D9: 5G MR小区栅格小时表 | E9: A
B12: 详细字段信息
B13: 详细字段信息
B14: PDM字段英文名 | C14: PDM字段类型 | D14: PDM字段中文名（说明） | E14: 源表名 | F14: 源字段英文名 | G14: 算法加工逻辑 | H14: 关联与过滤条件 | I14: 备注 | J14: 字段属性 | K14: 单位 | L14: 取值范围
B15: day | C15: string | D15: 日期 | E15: A | F15: p_date | G15: 直取 | J15: 维度 | K15: 无 | L15: 无
B16: hour | C16: int | D16: 小时 | E16: A | F16: p_hour | G16: 直取 | J16: 维度 | K16: 无 | L16: 无
B17: cellkey | C17: string | D17: 小区唯一标识 | E17: A | F17: cellkey | G17: 直取 | J17: 维度 | K17: 无 | L17: 无
B18: arfcn | C18: bigint | D18: 频点 | E18: A | F18: arfcn | G18: 直取 | J18: 维度 | K18: 无 | L18: 无
B19: plmn | C19: string | D19: UE接入NR服务小区的PLMN(公共陆地移动网) | E19: A | F19: plmn | G19: 直取 | J19: 维度 | K19: 无 | L19: 无
B20: rattypeid | C20: int | D20: 频点所属制式 | E20: A | F20: rattypeid | G20: 直取 | J20: 维度 | K20: 无 | L20: 无
B21: provincecode | C21: int | D21: 省编码 | E21: A | F21: provincecode | G21: 直取 | J21: 维度 | K21: 无 | L21: 无
B22: citycode | C22: int | D22: 城市编码 | E22: A | F22: citycode | G22: 直取 | J22: 维度 | K22: 无 | L22: 无
B23: districtcode | C23: int | D23: 区县编码 | E23: A | F23: districtcode | G23: 直取 | J23: 维度 | K23: 无 | L23: 无
B24: totalmrlon | C24: double | D24: MR经度总值 | E24: A | G24: sum(totalmrlon) | J24: 指标 | K24: 无 | L24: >=0
B25: totalmrlat | C25: double | D25: MR纬度总值 | E25: A | G25: sum(totalmrlat) | J25: 指标 | K25: 无 | L25: >=0
B26: validlonlat_totalmrcount | C26: bigint | D26: 经纬度有效的MR数目 | E26: A | G26: sum(validlonlat_totalmrcount) | J26: 指标 | K26: 无 | L26: >=0
B27: celmr_totaldis | C27: double | D27: 小区MR总距离 | E27: A | G27: sum(celmr_totaldis) | J27: 指标 | K27: 无 | L27: >=0
B28: celmr_discount | C28: bigint | D28: 小区MR有效距离计数 | E28: A | G28: sum(celmr_discount) | J28: 指标 | K28: 无 | L28: >=0
B29: celmr_avgdis | C29: double | D29: 小区MR平均距离 | E29: A | G29: sum(celmr_totaldis)/sum(celmr_discount) | J29: 指标 | K29: 无 | L29: >=0
B30: period_totalmrcount | C30: bigint | D30: MRO_MR计数 | E30: A | G30: sum(period_totalmrcount) | J30: 指标 | K30: 无 | L30: >=0
B31: mdt_totalmrcount | C31: bigint | D31: MDT_MR计数 | E31: A | G31: 置0 | J31: 指标 | K31: 无 | L31: 0
B32: event_totalmrcount | C32: bigint | D32: MRE_MR计数 | E32: A | G32: 置0 | J32: 指标 | K32: 无 | L32: 0
B33: ssrsrpcount | C33: bigint | D33: SS-RSRP计数 | E33: A | G33: sum(ssrsrpcount) | J33: 指标 | K33: 无 | L33: >=0
B34: totalssrsrp | C34: bigint | D34: 总SS-RSRP值 | E34: A | G34: sum(totalssrsrp) | J34: 指标 | K34: 无 | L34: <0
B35: avgssrsrp | C35: double | D35: 平均SS-RSRP值 | E35: A | G35: sum(totalssrsrp)/sum(ssrsrpcount) | J35: 指标 | K35: 无 | L35: [-156,-29]
B36: ssrsrp_level1mrcount | C36: bigint | D36: SS-RSRP在(-∞;-115)范围内的MR数目 | E36: A | G36: sum(ssrsrp_level1mrcount) | J36: 指标 | K36: 无 | L36: >=0
B37: ssrsrp_level2mrcount | C37: bigint | D37: SS-RSRP在[-115;-110)范围内的MR数目 | E37: A | G37: sum(ssrsrp_level2mrcount) | J37: 指标 | K37: 无 | L37: >=0
B38: ssrsrp_level3mrcount | C38: bigint | D38: SS-RSRP在[-110;-105)范围内的MR数目 | E38: A | G38: sum(ssrsrp_level3mrcount) | J38: 指标 | K38: 无 | L38: >=0
B39: ssrsrp_level4mrcount | C39: bigint | D39: SS-RSRP在[-105;-100)范围内的MR数目 | E39: A | G39: sum(ssrsrp_level4mrcount) | J39: 指标 | K39: 无 | L39: >=0
B40: ssrsrp_level5mrcount | C40: bigint | D40: SS-RSRP在[-100;-95)范围内的MR数目 | E40: A | G40: sum(ssrsrp_level5mrcount) | J40: 指标 | K40: 无 | L40: >=0
B41: ssrsrp_level6mrcount | C41: bigint | D41: SS-RSRP在[-95;-90)范围内的MR数目 | E41: A | G41: sum(ssrsrp_level6mrcount) | J41: 指标 | K41: 无 | L41: >=0
B42: ssrsrp_level7mrcount | C42: bigint | D42: SS-RSRP在[-90;-85)范围内的MR数目 | E42: A | G42: sum(ssrsrp_level7mrcount) | J42: 指标 | K42: 无 | L42: >=0
B43: ssrsrp_level8mrcount | C43: bigint | D43: SS-RSRP在[-85;-80)范围内的MR数目 | E43: A | G43: sum(ssrsrp_level8mrcount) | J43: 指标 | K43: 无 | L43: >=0
B44: ssrsrp_level9mrcount | C44: bigint | D44: SS-RSRP在[-80;-75)范围内的MR数目 | E44: A | G44: sum(ssrsrp_level9mrcount) | J44: 指标 | K44: 无 | L44: >=0
... B96: compgoodcovernum | C96: bigint | D96: 综合良好覆盖MR数 | E96: A | G96: sum(compgoodcovernum) | J96: 指标 | K96: 无 | L96: >=0
B97: province | C97: string | D97: 省名称 | E97: A | F97: province | G97: 直取 | J97: 维度 | K97: 无 | L97: 无
B98: city | C98: string | D98: 城市名称 | E98: A | F98: city | G98: 直取 | J98: 维度 | K98: 无 | L98: 无
B99: district | C99: string | D99: 区县名称 | E99: A | F99: district | G99: 直取 | J99: 维度 | K99: 无 | L99: 无
B100: vendor | C100: string | D100: 厂家 | E100: A | F100: vendor | G100: 直取 | J100: 维度 | K100: 无 | L100: 无
B101: totaltadv | C101: bigint | D101: TA总值 | E101: A | G101: sum(ta_total) | J101: 指标 | K101: 无 | L101: >=0
B102: tadvcount | C102: bigint | D102: TA采样点数量 | E102: A | G102: sum(ta_cnt) | J102: 指标 | K102: 无 | L102: >=0
B103: data_source | C103: int | D103: 数据源类型 0：电信独享_电信用户 1：电信共享_电信用户 2：电信共享_联通用户 3：联通共享_电信用户 4：联通共享_联通用户 | E103: A | F103: data_source | G103: 直取 | J103: 维度 | K103: 无 | L103: 无
B104: freq | C104: string | D104: 频段 | E104: A | F104: freq | G104: 直取 | I104: 新增字段 | J104: 维度 | K104: 无 | L104: 无
B105: mod30interfer_totalrsrp | C105: bigint | D105: MOD30总RSRP | E105: A | G105: sum(mod30interfer_totalrsrp) | I105: 新增字段 | J105: 指标 | K105: 无 | L105: <0
B106: mod30interfer_mrcount | C106: bigint | D106: MOD30采样点数量 | E106: A | G106: sum(mod30interfer_mrcount) | I106: 新增字段 | J106: 指标 | K106: 无 | L106: >=0
B107: mod30interfer_avgrsrp | C107: double | D107: MOD30平均RSRP | E107: A | G107: sum(mod30interfer_totalrsrp)/sum(mod30interfer_mrcount) | I107: 新增字段 | J107: 指标 | K107: 无 | L107: [-156,-29]
B108: mod30interfer_mrratio | C108: float | D108: MOD30采样点占比 | E108: A | G108: sum(mod30interfer_mrcount)/sum(ssrsrpcount) | I108: 新增字段 | J108: 指标 | K108: 无 | L108: [0,1]
B109: bad_mr_cnt | C109: bigint | D109: 质差MR采样点数量 | E109: A | G109: sum(bad_mr_cnt) | I109: 新增字段 | J109: 指标 | K109: 无 | L109: >=0
B110: ulsinr_cnt_20_41 | C110: bigint | D110: ULSINR在[20;+∞)范围内的MR数目 | E110: A | G110: sum(ulsinr_level1mrcount) | I110: 新增字段 | J110: 指标 | K110: 无 | L110: >=0
B111: ulsinr_cnt_15_20 | C111: bigint | D111: ULSINR在[15;20)范围内的MR数目 | E111: A | G111: sum(ulsinr_level2mrcount) | I111: 新增字段 | J111: 指标 | K111: 无 | L111: >=0
B112: ulsinr_cnt_10_15 | C112: bigint | D112: ULSINR在[10;15)范围内的MR数目 | E112: A | G112: sum(ulsinr_level3mrcount) | I112: 新增字段 | J112: 指标 | K112: 无 | L112: >=0
B113: ulsinr_cnt_5_10 | C113: bigint | D113: ULSINR在[5;10)范围内的MR数目 | E113: A | G113: sum(ulsinr_level4mrcount) | I113: 新增字段 | J113: 指标 | K113: 无 | L113: >=0
B114: ulsinr_cnt_0_5 | C114: bigint | D114: ULSINR在[0;5)范围内的MR数目 | E114: A | G114: sum(ulsinr_level5mrcount) | I114: 新增字段 | J114: 指标 | K114: 无 | L114: >=0
B115: ulsinr_cnt_f3_0 | C115: bigint | D115: ULSINR在[-3;0)范围内的MR数目 | E115: A | G115: sum(ulsinr_level6mrcount) | I115: 新增字段 | J115: 指标 | K115: 无 | L115: >=0
B116: ulsinr_cnt_f23_f3 | C116: bigint | D116: ULSINR在(-∞;-3)范围内的MR数目 | E116: A | G116: sum(ulsinr_level7mrcount) | I116: 新增字段 | J116: 指标 | K116: 无 | L116: >=0
... B138: validrsrp_sinr_cnt | C138: bigint | D138: RSRP且SINR有效采样点个数 | E138: A | G138: sum(validrsrp_sinr_cnt) | I138: 新增字段 | J138: 指标 | K138: 无 | L138: >=0
B139: p_provincecode | C139: int | D139: 省分区
B140: p_date | C140: string | D140: 日期分区
B141: p_hour | C141: int | D141: 小时分区

Sheet 24
B1: =HYPERLINK("#导航!a2","返回") -> 返回
B3: 目标表基本信息描述
B4: 主题域 | C4: 目标表英文名 | D4: 目标表中文名 | E4: 数据频度 | F4: 模型主键 | G4: 数据描述 | H4: 推送数据库
B5: 覆盖分析 | C5: aggr_nr_coverage_reduce_cel_h | D5: 5G MR小区小时共享表 | E5: hour
B7: 源表基本信息描述
B8: 来源系统 | C8: 源表英文名 | D8: 源表中文名 | E8: 别名 | F8: 任务描述 | G8: 备注 | H8: 是否主表
C9: aggr_nr_coverage_cel_refactor_h | D9: 5G MR小区小时表 | E9: A
B12: 详细字段信息
B13: 详细字段信息
B14: PDM字段英文名 | C14: PDM字段类型 | D14: PDM字段中文名（说明） | E14: 源表名 | F14: 源字段英文名 | G14: 算法加工逻辑 | H14: 关联与过滤条件 | I14: 备注 | J14: 字段属性 | K14: 单位 | L14: 取值范围
B15: day | C15: string | D15: 日期 | E15: A | F15: p_date | G15: 直接赋值 | J15: 维度 | K15: 无 | L15: 无
B16: hour | C16: int | D16: 小时 | E16: A | F16: p_hour | G16: 直接赋值 | J16: 维度 | K16: 无 | L16: 无
B17: provincecode | C17: int | D17: 省编码 | E17: A | F17: p_provincecode | G17: 直接赋值 | J17: 维度 | K17: 无 | L17: 无
B18: citycode | C18: int | D18: 城市编码 | E18: A | F18: citycode | G18: 直接赋值 | J18: 维度 | K18: 无 | L18: 无
B19: vendor | C19: string | D19: 厂家 | E19: A | F19: vendor | G19: 直接赋值 | J19: 维度 | K19: 无 | L19: 无
B20: cellkey | C20: string | D20: 小区唯一标识 | E20: A | F20: cellkey | G20: 直接赋值 | J20: 维度 | K20: 无 | L20: 无
B21: ssrsrpcount | C21: bigint | D21: SS-RSRP计数 | E21: A | G21: sum(ssrsrpcount) | J21: 维度 | K21: 无 | L21: 无
B22: totalssrsrp | C22: bigint | D22: 总SS-RSRP值 | E22: A | G22: sum(totalssrsrp) | J22: 维度 | K22: 无 | L22: 无
B23: avgssrsrp | C23: double | D23: 平均SS-RSRP值 | E23: A | G23: sum(totalssrsrp)/sum(ssrsrpcount) | J23: 维度 | K23: 无 | L23: 无
B24: ssrsrp_level2mrcount | C24: bigint | D24: SS-RSRP在[-115;-110)范围内的MR数目 | E24: A | G24: sum(ssrsrp_level2mrcount) | J24: 指标 | K24: 无 | L24: >=0
B25: ssrsrp_level3mrcount | C25: bigint | D25: SS-RSRP在[-110;-105)范围内的MR数目 | E25: A | G25: sum(ssrsrp_level3mrcount) | J25: 指标 | K25: 无 | L25: >=0
B26: ssrsrp_level4mrcount | C26: bigint | D26: SS-RSRP在[-105;-100)范围内的MR数目 | E26: A | G26: sum(ssrsrp_level4mrcount) | J26: 指标 | K26: 无 | L26: >=0
B27: ssrsrp_level5mrcount | C27: bigint | D27: SS-RSRP在[-100;-95)范围内的MR数目 | E27: A | G27: sum(ssrsrp_level5mrcount) | J27: 指标 | K27: 无 | L27: >=0
B28: ssrsrp_level6mrcount | C28: bigint | D28: SS-RSRP在[-95;-90)范围内的MR数目 | E28: A | G28: sum(ssrsrp_level6mrcount) | J28: 指标 | K28: 无 | L28: >=0
B29: ssrsrp_level7mrcount | C29: bigint | D29: SS-RSRP在[-90;-85)范围内的MR数目 | E29: A | G29: sum(ssrsrp_level7mrcount) | J29: 指标 | K29: 无 | L29: >=0
B30: ssrsrp_level8mrcount | C30: bigint | D30: SS-RSRP在[-85;-80)范围内的MR数目 | E30: A | G30: sum(ssrsrp_level8mrcount) | J30: 指标 | K30: 无 | L30: >=0
B31: ssrsrp_level9mrcount | C31: bigint | D31: SS-RSRP在[-80;-75)范围内的MR数目 | E31: A | G31: sum(ssrsrp_level9mrcount) | J31: 指标 | K31: 无 | L31: 0
B32: ssrsrp_level10mrcount | C32: bigint | D32: SS-RSRP在[-75;-70)范围内的MR数目 | E32: A | G32: sum(ssrsrp_level10mrcount) | J32: 指标 | K32: 无 | L32: 0
B33: ssrsrp_level11mrcount | C33: bigint | D33: SS-RSRP在[-70;-65)范围内的MR数目 | E33: A | G33: sum(ssrsrp_level11mrcount) | J33: 指标 | K33: 无 | L33: >=0
B34: ssrsrp_level12mrcount | C34: bigint | D34: SS-RSRP在[-65;+∞)范围内的MR数目 | E34: A | G34: sum(ssrsrp_level12mrcount) | J34: 指标 | K34: 无 | L34: <0
B35: ssrsrqcount | C35: bigint | D35: SS-RSRQ计数 | E35: A | G35: sum(ssrsrqcount) | J35: 指标 | K35: 无 | L35: [-156,-29]
B36: totalssrsrq | C36: double | D36: 总SS-RSRQ值 | E36: A | G36: sum(totalssrsrq) | J36: 指标 | K36: 无 | L36: >=0
B37: sssinrcount | C37: bigint | D37: SS-SINR计数 | E37: A | G37: sum(sssinrcount) | J37: 指标 | K37: 无 | L37: >=0
B38: totalsssinr | C38: double | D38: 总SS-SINR值 | E38: A | G38: sum(totalsssinr) | J38: 指标 | K38: 无 | L38: >=0
B39: totaltadv | C39: bigint | D39: 总tadv值 | E39: A | G39: sum(totaltadv) | J39: 指标 | K39: 无 | L39: >=0
B40: tadvcount | C40: bigint | D40: tadv计数 | E40: A | G40: sum(tadvcount) | J40: 指标 | K40: 无 | L40: >=0
B41: p_provincecode | C41: int | D41: 省分区
B42: p_date | C42: string | D42: 日期分区
B43: p_hour | C43: int | D43: 小时分区

Sheet 25
B1: =HYPERLINK("#导航!a2","返回") -> 返回
B3: 目标表基本信息描述
B4: 主题域 | C4: 目标表英文名 | D4: 目标表中文名 | E4: 数据频度 | F4: 模型主键 | G4: 数据描述 | H4: 推送数据库
B5: 覆盖分析 | C5: aggr_nr_coverage_grd_refactor_h | D5: 5G MR栅格小时表 | E5: hour
B7: 源表基本信息描述
B8: 来源系统 | C8: 源表英文名 | D8: 源表中文名 | E8: 别名 | F8: 任务描述 | G8: 备注 | H8: 是否主表
C9: aggr_nr_coverage_celgrd_refactor_h | D9: 5G MR小区栅格小时表 | E9: A
B12: 详细字段信息
B13: 详细字段信息
B14: PDM字段英文名 | C14: PDM字段类型 | D14: PDM字段中文名（说明） | E14: 源表名 | F14: 源字段英文名 | G14: 算法加工逻辑 | H14: 关联与过滤条件 | I14: 备注 | J14: 字段属性 | K14: 单位 | L14: 取值范围
B15: day | C15: string | D15: 日期 | E15: A | F15: p_date | G15: 直取 | J15: 维度 | K15: 无 | L15: 无
B16: hour | C16: int | D16: 小时 | E16: A | F16: p_hour | G16: 直取 | J16: 维度 | K16: 无 | L16: 无
B17: data_source | C17: int | D17: 数据源类型 0：电信独享_电信用户 1：电信共享_电信用户 2：电信共享_联通用户 3：联通共享_电信用户 4：联通共享_联通用户 | E17: A | F17: data_source | G17: 直取 | J17: 维度 | K17: 无 | L17: 无
B18: plmn | C18: string | D18: UE接入NR服务小区的PLMN(公共陆地移动网) | E18: A | F18: plmn | G18: 直取 | J18: 维度 | K18: 无 | L18: 无
B19: regionid | C19: int | D19: RegionID | E19: A | F19: regionid | G19: 直取 | J19: 维度 | K19: 无 | L19: 无
B20: x_offset_20 | C20: int | D20: 栅格坐标x轴偏移 | E20: A | F20: x_offset_20 | G20: 直取 | J20: 维度 | K20: 无 | L20: 无
B21: y_offset_20 | C21: int | D21: 栅格坐标y轴偏移 | E21: A | F21: y_offset_20 | G21: 直取 | J21: 维度 | K21: 无 | L21: 无
B22: provincecode | C22: int | D22: 省编码 | E22: A | F22: provincecode | G22: 直取 | J22: 维度 | K22: 无 | L22: 无
B23: citycode | C23: int | D23: 城市编码 | E23: A | F23: citycode | G23: 直取 | J23: 维度 | K23: 无 | L23: 无
B24: districtcode | C24: int | D24: 区县编码 | E24: A | F24: districtcode | G24: 直取 | J24: 维度 | K24: 无 | L24: 无
B25: province | C25: string | D25: 省名称 | E25: A | F25: province | G25: 直取 | J25: 维度 | K25: 无 | L25: 无
B26: city | C26: string | D26: 城市名称 | E26: A | F26: city | G26: 直取 | J26: 维度 | K26: 无 | L26: 无
... B29: center_lat | C29: double | D29: 栅格中心纬度 | E29: A | F29: center_lat | G29: 直取 | J29: 维度 | K29: 无 | L29: [2,54]
B30: period_totalmrcount | C30: bigint | D30: 周期性MR采样点数量 | E30: A | G30: sum(period_totalmrcount) | J30: 指标 | K30: 无 | L30: >=0
B31: rsrp_cnt | C31: bigint | D31: SS-RSRP计数 | E31: A | G31: sum(ssrsrpcount) | J31: 指标 | K31: 无 | L31: >=0
B32: rsrp_total | C32: bigint | D32: 总SS-RSRP值 | E32: A | G32: sum(totalssrsrp) | J32: 指标 | K32: 无 | L32: <0
B33: rsrp_avg | C33: double | D33: 平均SS-RSRP值 | E33: A | G33: sum(totalssrsrp)/sum(ssrsrpcount) | J33: 指标 | K33: 无 | L33: [-156,-29]
B34: rsrp_cnt_f156_f115 | C34: bigint | D34: SS-RSRP在(-∞;-115)范围内的MR数目 | E34: A | G34: sum(ssrsrp_level1mrcount) | J34: 指标 | K34: 无 | L34: >=0
B35: rsrp_cnt_f115_f110 | C35: bigint | D35: SS-RSRP在[-115;-110)范围内的MR数目 | E35: A | G35: sum(ssrsrp_level2mrcount) | J35: 指标 | K35: 无 | L35: >=0
B36: rsrp_cnt_f110_f105 | C36: bigint | D36: SS-RSRP在[-110;-105)范围内的MR数目 | E36: A | G36: sum(ssrsrp_level3mrcount) | J36: 指标 | K36: 无 | L36: >=0
B37: rsrp_cnt_f105_f100 | C37: bigint | D37: SS-RSRP在[-105;-100)范围内的MR数目 | E37: A | G37: sum(ssrsrp_level4mrcount) | J37: 指标 | K37: 无 | L37: >=0
B38: rsrp_cnt_f100_f95 | C38: bigint | D38: SS-RSRP在[-100;-95)范围内的MR数目 | E38: A | G38: sum(ssrsrp_level5mrcount) | J38: 指标 | K38: 无 | L38: >=0
B39: rsrp_cnt_f95_f90 | C39: bigint | D39: SS-RSRP在[-95;-90)范围内的MR数目 | E39: A | G39: sum(ssrsrp_level6mrcount) | J39: 指标 | K39: 无 | L39: >=0
B40: rsrp_cnt_f90_f85 | C40: bigint | D40: SS-RSRP在[-90;-85)范围内的MR数目 | E40: A | G40: sum(ssrsrp_level7mrcount) | J40: 指标 | K40: 无 | L40: >=0
B41: rsrp_cnt_f85_f80 | C41: bigint | D41: SS-RSRP在[-85;-80)范围内的MR数目 | E41: A | G41: sum(ssrsrp_level8mrcount) | J41: 指标 | K41: 无 | L41: >=0
... B99: validrsrp_sinr_cnt | C99: bigint | D99: RSRP且SINR有效采样点个数 | E99: A | G99: sum(validrsrp_sinr_cnt) | J99: 指标 | K99: 无 | L99: >=0
B100: p_provincecode | C100: int | D100: 省分区
B101: p_date | C101: string | D101: 日期分区
B102: p_hour | C102: int | D102: 小时分区

Sheet 26
B1: =HYPERLINK("#导航!a2","返回") -> 返回
B3: 目标表基本信息描述
B4: 主题域 | C4: 目标表英文名 | D4: 目标表中文名 | E4: 数据频度 | F4: 模型主键 | G4: 数据描述 | H4: 推送数据库
B5: 覆盖分析 | C5: aggr_nr_coverage_celgrd_refactor_d | D5: 5G MR小区栅格天表 | E5: day
B7: 源表基本信息描述
B8: 来源系统 | C8: 源表英文名 | D8: 源表中文名 | E8: 别名 | F8: 任务描述 | G8: 备注 | H8: 是否主表
C9: aggr_nr_coverage_celgrd_refactor_h | D9: 5G MR小区栅格覆盖指标小时表 | E9: A | H9: 是
B12: 详细字段信息
B13: 详细字段信息
B14: PDM字段英文名 | C14: PDM字段类型 | D14: PDM字段中文名（说明） | E14: 源表名 | F14: 源字段英文名 | G14: 算法加工逻辑 | H14: 关联与过滤条件 | I14: 备注 | J14: 字段属性 | K14: 单位 | L14: 取值范围
B15: day | C15: string | D15: 日期 | E15: A | F15: p_date | G15: 直取 | J15: 维度 | K15: 无 | L15: 无
B16: cellkey | C16: string | D16: 小区唯一标识 | E16: A | F16: cellkey | G16: 直取 | J16: 维度 | K16: 无 | L16: 无
B17: arfcn | C17: bigint | D17: 频点 | E17: A | F17: arfcn | G17: 直取 | J17: 维度 | K17: 无 | L17: 无
B18: plmn | C18: string | D18: UE接入NR服务小区的PLMN(公共陆地移动网) | E18: A | F18: plmn | G18: 直取 | J18: 维度 | K18: 无 | L18: 无
B19: rattypeid | C19: int | D19: 频点所属制式 | E19: A | F19: rattypeid | G19: 直取 | J19: 维度 | K19: 无 | L19: 无
B20: regionid | C20: int | D20: RegionID | E20: A | F20: regionid | G20: 直取 | J20: 维度 | K20: 无 | L20: 无
B21: x_offset_20 | C21: int | D21: 栅格坐标x轴偏移 | E21: A | F21: x_offset_20 | G21: 直取 | J21: 维度 | K21: 无 | L21: 无
B22: y_offset_20 | C22: int | D22: 栅格坐标y轴偏移 | E22: A | F22: y_offset_20 | G22: 直取 | J22: 维度 | K22: 无 | L22: 无
B23: provincecode | C23: int | D23: 省编码 | E23: A | F23: provincecode | G23: 直取 | J23: 维度 | K23: 无 | L23: 无
B24: citycode | C24: int | D24: 城市编码 | E24: A | F24: citycode | G24: 直取 | J24: 维度 | K24: 无 | L24: 无
B25: districtcode | C25: int | D25: 区县编码 | E25: A | F25: districtcode | G25: 直取 | J25: 维度 | K25: 无 | L25: 无
B26: totalmrlon | C26: double | D26: MR经度总值 | E26: A | G26: sum(totalmrlon) | J26: 指标 | K26: 无 | L26: >0
B27: totalmrlat | C27: double | D27: MR纬度总值 | E27: A | G27: sum(totalmrlat) | J27: 指标 | K27: 无 | L27: >0
B28: center_lon | C28: double | D28: 栅格中心经度 | E28: A | F28: center_lon | G28: 直取 | J28: 维度 | K28: 无 | L28: 无
B29: center_lat | C29: double | D29: 栅格中心纬度 | E29: A | F29: center_lat | G29: 直取 | J29: 维度 | K29: 无 | L29: 无
B30: validlonlat_totalmrcount | C30: bigint | D30: 经纬度有效的MR数目 | E30: A | G30: sum(validlonlat_totalmrcount) | J30: 指标 | K30: 无 | L30: >=0
B31: celmr_totaldis | C31: bigint | D31: 小区MR总距离 | E31: A | G31: sum(celmr_totaldis) | J31: 指标 | K31: 无 | L31: >=0
B32: celmr_discount | C32: bigint | D32: 小区MR有效距离计数 | E32: A | G32: sum(celmr_discount) | J32: 指标 | K32: 无 | L32: >=0
B33: celmr_avgdis | C33: double | D33: 小区MR平均距离 | E33: A | G33: sum(celmr_totaldis)/sum(celmr_discount) | J33: 指标 | K33: 无 | L33: >=0
B34: period_totalmrcount | C34: bigint | D34: MRO_MR计数 | E34: A | G34: sum(period_totalmrcount) | J34: 指标 | K34: 无 | L34: >=0
B35: mdt_totalmrcount | C35: bigint | D35: MDT_MR计数 | E35: A | G35: 置0 | J35: 指标 | K35: 无 | L35: 0
B36: event_totalmrcount | C36: bigint | D36: MRE_MR计数 | E36: A | G36: 置0 | J36: 指标 | K36: 无 | L36: 0
B37: ssrsrpcount | C37: bigint | D37: SS-RSRP计数 | E37: A | G37: sum(ssrsrpcount) | J37: 指标 | K37: 无 | L37: >=0
B38: totalssrsrp | C38: bigint | D38: 总SS-RSRP值 | E38: A | G38: sum(totalssrsrp) | J38: 指标 | K38: 无 | L38: <0
B39: avgssrsrp | C39: double | D39: 平均SS-RSRP值 | E39: A | G39: sum(totalssrsrp)/sum(ssrsrpcount) | J39: 指标 | K39: 无 | L39: [-156,-29]
B40: ssrsrp_level1mrcount | C40: bigint | D40: SS-RSRP在(-∞;-115)范围内的MR数目 | E40: A | G40: sum(ssrsrp_level1mrcount) | J40: 指标 | K40: 无 | L40: >=0
B41: ssrsrp_level2mrcount | C41: bigint | D41: SS-RSRP在[-115;-110)范围内的MR数目 | E41: A | G41: sum(ssrsrp_level2mrcount) | J41: 指标 | K41: 无 | L41: >=0
B42: ssrsrp_level3mrcount | C42: bigint | D42: SS-RSRP在[-110;-105)范围内的MR数目 | E42: A | G42: sum(ssrsrp_level3mrcount) | J42: 指标 | K42: 无 | L42: >=0
B43: ssrsrp_level4mrcount | C43: bigint | D43: SS-RSRP在[-105;-100)范围内的MR数目 | E43: A | G43: sum(ssrsrp_level4mrcount) | J43: 指标 | K43: 无 | L43: >=0
B44: ssrsrp_level5mrcount | C44: bigint | D44: SS-RSRP在[-100;-95)范围内的MR数目 | E44: A | G44: sum(ssrsrp_level5mrcount) | J44: 指标 | K44: 无 | L44: >=0
B45: ssrsrp_level6mrcount | C45: bigint | D45: SS-RSRP在[-95;-90)范围内的MR数目 | E45: A | G45: sum(ssrsrp_level6mrcount) | J45: 指标 | K45: 无 | L45: >=0
B46: ssrsrp_level7mrcount | C46: bigint | D46: SS-RSRP在[-90;-85)范围内的MR数目 | E46: A | G46: sum(ssrsrp_level7mrcount) | J46: 指标 | K46: 无 | L46: >=0
B47: ssrsrp_level8mrcount | C47: bigint | D47: SS-RSRP在[-85;-80)范围内的MR数目 | E47: A | G47: sum(ssrsrp_level8mrcount) | J47: 指标 | K47: 无 | L47: >=0
B48: ssrsrp_level9mrcount | C48: bigint | D48: SS-RSRP在[-80;-75)范围内的MR数目 | E48: A | G48: sum(ssrsrp_level9mrcount) | J48: 指标 | K48: 无 | L48: >=0
... B100: compgoodcovernum | C100: bigint | D100: 综合良好覆盖MR数 | E100: A | G100: sum(compgoodcovernum) | J100: 指标 | K100: 无 | L100: >=0
B101: left_up_lon | C101: double | D101: 栅格左上角经度 | E101: A | F101: left_up_lon | G101: 直取 | J101: 维度 | K101: 无 | L101: 无
B102: left_up_lat | C102: double | D102: 栅格左上角维度 | E102: A | F102: left_up_lat | G102: 直取 | J102: 维度 | K102: 无 | L102: 无
B103: right_down_lon | C103: double | D103: 栅格右下角经度 | E103: A | F103: right_down_lon | G103: 直取 | J103: 维度 | K103: 无 | L103: 无
B104: right_down_lat | C104: double | D104: 栅格右下角维度 | E104: A | F104: right_down_lat | G104: 直取 | J104: 维度 | K104: 无 | L104: 无
B105: mod30interfer_avgrsrp | C105: double | D105: MOD30平均RSRP | E105: A | G105: sum(mod30interfer_totalrsrp)/sum(mod30interfer_mrcount) | J105: 指标 | K105: 无 | L105: [-156,-29]
B106: mod30interfer_mrcount | C106: bigint | D106: MOD30采样点数量 | E106: A | G106: sum(mod30interfer_mrcount) | J106: 指标 | K106: 无 | L106: >=0
B107: mod30interfer_mrratio | C107: float | D107: MOD30采样点占比 | E107: A | G107: sum(mod30interfer_mrcount)/sum(ssrsrpcount) | J107: 指标 | K107: 无 | L107: [0,1]
B108: mod30interfer_totalrsrp | C108: bigint | D108: MOD30总RSRP | E108: A | G108: sum(mod30interfer_totalrsrp) | J108: 指标 | K108: 无 | L108: <0
B109: rsrp95_sinrf3 | C109: bigint | D109: rsrp≥-95且SINR≥-3的采样点个数 | E109: A | G109: sum(rsrpf95_sinrf3_cnt) | J109: 指标 | K109: 无 | L109: >=0
B110: rsrp95_sinr0 | C110: bigint | D110: rsrp≥-95且SINR≥0的采样点个数 | E110: A | G110: sum(rsrpf95_sinr0_cnt) | J110: 指标 | K110: 无 | L110: >=0
B111: rsrp95_sinr3 | C111: bigint | D111: rsrp≥-95且SINR≥3的采样点个数 | E111: A | G111: sum(rsrpf95_sinr3_cnt) | J111: 指标 | K111: 无 | L111: >=0
B112: rsrp95_sinr10 | C112: bigint | D112: rsrp≥-95且SINR≥10的采样点个数 | E112: A | G112: sum(rsrpf95_sinr10_cnt) | J112: 指标 | K112: 无 | L112: >=0
B113: rsrp100_sinrf3 | C113: bigint | D113: rsrp≥-100且SINR≥-3的采样点个数 | E113: A | G113: sum(rsrpf100_sinrf3_cnt) | J113: 指标 | K113: 无 | L113: >=0
B114: rsrp100_sinr0 | C114: bigint | D114: rsrp≥-100且SINR≥0的采样点个数 | E114: A | G114: sum(rsrpf100_sinr0_cnt) | J114: 指标 | K114: 无 | L114: >=0
B115: rsrp100_sinr3 | C115: bigint | D115: rsrp≥-100且SINR≥3的采样点个数 | E115: A | G115: sum(rsrpf100_sinr3_cnt) | J115: 指标 | K115: 无 | L115: >=0
B116: rsrp105_sinrf3 | C116: bigint | D116: rsrp≥-105且SINR≥-3的采样点个数 | E116: A | G116: sum(rsrpf105_sinrf3_cnt) | J116: 指标 | K116: 无 | L116: >=0
... B144: tadv_up_9984 | C144: bigint | D144: 距离在＞9984米内的采样点个数 | E144: A | G144: sum(ta_cnt_up_255) | J144: 指标 | K144: 无 | L144: >=0
B145: data_source | C145: int | D145: 数据源类型 0：电信独享_电信用户 1：电信共享_电信用户 2：电信共享_联通用户 3：联通共享_电信用户 4：联通共享_联通用户 | E145: A | F145: data_source | G145: 直取 | I145: 新增字段 | J145: 维度 | K145: 无 | L145: 无
B146: province | C146: string | D146: 省名称 | E146: A | F146: province | G146: 直取 | I146: 新增字段 | J146: 维度 | K146: 无 | L146: 无
B147: city | C147: string | D147: 城市名称 | E147: A | F147: city | G147: 直取 | I147: 新增字段 | J147: 维度 | K147: 无 | L147: 无
B148: district | C148: string | D148: 区县名称 | E148: A | F148: district | G148: 直取 | I148: 新增字段 | J148: 维度 | K148: 无 | L148: 无
B149: vendor | C149: string | D149: 厂家 | E149: A | F149: vendor | G149: 直取 | I149: 新增字段 | J149: 维度 | K149: 无 | L149: 无
B150: freq | C150: string | D150: 频段 | E150: A | F150: freq | G150: 直取 | I150: 新增字段 | J150: 维度 | K150: 无 | L150: 无
B151: bad_mr_cnt | C151: bigint | D151: 质差MR采样点数量 | E151: A | G151: sum(bad_mr_cnt) | I151: 新增字段 | J151: 指标 | K151: 无 | L151: >=0
B152: ulsinr_cnt_20_41 | C152: bigint | D152: ULSINR在[20;+∞)范围内的MR数目 | E152: A | G152: sum(ulsinr_cnt_20_41) | I152: 新增字段 | J152: 指标 | K152: 无 | L152: >=0
B153: ulsinr_cnt_15_20 | C153: bigint | D153: ULSINR在[15;20)范围内的MR数目 | E153: A | G153: sum(ulsinr_cnt_15_20) | I153: 新增字段 | J153: 指标 | K153: 无 | L153: >=0
B154: ulsinr_cnt_10_15 | C154: bigint | D154: ULSINR在[10;15)范围内的MR数目 | E154: A | G154: sum(ulsinr_cnt_10_15) | I154: 新增字段 | J154: 指标 | K154: 无 | L154: >=0
B155: ulsinr_cnt_5_10 | C155: bigint | D155: ULSINR在[5;10)范围内的MR数目 | E155: A | G155: sum(ulsinr_cnt_5_10) | I155: 新增字段 | J155: 指标 | K155: 无 | L155: >=0
B156: ulsinr_cnt_0_5 | C156: bigint | D156: ULSINR在[0;5)范围内的MR数目 | E156: A | G156: sum(ulsinr_cnt_0_5) | I156: 新增字段 | J156: 指标 | K156: 无 | L156: >=0
B157: ulsinr_cnt_f3_0 | C157: bigint | D157: ULSINR在[-3;0)范围内的MR数目 | E157: A | G157: sum(ulsinr_cnt_f3_0) | I157: 新增字段 | J157: 指标 | K157: 无 | L157: >=0
B158: ulsinr_cnt_f23_f3 | C158: bigint | D158: ULSINR在(-∞;-3)范围内的MR数目 | E158: A | G158: sum(ulsinr_cnt_f23_f3) | I158: 新增字段 | J158: 指标 | K158: 无 | L158: >=0
B159: ta_total | C159: bigint | D159: TA总值 | E159: A | G159: sum(ta_total) | I159: 新增字段 | J159: 指标 | K159: 无 | L159: >=0
B160: ta_cnt | C160: bigint | D160: TA采样点数量 | E160: A | G160: sum(ta_cnt) | I160: 新增字段 | J160: 指标 | K160: 无 | L160: >=0
B161: ta_avg | C161: double | D161: TA平均值 | E161: A | G161: sum(ta_total)/sum(ta_cnt) | I161: 新增字段 | J161: 指标 | K161: 无 | L161: >=0
B162: ta_cnt_0_3 | C162: bigint | D162: TA在[0;3)范围内的MR数目 | E162: A | G162: sum(ta_cnt_0_3) | I162: 新增字段 | J162: 指标 | K162: 无 | L162: >=0
... B170: mod30interfer_custom_totalrsrp | C170: bigint | D170: 自定义MOD30干扰采样点总RSRP值 | E170: B | G170: sum(mod30interfer_custom_totalrsrp) | I170: 新增字段 | J170: 指标 | K170: 无 | L170: <0
B171: p_provincecode | C171: int | D171: 省分区
B172: p_date | C172: string | D172: 天分区

Sheet 27
B1: =HYPERLINK("#导航!a2","返回") -> 返回
B3: 目标表基本信息描述
B4: 主题域 | C4: 目标表英文名 | D4: 目标表中文名 | E4: 数据频度 | F4: 模型主键 | G4: 数据描述 | H4: 推送数据库
B5: 覆盖分析 | C5: aggr_nr_coverage_cel_refactor_d | D5: 5G MR小区天表 | E5: day
B7: 源表基本信息描述
B8: 来源系统 | C8: 源表英文名 | D8: 源表中文名 | E8: 别名 | F8: 任务描述 | G8: 备注 | H8: 是否主表
C9: aggr_nr_coverage_celgrd_refactor_d | D9: 5G MR小区栅格天表 | E9: A | H9: 是
B12: 详细字段信息
B13: 详细字段信息
B14: PDM字段英文名 | C14: PDM字段类型 | D14: PDM字段中文名（说明） | E14: 源表名 | F14: 源字段英文名 | G14: 算法加工逻辑 | H14: 关联与过滤条件 | I14: 备注 | J14: 字段属性 | K14: 单位 | L14: 取值范围
B15: day | C15: string | D15: 日期 | E15: A | F15: p_date | G15: 直取 | J15: 维度 | K15: 无 | L15: 无
B16: cellkey | C16: string | D16: 小区唯一标识 | E16: A | F16: cellkey | G16: 直取 | J16: 维度 | K16: 无 | L16: 无
B17: arfcn | C17: bigint | D17: 频点 | E17: A | F17: arfcn | G17: 直取 | J17: 维度 | K17: 无 | L17: 无
B18: plmn | C18: string | D18: UE接入NR服务小区的PLMN(公共陆地移动网) | E18: A | F18: plmn | G18: 直取 | J18: 维度 | K18: 无 | L18: 无
B19: rattypeid | C19: int | D19: 频点所属制式 | E19: A | F19: rattypeid | G19: 直取 | J19: 维度 | K19: 无 | L19: 无
B20: provincecode | C20: int | D20: 省编码 | E20: A | F20: provincecode | G20: 直取 | J20: 维度 | K20: 无 | L20: 无
B21: citycode | C21: int | D21: 城市编码 | E21: A | F21: citycode | G21: 直取 | J21: 维度 | K21: 无 | L21: 无
B22: districtcode | C22: int | D22: 区县编码 | E22: A | F22: districtcode | G22: 直取 | J22: 维度 | K22: 无 | L22: 无
B23: totalmrlon | C23: double | D23: MR经度总值 | E23: A | F23: totalmrlon | G23: sum(totalmrlon) | J23: 指标 | K23: 无 | L23: >0
B24: totalmrlat | C24: double | D24: MR纬度总值 | E24: A | F24: totalmrlat | G24: sum(totalmrlat) | J24: 指标 | K24: 无 | L24: >0
B25: validlonlat_totalmrcount | C25: bigint | D25: 经纬度有效的MR数目 | E25: A | F25: validlonlat_totalmrcount | G25: sum(validlonlat_totalmrcount) | J25: 指标 | K25: 无 | L25: >=0
B26: celmr_totaldis | C26: bigint | D26: 小区MR总距离 | E26: A | F26: celmr_totaldis | G26: sum(celmr_totaldis) | J26: 指标 | K26: 无 | L26: >=0
... B29: period_totalmrcount | C29: bigint | D29: MRO_MR计数 | E29: A | F29: period_totalmrcount | G29: sum(period_totalmrcount) | J29: 指标 | K29: 无 | L29: >=0
B30: mdt_totalmrcount | C30: bigint | D30: MDT_MR计数 | E30: A | F30: mdt_totalmrcount | G30: 置0 | J30: 指标 | K30: 无 | L30: 0
B31: event_totalmrcount | C31: bigint | D31: MRE_MR计数 | E31: A | F31: event_totalmrcount | G31: 置0 | J31: 指标 | K31: 无 | L31: 0
B32: ssrsrpcount | C32: bigint | D32: SS-RSRP计数 | E32: A | F32: ssrsrpcount | G32: sum(ssrsrpcount) | J32: 指标 | K32: 无 | L32: >=0
B33: totalssrsrp | C33: bigint | D33: 总SS-RSRP值 | E33: A | F33: totalssrsrp | G33: sum(totalssrsrp) | J33: 指标 | K33: 无 | L33: <0
B34: avgssrsrp | C34: double | D34: 平均SS-RSRP值 | E34: A | F34: avgssrsrp | G34: sum(totalssrsrp)/sum(ssrsrpcount) | J34: 指标 | K34: 无 | L34: [-156,-29]
B35: ssrsrp_level1mrcount | C35: bigint | D35: SS-RSRP在(-∞;-115)范围内的MR数目 | E35: A | F35: ssrsrp_level1mrcount | G35: sum(ssrsrp_level1mrcount) | J35: 指标 | K35: 无 | L35: >=0
B36: ssrsrp_level2mrcount | C36: bigint | D36: SS-RSRP在[-115;-110)范围内的MR数目 | E36: A | F36: ssrsrp_level2mrcount | G36: sum(ssrsrp_level2mrcount) | J36: 指标 | K36: 无 | L36: >=0
B37: ssrsrp_level3mrcount | C37: bigint | D37: SS-RSRP在[-110;-105)范围内的MR数目 | E37: A | F37: ssrsrp_level3mrcount | G37: sum(ssrsrp_level3mrcount) | J37: 指标 | K37: 无 | L37: >=0
B38: ssrsrp_level4mrcount | C38: bigint | D38: SS-RSRP在[-105;-100)范围内的MR数目 | E38: A | F38: ssrsrp_level4mrcount | G38: sum(ssrsrp_level4mrcount) | J38: 指标 | K38: 无 | L38: >=0
B39: ssrsrp_level5mrcount | C39: bigint | D39: SS-RSRP在[-100;-95)范围内的MR数目 | E39: A | F39: ssrsrp_level5mrcount | G39: sum(ssrsrp_level5mrcount) | J39: 指标 | K39: 无 | L39: >=0
B40: ssrsrp_level6mrcount | C40: bigint | D40: SS-RSRP在[-95;-90)范围内的MR数目 | E40: A | F40: ssrsrp_level6mrcount | G40: sum(ssrsrp_level6mrcount) | J40: 指标 | K40: 无 | L40: >=0
B41: ssrsrp_level7mrcount | C41: bigint | D41: SS-RSRP在[-90;-85)范围内的MR数目 | E41: A | F41: ssrsrp_level7mrcount | G41: sum(ssrsrp_level7mrcount) | J41: 指标 | K41: 无 | L41: >=0
B42: ssrsrp_level8mrcount | C42: bigint | D42: SS-RSRP在[-85;-80)范围内的MR数目 | E42: A | F42: ssrsrp_level8mrcount | G42: sum(ssrsrp_level8mrcount) | J42: 指标 | K42: 无 | L42: >=0
B43: ssrsrp_level9mrcount | C43: bigint | D43: SS-RSRP在[-80;-75)范围内的MR数目 | E43: A | F43: ssrsrp_level9mrcount | G43: sum(ssrsrp_level9mrcount) | J43: 指标 | K43: 无 | L43: >=0
... B131: tadv_up_9984 | C131: bigint | D131: 距离在＞9984米内的采样点个数 | E131: A | F131: tadv_up_9984 | G131: sum(tadv_up_9984) | J131: 指标 | K131: 无 | L131: >=0
B132: data_source | C132: int | D132: 数据源类型 0：电信独享_电信用户 1：电信共享_电信用户 2：电信共享_联通用户 3：联通共享_电信用户 4：联通共享_联通用户 | E132: A | F132: data_source | G132: 直取 | I132: 新增字段 | J132: 维度 | K132: 无 | L132: 无
B133: province | C133: string | D133: 省名称 | E133: A | F133: province | G133: 直取 | I133: 新增字段 | J133: 维度 | K133: 无 | L133: 无
B134: city | C134: string | D134: 城市名称 | E134: A | F134: city | G134: 直取 | I134: 新增字段 | J134: 维度 | K134: 无 | L134: 无
B135: district | C135: string | D135: 区县名称 | E135: A | F135: district | G135: 直取 | I135: 新增字段 | J135: 维度 | K135: 无 | L135: 无
B136: vendor | C136: string | D136: 厂家 | E136: A | F136: vendor | G136: 直取 | I136: 新增字段 | J136: 维度 | K136: 无 | L136: 无
B137: freq | C137: string | D137: 频段 | E137: A | F137: freq | G137: 直取 | I137: 新增字段 | J137: 维度 | K137: 无 | L137: 无
B138: mod30interfer_avgrsrp | C138: double | D138: MOD30平均RSRP | E138: A | G138: sum(mod30interfer_totalrsrp)/sum(mod30interfer_mrcount) | I138: 新增字段 | J138: 指标 | K138: 无 | L138: [-156,-29]
B139: mod30interfer_mrcount | C139: bigint | D139: MOD30采样点数量 | E139: A | G139: sum(mod30interfer_mrcount) | I139: 新增字段 | J139: 指标 | K139: 无 | L139: >=0
B140: mod30interfer_mrratio | C140: float | D140: MOD30采样点占比 | E140: A | G140: sum(mod30interfer_mrcount)/sum(ssrsrpcount) | I140: 新增字段 | J140: 指标 | K140: 无 | L140: [0,1]
B141: mod30interfer_totalrsrp | C141: bigint | D141: MOD30总RSRP | E141: A | G141: sum(mod30interfer_totalrsrp) | I141: 新增字段 | J141: 指标 | K141: 无 | L141: <0
B142: bad_mr_cnt | C142: bigint | D142: 质差MR采样点数量 | E142: A | G142: sum(bad_mr_cnt) | I142: 新增字段 | J142: 指标 | K142: 无 | L142: >=0
B143: ulsinr_cnt_20_41 | C143: bigint | D143: ULSINR在[20;+∞)范围内的MR数目 | E143: A | G143: sum(ulsinr_cnt_20_41) | I143: 新增字段 | J143: 指标 | K143: 无 | L143: >=0
B144: ulsinr_cnt_15_20 | C144: bigint | D144: ULSINR在[15;20)范围内的MR数目 | E144: A | G144: sum(ulsinr_cnt_15_20) | I144: 新增字段 | J144: 指标 | K144: 无 | L144: >=0
B145: ulsinr_cnt_10_15 | C145: bigint | D145: ULSINR在[10;15)范围内的MR数目 | E145: A | G145: sum(ulsinr_cnt_10_15) | I145: 新增字段 | J145: 指标 | K145: 无 | L145: >=0
B146: ulsinr_cnt_5_10 | C146: bigint | D146: ULSINR在[5;10)范围内的MR数目 | E146: A | G146: sum(ulsinr_cnt_5_10) | I146: 新增字段 | J146: 指标 | K146: 无 | L146: >=0
B147: ulsinr_cnt_0_5 | C147: bigint | D147: ULSINR在[0;5)范围内的MR数目 | E147: A | G147: sum(ulsinr_cnt_0_5) | I147: 新增字段 | J147: 指标 | K147: 无 | L147: >=0
B148: ulsinr_cnt_f3_0 | C148: bigint | D148: ULSINR在[-3;0)范围内的MR数目 | E148: A | G148: sum(ulsinr_cnt_f3_0) | I148: 新增字段 | J148: 指标 | K148: 无 | L148: >=0
B149: ulsinr_cnt_f23_f3 | C149: bigint | D149: ULSINR在(-∞;-3)范围内的MR数目 | E149: A | G149: sum(ulsinr_cnt_f23_f3) | I149: 新增字段 | J149: 指标 | K149: 无 | L149: >=0
... B161: mod30interfer_custom_totalrsrp | C161: bigint | D161: 自定义MOD30干扰采样点总RSRP值 | E161: B | G161: sum(mod30interfer_custom_totalrsrp) | I161: 新增字段 | J161: 指标 | K161: 无 | L161: <0
B162: p_provincecode | C162: int | D162: 省分区
B163: p_date | C163: string | D163: 天分区

Sheet 28
B1: =HYPERLINK("#导航!a2","返回") -> 返回
B3: 目标表基本信息描述
B4: 主题域 | C4: 目标表英文名 | D4: 目标表中文名 | E4: 数据频度 | F4: 模型主键 | G4: 数据描述 | H4: 推送数据库
B5: 覆盖分析 | C5: aggr_nr_coverage_rsrpsinr_cel_d | D5: 5G MR小区RSRP&SINR组合指标天表 | E5: day
B7: 源表基本信息描述
B8: 来源系统 | C8: 源表英文名 | D8: 源表中文名 | E8: 别名 | F8: 任务描述 | G8: 备注 | H8: 是否主表
C9: aggr_nr_coverage_cel_refactor_d | D9: 5G MR小区天表 | E9: A | H9: 是
B12: 详细字段信息
B13: 详细字段信息
B14: PDM字段英文名 | C14: PDM字段类型 | D14: PDM字段中文名（说明） | E14: 源表名 | F14: 源字段英文名 | G14: 算法加工逻辑 | H14: 关联与过滤条件 | I14: 备注 | J14: 字段属性 | K14: 单位 | L14: 取值范围
B15: day | C15: string | D15: 日期 | E15: A | F15: p_date | G15: 直取 | J15: 维度 | K15: 无 | L15: 无
B16: cellkey | C16: string | D16: 小区唯一标识 | E16: A | F16: cellkey | G16: 直取 | J16: 维度 | K16: 无 | L16: 无
B17: arfcn | C17: bigint | D17: 频点 | E17: A | F17: arfcn | G17: 直取 | J17: 维度 | K17: 无 | L17: 无
B18: plmn | C18: string | D18: UE接入NR服务小区的PLMN(公共陆地移动网) | E18: A | F18: plmn | G18: 直取 | J18: 维度 | K18: 无 | L18: 无
B19: rattypeid | C19: int | D19: 频点所属制式 | E19: A | F19: rattypeid | G19: 直取 | J19: 维度 | K19: 无 | L19: 无
B20: provincecode | C20: int | D20: 省编码 | E20: A | F20: provincecode | G20: 直取 | J20: 维度 | K20: 无 | L20: 无
B21: citycode | C21: int | D21: 城市编码 | E21: A | F21: citycode | G21: 直取 | J21: 维度 | K21: 无 | L21: 无
B22: districtcode | C22: int | D22: 区县编码 | E22: A | F22: districtcode | G22: 直取 | J22: 维度 | K22: 无 | L22: 无
B23: tadv_0_78_rsrp95_sinrf3 | C23: bigint | D23: 距离在[0~78]米内rsrp≥-95且SINR≥-3的采样点个数 | E23: A | G23: 置空 | J23: 指标 | K23: 无 | L23: 空
B24: tadv_0_78_rsrp95_sinr3 | C24: bigint | D24: 距离在[0~78]米内rsrp≥-95且SINR≥3的采样点个数 | E24: A | G24: 置空 | J24: 指标 | K24: 无 | L24: 空
B25: tadv_0_78_rsrp105_sinrf3 | C25: bigint | D25: 距离在[0~78]米内rsrp≥-105且SINR≥-3的采样点个数 | E25: A | G25: 置空 | J25: 指标 | K25: 无 | L25: 空
B26: tadv_0_78_rsrp105_sinr3 | C26: bigint | D26: 距离在[0~78]米内rsrp≥-105且SINR≥3的采样点个数 | E26: A | G26: 置空 | J26: 指标 | K26: 无 | L26: 空
B27: tadv_78_156_rsrp95_sinrf3 | C27: bigint | D27: 距离在 (78~156]米内rsrp≥-95且SINR≥-3的采样点个数 | E27: A | G27: 置空 | J27: 指标 | K27: 无 | L27: 空
B28: tadv_78_156_rsrp95_sinr3 | C28: bigint | D28: 距离在 (78~156]米内rsrp≥-95且SINR≥3的采样点个数 | E28: A | G28: 置空 | J28: 指标 | K28: 无 | L28: 空
B29: tadv_78_156_rsrp105_sinrf3 | C29: bigint | D29: 距离在 (78~156]米内rsrp≥-105且SINR≥-3的采样点个数 | E29: A | G29: 置空 | J29: 指标 | K29: 无 | L29: 空
B30: tadv_78_156_rsrp105_sinr3 | C30: bigint | D30: 距离在 (78~156]米内rsrp≥-105且SINR≥3的采样点个数 | E30: A | G30: 置空 | J30: 指标 | K30: 无 | L30: 空
B31: tadv_156_234_rsrp95_sinrf3 | C31: bigint | D31: 距离在 (156~234]米内rsrp≥-95且SINR≥-3的采样点个数 | E31: A | G31: 置空 | J31: 指标 | K31: 无 | L31: 空
B32: tadv_156_234_rsrp95_sinr3 | C32: bigint | D32: 距离在 (156~234]米内rsrp≥-95且SINR≥3的采样点个数 | E32: A | G32: 置空 | J32: 指标 | K32: 无 | L32: 空
B33: tadv_156_234_rsrp105_sinrf3 | C33: bigint | D33: 距离在 (156~234]米内rsrp≥-105且SINR≥-3的采样点个数 | E33: A | G33: 置空 | J33: 指标 | K33: 无 | L33: 空
B34: tadv_156_234_rsrp105_sinr3 | C34: bigint | D34: 距离在 (156~234]米内rsrp≥-105且SINR≥3的采样点个数 | E34: A | G34: 置空 | J34: 指标 | K34: 无 | L34: 空
... B119: validrsrp_sinr_totalmrcount | C119: bigint | D119: rsrq且SINR有效采样点个数 | E119: A | G119: sum(validrsrp_sinr_totalmrcount) | J119: 指标 | K119: 无 | L119: >=0
B120: p_provincecode | C120: int
B121: p_date | C121: string

Sheet 29
B1: =HYPERLINK("#导航!a2","返回") -> 返回
B3: 目标表基本信息描述
B4: 主题域 | C4: 目标表英文名 | D4: 目标表中文名 | E4: 数据频度 | F4: 模型主键 | G4: 数据描述 | H4: 推送数据库
B5: 覆盖分析 | C5: aggr_nr_coverage_cell_share_refactor_d | D5: 5G MR小区共享天表 | E5: day
B7: 源表基本信息描述
B8: 来源系统 | C8: 源表英文名 | D8: 源表中文名 | E8: 别名 | F8: 任务描述 | G8: 备注 | H8: 是否主表
C9: aggr_nr_coverage_cel_refactor_d | D9: 5G MR小区栅格天表 | E9: A | H9: 是
B12: 详细字段信息
B13: 详细字段信息
B14: PDM字段英文名 | C14: PDM字段类型 | D14: PDM字段中文名（说明） | E14: 源表名 | F14: 源字段英文名 | G14: 算法加工逻辑 | H14: 关联与过滤条件 | I14: 备注 | J14: 字段属性 | K14: 单位 | L14: 取值范围
B15: day | C15: string | D15: =VLOOKUP(B15,'27'!B:L,3,0) -> 日期 | F15: p_date | G15: 直取 | J15: 维度 | K15: 无 | L15: 无
B16: cellkey | C16: string | D16: =VLOOKUP(B16,'27'!B:L,3,0) -> 小区唯一标识 | F16: cellkey | G16: 直取 | J16: 维度 | K16: 无 | L16: 无
B17: arfcn | C17: bigint | D17: =VLOOKUP(B17,'27'!B:L,3,0) -> 频点 | F17: arfcn | G17: 直取 | J17: 维度 | K17: 无 | L17: 无
B18: provincecode | C18: int | D18: =VLOOKUP(B18,'27'!B:L,3,0) -> 省编码 | F18: provincecode | G18: 直取 | J18: 维度 | K18: 无 | L18: 无
B19: citycode | C19: int | D19: =VLOOKUP(B19,'27'!B:L,3,0) -> 城市编码 | F19: citycode | G19: 直取 | J19: 维度 | K19: 无 | L19: 无
B20: districtcode | C20: int | D20: =VLOOKUP(B20,'27'!B:L,3,0) -> 区县编码 | F20: districtcode | G20: 直取 | J20: 维度 | K20: 无 | L20: 无
B21: plmn | C21: string | D21: UE接入NR服务小区的PLMN(公共陆地移动网) | F21: plmn | G21: 直取 | J21: 维度 | K21: 无 | L21: 无
B22: rattypeid | C22: int | D22: =VLOOKUP(B22,'27'!B:L,3,0) -> 频点所属制式 | F22: rattypeid | G22: 直取 | J22: 维度 | K22: 无 | L22: 无
B23: data_source | C23: int | D23: =VLOOKUP(B23,'27'!B:L,3,0) -> 数据源类型 0：电信独享_电信用户 1：电信共享_电信用户 2：电信共享_联通用户 3：联通共享_电信用户 4：联通共享_联通用户 | F23: data_source | G23: 直取 | J23: 维度 | K23: 无 | L23: 无
B24: master_operators | C24: string | D24: 承建方 | G24: case when data_source<3 then '电信承建' else '联通承建' end | J24: 维度 | K24: 无 | L24: 无
B25: ne_belong | C25: string | D25: 使用方 | G25: case when PLMN=46001 or PLMN=46031 then '电信' else '联通' end | J25: 维度 | K25: 无 | L25: 无
B26: ssrsrpcount | C26: bigint | D26: =VLOOKUP(B26,'27'!B:L,3,0) -> SS-RSRP计数 | F26: ssrsrpcount | G26: sum(ssrsrpcount) | J26: 指标 | K26: 无 | L26: >=0
B27: totalssrsrp | C27: bigint | D27: =VLOOKUP(B27,'27'!B:L,3,0) -> 总SS-RSRP值 | F27: totalssrsrp | G27: sum(totalssrsrp) | J27: 指标 | K27: 无 | L27: <0
B28: avgssrsrp | C28: double | D28: =VLOOKUP(B28,'27'!B:L,3,0) -> 平均SS-RSRP值 | F28: avgssrsrp | G28: sum(totalssrsrp)/sum(ssrsrpcount) | J28: 指标 | K28: 无 | L28: [-156,-29]
B29: ssrsrqcount | C29: bigint | D29: =VLOOKUP(B29,'27'!B:L,3,0) -> SS-RSRQ计数 | F29: ssrsrqcount | G29: sum(ssrsrqcount) | J29: 指标 | K29: 无 | L29: >=0
B30: totalssrsrq | C30: double | D30: =VLOOKUP(B30,'27'!B:L,3,0) -> 总SS-RSRQ值 | F30: totalssrsrq | G30: sum(totalssrsrq) | J30: 指标 | K30: 无 | L30: (-∞,+∞)
B31: avgssrsrq | C31: double | D31: =VLOOKUP(B31,'27'!B:L,3,0) -> 平均SS-RSRQ值 | F31: avgssrsrq | G31: sum(totalssrsrq)/sum(ssrsrqcount) | J31: 指标 | K31: 无 | L31: [-43,21]
B32: sssinrcount | C32: bigint | D32: =VLOOKUP(B32,'27'!B:L,3,0) -> SS-SINR计数 | F32: sssinrcount | G32: sum(sssinrcount) | J32: 指标 | K32: 无 | L32: >=0
B33: totalsssinr | C33: double | D33: =VLOOKUP(B33,'27'!B:L,3,0) -> 总SS-SINR值 | F33: totalsssinr | G33: sum(totalsssinr) | J33: 指标 | K33: 无 | L33: (-∞,+∞)
B34: avgsssinr | C34: double | D34: =VLOOKUP(B34,'27'!B:L,3,0) -> 平均SS-SINR值 | F34: avgsssinr | G34: sum(totalsssinr)/sum(sssinrcount) | J34: 指标 | K34: 无 | L34: [-23,41]
B35: weakcover_mrcount | C35: bigint | D35: =VLOOKUP(B35,'27'!B:L,3,0) -> 弱覆盖MR总数 | F35: weakcover_mrcount | G35: sum(weakcover_mrcount) | J35: 指标 | K35: 无 | L35: >=0
B36: weakcover_mrratio | C36: float | D36: =VLOOKUP(B36,'27'!B:L,3,0) -> 弱覆盖MR比例 | F36: weakcover_mrratio | G36: sum(weakcover_mrcount)/sum(ssrsrpcount) | J36: 指标 | K36: 无 | L36: [0,1]
B37: overlap_mrcount | C37: bigint | D37: =VLOOKUP(B37,'27'!B:L,3,0) -> 重叠覆盖MR总数 | F37: overlap_mrcount | G37: sum(overlap_mrcount) | J37: 指标 | K37: 无 | L37: >=0
... B40: overshoot_mrratio | C40: float | D40: =VLOOKUP(B40,'27'!B:L,3,0) -> 过覆盖MR比例 | F40: overshoot_mrratio | G40: sum(overshoot_mrcount)/sum(ssrsrpcount) | J40: 指标 | K40: 无 | L40: [0,1]
B41: p_provincecode | C41: int | D41: =VLOOKUP(B41,'27'!B:L,3,0) -> 省分区
B42: p_date | C42: string | D42: =VLOOKUP(B42,'27'!B:L,3,0) -> 天分区

Sheet 30
B1: =HYPERLINK("#导航!a2","返回") -> 返回
B3: 目标表基本信息描述
B4: 主题域 | C4: 目标表英文名 | D4: 目标表中文名 | E4: 数据频度 | F4: 模型主键 | G4: 数据描述 | H4: 推送数据库
B5: 覆盖分析 | C5: aggr_nr_coverage_grd_refactor_d | D5: 5G MR栅格天表 | E5: day
B7: 源表基本信息描述
B8: 来源系统 | C8: 源表英文名 | D8: 源表中文名 | E8: 别名 | F8: 任务描述 | G8: 备注 | H8: 是否主表
C9: aggr_nr_coverage_celgrd_refactor_d | D9: 5G MR小区栅格天表 | E9: A | H9: 是
B12: 详细字段信息
B13: 详细字段信息
B14: PDM字段英文名 | C14: PDM字段类型 | D14: PDM字段中文名（说明） | E14: 源表名 | F14: 源字段英文名 | G14: 算法加工逻辑 | H14: 关联与过滤条件 | I14: 备注 | J14: 字段属性 | K14: 单位 | L14: 取值范围
B15: day | C15: string | D15: 日期 | E15: A | F15: p_date | G15: 直取 | J15: 维度 | K15: 无 | L15: 无
B16: plmn | C16: string | D16: UE接入NR服务小区的PLMN(公共陆地移动网) | E16: A | F16: plmn | G16: 直取 | J16: 维度 | K16: 无 | L16: 无
B17: regionid | C17: int | D17: RegionID | E17: A | F17: regionid | G17: 直取 | J17: 维度 | K17: 无 | L17: 无
B18: x_offset_20 | C18: int | D18: 栅格坐标x轴偏移 | E18: A | F18: x_offset_20 | G18: 直取 | J18: 维度 | K18: 无 | L18: 无
B19: y_offset_20 | C19: int | D19: 栅格坐标y轴偏移 | E19: A | F19: y_offset_20 | G19: 直取 | J19: 维度 | K19: 无 | L19: 无
B20: provincecode | C20: int | D20: 省编码 | E20: A | F20: provincecode | G20: 直取 | J20: 维度 | K20: 无 | L20: 无
B21: citycode | C21: int | D21: 城市编码 | E21: A | F21: citycode | G21: 直取 | J21: 维度 | K21: 无 | L21: 无
B22: districtcode | C22: int | D22: 区县编码 | E22: A | F22: districtcode | G22: 直取 | J22: 维度 | K22: 无 | L22: 无
B23: totalmrlon | C23: double | D23: MR经度总值 | E23: A | G23: sum(totalmrlon) | J23: 指标 | K23: 无 | L23: >=0
B24: totalmrlat | C24: double | D24: MR纬度总值 | E24: A | G24: sum(totalmrlat) | J24: 指标 | K24: 无 | L24: >=0
B25: center_lon | C25: double | D25: 栅格中心经度 | E25: A | F25: center_lon | G25: 直取 | J25: 维度 | K25: 无 | L25: 无
B26: center_lat | C26: double | D26: 栅格中心纬度 | E26: A | F26: center_lat | G26: 直取 | J26: 维度 | K26: 无 | L26: 无
B27: validlonlat_totalmrcount | C27: bigint | D27: 经纬度有效的MR数目 | G27: sum(validlonlat_totalmrcount) | J27: 指标 | K27: 无 | L27: >=0
B28: celmr_totaldis | C28: bigint | D28: 小区MR总距离 | G28: sum(celmr_totaldis) | J28: 指标 | K28: 无 | L28: >=0
B29: celmr_discount | C29: bigint | D29: 小区MR有效距离计数 | G29: sum(celmr_discount) | J29: 指标 | K29: 无 | L29: >=0
B30: celmr_avgdis | C30: double | D30: 小区MR平均距离 | G30: sum(celmr_totaldis)/sum(celmr_discount) | J30: 指标 | K30: 无 | L30: >=0
B31: period_totalmrcount | C31: bigint | D31: MRO_MR计数 | G31: sum(period_totalmrcount) | J31: 指标 | K31: 无 | L31: >=0
B32: mdt_totalmrcount | C32: bigint | D32: MDT_MR计数 | G32: 置0 | J32: 指标 | K32: 无 | L32: 0
B33: event_totalmrcount | C33: bigint | D33: MRE_MR计数 | G33: 置0 | J33: 指标 | K33: 无 | L33: 0
B34: ssrsrpcount | C34: bigint | D34: SS-RSRP计数 | G34: sum(ssrsrpcount) | J34: 指标 | K34: 无 | L34: >=0
B35: totalssrsrp | C35: bigint | D35: 总SS-RSRP值 | G35: sum(totalssrsrp) | J35: 指标 | K35: 无 | L35: <0
B36: avgssrsrp | C36: double | D36: 平均SS-RSRP值 | G36: sum(totalssrsrp)/sum(ssrsrpcount) | J36: 指标 | K36: 无 | L36: [-156,-29]
B37: ssrsrp_level1mrcount | C37: bigint | D37: SS-RSRP在(-∞;-115)范围内的MR数目 | G37: sum(ssrsrp_level1mrcount) | J37: 指标 | K37: 无 | L37: >=0
B38: ssrsrp_level2mrcount | C38: bigint | D38: SS-RSRP在[-115;-110)范围内的MR数目 | G38: sum(ssrsrp_level2mrcount) | J38: 指标 | K38: 无 | L38: >=0
B39: ssrsrp_level3mrcount | C39: bigint | D39: SS-RSRP在[-110;-105)范围内的MR数目 | G39: sum(ssrsrp_level3mrcount) | J39: 指标 | K39: 无 | L39: >=0
B40: ssrsrp_level4mrcount | C40: bigint | D40: SS-RSRP在[-105;-100)范围内的MR数目 | G40: sum(ssrsrp_level4mrcount) | J40: 指标 | K40: 无 | L40: >=0
B41: ssrsrp_level5mrcount | C41: bigint | D41: SS-RSRP在[-100;-95)范围内的MR数目 | G41: sum(ssrsrp_level5mrcount) | J41: 指标 | K41: 无 | L41: >=0
B42: ssrsrp_level6mrcount | C42: bigint | D42: SS-RSRP在[-95;-90)范围内的MR数目 | G42: sum(ssrsrp_level6mrcount) | J42: 指标 | K42: 无 | L42: >=0
B43: ssrsrp_level7mrcount | C43: bigint | D43: SS-RSRP在[-90;-85)范围内的MR数目 | G43: sum(ssrsrp_level7mrcount) | J43: 指标 | K43: 无 | L43: >=0
B44: ssrsrp_level8mrcount | C44: bigint | D44: SS-RSRP在[-85;-80)范围内的MR数目 | G44: sum(ssrsrp_level8mrcount) | J44: 指标 | K44: 无 | L44: >=0
B45: ssrsrp_level9mrcount | C45: bigint | D45: SS-RSRP在[-80;-75)范围内的MR数目 | G45: sum(ssrsrp_level9mrcount) | J45: 指标 | K45: 无 | L45: >=0
... B127: validrsrp_sinr_totalmrcount | C127: bigint | D127: rsrp且SINR有效采样点个数 | G127: sum(validrsrp_sinr_totalmrcount) | J127: 指标 | K127: 无 | L127: >=0
B128: data_source | C128: int | D128: 数据源类型 0：电信独享_电信用户 1：电信共享_电信用户 2：电信共享_联通用户 3：联通共享_电信用户 4：联通共享_联通用户 | E128: A | F128: data_source | G128: 直取 | I128: 新增字段 | J128: 维度 | K128: 无 | L128: 无
B129: province | C129: string | D129: 省名称 | E129: A | F129: province | G129: 直取 | I129: 新增字段 | J129: 维度 | K129: 无 | L129: 无
B130: city | C130: string | D130: 城市名称 | E130: A | F130: city | G130: 直取 | I130: 新增字段 | J130: 维度 | K130: 无 | L130: 无
B131: district | C131: string | D131: 区县名称 | E131: A | F131: district | G131: 直取 | I131: 新增字段 | J131: 维度 | K131: 无 | L131: 无
B132: bad_mr_cnt | C132: bigint | D132: 质差MR采样点数量 | E132: A | G132: sum(bad_mr_cnt) | I132: 新增字段 | J132: 指标 | K132: 无 | L132: >=0
B133: ulsinr_cnt_20_41 | C133: bigint | D133: ULSINR在[20;+∞)范围内的MR数目 | E133: A | G133: sum(ulsinr_level1mrcount) | I133: 新增字段 | J133: 指标 | K133: 无 | L133: >=0
B134: ulsinr_cnt_15_20 | C134: bigint | D134: ULSINR在[15;20)范围内的MR数目 | E134: A | G134: sum(ulsinr_level2mrcount) | I134: 新增字段 | J134: 指标 | K134: 无 | L134: >=0
B135: ulsinr_cnt_10_15 | C135: bigint | D135: ULSINR在[10;15)范围内的MR数目 | E135: A | G135: sum(ulsinr_level3mrcount) | I135: 新增字段 | J135: 指标 | K135: 无 | L135: >=0
B136: ulsinr_cnt_5_10 | C136: bigint | D136: ULSINR在[5;10)范围内的MR数目 | E136: A | G136: sum(ulsinr_level4mrcount) | I136: 新增字段 | J136: 指标 | K136: 无 | L136: >=0
B137: ulsinr_cnt_0_5 | C137: bigint | D137: ULSINR在[0;5)范围内的MR数目 | E137: A | G137: sum(ulsinr_level5mrcount) | I137: 新增字段 | J137: 指标 | K137: 无 | L137: >=0
B138: ulsinr_cnt_f3_0 | C138: bigint | D138: ULSINR在[-3;0)范围内的MR数目 | E138: A | G138: sum(ulsinr_level6mrcount) | I138: 新增字段 | J138: 指标 | K138: 无 | L138: >=0
B139: ulsinr_cnt_f23_f3 | C139: bigint | D139: ULSINR在(-∞;-3)范围内的MR数目 | E139: A | G139: sum(ulsinr_level7mrcount) | I139: 新增字段 | J139: 指标 | K139: 无 | L139: >=0
B140: ta_total | C140: bigint | D140: TA总值 | E140: A | G140: sum(ta_total) | I140: 新增字段 | J140: 指标 | K140: 无 | L140: >=0
B141: ta_cnt | C141: bigint | D141: TA采样点数量 | E141: A | G141: sum(tadvcount) | I141: 新增字段 | J141: 指标 | K141: 无 | L141: >=0
B142: ta_avg | C142: double | D142: TA平均值 | E142: A | G142: sum(ta_total)/sum(tadvcount) | I142: 新增字段 | J142: 指标 | K142: 无 | L142: >=0
B143: ta_cnt_0_3 | C143: bigint | D143: TA在[0;3)范围内的MR数目 | E143: A | G143: sum(tadv_level1mrcount) | I143: 新增字段 | J143: 指标 | K143: 无 | L143: >=0
... B149: ta_cnt_up_18 | C149: bigint | D149: TA在[18;+∞)范围内的MR数目 | E149: A | G149: sum(tadv_level7mrcount) | I149: 新增字段 | J149: 指标 | K149: 无 | L149: >=0
B150: p_provincecode | C150: int | D150: 省分区
B151: p_date | C151: string | D151: 天分区

Sheet 31
B1: =HYPERLINK("#导航!a2","返回") -> 返回
B3: 目标表基本信息描述
B4: 主题域 | C4: 目标表英文名 | D4: 目标表中文名 | E4: 数据频度 | F4: 模型主键 | G4: 数据描述 | H4: 推送数据库
B5: 覆盖分析 | C5: aggr_nr_coverage_rsrpsinr_grd_d | D5: 5G MR栅格RSRP&SINR组合指标天表 | E5: day
B7: 源表基本信息描述
B8: 来源系统 | C8: 源表英文名 | D8: 源表中文名 | E8: 别名 | F8: 任务描述 | G8: 备注 | H8: 是否主表
C9: aggr_nr_coverage_grd_refactor_d | D9: 5G MR栅格天表 | E9: A | H9: 是
B12: 详细字段信息
B13: 详细字段信息
B14: PDM字段英文名 | C14: PDM字段类型 | D14: PDM字段中文名（说明） | E14: 源表名 | F14: 源字段英文名 | G14: 算法加工逻辑 | H14: 关联与过滤条件 | I14: 备注 | J14: 字段属性 | K14: 单位 | L14: 取值范围
B15: day | C15: string | D15: 日期分区 | E15: A | F15: p_date | G15: 直取 | J15: 维度 | K15: 无 | L15: 无
B16: plmn | C16: string | D16: UE接入NR服务小区的PLMN(公共陆地移动网) | E16: A | F16: plmn | G16: 直取 | J16: 维度 | K16: 无 | L16: 无
B17: regionid | C17: int | D17: RegionID | E17: A | F17: regionid | G17: 直取 | J17: 维度 | K17: 无 | L17: 无
B18: x_offset_20 | C18: int | D18: 栅格坐标x轴偏移 | E18: A | F18: x_offset_20 | G18: 直取 | J18: 维度 | K18: 无 | L18: 无
B19: y_offset_20 | C19: int | D19: 栅格坐标y轴偏移 | E19: A | F19: y_offset_20 | G19: 直取 | J19: 维度 | K19: 无 | L19: 无
B20: provincecode | C20: int | D20: 省编码 | E20: A | F20: provincecode | G20: 直取 | J20: 维度 | K20: 无 | L20: 无
B21: citycode | C21: int | D21: 城市编码 | E21: A | F21: citycode | G21: 直取 | J21: 维度 | K21: 无 | L21: 无
B22: districtcode | C22: int | D22: 区县编码 | E22: A | F22: districtcode | G22: 直取 | J22: 维度 | K22: 无 | L22: 无
B23: totalmrlon | C23: double | D23: MR经度总值 | G23: 置空 | J23: 指标 | K23: 无 | L23: 无
B24: totalmrlat | C24: double | D24: MR纬度总值 | G24: 置空 | J24: 指标 | K24: 无 | L24: 无
B25: center_lon | C25: double | D25: 栅格中心经度 | G25: 置空 | J25: 指标 | K25: 无 | L25: 无
B26: center_lat | C26: double | D26: 栅格中心纬度 | G26: 置空 | J26: 指标 | K26: 无 | L26: 无
B27: validlonlat_totalmrcount | C27: bigint | D27: 经纬度有效的MR数目 | G27: 置空 | J27: 指标 | K27: 无 | L27: 无
B28: tadv_0_78_rsrp95_sinrf3 | C28: bigint | D28: 距离在[0~78]米内rsrp≥-95且SINR≥-3的采样点个数 | G28: 置空 | J28: 指标 | K28: 无 | L28: 无
B29: tadv_0_78_rsrp95_sinr3 | C29: bigint | D29: 距离在[0~78]米内rsrp≥-95且SINR≥3的采样点个数 | G29: 置空 | J29: 指标 | K29: 无 | L29: 无
B30: tadv_0_78_rsrp105_sinrf3 | C30: bigint | D30: 距离在[0~78]米内rsrp≥-105且SINR≥-3的采样点个数 | G30: 置空 | J30: 指标 | K30: 无 | L30: 无
B31: tadv_0_78_rsrp105_sinr3 | C31: bigint | D31: 距离在[0~78]米内rsrp≥-105且SINR≥3的采样点个数 | G31: 置空 | J31: 指标 | K31: 无 | L31: 无
B32: tadv_78_156_rsrp95_sinrf3 | C32: bigint | D32: 距离在 (78~156]米内rsrp≥-95且SINR≥-3的采样点个数 | G32: 置空 | J32: 指标 | K32: 无 | L32: 无
B33: tadv_78_156_rsrp95_sinr3 | C33: bigint | D33: 距离在 (78~156]米内rsrp≥-95且SINR≥3的采样点个数 | G33: 置空 | J33: 指标 | K33: 无 | L33: 无
B34: tadv_78_156_rsrp105_sinrf3 | C34: bigint | D34: 距离在 (78~156]米内rsrp≥-105且SINR≥-3的采样点个数 | G34: 置空 | J34: 指标 | K34: 无 | L34: 无
... B115: tadv_up_9984_rsrp105_sinr3 | C115: bigint | D115: 距离在＞9984米内rsrp≥-105且SINR≥3的采样点个数 | G115: 置空 | J115: 指标 | K115: 无 | L115: 无
B116: rsrp95_sinrf3 | C116: bigint | D116: rsrp≥-95且SINR≥-3的采样点个数 | E116: A | G116: sum(rsrp95_sinrf3) | J116: 指标 | K116: 无 | L116: >=0
B117: rsrp95_sinr3 | C117: bigint | D117: rsrp≥-95且SINR≥3的采样点个数 | E117: A | G117: sum(rsrp95_sinr3) | J117: 指标 | K117: 无 | L117: >=0
B118: rsrp105_sinrf3 | C118: bigint | D118: rsrp≥-105且SINR≥-3的采样点个数 | E118: A | G118: sum(rsrp105_sinrf3) | J118: 指标 | K118: 无 | L118: >=0
B119: rsrp105_sinr3 | C119: bigint | D119: rsrp≥-105且SINR≥3的采样点个数 | E119: A | G119: sum(rsrp105_sinr3) | J119: 指标 | K119: 无 | L119: >=0
B120: rsrp95_sinr10 | C120: bigint | D120: rsrp≥-95且SINR≥10的采样点个数 | E120: A | G120: sum(rsrp95_sinr10) | J120: 指标 | K120: 无 | L120: >=0
B121: rsrp100_sinr3 | C121: bigint | D121: rsrp≥-100且SINR≥3的采样点个数 | E121: A | G121: sum(rsrp100_sinr3) | J121: 指标 | K121: 无 | L121: >=0
B122: rsrp105_sinr0 | C122: bigint | D122: rsrp≥-105且SINR≥0的采样点个数 | E122: A | G122: sum(rsrp105_sinr0) | J122: 指标 | K122: 无 | L122: >=0
B123: rsrp110_sinrf3 | C123: bigint | D123: rsrp≥-110且SINR≥-3的采样点个数 | E123: A | G123: sum(rsrp110_sinrf3) | J123: 指标 | K123: 无 | L123: >=0
B124: validrsrp_sinr_totalmrcount | C124: bigint | D124: rsrq且SINR有效采样点个数 | E124: A | G124: sum(validrsrp_sinr_totalmrcount) | J124: 指标 | K124: 无 | L124: >=0
B125: left_up_lon | C125: double | D125: 栅格左上角经度 | G125: 置空 | J125: 维度 | K125: 无 | L125: 无
B126: left_up_lat | C126: double | D126: 栅格左上角维度 | G126: 置空 | J126: 维度 | K126: 无 | L126: 无
B127: right_down_lon | C127: double | D127: 栅格右下角经度 | G127: 置空 | J127: 维度 | K127: 无 | L127: 无
B128: right_down_lat | C128: double | D128: 栅格右下角维度 | G128: 置空 | J128: 维度 | K128: 无 | L128: 无
B129: p_provincecode | C129: int | D129: 省分区
B130: p_date | C130: string | D130: 天分区

Sheet 32
B1: =HYPERLINK("#导航!a2","返回") -> 返回
B3: 目标表基本信息描述
B4: 主题域 | C4: 目标表英文名 | D4: 目标表中文名 | E4: 数据频度 | F4: 模型主键 | G4: 数据描述 | H4: 推送数据库
B5: 覆盖分析 | C5: aggr_nr_coverage_index_reduce_grd_d | D5: 5G MR栅格指标裁剪天表 | E5: day
B7: 源表基本信息描述
B8: 来源系统 | C8: 源表英文名 | D8: 源表中文名 | E8: 别名 | F8: 任务描述 | G8: 备注 | H8: 是否主表
C9: aggr_nr_coverage_grd_refactor_d | D9: 5G MR栅格天表 | E9: A | H9: 是
B12: 详细字段信息
B13: 详细字段信息
B14: PDM字段英文名 | C14: PDM字段类型 | D14: PDM字段中文名（说明） | E14: 源表名 | F14: 源字段英文名 | G14: 算法加工逻辑 | H14: 关联与过滤条件 | I14: 备注 | J14: 字段属性 | K14: 单位 | L14: 取值范围
B15: day | C15: string | D15: 日期 | E15: A | F15: p_date | G15: 直取 | J15: 维度 | K15: 无 | L15: 无
B16: plmn | C16: string | D16: UE接入NR服务小区的PLMN(公共陆地移动网) | E16: A | F16: plmn | G16: 直取 | J16: 维度 | K16: 无 | L16: 无
B17: regionid | C17: int | D17: RegionID | E17: A | F17: regionid | G17: 直取 | J17: 维度 | K17: 无 | L17: 无
B18: x_offset_20 | C18: int | D18: 栅格坐标x轴偏移 | E18: A | F18: x_offset_20 | G18: 直取 | J18: 维度 | K18: 无 | L18: 无
B19: y_offset_20 | C19: int | D19: 栅格坐标y轴偏移 | E19: A | F19: y_offset_20 | G19: 直取 | J19: 维度 | K19: 无 | L19: 无
B20: provincecode | C20: int | D20: 省编码 | E20: A | F20: provincecode | G20: 直取 | J20: 维度 | K20: 无 | L20: 无
B21: citycode | C21: int | D21: 城市编码 | E21: A | F21: citycode | G21: 直取 | J21: 维度 | K21: 无 | L21: 无
B22: districtcode | C22: int | D22: 区县编码 | E22: A | F22: districtcode | G22: 直取 | J22: 维度 | K22: 无 | L22: 无
B23: totalmrlon | C23: double | D23: MR经度总值 | E23: A | G23: sum(totalmrlon) | J23: =VLOOKUP(B23,'30'!B:M,9,0) -> 指标 | K23: =VLOOKUP(B23,'30'!B:M,10,0) -> 无 | L23: =VLOOKUP(B23,'30'!B:M,11,0) -> >=0
B24: totalmrlat | C24: double | D24: MR纬度总值 | E24: A | G24: sum(totalmrlat) | J24: 指标 | K24: 无 | L24: =VLOOKUP(B24,'30'!B:M,11,0) -> >=0
B25: center_lon | C25: double | D25: 栅格中心经度 | E25: A | F25: center_lon | G25: 直取 | J25: 维度 | K25: 无 | L25: 无
B26: center_lat | C26: double | D26: 栅格中心纬度 | E26: A | F26: center_lat | G26: 直取 | J26: 维度 | K26: 无 | L26: 无
B27: validlonlat_totalmrcount | C27: bigint | D27: 经纬度有效的MR数目 | E27: A | G27: sum(validlonlat_totalmrcount) | J27: 指标 | K27: 无 | L27: >=0
B28: celmr_totaldis | C28: bigint | D28: 小区MR总距离 | E28: A | G28: sum(celmr_totaldis) | J28: 指标 | K28: 无 | L28: >=0
B29: celmr_discount | C29: bigint | D29: 小区MR有效距离计数 | E29: A | G29: sum(celmr_discount) | J29: 指标 | K29: 无 | L29: >=0
B30: celmr_avgdis | C30: double | D30: 小区与MR平均距离 | E30: A | G30: sum(celmr_totaldis)/sum(celmr_discount) | J30: 指标 | K30: 无 | L30: >=0
B31: period_totalmrcount | C31: bigint | D31: MRO_MR计数 | E31: A | G31: sum(period_totalmrcount) | J31: 指标 | K31: 无 | L31: >=0
B32: mdt_totalmrcount | C32: bigint | D32: MDT_MR计数 | E32: A | G32: 直接赋值0 | J32: 指标 | K32: 无 | L32: 0
B33: event_totalmrcount | C33: bigint | D33: MRE_MR计数 | E33: A | G33: 直接赋值0 | J33: 指标 | K33: 无 | L33: 0
B34: ssrsrpcount | C34: bigint | D34: SS-RSRP计数 | E34: A | G34: sum(ssrsrpcount) | J34: 指标 | K34: 无 | L34: >=0
B35: totalssrsrp | C35: bigint | D35: 总SS-RSRP值 | E35: A | G35: sum(totalssrsrp) | J35: 指标 | K35: 无 | L35: <0
B36: avgssrsrp | C36: double | D36: 平均RSRP | E36: A | G36: sum(totalssrsrp)/sum(ssrsrpcount) | J36: 指标 | K36: 无 | L36: [-156,-29]
B37: ssrsrp_level1mrcount | C37: bigint | D37: SS-RSRP在(-∞;-115)范围内的MR数目 | E37: A | G37: sum(ssrsrp_level1mrcount) | J37: 指标 | K37: 无 | L37: >=0
B38: ssrsrp_level2mrcount | C38: bigint | D38: SS-RSRP在[-115;-110)范围内的MR数目 | E38: A | G38: sum(ssrsrp_level2mrcount) | J38: 指标 | K38: 无 | L38: >=0
B39: ssrsrp_level3mrcount | C39: bigint | D39: SS-RSRP在[-110;-105)范围内的MR数目 | E39: A | G39: sum(ssrsrp_level3mrcount) | J39: 指标 | K39: 无 | L39: >=0
B40: ssrsrp_level4mrcount | C40: bigint | D40: SS-RSRP在[-105;-100)范围内的MR数目 | E40: A | G40: sum(ssrsrp_level4mrcount) | J40: 指标 | K40: 无 | L40: >=0
B41: ssrsrp_level5mrcount | C41: bigint | D41: SS-RSRP在[-100;-95)范围内的MR数目 | E41: A | G41: sum(ssrsrp_level5mrcount) | J41: 指标 | K41: 无 | L41: >=0
B42: ssrsrp_level6mrcount | C42: bigint | D42: SS-RSRP在[-95;-90)范围内的MR数目 | E42: A | G42: sum(ssrsrp_level6mrcount) | J42: 指标 | K42: 无 | L42: >=0
B43: ssrsrp_level7mrcount | C43: bigint | D43: SS-RSRP在[-90;-85)范围内的MR数目 | E43: A | G43: sum(ssrsrp_level7mrcount) | J43: 指标 | K43: 无 | L43: >=0
B44: ssrsrp_level8mrcount | C44: bigint | D44: SS-RSRP在[-85;-80)范围内的MR数目 | E44: A | G44: sum(ssrsrp_level8mrcount) | J44: 指标 | K44: 无 | L44: >=0
B45: ssrsrp_level9mrcount | C45: bigint | D45: SS-RSRP在[-80;-75)范围内的MR数目 | E45: A | G45: sum(ssrsrp_level9mrcount) | J45: 指标 | K45: 无 | L45: >=0
... B97: compgoodcovernum | C97: bigint | D97: 综合良好覆盖MR数 | E97: A | G97: sum(compgoodcovernum) | J97: 指标 | K97: 无 | L97: >=0
B98: left_up_lon | C98: double | D98: 栅格左上角经度 | E98: A | F98: left_up_lon | G98: 直取 | J98: 维度 | K98: 无 | L98: 无
B99: left_up_lat | C99: double | D99: 栅格左上角维度 | E99: A | F99: left_up_lat | G99: 直取 | J99: 维度 | K99: 无 | L99: 无
B100: right_down_lon | C100: double | D100: 栅格右下角经度 | E100: A | F100: right_down_lon | G100: 直取 | J100: 维度 | K100: 无 | L100: 无
B101: right_down_lat | C101: double | D101: 栅格右下角维度 | E101: A | F101: right_down_lat | G101: 直取 | J101: 维度 | K101: 无 | L101: 无
B102: data_source | C102: int | D102: 数据源类型,0:电信独享_电信用户 1：电信共享_电信用户 2：电信共享_联通用户 3：联通共享_电信用户 4：联通共享_联通用户 | E102: A | F102: data_source | G102: 直取 | J102: 维度 | K102: 无 | L102: 无
B103: p_provincecode | C103: int | D103: 省分区
B104: p_date | C104: string | D104: 天分区

Sheet 33
B1: =HYPERLINK("#导航!a2","返回") -> 返回
B3: 目标表基本信息描述
B4: 主题域 | C4: 目标表英文名 | D4: 目标表中文名 | E4: 数据频度 | F4: 模型主键 | G4: 数据描述 | H4: 推送数据库
B5: 应用 | C5: aggr_nr_coverage_index_reduce_celgrd_d | D5: 5G MR小区栅格中心经纬度指标裁剪天表 | E5: day
B7: 源表基本信息描述
B8: 来源系统 | C8: 源表英文名 | D8: 源表中文名 | E8: 别名 | F8: 任务描述 | G8: 备注 | H8: 是否主表
C9: aggr_nr_coverage_celgrd_refactor_d | D9: 5G MR小区栅格天表 | E9: A | F9: 过滤条件：plmn='46011'
B11: 详细字段信息
B12: 详细字段信息
B13: PDM字段英文名 | C13: PDM字段类型 | D13: PDM字段中文名（说明） | E13: 源表名 | F13: 源字段英文名 | G13: 算法加工逻辑 | H13: 关联与过滤条件 | I13: 备注 | J13: 字段属性 | K13: 单位 | L13: 取值范围
B14: day | C14: string | D14: 格式为"yyyy-MM-dd"的日期 | E14: A | F14: p_date | G14: 直取 | J14: 维度 | K14: 无 | L14: 无
B15: cellkey | C15: string | D15: 小区唯一标识 | E15: A | F15: cellkey | G15: 直取 | J15: 维度 | K15: 无 | L15: 无
B16: arfcn | C16: bigint | D16: 频点 | E16: A | F16: arfcn | G16: 直取 | J16: 维度 | K16: 无 | L16: 无
B17: plmn | C17: string | D17: PLMN | E17: A | F17: plmn | G17: 直取 | J17: 维度 | K17: 无 | L17: 无
B18: rattypeid | C18: int | D18: 频点所属制式 | E18: A | F18: rattypeid | G18: 直取 | J18: 维度 | K18: 无 | L18: 无
B19: provincecode | C19: int | D19: 省编码 | E19: A | F19: provincecode | G19: 直取 | J19: 维度 | K19: 无 | L19: 无
B20: citycode | C20: int | D20: 城市编码 | E20: A | F20: citycode | G20: 直取 | J20: 维度 | K20: 无 | L20: 无
B21: districtcode | C21: int | D21: 区县编码 | E21: A | F21: districtcode | G21: 直取 | J21: 维度 | K21: 无 | L21: 无
B22: center_lon | C22: double | D22: 栅格中心经度 | E22: A | F22: center_lon | G22: 直取 | J22: 维度 | K22: 无 | L22: 无
B23: center_lat | C23: double | D23: 栅格中心纬度 | E23: A | F23: center_lat | G23: 直取 | J23: 维度 | K23: 无 | L23: 无
B24: validlonlat_totalmrcount | C24: bigint | D24: 经纬度有效的MR数目 | E24: A | G24: sum(validlonlat_totalmrcount) | J24: 指标 | K24: 无 | L24: >=0
B25: ssrsrpcount | C25: bigint | D25: SS-RSRP计数 | E25: A | G25: sum(ssrsrpcount) | J25: 指标 | K25: 无 | L25: >=0
B26: totalssrsrp | C26: bigint | D26: 总SS-RSRP值 | E26: A | G26: sum(totalssrsrp) | J26: 指标 | K26: 无 | L26: <0
B27: avgssrsrp | C27: double | D27: 平均SS-RSRP值 | E27: A | G27: sum(totalssrsrp)/sum(ssrsrpcount) | J27: 指标 | K27: 无 | L27: [-156,-43]
B28: ssrsrp_level1mrcount | C28: bigint | D28: SS-RSRP在(-∞;-115)范围内的MR数目 | E28: A | G28: sum(ssrsrp_level1mrcount) | J28: 指标 | K28: 无 | L28: >=0
B29: ssrsrp_level2mrcount | C29: bigint | D29: SS-RSRP在[-115;-110)范围内的MR数目 | E29: A | G29: sum(ssrsrp_level2mrcount) | J29: 指标 | K29: 无 | L29: >=0
B30: ssrsrp_level3mrcount | C30: bigint | D30: SS-RSRP在[-110;-105)范围内的MR数目 | E30: A | G30: sum(ssrsrp_level3mrcount) | J30: 指标 | K30: 无 | L30: >=0
B31: ssrsrp_level4mrcount | C31: bigint | D31: SS-RSRP在[-105;-100)范围内的MR数目 | E31: A | G31: sum(ssrsrp_level4mrcount) | J31: 指标 | K31: 无 | L31: >=0
B32: ssrsrp_level5mrcount | C32: bigint | D32: SS-RSRP在[-100;-95)范围内的MR数目 | E32: A | G32: sum(ssrsrp_level5mrcount) | J32: 指标 | K32: 无 | L32: >=0
B33: ssrsrp_level6mrcount | C33: bigint | D33: SS-RSRP在[-95;-90)范围内的MR数目 | E33: A | G33: sum(ssrsrp_level6mrcount) | J33: 指标 | K33: 无 | L33: >=0
B34: ssrsrp_level7mrcount | C34: bigint | D34: SS-RSRP在[-90;-85)范围内的MR数目 | E34: A | G34: sum(ssrsrp_level7mrcount) | J34: 指标 | K34: 无 | L34: >=0
B35: ssrsrp_level8mrcount | C35: bigint | D35: SS-RSRP在[-85;-80)范围内的MR数目 | E35: A | G35: sum(ssrsrp_level8mrcount) | J35: 指标 | K35: 无 | L35: >=0
... B67: compgoodcovernum | C67: bigint | D67: 综合良好覆盖MR数 | E67: A | G67: sum(compgoodcovernum) | J67: 指标 | K67: 无 | L67: >=0
B68: p_provincecode | C68: int | D68: 省分区
B69: p_date | C69: string | D69: 日期分区

Sheet 34
B1: =HYPERLINK("#导航!a2","返回") -> 返回
B3: 目标表基本信息描述
B4: 主题域 | C4: 目标表英文名 | D4: 目标表中文名 | E4: 数据频度 | F4: 模型主键 | G4: 数据描述 | H4: 推送数据库
B5: 覆盖分析 | C5: aggr_nr_coverage_rsrp_celgrd_d | D5: 5G MR小区栅格RSRP指标共享天表 | E5: day
B7: 源表基本信息描述
B8: 来源系统 | C8: 源表英文名 | D8: 源表中文名 | E8: 别名 | F8: 任务描述 | G8: 备注 | H8: 是否主表
C9: aggr_nr_coverage_celgrd_refactor_d | D9: 5G MR小区栅格天表 | E9: A | H9: 是
B12: 详细字段信息
B13: 详细字段信息
B14: PDM字段英文名 | C14: PDM字段类型 | D14: PDM字段中文名（说明） | E14: 源表名 | F14: 源字段英文名 | G14: 算法加工逻辑 | H14: 关联与过滤条件 | I14: 备注 | J14: 字段属性 | K14: 单位 | L14: 取值范围
B15: grid_num | C15: bigint | D15: 栅格ID | E15: A | F15: regionid | G15: 直取 | J15: 维度 | K15: 无 | L15: 无
B16: city_id | C16: int | D16: 城市ID | E16: A | F16: citycode | G16: 直取 | J16: 维度 | K16: 无 | L16: 无
B17: longitude_mid | C17: double | D17: 栅格坐标x轴偏移 | E17: A | F17: center_lon | G17: 直取 | J17: 维度 | K17: 无 | L17: 无
B18: latitude_mid | C18: double | D18: 栅格坐标y轴偏移 | E18: A | F18: center_lat | G18: 直取 | J18: 维度 | K18: 无 | L18: 无
B19: gnodebid | C19: int | D19: 基站ID | E19: A | G19: split(cellkey,"_")[0] | J19: 维度 | K19: 无 | L19: 无
B20: cellid | C20: int | D20: 小区ID | E20: A | G20: split(cellkey,"_")[1] | J20: 维度 | K20: 无 | L20: 无
B21: ssrsrp_level1mrcount | C21: bigint | D21: SS-RSRP在(-∞;-115)范围内的MR数目 | E21: A | G21: sum(ssrsrp_level1mrcount) | J21: 指标 | K21: 无 | L21: >=0
B22: ssrsrp_level2mrcount | C22: bigint | D22: SS-RSRP在[-115;-110)范围内的MR数目 | E22: A | G22: sum(ssrsrp_level2mrcount) | J22: 指标 | K22: 无 | L22: >=0
B23: ssrsrp_level3mrcount | C23: bigint | D23: SS-RSRP在[-110;-105)范围内的MR数目 | E23: A | G23: sum(ssrsrp_level3mrcount) | J23: 指标 | K23: 无 | L23: >=0
B24: ssrsrp_level4mrcount | C24: bigint | D24: SS-RSRP在[-105;-100)范围内的MR数目 | E24: A | G24: sum(ssrsrp_level4mrcount) | J24: 指标 | K24: 无 | L24: >=0
B25: ssrsrp_level5mrcount | C25: bigint | D25: SS-RSRP在[-100;-95)范围内的MR数目 | E25: A | G25: sum(ssrsrp_level5mrcount) | J25: 指标 | K25: 无 | L25: >=0
B26: ssrsrp_level6mrcount | C26: bigint | D26: SS-RSRP在[-95;-90)范围内的MR数目 | E26: A | G26: sum(ssrsrp_level6mrcount) | J26: 指标 | K26: 无 | L26: >=0
B27: ssrsrp_level7mrcount | C27: bigint | D27: SS-RSRP在[-90;-85)范围内的MR数目 | E27: A | G27: sum(ssrsrp_level7mrcount) | J27: 指标 | K27: 无 | L27: >=0
B28: ssrsrp_level8mrcount | C28: bigint | D28: SS-RSRP在[-85;-80)范围内的MR数目 | E28: A | G28: sum(ssrsrp_level8mrcount) | J28: 维度 | K28: 无 | L28: >=0
B29: ssrsrp_level9mrcount | C29: bigint | D29: SS-RSRP在[-80;-75)范围内的MR数目 | E29: A | G29: sum(ssrsrp_level9mrcount) | J29: 维度 | K29: 无 | L29: >=0
B30: ssrsrp_level10mrcount | C30: bigint | D30: SS-RSRP在[-75;-70)范围内的MR数目 | E30: A | G30: sum(ssrsrp_level10mrcount) | J30: 指标 | K30: 无 | L30: >=0
... B34: dx_rsrp_156_avg | C34: double | D34: 平均SS-RSRP值 | E34: A | G34: sum(avgssrsrp*ssrsrpcount)/sum(ssrsrpcount) | J34: 指标 | K34: 无 | L34: [-156,-29]
B35: p_provincecode | C35: int | D35: 省分区
B36: p_date | C36: string | D36: 天分区

Sheet 35
B1: =HYPERLINK("#导航!a2","返回") -> 返回
B3: 目标表基本信息描述
B4: 主题域 | C4: 目标表英文名 | D4: 目标表中文名 | E4: 数据频度 | F4: 模型主键 | G4: 数据描述 | H4: 推送数据库
B5: 覆盖分析 | C5: aggr_nr_coverage_usrcel_refactor_d | D5: 5G MR用户小区天表 | E5: day
B7: 源表基本信息描述
B8: 来源系统 | C8: 源表英文名 | D8: 源表中文名 | E8: 别名 | F8: 任务描述 | G8: 备注 | H8: 是否主表
C9: aggr_nr_coverage_wide_usrcel_h | D9: 5G MR用户小区小时宽表 | E9: A
B12: 详细字段信息
B13: 详细字段信息
